broker_time,deal_ticket,position_ticket,symbol,direction,volume,close_price,profit,commission,swap,net_pnl,comment
2026.04.20 14:59:03,44273882,49617601,XAUUSD,BUY_closed,0.40,4809.24000,-10.40,0.00,0.00,-10.40,[sl 4809.50]
2026.04.20 15:05:04,44274399,49618158,XAUUSD,BUY_closed,0.40,4809.18000,-39.60,0.00,0.00,-39.60,[sl 4809.19]
2026.04.20 15:08:04,44275071,49618855,XAUUSD,BUY_closed,0.40,4806.93000,-3.60,0.00,0.00,-3.60,[sl 4807.02]
2026.04.20 15:17:09,44275776,49619620,XAUUSD,BUY_closed,0.40,4810.16000,-43.60,0.00,0.00,-43.60,[sl 4810.18]
2026.04.20 16:05:55,44280987,49625154,XAUUSD,BUY_closed,0.40,4804.47000,-40.40,0.00,0.00,-40.40,[sl 4804.48]
2026.04.20 16:19:58,44283248,49627534,XAUUSD,BUY_closed,0.40,4816.17000,-1.20,0.00,0.00,-1.20,[sl 4816.20]
2026.04.20 16:28:51,44284259,49628292,XAUUSD,BUY_closed,0.40,4821.42000,206.40,0.00,0.00,206.40,[tp 4821.41]
2026.04.20 16:37:00,44285937,49630357,XAUUSD,BUY_closed,0.40,4822.61000,-14.00,0.00,0.00,-14.00,[sl 4822.96]
2026.04.20 16:44:00,44286814,49631300,XAUUSD,BUY_closed,0.40,4821.69000,-2.00,0.00,0.00,-2.00,[sl 4821.74]
2026.04.20 16:47:09,44287161,49631662,XAUUSD,SELL_closed,0.40,4820.95000,-4.80,0.00,0.00,-4.80,[sl 4820.83]
2026.04.20 17:03:03,44288735,49633366,XAUUSD,BUY_closed,0.40,4814.22000,-42.40,0.00,0.00,-42.40,[sl 4814.27]
2026.04.20 17:08:36,44289327,49633676,XAUUSD,BUY_closed,0.40,4815.32000,-0.80,0.00,0.00,-0.80,[sl 4815.34]
2026.04.20 17:18:43,44290779,49635471,XAUUSD,BUY_closed,0.40,4816.71000,-43.20,0.00,0.00,-43.20,[sl 4816.79]
2026.04.20 17:30:01,44292013,49636529,XAUUSD,SELL_closed,0.40,4824.22000,-10.80,0.00,0.00,-10.80,[sl 4823.95]
2026.04.20 17:31:54,44292351,49637132,XAUUSD,SELL_closed,0.40,4823.54000,-0.00,0.00,0.00,0.00,[sl 4823.54]
2026.04.20 17:44:02,44293510,49638357,XAUUSD,BUY_closed,0.40,4813.06000,-41.60,0.00,0.00,-41.60,[sl 4813.10]
2026.04.20 17:46:54,44293701,49638563,XAUUSD,SELL_closed,0.40,4811.36000,-3.20,0.00,0.00,-3.20,[sl 4811.28]
2026.04.20 17:50:26,44293821,49638643,XAUUSD,BUY_closed,0.40,4812.75000,-0.40,0.00,0.00,-0.40,[sl 4812.76]
2026.04.20 18:09:23,44297305,49642297,XAUUSD,BUY_closed,0.40,4799.10000,-8.00,0.00,0.00,-8.00,[sl 4799.30]
2026.04.20 18:13:00,44297748,49642734,XAUUSD,SELL_closed,0.40,4797.98000,-12.80,0.00,0.00,-12.80,[sl 4797.66]
2026.04.20 18:15:05,44298181,49643174,XAUUSD,BUY_closed,0.40,4797.68000,0.00,0.00,0.00,0.00,[sl 4797.68]
2026.04.20 18:46:18,44301120,49646360,XAUUSD,SELL_closed,0.40,4798.96000,-1.20,0.00,0.00,-1.20,[sl 4798.93]
2026.04.20 18:57:05,44301815,49646605,XAUUSD,SELL_closed,0.40,4800.21000,-3.20,0.00,0.00,-3.20,[sl 4800.13]
2026.04.20 19:05:38,44302323,49647536,XAUUSD,SELL_closed,0.40,4796.32000,-4.40,0.00,0.00,-4.40,[sl 4796.21]
2026.04.20 19:19:16,44303575,49648787,XAUUSD,SELL_closed,0.40,4795.28000,-0.80,0.00,0.00,-0.80,[sl 4795.26]
2026.04.20 19:23:24,44303880,49649310,XAUUSD,SELL_closed,0.40,4797.98000,-0.80,0.00,0.00,-0.80,[sl 4797.96]
2026.04.20 19:27:34,44304079,49649016,XAUUSD,BUY_closed,0.40,4800.79000,211.60,0.00,0.00,211.60,[tp 4800.74]
2026.04.20 19:32:34,44304456,49649899,XAUUSD,SELL_closed,0.40,4801.74000,-1.60,0.00,0.00,-1.60,[sl 4801.70]
2026.04.20 19:40:14,44304856,49650348,XAUUSD,SELL_closed,0.40,4799.87000,-1.60,0.00,0.00,-1.60,[sl 4799.83]
2026.04.20 19:45:11,44305084,49650610,XAUUSD,SELL_closed,0.40,4802.19000,0.00,0.00,0.00,0.00,[sl 4802.19]
2026.04.20 20:03:07,44306081,49651669,XAUUSD,BUY_closed,0.40,4806.14000,-38.40,0.00,0.00,-38.40,[sl 4806.16]
2026.04.20 20:20:07,44307244,49652707,XAUUSD,BUY_closed,0.40,4808.90000,-42.40,0.00,0.00,-42.40,[sl 4808.90]
2026.04.20 20:31:30,44308143,49653841,XAUUSD,BUY_closed,0.40,4810.01000,-39.60,0.00,0.00,-39.60,[sl 4810.03]
2026.04.20 20:36:07,44308458,49654184,XAUUSD,BUY_closed,0.40,4806.80000,-44.40,0.00,0.00,-44.40,[sl 4806.90]
2026.04.20 20:44:05,44308840,49654600,XAUUSD,BUY_closed,0.40,4809.15000,-14.00,0.00,0.00,-14.00,[sl 4809.50]
2026.04.20 21:01:00,44309300,49655102,XAUUSD,BUY_closed,0.40,4809.19000,0.00,0.00,0.00,0.00,[sl 4809.19]
2026.04.20 21:21:08,44310384,49656239,XAUUSD,BUY_closed,0.40,4813.92000,-15.60,0.00,0.00,-15.60,[sl 4814.31]
2026.04.20 21:22:17,44310405,49656307,XAUUSD,SELL_closed,0.40,4814.11000,-42.00,0.00,0.00,-42.00,[sl 4814.06]
2026.04.20 21:25:53,44310442,49656348,XAUUSD,BUY_closed,0.40,4812.74000,-44.00,0.00,0.00,-44.00,[sl 4812.83]
2026.04.20 21:27:05,44310447,49656369,XAUUSD,BUY_closed,0.40,4813.52000,0.00,0.00,0.00,0.00,[sl 4813.52]
2026.04.20 21:33:03,44310553,49656496,XAUUSD,SELL_closed,0.40,4814.15000,-51.20,0.00,0.00,-51.20,[sl 4813.89]
2026.04.20 21:40:31,44310716,49656583,XAUUSD,SELL_closed,0.40,4814.03000,-1.60,0.00,0.00,-1.60,[sl 4813.99]
2026.04.20 21:41:20,44310740,49656706,XAUUSD,BUY_closed,0.40,4814.16000,-3.60,0.00,0.00,-3.60,[sl 4814.25]
2026.04.20 21:55:09,44311028,49657001,XAUUSD,SELL_closed,0.40,4815.47000,-0.80,0.00,0.00,-0.80,[sl 4815.45]
2026.04.20 22:03:11,44311363,49657405,XAUUSD,SELL_closed,0.40,4818.31000,-41.60,0.00,0.00,-41.60,[sl 4818.27]
2026.04.20 22:11:58,44311590,49657678,XAUUSD,BUY_closed,0.40,4819.50000,-41.60,0.00,0.00,-41.60,[sl 4819.54]
2026.04.20 22:20:18,44311797,49657899,XAUUSD,BUY_closed,0.40,4818.10000,-50.80,0.00,0.00,-50.80,[sl 4818.16]
2026.04.20 22:22:21,44312063,49658158,XAUUSD,BUY_closed,0.40,4818.73000,-4.40,0.00,0.00,-4.40,[sl 4818.84]
2026.04.20 22:30:20,44312169,49658300,XAUUSD,BUY_closed,0.40,4816.37000,-50.40,0.00,0.00,-50.40,[sl 4816.63]
2026.04.20 22:32:35,44312194,49658343,XAUUSD,BUY_closed,0.40,4815.57000,-44.00,0.00,0.00,-44.00,[sl 4815.66]
2026.04.20 22:55:12,44312784,49658994,XAUUSD,SELL_closed,0.40,4812.34000,-0.80,0.00,0.00,-0.80,[sl 4812.32]
2026.04.20 22:56:16,44312792,49659017,XAUUSD,BUY_closed,0.40,4811.72000,-40.40,0.00,0.00,-40.40,[sl 4811.73]
2026.04.20 23:15:10,44313355,49659633,XAUUSD,BUY_closed,0.40,4813.53000,-40.00,0.00,0.00,-40.00,[sl 4813.53]
2026.04.20 23:19:12,44313374,49659662,XAUUSD,BUY_closed,0.40,4812.28000,-46.80,0.00,0.00,-46.80,[sl 4812.45]
2026.04.20 23:34:44,44313702,49659698,XAUUSD,BUY_closed,0.40,4813.38000,-0.00,0.00,0.00,0.00,[sl 4813.38]
2026.04.20 23:38:10,44313789,49660119,XAUUSD,BUY_closed,0.40,4814.70000,-2.40,0.00,0.00,-2.40,[sl 4814.76]
2026.04.20 23:50:13,44313997,49660360,XAUUSD,SELL_closed,0.40,4818.07000,-42.40,0.00,0.00,-42.40,[sl 4817.95]
2026.04.20 23:58:48,44314343,49660744,XAUUSD,SELL_closed,0.40,4820.50000,-1.20,0.00,0.00,-1.20,[sl 4820.47]
2026.04.21 01:15:01,44316457,49662971,XAUUSD,SELL_closed,0.40,4830.08000,-40.40,0.00,0.00,-40.40,[sl 4830.07]
2026.04.21 01:25:00,44316787,49663335,XAUUSD,BUY_closed,0.40,4830.57000,-14.80,0.00,0.00,-14.80,[sl 4830.94]
2026.04.21 01:26:00,44316804,49663374,XAUUSD,SELL_closed,0.40,4830.99000,-1.60,0.00,0.00,-1.60,[sl 4830.95]
2026.04.21 01:27:09,44316851,49663327,XAUUSD,BUY_closed,0.01,4829.94000,-1.03,0.00,0.00,-1.03,[sl 4829.97]
2026.04.21 01:39:26,44317542,49664179,XAUUSD,BUY_closed,0.01,4828.71000,-1.24,0.00,0.00,-1.24,[sl 4828.95]
2026.04.21 01:42:23,44317588,49664238,XAUUSD,SELL_closed,0.40,4830.29000,-40.40,0.00,0.00,-40.40,[sl 4830.28]
2026.04.21 01:44:03,44317601,49664254,XAUUSD,SELL_closed,0.40,4830.26000,-2.00,0.00,0.00,-2.00,[sl 4830.21]
2026.04.21 01:53:42,44317796,49663907,XAUUSD,BUY_closed,0.40,4827.63000,-16.40,0.00,0.00,-16.40,[sl 4828.04]
2026.04.21 02:04:09,44318410,49665149,XAUUSD,BUY_closed,0.40,4826.46000,-46.00,0.00,0.00,-46.00,[sl 4826.61]
2026.04.21 02:05:21,44318493,49665223,XAUUSD,SELL_closed,0.01,4827.44000,-1.23,0.00,0.00,-1.23,[sl 4827.21]
2026.04.21 02:08:02,44318507,49665257,XAUUSD,BUY_closed,0.40,4825.93000,-43.60,0.00,0.00,-43.60,[sl 4826.02]
2026.04.21 02:11:41,44318662,49665410,XAUUSD,BUY_closed,0.40,4826.12000,-4.00,0.00,0.00,-4.00,[sl 4826.22]
2026.04.21 02:13:55,44318674,49665430,XAUUSD,SELL_closed,0.40,4826.78000,-48.00,0.00,0.00,-48.00,[sl 4826.58]
2026.04.21 02:18:16,44318719,49665494,XAUUSD,BUY_closed,0.40,4824.10000,-40.80,0.00,0.00,-40.80,[sl 4824.12]
2026.04.21 02:21:06,44318757,49665448,XAUUSD,SELL_closed,0.40,4825.97000,-2.00,0.00,0.00,-2.00,[sl 4825.92]
2026.04.21 02:24:01,44318762,49665550,XAUUSD,SELL_closed,0.40,4826.17000,-44.40,0.00,0.00,-44.40,[sl 4826.06]
2026.04.21 02:27:12,44318849,49665604,XAUUSD,SELL_closed,0.40,4825.93000,-4.00,0.00,0.00,-4.00,[sl 4825.83]
2026.04.21 02:36:10,44319008,49665827,XAUUSD,BUY_closed,0.40,4822.91000,-40.80,0.00,0.00,-40.80,[sl 4822.95]
2026.04.21 02:39:54,44319062,49665895,XAUUSD,SELL_closed,0.40,4824.87000,-51.20,0.00,0.00,-51.20,[sl 4824.59]
2026.04.21 02:53:10,44319332,49666196,XAUUSD,SELL_closed,0.40,4821.88000,-42.80,0.00,0.00,-42.80,[sl 4821.81]
2026.04.21 02:58:59,44319393,49666263,XAUUSD,BUY_closed,0.40,4820.54000,-6.80,0.00,0.00,-6.80,[sl 4820.71]
2026.04.21 02:59:28,44319402,49666288,XAUUSD,SELL_closed,0.40,4821.90000,-44.00,0.00,0.00,-44.00,[sl 4821.80]
2026.04.21 03:17:17,44320615,49667619,XAUUSD,BUY_closed,0.40,4828.68000,-3.20,0.00,0.00,-3.20,[sl 4828.76]
2026.04.21 03:20:41,44320683,49667704,XAUUSD,BUY_closed,0.40,4827.69000,-40.40,0.00,0.00,-40.40,[sl 4827.70]
2026.04.21 03:23:07,44320787,49667825,XAUUSD,BUY_closed,0.40,4827.96000,-9.20,0.00,0.00,-9.20,[sl 4828.19]
2026.04.21 03:47:01,44322274,49669420,XAUUSD,SELL_closed,0.40,4822.84000,-42.00,0.00,0.00,-42.00,[sl 4822.84]
2026.04.21 03:54:20,44322638,49669783,XAUUSD,SELL_closed,0.40,4823.89000,-0.80,0.00,0.00,-0.80,[sl 4823.87]
2026.04.21 03:59:00,44322773,49669970,XAUUSD,SELL_closed,0.40,4825.78000,-46.40,0.00,0.00,-46.40,[sl 4825.62]
2026.04.21 04:05:59,44323439,49670667,XAUUSD,BUY_closed,0.40,4817.77000,-45.20,0.00,0.00,-45.20,[sl 4817.90]
2026.04.21 04:17:13,44324137,49671411,XAUUSD,SELL_closed,0.40,4816.15000,-42.40,0.00,0.00,-42.40,[sl 4816.09]
2026.04.21 04:21:00,44324274,49671581,XAUUSD,SELL_closed,0.40,4817.69000,-40.80,0.00,0.00,-40.80,[sl 4817.67]
2026.04.21 04:30:58,44324545,49671732,XAUUSD,BUY_closed,0.40,4816.72000,-2.40,0.00,0.00,-2.40,[sl 4816.78]
2026.04.21 04:31:00,44324550,49671876,XAUUSD,SELL_closed,0.40,4817.27000,-1.20,0.00,0.00,-1.20,[sl 4817.24]
2026.04.21 04:34:21,44324628,49671959,XAUUSD,BUY_closed,0.40,4818.10000,-2.00,0.00,0.00,-2.00,[sl 4818.15]
2026.04.21 04:48:11,44325614,49672972,XAUUSD,SELL_closed,0.40,4811.38000,-42.00,0.00,0.00,-42.00,[sl 4811.33]
2026.04.21 04:59:49,44326189,49673142,XAUUSD,SELL_closed,0.40,4810.87000,-1.20,0.00,0.00,-1.20,[sl 4810.84]
2026.04.21 05:02:35,44326351,49673692,XAUUSD,SELL_closed,0.40,4809.38000,-0.40,0.00,0.00,-0.40,[sl 4809.37]
2026.04.21 05:03:38,44326385,49673803,XAUUSD,BUY_closed,0.40,4808.06000,-54.80,0.00,0.00,-54.80,[sl 4808.42]
2026.04.21 05:08:39,44326576,49673984,XAUUSD,SELL_closed,0.40,4808.48000,-2.00,0.00,0.00,-2.00,[sl 4808.43]
2026.04.21 05:25:26,44327305,49674820,XAUUSD,SELL_closed,0.40,4806.01000,-1.60,0.00,0.00,-1.60,[sl 4805.97]
2026.04.21 05:30:54,44327520,49675051,XAUUSD,SELL_closed,0.40,4805.53000,-40.00,0.00,0.00,-40.00,[sl 4805.53]
2026.04.21 08:07:07,44334600,49682408,XAUUSD,BUY_closed,0.40,4789.85000,0.00,0.00,0.00,0.00,[sl 4789.85]
2026.04.21 08:08:15,44334634,49682679,XAUUSD,SELL_closed,0.40,4791.18000,-45.20,0.00,0.00,-45.20,[sl 4791.04]
2026.04.21 08:17:13,44334933,49683051,XAUUSD,SELL_closed,0.40,4789.77000,-0.80,0.00,0.00,-0.80,[sl 4789.75]
2026.04.21 08:20:06,44334983,49683103,XAUUSD,SELL_closed,0.40,4789.70000,-5.60,0.00,0.00,-5.60,[sl 4789.56]
2026.04.21 08:23:11,44335028,49683162,XAUUSD,BUY_closed,0.40,4788.91000,-40.40,0.00,0.00,-40.40,[sl 4788.92]
2026.04.21 08:27:18,44335208,49683376,XAUUSD,SELL_closed,0.40,4788.88000,-2.80,0.00,0.00,-2.80,[sl 4788.81]
2026.04.21 08:51:56,44337200,49685432,XAUUSD,SELL_closed,0.40,4786.83000,-0.40,0.00,0.00,-0.40,[sl 4786.82]
2026.04.21 08:55:55,44337540,49685807,XAUUSD,SELL_closed,0.40,4786.45000,-44.00,0.00,0.00,-44.00,[sl 4786.35]
2026.04.21 08:57:54,44337675,49685950,XAUUSD,BUY_closed,0.40,4786.69000,-45.60,0.00,0.00,-45.60,[sl 4786.83]
2026.04.21 09:06:08,44339014,49687354,XAUUSD,SELL_closed,0.40,4781.15000,-49.20,0.00,0.00,-49.20,[sl 4780.90]
2026.04.21 09:16:42,44340083,49688042,XAUUSD,SELL_closed,0.40,4782.17000,209.20,0.00,0.00,209.20,[tp 4782.20]
2026.04.21 09:26:52,44340842,49689248,XAUUSD,SELL_closed,0.40,4778.93000,-40.00,0.00,0.00,-40.00,[sl 4778.91]
2026.04.21 09:32:03,44341167,49689548,XAUUSD,BUY_closed,0.40,4780.24000,-6.80,0.00,0.00,-6.80,[sl 4780.41]
2026.04.21 09:34:20,44341344,49689778,XAUUSD,SELL_closed,0.40,4780.87000,-40.40,0.00,0.00,-40.40,[sl 4780.85]
2026.04.21 09:48:51,44342354,49690845,XAUUSD,SELL_closed,0.40,4777.91000,-42.40,0.00,0.00,-42.40,[sl 4777.91]
2026.04.21 09:56:28,44342778,49691274,XAUUSD,BUY_closed,0.40,4779.00000,-0.80,0.00,0.00,-0.80,[sl 4779.02]
2026.04.21 09:59:00,44342835,49691373,XAUUSD,SELL_closed,0.40,4778.84000,0.00,0.00,0.00,0.00,[sl 4778.84]
2026.04.21 10:01:22,44342970,49691499,XAUUSD,BUY_closed,0.40,4778.45000,-0.00,0.00,0.00,0.00,[sl 4778.45]
2026.04.21 11:10:06,44347714,49696587,XAUUSD,BUY_closed,0.40,4780.09000,-41.20,0.00,0.00,-41.20,[sl 4780.12]
2026.04.21 11:25:14,44349261,49698232,XAUUSD,SELL_closed,0.40,4787.13000,-0.40,0.00,0.00,-0.40,[sl 4787.12]
2026.04.21 11:29:01,44349492,49698475,XAUUSD,BUY_closed,0.40,4787.76000,24.40,0.00,0.00,24.40,[tp 4787.65]
2026.04.21 11:32:59,44349786,49698783,XAUUSD,SELL_closed,0.40,4785.19000,20.80,0.00,0.00,20.80,[tp 4785.21]
2026.04.21 11:36:19,44349891,49698901,XAUUSD,SELL_closed,0.40,4786.63000,-0.80,0.00,0.00,-0.80,[sl 4786.61]
2026.04.21 11:41:33,44349965,49698986,XAUUSD,SELL_closed,0.40,4789.17000,-56.80,0.00,0.00,-56.80,[sl 4788.75]
2026.04.21 11:49:49,44350617,49699651,XAUUSD,BUY_closed,0.40,4790.07000,-40.40,0.00,0.00,-40.40,[sl 4790.08]
2026.04.21 12:05:19,44351664,49700743,XAUUSD,BUY_closed,0.40,4785.28000,-3.60,0.00,0.00,-3.60,[sl 4785.37]
2026.04.21 12:10:44,44351912,49701050,XAUUSD,BUY_closed,0.40,4786.81000,20.00,0.00,0.00,20.00,[tp 4786.81]
2026.04.21 12:17:15,44352200,49701375,XAUUSD,BUY_closed,0.40,4784.33000,-50.40,0.00,0.00,-50.40,[sl 4784.66]
2026.04.21 12:24:59,44352606,49701810,XAUUSD,BUY_closed,0.40,4785.54000,-40.00,0.00,0.00,-40.00,[sl 4785.54]
2026.04.21 12:32:59,44353019,49702253,XAUUSD,SELL_closed,0.40,4784.12000,-46.00,0.00,0.00,-46.00,[sl 4784.11]
2026.04.21 12:41:18,44353538,49702780,XAUUSD,BUY_closed,0.40,4784.89000,22.00,0.00,0.00,22.00,[tp 4784.84]
2026.04.21 12:49:06,44353942,49703214,XAUUSD,SELL_closed,0.40,4783.59000,21.60,0.00,0.00,21.60,[tp 4783.63]
2026.04.21 12:58:12,44354424,49703739,XAUUSD,SELL_closed,0.40,4786.60000,0.00,0.00,0.00,0.00,[sl 4786.60]
2026.04.21 13:17:04,44355241,49704634,XAUUSD,SELL_closed,0.40,4782.16000,21.60,0.00,0.00,21.60,[tp 4782.19]
2026.04.21 13:20:07,44355407,49704800,XAUUSD,BUY_closed,0.40,4782.95000,-1.60,0.00,0.00,-1.60,[sl 4782.99]
2026.04.21 13:24:38,44355522,49704931,XAUUSD,SELL_closed,0.40,4782.85000,25.60,0.00,0.00,25.60,[tp 4782.99]
2026.04.21 13:28:10,44355570,49704987,XAUUSD,BUY_closed,0.40,4782.51000,-44.80,0.00,0.00,-44.80,[sl 4782.63]
2026.04.21 13:30:22,44355608,49705009,XAUUSD,BUY_closed,0.40,4783.10000,-1.20,0.00,0.00,-1.20,[sl 4783.13]
2026.04.21 13:43:19,44356019,49705472,XAUUSD,SELL_closed,0.40,4785.95000,-2.40,0.00,0.00,-2.40,[sl 4785.89]
2026.04.21 14:02:02,44356546,49706064,XAUUSD,SELL_closed,0.40,4789.42000,24.80,0.00,0.00,24.80,[tp 4789.54]
2026.04.21 14:58:32,44360196,49709868,XAUUSD,SELL_closed,0.40,4795.38000,-48.80,0.00,0.00,-48.80,[sl 4795.16]
2026.04.21 16:01:58,44367397,49717376,XAUUSD,SELL_closed,0.40,4779.55000,-0.40,0.00,0.00,-0.40,[sl 4779.54]
2026.04.21 16:05:02,44367715,49717693,XAUUSD,SELL_closed,0.40,4778.55000,20.00,0.00,0.00,20.00,[tp 4778.57]
2026.04.21 16:20:06,44369881,49719910,XAUUSD,SELL_closed,0.40,4767.63000,36.40,0.00,0.00,36.40,[tp 4768.05]
2026.04.21 16:34:58,44371693,49721792,XAUUSD,SELL_closed,0.40,4776.35000,24.00,0.00,0.00,24.00,[tp 4776.36]
2026.04.21 16:38:59,44372524,49722630,XAUUSD,BUY_closed,0.40,4779.36000,-42.40,0.00,0.00,-42.40,[sl 4779.42]
2026.04.21 16:46:08,44373558,49723711,XAUUSD,SELL_closed,0.40,4788.48000,-49.20,0.00,0.00,-49.20,[sl 4788.23]
2026.04.21 17:02:02,44375497,49725698,XAUUSD,BUY_closed,0.40,4778.47000,-38.00,0.00,0.00,-38.00,[sl 4778.52]
2026.04.21 17:11:03,44376398,49726631,XAUUSD,SELL_closed,0.40,4779.08000,-46.80,0.00,0.00,-46.80,[sl 4778.90]
2026.04.21 17:19:05,44376815,49727192,XAUUSD,SELL_closed,0.40,4778.60000,-2.80,0.00,0.00,-2.80,[sl 4778.53]
2026.04.21 17:19:28,44376821,49727211,XAUUSD,BUY_closed,0.40,4778.06000,-0.80,0.00,0.00,-0.80,[sl 4778.08]
2026.04.21 18:52:35,44390490,49741313,XAUUSD,BUY_closed,0.40,4742.86000,-64.00,0.00,0.00,-64.00,[sl 4742.96]
2026.04.21 19:36:00,44394325,49745199,XAUUSD,BUY_closed,0.40,4726.53000,-1.60,0.00,0.00,-1.60,[sl 4726.57]
2026.04.21 19:54:09,44395664,49746704,XAUUSD,SELL_closed,0.40,4710.49000,-67.20,0.00,0.00,-67.20,[sl 4709.84]
2026.04.21 20:10:30,44396906,49748007,XAUUSD,BUY_closed,0.40,4709.33000,-2.00,0.00,0.00,-2.00,[sl 4709.38]
2026.04.21 20:39:34,44399643,49750909,XAUUSD,BUY_closed,0.40,4705.80000,-4.00,0.00,0.00,-4.00,[sl 4705.90]
2026.04.21 20:39:38,44399646,49750910,XAUUSD,BUY_closed,0.40,4706.30000,-3.60,0.00,0.00,-3.60,[sl 4706.39]
2026.04.21 21:12:00,44402790,49754137,XAUUSD,SELL_closed,0.40,4706.55000,-55.60,0.00,0.00,-55.60,[sl 4706.52]
2026.04.21 21:25:43,44403938,49755341,XAUUSD,SELL_closed,0.40,4696.58000,-61.60,0.00,0.00,-61.60,[sl 4696.58]
2026.04.21 21:29:59,44404054,49755471,XAUUSD,SELL_closed,0.40,4696.59000,-64.40,0.00,0.00,-64.40,[sl 4696.56]
2026.04.21 21:40:11,44404654,49756106,XAUUSD,SELL_closed,0.40,4701.66000,0.00,0.00,0.00,0.00,[sl 4701.66]
2026.04.21 21:54:36,44404974,49756420,XAUUSD,SELL_closed,0.40,4700.76000,-12.00,0.00,0.00,-12.00,[sl 4700.46]
2026.04.21 22:03:41,44406149,49757689,XAUUSD,BUY_closed,0.40,4709.40000,11.20,0.00,0.00,11.20,
2026.04.21 22:05:39,44406199,49757719,XAUUSD,SELL_closed,0.40,4711.10000,-61.20,0.00,0.00,-61.20,[sl 4711.09]
2026.04.21 22:10:49,44406287,49757842,XAUUSD,BUY_closed,0.40,4708.38000,-35.20,0.00,0.00,-35.20,
2026.04.21 22:12:57,44406410,49757969,XAUUSD,BUY_closed,0.40,4711.06000,-39.20,0.00,0.00,-39.20,
2026.04.21 22:31:08,44407455,49759008,XAUUSD,BUY_closed,0.40,4712.31000,-6.80,0.00,0.00,-6.80,[sl 4712.48]
2026.04.21 22:32:06,44407471,49759068,XAUUSD,SELL_closed,0.40,4714.29000,-4.00,0.00,0.00,-4.00,[sl 4714.19]
2026.04.21 22:34:03,44407505,49759126,XAUUSD,BUY_closed,0.40,4711.25000,-69.20,0.00,0.00,-69.20,[sl 4711.48]
2026.04.21 22:34:43,44407523,49759153,XAUUSD,BUY_closed,0.40,4710.27000,-64.00,0.00,0.00,-64.00,[sl 4710.35]
2026.04.21 22:35:18,44407588,49759190,XAUUSD,BUY_closed,0.40,4708.63000,-65.20,0.00,0.00,-65.20,[sl 4708.80]
2026.04.21 22:35:44,44407673,49759300,XAUUSD,BUY_closed,0.40,4707.23000,-76.40,0.00,0.00,-76.40,[sl 4707.64]
2026.04.21 22:36:27,44407815,49759425,XAUUSD,BUY_closed,0.40,4706.00000,-2.00,0.00,0.00,-2.00,[sl 4706.05]
2026.04.21 22:38:18,44407976,49759552,XAUUSD,BUY_closed,0.40,4701.93000,-66.40,0.00,0.00,-66.40,[sl 4702.09]
2026.04.21 22:39:17,44408142,49759753,XAUUSD,BUY_closed,0.40,4699.31000,-1.20,0.00,0.00,-1.20,[sl 4699.34]
2026.04.21 22:46:42,44409736,49761432,XAUUSD,BUY_closed,0.40,4676.07000,-59.60,0.00,0.00,-59.60,[sl 4676.16]
2026.04.21 22:47:40,44409967,49761630,XAUUSD,SELL_closed,0.40,4680.73000,-56.80,0.00,0.00,-56.80,[sl 4680.57]
2026.04.21 22:50:16,44410510,49762225,XAUUSD,SELL_closed,0.40,4684.16000,-60.80,0.00,0.00,-60.80,[sl 4684.11]
2026.04.21 23:00:55,44411227,49762972,XAUUSD,BUY_closed,0.40,4677.91000,-64.00,0.00,0.00,-64.00,[sl 4678.01]
2026.04.21 23:01:33,44411240,49762983,XAUUSD,BUY_closed,0.40,4676.59000,-63.20,0.00,0.00,-63.20,[sl 4676.68]
2026.04.21 23:06:04,44411521,49763118,XAUUSD,BUY_closed,0.40,4674.98000,-12.80,0.00,0.00,-12.80,[sl 4675.30]
2026.04.21 23:09:39,44411832,49763483,XAUUSD,SELL_closed,0.40,4673.00000,-65.60,0.00,0.00,-65.60,[sl 4671.36]
2026.04.21 23:13:09,44412961,49764702,XAUUSD,SELL_closed,0.40,4698.66000,-9.60,0.00,0.00,-9.60,[sl 4698.42]
2026.04.21 23:14:27,44413038,49764850,XAUUSD,SELL_closed,0.40,4696.78000,-59.20,0.00,0.00,-59.20,[sl 4696.74]
2026.04.21 23:35:17,44414336,49766176,XAUUSD,BUY_closed,0.40,4710.24000,-4.40,0.00,0.00,-4.40,
2026.04.21 23:42:49,44414581,49766470,XAUUSD,SELL_closed,0.40,4712.87000,-61.60,0.00,0.00,-61.60,[sl 4712.83]
2026.04.21 23:50:48,44414769,49766557,XAUUSD,BUY_closed,0.40,4712.23000,-3.20,0.00,0.00,-3.20,[sl 4712.31]
2026.04.21 23:51:32,44414777,49766685,XAUUSD,SELL_closed,0.40,4712.71000,-3.20,0.00,0.00,-3.20,[sl 4712.63]
2026.04.22 01:09:40,44416136,49768166,XAUUSD,BUY_closed,0.40,4720.38000,-3.20,0.00,0.00,-3.20,[sl 4720.46]
2026.04.22 01:23:54,44416626,49768291,XAUUSD,SELL_closed,0.40,4716.89000,208.80,0.00,0.00,208.80,[tp 4716.91]
2026.04.22 01:24:52,44416644,49768478,XAUUSD,SELL_closed,0.40,4718.52000,-3.60,0.00,0.00,-3.60,[sl 4718.43]
2026.04.22 01:26:59,44416700,49768783,XAUUSD,BUY_closed,0.40,4719.53000,-2.00,0.00,0.00,-2.00,[sl 4719.58]
2026.04.22 01:39:32,44416843,49769001,XAUUSD,BUY_closed,0.40,4718.16000,-60.80,0.00,0.00,-60.80,[sl 4718.18]
2026.04.22 01:48:01,44416941,49769122,XAUUSD,BUY_closed,0.40,4717.23000,-60.00,0.00,0.00,-60.00,[sl 4717.41]
2026.04.22 01:52:30,44417010,49769188,XAUUSD,BUY_closed,0.40,4717.12000,-8.40,0.00,0.00,-8.40,[sl 4717.33]
2026.04.22 02:02:18,44417265,49769391,XAUUSD,BUY_closed,0.40,4720.28000,-12.40,0.00,0.00,-12.40,[sl 4720.59]
2026.04.22 02:09:05,44417462,49769693,XAUUSD,SELL_closed,0.40,4724.87000,-73.20,0.00,0.00,-73.20,[sl 4724.66]
2026.04.22 02:26:00,44418126,49770464,XAUUSD,BUY_closed,0.40,4731.82000,-15.60,0.00,0.00,-15.60,[sl 4732.21]
2026.04.22 02:35:35,44418357,49770736,XAUUSD,BUY_closed,0.40,4732.24000,-66.40,0.00,0.00,-66.40,[sl 4732.40]
2026.04.22 02:35:46,44418382,49770617,XAUUSD,BUY_closed,0.40,4730.43000,-28.80,0.00,0.00,-28.80,[sl 4731.15]
2026.04.22 02:41:56,44418637,49770981,XAUUSD,BUY_closed,0.40,4731.22000,-1.20,0.00,0.00,-1.20,[sl 4731.25]
2026.04.22 02:42:52,44418650,49771053,XAUUSD,SELL_closed,0.40,4730.74000,-1.60,0.00,0.00,-1.60,[sl 4730.70]
2026.04.22 02:46:53,44418943,49771084,XAUUSD,BUY_closed,0.40,4736.00000,209.60,0.00,0.00,209.60,[tp 4735.96]
2026.04.22 02:59:42,44419363,49771830,XAUUSD,BUY_closed,0.40,4737.66000,-70.00,0.00,0.00,-70.00,[sl 4737.91]
2026.04.22 03:00:20,44419436,49771437,XAUUSD,BUY_closed,0.40,4741.32000,211.60,0.00,0.00,211.60,[tp 4741.23]
2026.04.22 03:07:24,44419965,49772499,XAUUSD,SELL_closed,0.40,4743.30000,-64.00,0.00,0.00,-64.00,[sl 4743.11]
2026.04.22 03:11:33,44420252,49772771,XAUUSD,SELL_closed,0.40,4744.95000,-1.60,0.00,0.00,-1.60,[sl 4744.91]
2026.04.22 03:12:43,44420308,49772873,XAUUSD,SELL_closed,0.40,4745.70000,-2.40,0.00,0.00,-2.40,[sl 4745.64]
2026.04.22 03:20:00,44420545,49773032,XAUUSD,BUY_closed,0.40,4743.17000,-0.80,0.00,0.00,-0.80,[sl 4743.19]
2026.04.22 03:23:59,44420650,49773165,XAUUSD,BUY_closed,0.40,4742.89000,-2.00,0.00,0.00,-2.00,[sl 4742.94]
2026.04.22 03:26:02,44420746,49773250,XAUUSD,SELL_closed,0.40,4742.81000,-0.00,0.00,0.00,0.00,[sl 4742.81]
2026.04.22 03:26:52,44420797,49773389,XAUUSD,BUY_closed,0.40,4744.24000,-4.00,0.00,0.00,-4.00,[sl 4744.34]
2026.04.22 03:36:56,44421132,49773533,XAUUSD,BUY_closed,0.40,4743.62000,0.00,0.00,0.00,0.00,[sl 4743.62]
2026.04.22 03:37:05,44421148,49773728,XAUUSD,SELL_closed,0.40,4744.36000,-2.40,0.00,0.00,-2.40,[sl 4744.30]
2026.04.22 03:42:28,44421223,49773860,XAUUSD,BUY_closed,0.40,4743.60000,-60.80,0.00,0.00,-60.80,[sl 4743.62]
2026.04.22 03:46:20,44421355,49773985,XAUUSD,BUY_closed,0.40,4742.97000,-0.40,0.00,0.00,-0.40,[sl 4742.98]
2026.04.22 03:57:37,44421819,49774493,XAUUSD,BUY_closed,0.40,4741.38000,-8.80,0.00,0.00,-8.80,[sl 4741.60]
2026.04.22 03:59:00,44422060,49774526,XAUUSD,SELL_closed,0.40,4740.36000,-30.80,0.00,0.00,-30.80,[sl 4739.59]
2026.04.22 04:01:49,44422388,49775052,XAUUSD,SELL_closed,0.40,4742.71000,-109.60,0.00,0.00,-109.60,[sl 4742.55]
2026.04.22 04:07:38,44422997,49775392,XAUUSD,SELL_closed,0.40,4736.44000,236.80,0.00,0.00,236.80,[tp 4737.16]
2026.04.22 04:09:48,44423257,49775886,XAUUSD,BUY_closed,0.40,4739.42000,-0.40,0.00,0.00,-0.40,[sl 4739.43]
2026.04.22 04:13:00,44423513,49776202,XAUUSD,BUY_closed,0.40,4737.59000,-3.20,0.00,0.00,-3.20,[sl 4737.67]
2026.04.22 04:20:52,44424044,49776779,XAUUSD,BUY_closed,0.40,4742.96000,-1.60,0.00,0.00,-1.60,[sl 4743.00]
2026.04.22 04:29:54,44424623,49777380,XAUUSD,BUY_closed,0.40,4746.07000,-4.00,0.00,0.00,-4.00,[sl 4746.17]
2026.04.22 04:34:47,44424942,49777711,XAUUSD,BUY_closed,0.40,4747.92000,-60.00,0.00,0.00,-60.00,[sl 4747.93]
2026.04.22 04:36:24,44425005,49777762,XAUUSD,BUY_closed,0.40,4748.73000,-60.00,0.00,0.00,-60.00,[sl 4748.73]
2026.04.22 04:45:02,44425580,49778405,XAUUSD,BUY_closed,0.40,4748.97000,-59.60,0.00,0.00,-59.60,[sl 4748.97]
2026.04.22 04:55:17,44426087,49778860,XAUUSD,BUY_closed,0.40,4753.06000,-56.40,0.00,0.00,-56.40,[sl 4753.14]
2026.04.22 04:56:23,44426107,49778964,XAUUSD,SELL_closed,0.40,4754.05000,-64.00,0.00,0.00,-64.00,[sl 4754.03]
2026.04.22 04:59:06,44426144,49778997,XAUUSD,SELL_closed,0.40,4752.62000,-0.80,0.00,0.00,-0.80,[sl 4752.60]
2026.04.22 05:01:04,44426187,49779056,XAUUSD,BUY_closed,0.40,4752.76000,-2.80,0.00,0.00,-2.80,[sl 4752.83]
2026.04.22 05:10:10,44426433,49778492,XAUUSD,BUY_closed,0.40,4754.76000,199.60,0.00,0.00,199.60,[tp 4754.74]
2026.04.22 05:57:43,44428066,49780914,XAUUSD,BUY_closed,0.40,4754.62000,-1.20,0.00,0.00,-1.20,[sl 4754.65]
2026.04.22 06:00:21,44428195,49781244,XAUUSD,BUY_closed,0.40,4754.98000,-51.60,0.00,0.00,-51.60,[sl 4754.98]
2026.04.22 06:03:14,44428259,49781303,XAUUSD,BUY_closed,0.40,4753.91000,-5.60,0.00,0.00,-5.60,[sl 4754.05]
2026.04.22 06:13:28,44429050,49782112,XAUUSD,BUY_closed,0.40,4757.30000,-60.80,0.00,0.00,-60.80,[sl 4757.32]
2026.04.22 06:17:36,44429225,49782330,XAUUSD,BUY_closed,0.40,4758.58000,-0.00,0.00,0.00,0.00,[sl 4758.58]
2026.04.22 06:21:33,44429286,49782384,XAUUSD,SELL_closed,0.40,4758.80000,-3.20,0.00,0.00,-3.20,[sl 4758.72]
2026.04.22 06:41:58,44430225,49783448,XAUUSD,SELL_closed,0.40,4757.79000,-0.00,0.00,0.00,0.00,[sl 4757.79]
2026.04.22 06:49:26,44430392,49783412,XAUUSD,BUY_closed,0.40,4758.31000,-0.40,0.00,0.00,-0.40,[sl 4758.32]
2026.04.22 06:49:37,44430396,49783619,XAUUSD,SELL_closed,0.40,4759.44000,-7.60,0.00,0.00,-7.60,[sl 4759.25]
2026.04.22 06:51:02,44430408,49783643,XAUUSD,SELL_closed,0.40,4760.40000,-63.20,0.00,0.00,-63.20,[sl 4760.32]
2026.04.22 06:55:29,44430507,49783745,XAUUSD,SELL_closed,0.40,4757.86000,-1.20,0.00,0.00,-1.20,[sl 4757.83]
2026.04.22 06:58:39,44430546,49783797,XAUUSD,BUY_closed,0.40,4759.36000,-2.00,0.00,0.00,-2.00,[sl 4759.41]
2026.04.22 07:01:22,44430597,49783867,XAUUSD,SELL_closed,0.40,4758.08000,-4.80,0.00,0.00,-4.80,[sl 4757.96]
2026.04.22 07:10:27,44430672,49783895,XAUUSD,BUY_closed,0.40,4758.14000,-60.80,0.00,0.00,-60.80,[sl 4758.16]
2026.04.22 07:12:34,44430688,49783941,XAUUSD,SELL_closed,0.40,4758.72000,-1.60,0.00,0.00,-1.60,[sl 4758.68]
2026.04.22 07:36:08,44431159,49784511,XAUUSD,SELL_closed,0.40,4755.73000,-2.00,0.00,0.00,-2.00,[sl 4755.68]
2026.04.22 07:53:43,44431829,49785061,XAUUSD,SELL_closed,0.40,4753.72000,188.40,0.00,0.00,188.40,[tp 4753.80]
2026.04.22 07:58:10,44431959,49785314,XAUUSD,SELL_closed,0.40,4754.17000,-3.60,0.00,0.00,-3.60,[sl 4754.08]
2026.04.22 08:00:16,44432014,49785429,XAUUSD,BUY_closed,0.40,4753.57000,-60.00,0.00,0.00,-60.00,[sl 4753.73]
2026.04.22 08:12:27,44432351,49785819,XAUUSD,SELL_closed,0.40,4756.39000,-57.60,0.00,0.00,-57.60,[sl 4756.36]
2026.04.22 08:26:04,44434546,49788098,XAUUSD,BUY_closed,0.40,4768.90000,-64.40,0.00,0.00,-64.40,[sl 4769.01]
2026.04.22 08:30:42,44434874,49788465,XAUUSD,BUY_closed,0.40,4765.25000,-52.00,0.00,0.00,-52.00,[sl 4765.26]
2026.04.22 08:34:18,44435122,49788728,XAUUSD,SELL_closed,0.40,4766.01000,-27.20,0.00,0.00,-27.20,[sl 4765.33]
2026.04.22 08:45:03,44435543,49788985,XAUUSD,BUY_closed,0.40,4766.56000,-22.00,0.00,0.00,-22.00,[sl 4767.11]
2026.04.22 08:56:43,44436387,49790034,XAUUSD,BUY_closed,0.40,4765.15000,-60.40,0.00,0.00,-60.40,[sl 4765.16]
2026.04.22 08:59:51,44436556,49790352,XAUUSD,SELL_closed,0.40,4768.20000,-0.40,0.00,0.00,-0.40,[sl 4768.19]
2026.04.22 09:29:50,44438022,49791845,XAUUSD,BUY_closed,0.40,4766.49000,-3.20,0.00,0.00,-3.20,[sl 4766.57]
2026.04.22 09:34:01,44438216,49792116,XAUUSD,BUY_closed,0.40,4766.38000,-2.00,0.00,0.00,-2.00,[sl 4766.43]
2026.04.22 09:38:33,44438442,49792155,XAUUSD,SELL_closed,0.40,4765.69000,-1.60,0.00,0.00,-1.60,[sl 4765.65]
2026.04.22 09:43:04,44438531,49792445,XAUUSD,BUY_closed,0.40,4764.57000,-64.00,0.00,0.00,-64.00,[sl 4764.67]
2026.04.22 09:47:31,44438672,49792575,XAUUSD,BUY_closed,0.40,4765.06000,-5.20,0.00,0.00,-5.20,[sl 4765.19]
2026.04.22 09:48:14,44438697,49792646,XAUUSD,SELL_closed,0.40,4766.06000,-62.00,0.00,0.00,-62.00,[sl 4766.02]
2026.04.22 09:57:27,44439049,49793003,XAUUSD,BUY_closed,0.40,4767.29000,-0.00,0.00,0.00,0.00,[sl 4767.29]
2026.04.22 10:07:02,44439632,49793650,XAUUSD,BUY_closed,0.40,4770.59000,-10.40,0.00,0.00,-10.40,[sl 4770.85]
2026.04.22 10:14:12,44440101,49794315,XAUUSD,BUY_closed,0.40,4765.73000,-60.00,0.00,0.00,-60.00,[sl 4765.74]
2026.04.22 10:15:19,44440176,49793924,XAUUSD,SELL_closed,0.40,4764.21000,212.80,0.00,0.00,212.80,[tp 4764.25]
2026.04.22 10:20:04,44440349,49794607,XAUUSD,BUY_closed,0.40,4763.70000,-5.20,0.00,0.00,-5.20,[sl 4763.83]
2026.04.22 10:24:48,44440618,49794991,XAUUSD,SELL_closed,0.40,4765.92000,-62.40,0.00,0.00,-62.40,[sl 4765.86]
2026.04.22 10:34:10,44440910,49795428,XAUUSD,SELL_closed,0.40,4764.89000,-5.20,0.00,0.00,-5.20,[sl 4764.76]
2026.04.22 10:37:00,44440965,49795538,XAUUSD,BUY_closed,0.40,4766.08000,-0.00,0.00,0.00,0.00,[sl 4766.08]
2026.04.22 10:45:11,44441228,49795890,XAUUSD,BUY_closed,0.40,4763.80000,0.00,0.00,0.00,0.00,[sl 4763.80]
2026.04.22 10:48:00,44441344,49796040,XAUUSD,BUY_closed,0.40,4763.74000,-3.60,0.00,0.00,-3.60,[sl 4763.83]
2026.04.22 10:59:32,44441672,49796474,XAUUSD,SELL_closed,0.40,4761.21000,-4.80,0.00,0.00,-4.80,[sl 4761.09]
2026.04.22 11:01:07,44441733,49796549,XAUUSD,BUY_closed,0.40,4760.89000,-7.60,0.00,0.00,-7.60,[sl 4761.08]
2026.04.22 11:10:28,44442072,49796877,XAUUSD,SELL_closed,0.40,4761.26000,-62.40,0.00,0.00,-62.40,[sl 4761.20]
2026.04.22 11:18:07,44442678,49797131,XAUUSD,SELL_closed,0.40,4760.12000,-0.80,0.00,0.00,-0.80,[sl 4760.10]
2026.04.22 11:29:51,44443230,49798137,XAUUSD,SELL_closed,0.40,4754.56000,-0.00,0.00,0.00,0.00,[sl 4754.56]
2026.04.22 11:40:24,44443776,49798678,XAUUSD,BUY_closed,0.40,4752.52000,-13.20,0.00,0.00,-13.20,[sl 4752.85]
2026.04.22 11:40:42,44443789,49798764,XAUUSD,SELL_closed,0.40,4752.77000,-6.80,0.00,0.00,-6.80,[sl 4752.60]
2026.04.22 11:49:15,44444381,49799433,XAUUSD,SELL_closed,0.40,4756.09000,-69.20,0.00,0.00,-69.20,[sl 4755.85]
2026.04.22 11:52:32,44444584,49799593,XAUUSD,BUY_closed,0.40,4756.86000,-0.40,0.00,0.00,-0.40,[sl 4756.87]
2026.04.22 12:00:18,44444854,49799909,XAUUSD,SELL_closed,0.40,4757.10000,0.00,0.00,0.00,0.00,[sl 4757.10]
2026.04.22 12:10:59,44445349,49800480,XAUUSD,SELL_closed,0.40,4760.16000,-1.60,0.00,0.00,-1.60,[sl 4760.12]
2026.04.22 12:16:33,44445417,49800593,XAUUSD,BUY_closed,0.40,4760.80000,0.00,0.00,0.00,0.00,[sl 4760.80]
2026.04.22 12:20:49,44445465,49800632,XAUUSD,SELL_closed,0.40,4760.83000,-6.00,0.00,0.00,-6.00,[sl 4760.68]
2026.04.22 12:22:13,44445507,49800683,XAUUSD,BUY_closed,0.40,4761.36000,-0.00,0.00,0.00,0.00,[sl 4761.36]
2026.04.22 12:26:51,44445576,49800143,XAUUSD,BUY_closed,0.40,4758.37000,-0.80,0.00,0.00,-0.80,[sl 4758.39]
2026.04.22 12:30:58,44445848,49800742,XAUUSD,SELL_closed,0.40,4755.46000,209.60,0.00,0.00,209.60,[tp 4755.50]
2026.04.22 12:39:06,44445943,49801183,XAUUSD,SELL_closed,0.40,4758.63000,-66.40,0.00,0.00,-66.40,[sl 4758.47]
2026.04.22 12:49:56,44446548,49801825,XAUUSD,SELL_closed,0.40,4758.05000,-62.80,0.00,0.00,-62.80,[sl 4757.98]
2026.04.22 13:09:00,44447790,49803180,XAUUSD,SELL_closed,0.40,4750.88000,-1.20,0.00,0.00,-1.20,[sl 4750.85]
2026.04.22 13:12:19,44448014,49803396,XAUUSD,BUY_closed,0.40,4748.72000,-4.80,0.00,0.00,-4.80,[sl 4748.84]
2026.04.22 13:19:00,44448726,49803660,XAUUSD,BUY_closed,0.40,4753.71000,216.40,0.00,0.00,216.40,[tp 4753.50]
2026.04.22 13:29:02,44449496,49804513,XAUUSD,SELL_closed,0.40,4754.43000,-2.80,0.00,0.00,-2.80,[sl 4754.36]
2026.04.22 13:30:49,44449625,49805170,XAUUSD,SELL_closed,0.40,4755.66000,-65.20,0.00,0.00,-65.20,[sl 4755.53]
2026.04.22 13:34:41,44449792,49805350,XAUUSD,SELL_closed,0.40,4757.80000,-69.60,0.00,0.00,-69.60,[sl 4757.56]
2026.04.22 13:37:54,44450034,49805654,XAUUSD,SELL_closed,0.40,4758.11000,-0.00,0.00,0.00,0.00,[sl 4758.11]
2026.04.22 13:56:35,44450533,49806188,XAUUSD,SELL_closed,0.40,4757.91000,-60.40,0.00,0.00,-60.40,[sl 4757.89]
2026.04.22 14:02:27,44450862,49806543,XAUUSD,SELL_closed,0.40,4760.01000,-0.00,0.00,0.00,0.00,[sl 4760.01]
2026.04.22 14:13:46,44451152,49806841,XAUUSD,BUY_closed,0.40,4758.18000,-1.20,0.00,0.00,-1.20,[sl 4758.21]
2026.04.22 14:15:09,44451214,49806897,XAUUSD,SELL_closed,0.40,4758.32000,0.00,0.00,0.00,0.00,[sl 4758.32]
2026.04.22 14:25:53,44451801,49807488,XAUUSD,BUY_closed,0.40,4757.84000,0.00,0.00,0.00,0.00,[sl 4757.84]
2026.04.22 14:33:40,44452034,49807716,XAUUSD,BUY_closed,0.40,4758.18000,-69.60,0.00,0.00,-69.60,[sl 4758.42]
2026.04.22 14:36:31,44452183,49807929,XAUUSD,BUY_closed,0.40,4758.00000,-0.80,0.00,0.00,-0.80,[sl 4758.02]
2026.04.22 14:39:48,44452424,49808212,XAUUSD,BUY_closed,0.40,4755.24000,-14.00,0.00,0.00,-14.00,[sl 4755.59]
2026.04.22 14:49:09,44453419,49809228,XAUUSD,BUY_closed,0.40,4752.62000,-14.80,0.00,0.00,-14.80,[sl 4752.99]
2026.04.22 15:00:03,44453733,49809571,XAUUSD,SELL_closed,0.40,4751.70000,-62.80,0.00,0.00,-62.80,[sl 4751.64]
2026.04.22 15:14:56,44455413,49811281,XAUUSD,BUY_closed,0.40,4752.04000,-7.60,0.00,0.00,-7.60,[sl 4752.23]
2026.04.22 15:22:54,44455960,49811898,XAUUSD,SELL_closed,0.40,4752.50000,-60.00,0.00,0.00,-60.00,[sl 4752.50]
2026.04.22 15:22:56,44455969,49811395,XAUUSD,SELL_closed,0.40,4752.61000,-0.80,0.00,0.00,-0.80,[sl 4752.59]
2026.04.22 15:25:40,44456314,49812258,XAUUSD,BUY_closed,0.40,4754.82000,-11.60,0.00,0.00,-11.60,[sl 4755.11]
2026.04.22 15:28:51,44456477,49812436,XAUUSD,SELL_closed,0.40,4756.06000,-62.00,0.00,0.00,-62.00,[sl 4756.01]
2026.04.22 15:30:11,44457124,49812732,XAUUSD,SELL_closed,0.40,4750.63000,212.40,0.00,0.00,212.40,[tp 4750.74]
2026.04.22 15:31:42,44457235,49813241,XAUUSD,BUY_closed,0.40,4749.99000,-0.80,0.00,0.00,-0.80,[sl 4750.01]
2026.04.22 15:35:49,44457538,49813508,XAUUSD,SELL_closed,0.40,4749.78000,-5.20,0.00,0.00,-5.20,[sl 4749.65]
2026.04.22 15:41:54,44458067,49813903,XAUUSD,SELL_closed,0.40,4749.31000,-18.80,0.00,0.00,-18.80,[sl 4748.84]
2026.04.22 15:43:41,44458303,49814318,XAUUSD,BUY_closed,0.40,4748.58000,-1.60,0.00,0.00,-1.60,[sl 4748.62]
2026.04.22 15:55:57,44459328,49815324,XAUUSD,BUY_closed,0.40,4745.29000,-74.00,0.00,0.00,-74.00,[sl 4745.35]
2026.04.22 15:56:25,44459343,49815429,XAUUSD,SELL_closed,0.40,4745.03000,-1.20,0.00,0.00,-1.20,[sl 4745.00]
2026.04.22 16:00:44,44459551,49815661,XAUUSD,BUY_closed,0.40,4744.93000,-60.00,0.00,0.00,-60.00,[sl 4744.94]
2026.04.22 16:06:36,44460322,49816469,XAUUSD,BUY_closed,0.40,4741.74000,-2.80,0.00,0.00,-2.80,[sl 4741.81]
2026.04.22 16:09:19,44460526,49816642,XAUUSD,SELL_closed,0.40,4739.75000,-2.40,0.00,0.00,-2.40,[sl 4739.69]
2026.04.22 16:11:07,44461348,49817464,XAUUSD,SELL_closed,0.40,4743.34000,-63.60,0.00,0.00,-63.60,[sl 4743.25]
2026.04.22 16:16:00,44461645,49817787,XAUUSD,SELL_closed,0.40,4741.61000,-4.80,0.00,0.00,-4.80,[sl 4741.49]
2026.04.22 16:21:46,44462924,49819127,XAUUSD,SELL_closed,0.40,4743.91000,-2.00,0.00,0.00,-2.00,[sl 4743.86]
2026.04.22 16:26:00,44463360,49819589,XAUUSD,SELL_closed,0.40,4746.77000,-3.60,0.00,0.00,-3.60,[sl 4746.68]
2026.04.22 16:30:00,44463648,49819839,XAUUSD,SELL_closed,0.40,4750.58000,-69.20,0.00,0.00,-69.20,[sl 4750.35]
2026.04.22 16:36:35,44464703,49820774,XAUUSD,BUY_closed,0.40,4750.13000,206.80,0.00,0.00,206.80,[tp 4750.10]
2026.04.22 16:39:16,44465275,49821502,XAUUSD,SELL_closed,0.40,4749.82000,-64.40,0.00,0.00,-64.40,[sl 4749.71]
2026.04.22 16:41:42,44465500,49821744,XAUUSD,BUY_closed,0.40,4750.87000,-4.40,0.00,0.00,-4.40,[sl 4750.98]
2026.04.22 17:00:38,44467704,49824010,XAUUSD,BUY_closed,0.40,4754.02000,-62.40,0.00,0.00,-62.40,[sl 4754.06]
2026.04.22 17:03:14,44467957,49824260,XAUUSD,BUY_closed,0.40,4749.49000,-71.20,0.00,0.00,-71.20,[sl 4749.77]
2026.04.22 17:03:37,44468017,49824277,XAUUSD,SELL_closed,0.40,4748.95000,73.60,0.00,0.00,73.60,
2026.04.22 17:07:31,44468513,49824665,XAUUSD,BUY_closed,0.40,4744.27000,-12.40,0.00,0.00,-12.40,[sl 4744.58]
2026.04.22 17:11:18,44468810,49825039,XAUUSD,BUY_closed,0.40,4744.26000,-7.60,0.00,0.00,-7.60,[sl 4744.45]
2026.04.22 17:12:03,44468862,49825199,XAUUSD,SELL_closed,0.40,4743.77000,-1.60,0.00,0.00,-1.60,[sl 4743.73]
2026.04.22 17:12:25,44468877,49825226,XAUUSD,SELL_closed,0.40,4743.42000,2.00,0.00,0.00,2.00,
2026.04.22 17:15:05,44468981,49825320,XAUUSD,SELL_closed,0.40,4745.81000,-8.40,0.00,0.00,-8.40,
2026.04.22 17:17:08,44469164,49825547,XAUUSD,SELL_closed,0.40,4748.12000,-64.80,0.00,0.00,-64.80,[sl 4747.98]
2026.04.22 17:17:34,44469174,49825277,XAUUSD,BUY_closed,0.40,4748.75000,212.00,0.00,0.00,212.00,[tp 4748.67]
2026.04.22 17:20:34,44469401,49825757,XAUUSD,SELL_closed,0.40,4747.15000,-7.20,0.00,0.00,-7.20,[sl 4746.97]
2026.04.22 17:21:01,44469539,49825924,XAUUSD,BUY_closed,0.40,4748.40000,-63.20,0.00,0.00,-63.20,[sl 4748.42]
2026.04.22 17:23:10,44469706,49826073,XAUUSD,SELL_closed,0.40,4747.43000,0.00,0.00,0.00,0.00,[sl 4747.43]
2026.04.22 17:25:22,44469943,49826350,XAUUSD,BUY_closed,0.40,4744.44000,-60.40,0.00,0.00,-60.40,[sl 4744.45]
2026.04.22 17:28:17,44470166,49826584,XAUUSD,SELL_closed,0.40,4746.78000,-65.20,0.00,0.00,-65.20,[sl 4746.64]
2026.04.22 17:28:42,44470177,49826592,XAUUSD,SELL_closed,0.40,4745.20000,21.20,0.00,0.00,21.20,
2026.04.22 17:30:24,44470279,49826690,XAUUSD,BUY_closed,0.40,4743.16000,-59.20,0.00,0.00,-59.20,[sl 4743.17]
2026.04.22 17:32:20,44470632,49827020,XAUUSD,BUY_closed,0.40,4741.15000,-0.40,0.00,0.00,-0.40,[sl 4741.16]
2026.04.22 17:42:15,44472290,49828722,XAUUSD,SELL_closed,0.40,4737.19000,-60.80,0.00,0.00,-60.80,[sl 4737.17]
2026.04.22 17:43:48,44472470,49828919,XAUUSD,SELL_closed,0.40,4733.19000,1.20,0.00,0.00,1.20,
2026.04.22 17:43:48,44472471,49828910,XAUUSD,SELL_closed,0.40,4733.19000,6.80,0.00,0.00,6.80,
2026.04.22 17:47:54,44472656,49829149,XAUUSD,SELL_closed,0.40,4734.78000,1.20,0.00,0.00,1.20,
2026.04.22 17:48:55,44472774,49829226,XAUUSD,BUY_closed,0.40,4738.13000,4.80,0.00,0.00,4.80,
2026.04.22 17:49:50,44472846,49829346,XAUUSD,SELL_closed,0.40,4738.96000,4.80,0.00,0.00,4.80,
2026.04.22 17:50:50,44473031,49829483,XAUUSD,SELL_closed,0.40,4737.08000,-65.20,0.00,0.00,-65.20,[sl 4736.97]
2026.04.22 17:52:41,44473197,49829696,XAUUSD,BUY_closed,0.40,4733.60000,-67.20,0.00,0.00,-67.20,[sl 4733.69]
2026.04.22 17:56:38,44473794,49830310,XAUUSD,SELL_closed,0.40,4735.41000,-60.00,0.00,0.00,-60.00,[sl 4735.39]
2026.04.22 18:00:30,44474329,49830712,XAUUSD,BUY_closed,0.40,4736.44000,-9.60,0.00,0.00,-9.60,[sl 4736.68]
2026.04.22 18:04:02,44474664,49831012,XAUUSD,SELL_closed,0.40,4736.77000,-0.40,0.00,0.00,-0.40,[sl 4736.76]
2026.04.22 18:04:31,44474733,49831278,XAUUSD,BUY_closed,0.40,4735.86000,-63.60,0.00,0.00,-63.60,[sl 4735.93]
2026.04.22 18:07:11,44475079,49831617,XAUUSD,BUY_closed,0.40,4738.34000,2.00,0.00,0.00,2.00,
2026.04.22 18:07:46,44475143,49831675,XAUUSD,BUY_closed,0.40,4738.39000,-24.80,0.00,0.00,-24.80,[sl 4739.01]
2026.04.22 18:10:39,44475601,49832112,XAUUSD,BUY_closed,0.40,4739.30000,0.00,0.00,0.00,0.00,[sl 4739.30]
2026.04.22 18:10:52,44475620,49832132,XAUUSD,BUY_closed,0.40,4739.64000,18.40,0.00,0.00,18.40,
2026.04.22 18:14:44,44475787,49832296,XAUUSD,BUY_closed,0.40,4737.54000,-59.60,0.00,0.00,-59.60,[sl 4737.54]
2026.04.22 18:23:13,44476532,49833094,XAUUSD,SELL_closed,0.40,4732.13000,-0.00,0.00,0.00,0.00,[sl 4732.13]
2026.04.22 18:23:31,44476554,49833112,XAUUSD,SELL_closed,0.40,4731.79000,-11.60,0.00,0.00,-11.60,
2026.04.22 18:29:16,44476763,49833331,XAUUSD,BUY_closed,0.40,4733.36000,-36.40,0.00,0.00,-36.40,
2026.04.22 18:29:59,44476896,49833389,XAUUSD,BUY_closed,0.40,4735.37000,0.00,0.00,0.00,0.00,[sl 4735.37]
2026.04.22 18:32:41,44477129,49833725,XAUUSD,BUY_closed,0.40,4732.46000,-1.60,0.00,0.00,-1.60,[sl 4732.50]
2026.04.22 18:44:53,44478089,49834738,XAUUSD,BUY_closed,0.40,4727.17000,-10.00,0.00,0.00,-10.00,
2026.04.22 18:51:37,44478642,49835293,XAUUSD,SELL_closed,0.40,4726.32000,-6.80,0.00,0.00,-6.80,
2026.04.22 18:58:55,44479159,49835837,XAUUSD,SELL_closed,0.40,4729.30000,10.80,0.00,0.00,10.80,
2026.04.22 19:00:06,44479259,49835953,XAUUSD,BUY_closed,0.40,4729.70000,6.80,0.00,0.00,6.80,
2026.04.22 19:04:18,44479497,49836190,XAUUSD,BUY_closed,0.40,4729.25000,-22.80,0.00,0.00,-22.80,
2026.04.23 20:13:40,44594029,49967290,XAUUSD,SELL_closed,0.40,4713.76000,-63.60,0.00,0.00,-63.60,[sl 4713.67]
2026.04.23 20:24:21,44596674,49969944,XAUUSD,BUY_closed,0.40,4709.80000,-71.20,0.00,0.00,-71.20,[sl 4709.96]
2026.04.23 20:26:31,44597230,49970279,XAUUSD,BUY_closed,0.40,4713.29000,-5.20,0.00,0.00,-5.20,[sl 4713.42]
2026.04.23 20:29:54,44598085,49971381,XAUUSD,BUY_closed,0.40,4705.43000,-66.00,0.00,0.00,-66.00,[sl 4705.67]
2026.04.23 20:34:05,44599177,49972431,XAUUSD,SELL_closed,0.40,4711.81000,-62.40,0.00,0.00,-62.40,[sl 4711.81]
2026.04.23 20:55:10,44607396,49980771,XAUUSD,SELL_closed,0.40,4694.64000,127.20,0.00,0.00,127.20,
2026.04.23 21:33:17,44612852,49986621,XAUUSD,BUY_closed,0.40,4718.16000,29.20,0.00,0.00,29.20,
2026.04.23 21:34:31,44613009,49986735,XAUUSD,BUY_closed,0.40,4718.57000,-32.40,0.00,0.00,-32.40,
2026.04.23 23:06:59,44619989,49994479,XAUUSD,BUY_closed,0.40,4697.46000,-23.60,0.00,0.00,-23.60,
2026.04.23 23:08:19,44620037,49994534,XAUUSD,SELL_closed,0.40,4695.76000,26.40,0.00,0.00,26.40,
2026.04.23 23:10:47,44620075,49994566,XAUUSD,BUY_closed,0.40,4697.01000,6.40,0.00,0.00,6.40,
2026.04.23 23:12:31,44620131,49994636,XAUUSD,SELL_closed,0.40,4695.55000,6.40,0.00,0.00,6.40,
2026.04.24 01:12:43,44622446,49997214,XAUUSD,BUY_closed,0.40,4696.17000,-0.40,0.00,0.00,-0.40,[sl 4696.18]
2026.04.24 01:14:29,44622518,49997283,XAUUSD,BUY_closed,0.40,4697.26000,-70.80,0.00,0.00,-70.80,[sl 4697.54]
2026.04.24 01:20:45,44622762,49997578,XAUUSD,SELL_closed,0.40,4695.02000,-39.60,0.00,0.00,-39.60,
2026.04.24 01:26:14,44622964,49997765,XAUUSD,SELL_closed,0.40,4695.19000,-11.20,0.00,0.00,-11.20,[sl 4694.91]
2026.04.24 01:31:43,44623043,49997918,XAUUSD,BUY_closed,0.40,4694.29000,-17.60,0.00,0.00,-17.60,
2026.04.24 01:32:41,44623052,49997930,XAUUSD,SELL_closed,0.40,4695.12000,-28.40,0.00,0.00,-28.40,
2026.04.24 01:43:20,44623545,49998824,XAUUSD,BUY_closed,0.40,4693.12000,34.00,0.00,0.00,34.00,
2026.04.24 01:43:20,44623546,49998814,XAUUSD,BUY_closed,0.40,4693.16000,14.40,0.00,0.00,14.40,
2026.04.26 12:30:23,44728146,50111815,BTCUSD,BUY_closed,0.10,77991.00000,-3.00,0.00,0.00,-3.00,[sl 77991.00]
2026.04.26 12:42:51,44728184,50111898,BTCUSD,BUY_closed,0.10,77929.50000,-4.25,0.00,0.00,-4.25,
2026.04.26 13:06:39,44728262,50111956,BTCUSD,BUY_closed,0.10,78008.50000,0.45,0.00,0.00,0.45,
2026.04.26 13:42:38,44728454,50112141,BTCUSD,BUY_closed,0.10,78027.00000,-1.80,0.00,0.00,-1.80,
2026.04.26 14:19:23,44728659,50112685,BTCUSD,BUY_closed,0.10,78057.00000,-1.40,0.00,0.00,-1.40,
2026.04.26 14:49:24,44729704,50113671,BTCUSD,BUY_closed,0.10,78108.00000,2.15,0.00,0.00,2.15,
2026.04.26 15:28:24,44732579,50116863,BTCUSD,BUY_closed,0.10,77993.00000,-3.60,0.00,0.00,-3.60,
2026.04.26 15:57:51,44733108,50117390,BTCUSD,BUY_closed,0.10,77828.00000,-6.00,0.00,0.00,-6.00,
2026.04.26 16:09:47,44733196,50117482,BTCUSD,BUY_closed,0.10,77918.50000,2.50,0.00,0.00,2.50,
2026.04.26 17:10:01,44733426,50117701,BTCUSD,BUY_closed,0.10,77970.50000,2.40,0.00,0.00,2.40,
2026.04.26 18:08:31,44733583,50117913,BTCUSD,BUY_closed,0.10,78116.50000,2.80,0.00,0.00,2.80,
2026.04.26 18:26:32,44733650,50117975,BTCUSD,BUY_closed,0.10,78085.50000,0.10,0.00,0.00,0.10,
2026.04.26 18:49:01,44733657,50118026,BTCUSD,BUY_closed,0.10,78034.50000,-4.40,0.00,0.00,-4.40,
2026.04.26 19:18:01,44733669,50118036,BTCUSD,BUY_closed,0.10,78057.50000,-2.10,0.00,0.00,-2.10,
2026.04.26 19:32:42,44733674,50118041,BTCUSD,SELL_closed,0.10,78097.50000,-3.05,0.00,0.00,-3.05,[sl 78097.00]
2026.04.26 19:38:05,44733679,50118045,BTCUSD,SELL_closed,0.10,78096.00000,-3.10,0.00,0.00,-3.10,[sl 78095.50]
2026.04.26 20:00:11,44733787,50118071,BTCUSD,BUY_closed,0.10,77937.00000,-8.80,0.00,0.00,-8.80,
2026.04.26 20:28:01,44733983,50118266,BTCUSD,SELL_closed,0.10,78068.00000,-3.15,0.00,0.00,-3.15,[sl 78066.00]
2026.04.26 21:13:11,44734358,50118690,BTCUSD,BUY_closed,0.10,78116.00000,1.80,0.00,0.00,1.80,
2026.04.26 21:21:39,44734583,50119201,BTCUSD,SELL_closed,0.10,78264.50000,-2.40,0.00,0.00,-2.40,
2026.04.26 21:33:51,44734748,50119886,BTCUSD,SELL_closed,0.10,78201.50000,1.90,0.00,0.00,1.90,
2026.04.26 22:18:24,44735344,50121845,BTCUSD,SELL_closed,0.10,78434.00000,5.10,0.00,0.00,5.10,
2026.04.26 22:22:23,44735349,50121852,BTCUSD,BUY_closed,0.10,78364.00000,-6.75,0.00,0.00,-6.75,
2026.04.26 22:27:21,44735573,50122040,BTCUSD,BUY_closed,0.10,78207.00000,-0.15,0.00,0.00,-0.15,
2026.04.26 23:10:28,44735919,50122424,BTCUSD,BUY_closed,0.10,78254.00000,-4.25,0.00,0.00,-4.25,
2026.04.26 23:10:28,44735920,50122423,BTCUSD,BUY_closed,0.10,78256.00000,-2.45,0.00,0.00,-2.45,
2026.04.26 23:48:30,44736140,50122591,BTCUSD,SELL_closed,0.10,78367.50000,-1.85,0.00,0.00,-1.85,
2026.04.27 18:45:57,0,50229585,XAUUSD,SELL_open,0.40,4675.77000,0.00,0.00,0.00,0.00,Shano_Main_Burst1
2026.04.27 18:46:05,44824023,50229585,XAUUSD,SELL_closed,0.40,4675.65000,4.40,0.00,0.00,4.40,ShanoExit:TRAIL peak=$8.00 now=
2026.04.27 18:46:05,0,50229615,XAUUSD,SELL_open,0.40,4675.45000,0.00,0.00,0.00,0.00,Shano_MG_Burst2
2026.04.27 18:46:05,0,50229585,XAUUSD,SELL_closed,0.40,4675.62000,5.60,0.00,0.00,5.60,TRAIL peak=$8.00 now=$5.60 drop=$2.40
2026.04.27 18:46:06,0,50229578,XAUUSD,SELL_closed,0.01,4675.69000,0.84,0.00,0.00,0.84,PROBE_CLOSE_WITH_MAIN
2026.04.27 18:46:08,44824050,50229615,XAUUSD,SELL_closed,0.40,4675.36000,3.20,0.00,0.00,3.20,ShanoExit:TRAIL peak=$9.60 now=
2026.04.27 18:46:08,0,50229642,XAUUSD,SELL_open,0.40,4675.14000,0.00,0.00,0.00,0.00,Shano_MG_Burst3
2026.04.27 18:46:08,0,50229615,XAUUSD,SELL_closed,0.40,4675.25000,7.60,0.00,0.00,7.60,TRAIL peak=$9.60 now=$7.60 drop=$2.00
2026.04.27 18:49:41,44824320,50229642,XAUUSD,SELL_closed,0.40,4674.83000,12.80,0.00,0.00,12.80,ShanoExit:TRAIL peak=$14.40 now
2026.04.27 18:49:41,0,50229642,XAUUSD,SELL_closed,0.40,4674.85000,12.00,0.00,0.00,12.00,TRAIL peak=$14.40 now=$12.00 drop=$2.40
2026.04.27 21:16:11,0,50240925,XAUUSD,SELL_open,0.40,4680.93000,0.00,0.00,0.00,0.00,Shano_Main_Burst1
2026.05.05 19:32:49,0,51060414,XAUUSD,SELL_closed,0.01,4555.01000,2.61,0.00,0.00,2.61,PROBE_TRAIL pnl=$2.61 peak=$3.70 drop=$1.09 (filter likely blocked main)
2026.05.05 19:51:48,0,51060799,XAUUSD,BUY_closed,0.01,4559.26000,2.76,0.00,0.00,2.76,PROBE_TRAIL pnl=$2.76 peak=$3.85 drop=$1.09 (filter likely blocked main)
2026.05.05 19:55:29,45570125,51061392,XAUUSD,SELL_closed,0.01,4561.07000,-3.10,0.00,0.00,-3.10,ShanoExit:PROBE_FAIL loss=$-3.0
2026.05.05 19:58:54,0,51061979,XAUUSD,BUY_closed,0.01,4561.82000,1.94,0.00,0.00,1.94,PROBE_TRAIL pnl=$1.94 peak=$3.00 drop=$1.06 (filter likely blocked main)
2026.05.05 20:18:33,0,51063762,XAUUSD,SELL_closed,0.01,4559.51000,-3.28,0.00,0.00,-3.28,PROBE_FAIL loss=$-3.28
2026.05.05 20:18:33,45571756,51063762,XAUUSD,SELL_closed,0.01,4559.51000,-3.28,0.00,0.00,-3.28,ShanoExit:PROBE_FAIL loss=$-3.2
2026.05.05 20:26:15,0,51064099,XAUUSD,BUY_closed,0.01,4557.75000,-3.00,0.00,0.00,-3.00,PROBE_FAIL loss=$-3.00
2026.05.05 20:31:24,45572272,51064340,XAUUSD,BUY_closed,0.01,4556.14000,-3.01,0.00,0.00,-3.01,ShanoExit:PROBE_FAIL loss=$-3.0
2026.05.05 20:31:24,0,51064340,XAUUSD,BUY_closed,0.01,4556.15000,-3.00,0.00,0.00,-3.00,PROBE_FAIL loss=$-3.00
2026.05.05 21:09:10,45573273,51065555,XAUUSD,SELL_closed,0.01,4562.11000,-3.15,0.00,0.00,-3.15,ShanoExit:PROBE_FAIL loss=$-3.1
2026.05.05 21:09:10,0,51065555,XAUUSD,SELL_closed,0.01,4562.10000,-3.14,0.00,0.00,-3.14,PROBE_FAIL loss=$-3.14
2026.05.05 21:09:47,45573280,51065311,XAUUSD,BUY_closed,0.01,4560.97000,2.10,0.00,0.00,2.10,ShanoExit:PROBE_TRAIL pnl=$2.10
2026.05.05 21:09:47,0,51065311,XAUUSD,BUY_closed,0.01,4560.97000,2.10,0.00,0.00,2.10,PROBE_TRAIL pnl=$2.10 peak=$3.12 drop=$1.02 (filter likely blocked main)
2026.05.05 21:14:15,45573448,51065074,XAUUSD,SELL_closed,0.01,4563.14000,-3.15,0.00,0.00,-3.15,ShanoExit:PROBE_FAIL loss=$-3.0
2026.05.05 21:14:15,0,51065753,XAUUSD,SELL_closed,0.01,4563.84000,-3.70,0.00,0.00,-3.70,PROBE_FAIL loss=$-3.70
2026.05.05 21:14:15,45573489,51065753,XAUUSD,SELL_closed,0.01,4564.22000,-4.08,0.00,0.00,-4.08,ShanoExit:PROBE_FAIL loss=$-3.7
2026.05.05 21:14:15,0,51065438,XAUUSD,SELL_closed,0.01,4564.07000,-3.06,0.00,0.00,-3.06,PROBE_FAIL loss=$-3.06
2026.05.05 21:14:16,45573501,51065438,XAUUSD,SELL_closed,0.01,4564.15000,-3.14,0.00,0.00,-3.14,ShanoExit:PROBE_FAIL loss=$-3.0
2026.05.05 21:14:16,45573521,51064992,XAUUSD,SELL_closed,0.01,4564.43000,-3.26,0.00,0.00,-3.26,ShanoExit:PROBE_FAIL loss=$-3.2
2026.05.05 21:14:16,0,51064992,XAUUSD,SELL_closed,0.01,4564.38000,-3.21,0.00,0.00,-3.21,PROBE_FAIL loss=$-3.21
2026.05.05 21:15:37,0,51065363,XAUUSD,BUY_closed,0.01,4564.48000,4.32,0.00,0.00,4.32,PROBE_TRAIL pnl=$4.32 peak=$5.38 drop=$1.06 (filter likely blocked main)
2026.05.05 21:41:52,45574599,51066535,XAUUSD,SELL_closed,0.01,4558.84000,2.81,0.00,0.00,2.81,ShanoExit:PROBE_TRAIL pnl=$2.79
2026.05.05 21:43:03,0,51067082,XAUUSD,SELL_closed,0.01,4560.79000,-3.00,0.00,0.00,-3.00,PROBE_FAIL loss=$-3.00
2026.05.05 21:43:03,45574632,51067082,XAUUSD,SELL_closed,0.01,4560.79000,-3.00,0.00,0.00,-3.00,ShanoExit:PROBE_FAIL loss=$-3.0
2026.05.05 21:46:14,45574970,51066635,XAUUSD,SELL_closed,0.01,4563.69000,-3.03,0.00,0.00,-3.03,ShanoExit:PROBE_FAIL loss=$-3.0
2026.05.05 21:47:18,45575109,51067019,XAUUSD,BUY_closed,0.01,4564.66000,4.81,0.00,0.00,4.81,ShanoExit:PROBE_TRAIL pnl=$4.81
2026.05.05 21:47:18,0,51067019,XAUUSD,BUY_closed,0.01,4564.66000,4.81,0.00,0.00,4.81,PROBE_TRAIL pnl=$4.81 peak=$5.90 drop=$1.09 (filter likely blocked main)
2026.05.05 22:04:02,45575673,51067802,XAUUSD,BUY_closed,0.01,4558.88000,-3.02,0.00,0.00,-3.02,ShanoExit:PROBE_FAIL loss=$-3.0
2026.05.05 22:04:02,0,51067802,XAUUSD,BUY_closed,0.01,4558.88000,-3.02,0.00,0.00,-3.02,PROBE_FAIL loss=$-3.02
2026.05.05 22:04:40,45575699,51068102,XAUUSD,BUY_closed,0.01,4558.52000,-3.00,0.00,0.00,-3.00,ShanoExit:PROBE_FAIL loss=$-3.0
2026.05.05 22:04:40,0,51068102,XAUUSD,BUY_closed,0.01,4558.50000,-3.02,0.00,0.00,-3.02,PROBE_FAIL loss=$-3.02
2026.05.05 22:13:01,45575994,51068162,XAUUSD,SELL_closed,0.01,4558.31000,1.82,0.00,0.00,1.82,ShanoExit:PROBE_TRAIL pnl=$1.94
2026.05.05 22:13:01,0,51068162,XAUUSD,SELL_closed,0.01,4558.19000,1.94,0.00,0.00,1.94,PROBE_TRAIL pnl=$1.94 peak=$3.03 drop=$1.09 (filter likely blocked main)
2026.05.05 22:54:31,45577099,51069340,XAUUSD,BUY_closed,0.01,4554.67000,-2.99,0.00,0.00,-2.99,ShanoExit:PROBE_FAIL loss=$-3.0
2026.05.05 22:54:31,0,51069340,XAUUSD,BUY_closed,0.01,4554.66000,-3.00,0.00,0.00,-3.00,PROBE_FAIL loss=$-3.00
2026.05.05 22:55:00,45577156,51068450,XAUUSD,SELL_closed,0.01,4555.39000,2.47,0.00,0.00,2.47,ShanoExit:PROBE_TRAIL pnl=$2.33
2026.05.05 22:55:00,0,51068450,XAUUSD,SELL_closed,0.01,4555.53000,2.33,0.00,0.00,2.33,PROBE_TRAIL pnl=$2.33 peak=$3.33 drop=$1.00 (filter likely blocked main)
2026.05.05 22:55:37,0,51068867,XAUUSD,BUY_closed,0.01,4554.01000,-3.00,0.00,0.00,-3.00,PROBE_FAIL loss=$-3.00
2026.05.05 22:55:37,45577201,51068867,XAUUSD,BUY_closed,0.01,4553.97000,-3.04,0.00,0.00,-3.04,ShanoExit:PROBE_FAIL loss=$-3.0
2026.05.05 22:57:08,45577372,51069830,XAUUSD,SELL_closed,0.01,4553.30000,3.01,0.00,0.00,3.01,ShanoExit:PROBE_TRAIL pnl=$3.02
2026.05.05 22:57:08,0,51069830,XAUUSD,SELL_closed,0.01,4553.29000,3.02,0.00,0.00,3.02,PROBE_TRAIL pnl=$3.02 peak=$4.04 drop=$1.02 (filter likely blocked main)
2026.05.05 22:57:08,45577374,51068576,XAUUSD,SELL_closed,0.01,4553.20000,4.08,0.00,0.00,4.08,ShanoExit:PROBE_TRAIL pnl=$3.99
2026.05.05 22:57:08,0,51068576,XAUUSD,SELL_closed,0.01,4553.30000,3.98,0.00,0.00,3.98,PROBE_TRAIL pnl=$3.99 peak=$5.01 drop=$1.02 (filter likely blocked main)
2026.05.05 23:00:01,45577597,51070246,XAUUSD,SELL_closed,0.01,4555.97000,-3.03,0.00,0.00,-3.03,ShanoExit:PROBE_FAIL loss=$-3.0
2026.05.05 23:00:01,0,51070246,XAUUSD,SELL_closed,0.01,4555.98000,-3.04,0.00,0.00,-3.04,PROBE_FAIL loss=$-3.04
2026.05.05 23:27:16,45578343,51071078,XAUUSD,SELL_closed,0.01,4559.43000,-3.02,0.00,0.00,-3.02,ShanoExit:PROBE_FAIL loss=$-3.0
2026.05.05 23:28:20,45578418,51070711,XAUUSD,BUY_closed,0.01,4558.87000,3.01,0.00,0.00,3.01,ShanoExit:PROBE_TRAIL pnl=$2.97
2026.05.05 23:28:20,0,51070711,XAUUSD,BUY_closed,0.01,4558.83000,2.97,0.00,0.00,2.97,PROBE_TRAIL pnl=$2.97 peak=$3.97 drop=$1.00 (filter likely blocked main)
2026.05.05 23:30:48,45578452,51070768,XAUUSD,BUY_closed,0.01,4558.99000,2.13,0.00,0.00,2.13,ShanoExit:PROBE_TRAIL pnl=$2.13
2026.05.05 23:30:48,0,51070768,XAUUSD,BUY_closed,0.01,4558.99000,2.13,0.00,0.00,2.13,PROBE_TRAIL pnl=$2.13 peak=$3.13 drop=$1.00 (filter likely blocked main)
2026.05.05 23:55:24,45578892,51071454,XAUUSD,SELL_closed,0.01,4555.79000,2.01,0.00,0.00,2.01,ShanoExit:PROBE_TRAIL pnl=$2.01
2026.05.05 23:55:24,0,51071454,XAUUSD,SELL_closed,0.01,4555.79000,2.01,0.00,0.00,2.01,PROBE_TRAIL pnl=$2.01 peak=$3.01 drop=$1.00 (filter likely blocked main)
2026.05.05 23:58:54,45578937,51071912,XAUUSD,SELL_closed,0.01,4557.76000,-2.93,0.00,0.00,-2.93,ShanoExit:PROBE_FAIL loss=$-3.0
2026.05.05 23:58:55,45578943,51071712,XAUUSD,SELL_closed,0.01,4557.87000,-3.01,0.00,0.00,-3.01,ShanoExit:PROBE_FAIL loss=$-3.0
2026.05.05 23:58:55,0,51071712,XAUUSD,SELL_closed,0.01,4557.87000,-3.01,0.00,0.00,-3.01,PROBE_FAIL loss=$-3.01
2026.05.05 23:58:55,45578945,51071776,XAUUSD,SELL_closed,0.01,4557.90000,-3.00,0.00,0.00,-3.00,ShanoExit:PROBE_FAIL loss=$-3.0
2026.05.05 23:58:55,0,51071776,XAUUSD,SELL_closed,0.01,4557.91000,-3.01,0.00,0.00,-3.01,PROBE_FAIL loss=$-3.01
2026.05.06 01:01:00,45579052,51071737,XAUUSD,BUY_closed,0.01,4558.37000,2.33,0.00,-0.66,1.67,ShanoExit:PROBE_TRAIL pnl=$1.39
2026.05.06 01:01:00,0,51071737,XAUUSD,BUY_closed,0.01,4558.09000,1.39,0.00,0.00,1.39,PROBE_TRAIL pnl=$1.39 peak=$3.05 drop=$1.66 (filter likely blocked main)
2026.05.06 01:01:46,0,51071804,XAUUSD,BUY_closed,0.01,4554.17000,-3.03,0.00,0.00,-3.03,PROBE_FAIL loss=$-3.03
2026.05.06 01:01:46,45579214,51071804,XAUUSD,BUY_closed,0.01,4554.26000,-2.28,0.00,-0.66,-2.94,ShanoExit:PROBE_FAIL loss=$-3.0
2026.05.06 01:04:47,45579536,51071588,XAUUSD,SELL_closed,0.01,4551.63000,4.27,0.00,0.27,4.54,ShanoExit:PROBE_TRAIL pnl=$4.49
2026.05.06 01:04:47,0,51071588,XAUUSD,SELL_closed,0.01,4551.68000,4.49,0.00,0.00,4.49,PROBE_TRAIL pnl=$4.49 peak=$5.56 drop=$1.07 (filter likely blocked main)
2026.05.06 01:38:03,45580505,51073398,XAUUSD,BUY_closed,0.01,4549.81000,2.04,0.00,0.00,2.04,ShanoExit:PROBE_TRAIL pnl=$2.00
2026.05.06 01:52:18,45581173,51073716,XAUUSD,BUY_closed,0.01,4554.78000,4.93,0.00,0.00,4.93,ShanoExit:PROBE_TRAIL pnl=$4.93
2026.05.06 01:52:18,0,51073716,XAUUSD,BUY_closed,0.01,4554.78000,4.93,0.00,0.00,4.93,PROBE_TRAIL pnl=$4.93 peak=$6.03 drop=$1.10 (filter likely blocked main)
2026.05.06 01:52:18,45581185,51073685,XAUUSD,BUY_closed,0.01,4554.01000,4.24,0.00,0.00,4.24,ShanoExit:PROBE_TRAIL pnl=$5.01
2026.05.06 01:52:19,0,51073685,XAUUSD,BUY_closed,0.01,4554.28000,4.51,0.00,0.00,4.51,PROBE_TRAIL pnl=$5.01 peak=$6.11 drop=$1.10 (filter likely blocked main)
2026.05.06 01:54:57,45581700,51074768,XAUUSD,SELL_closed,0.01,4558.86000,-4.00,0.00,0.00,-4.00,ShanoExit:PROBE_FAIL loss=$-3.2
2026.05.06 01:54:57,0,51074768,XAUUSD,SELL_closed,0.01,4558.15000,-3.29,0.00,0.00,-3.29,PROBE_FAIL loss=$-3.29
2026.05.06 02:00:47,45583694,51076989,XAUUSD,BUY_closed,0.01,4570.34000,-3.29,0.00,0.00,-3.29,ShanoExit:PROBE_FAIL loss=$-3.2
2026.05.06 02:12:52,45585760,51079081,XAUUSD,BUY_closed,0.01,4586.70000,2.30,0.00,0.00,2.30,ShanoExit:PROBE_TRAIL pnl=$1.82
2026.05.06 02:12:52,0,51079081,XAUUSD,BUY_closed,0.01,4586.22000,1.82,0.00,0.00,1.82,PROBE_TRAIL pnl=$1.82 peak=$3.53 drop=$1.71 (filter likely blocked main)
2026.05.06 02:16:21,45586463,51079839,XAUUSD,BUY_closed,0.01,4585.65000,-3.11,0.00,0.00,-3.11,ShanoExit:PROBE_FAIL loss=$-3.1
2026.05.06 02:16:21,0,51079839,XAUUSD,BUY_closed,0.01,4585.65000,-3.11,0.00,0.00,-3.11,PROBE_FAIL loss=$-3.11
2026.05.06 02:30:47,45587757,51080713,XAUUSD,SELL_closed,0.01,4580.94000,3.05,0.00,0.00,3.05,ShanoExit:PROBE_TRAIL pnl=$3.02
2026.05.06 02:30:47,0,51080713,XAUUSD,SELL_closed,0.01,4580.97000,3.02,0.00,0.00,3.02,PROBE_TRAIL pnl=$3.02 peak=$4.29 drop=$1.27 (filter likely blocked main)
2026.05.06 02:40:55,45588441,51081722,XAUUSD,BUY_closed,0.01,4587.05000,1.93,0.00,0.00,1.93,ShanoExit:PROBE_TRAIL pnl=$1.92
2026.05.06 02:40:55,0,51081722,XAUUSD,BUY_closed,0.01,4587.04000,1.92,0.00,0.00,1.92,PROBE_TRAIL pnl=$1.92 peak=$3.35 drop=$1.43 (filter likely blocked main)
2026.05.06 02:47:21,45588645,51082233,XAUUSD,SELL_closed,0.01,4588.09000,-3.03,0.00,0.00,-3.03,ShanoExit:PROBE_FAIL loss=$-3.2
2026.05.06 02:47:21,0,51082233,XAUUSD,SELL_closed,0.01,4588.34000,-3.28,0.00,0.00,-3.28,PROBE_FAIL loss=$-3.28
2026.05.06 02:55:21,45589356,51082954,XAUUSD,BUY_closed,0.01,4591.44000,-3.08,0.00,0.00,-3.08,ShanoExit:PROBE_FAIL loss=$-3.1
2026.05.06 02:55:21,0,51082954,XAUUSD,BUY_closed,0.01,4591.36000,-3.16,0.00,0.00,-3.16,PROBE_FAIL loss=$-3.16
2026.05.06 02:57:05,45589512,51083185,XAUUSD,SELL_closed,0.01,4595.80000,-3.24,0.00,0.00,-3.24,ShanoExit:PROBE_FAIL loss=$-3.1
2026.05.06 03:00:30,45589822,51083408,XAUUSD,BUY_closed,0.01,4592.18000,-3.68,0.00,0.00,-3.68,ShanoExit:PROBE_FAIL loss=$-3.2
2026.05.06 03:00:30,0,51083408,XAUUSD,BUY_closed,0.01,4592.61000,-3.25,0.00,0.00,-3.25,PROBE_FAIL loss=$-3.25
2026.05.06 03:07:51,45590689,51084242,XAUUSD,SELL_closed,0.01,4592.53000,1.84,0.00,0.00,1.84,ShanoExit:PROBE_TRAIL pnl=$1.84
2026.05.06 03:18:57,45591746,51085437,XAUUSD,BUY_closed,0.01,4596.20000,2.70,0.00,0.00,2.70,ShanoExit:PROBE_TRAIL pnl=$2.70
2026.05.06 03:18:57,0,51085437,XAUUSD,BUY_closed,0.01,4596.20000,2.70,0.00,0.00,2.70,PROBE_TRAIL pnl=$2.70 peak=$3.70 drop=$1.00 (filter likely blocked main)
2026.05.06 03:22:30,0,51086116,XAUUSD,BUY_open,0.30,4599.92000,0.00,0.00,0.00,0.00,Shano_Main_Burst1
2026.05.06 03:23:21,45592225,51086116,XAUUSD,BUY_closed,0.30,4600.60000,20.10,0.00,0.00,20.10,ShanoExit:CDD_DIV peak=$21.30 n
2026.05.06 03:23:21,0,51086116,XAUUSD,BUY_closed,0.30,4600.56000,18.90,0.00,0.00,18.90,CDD_DIV peak=$21.30 now=$18.90 window=60s
2026.05.06 03:23:21,45592226,51086031,XAUUSD,BUY_closed,0.01,4600.65000,1.68,0.00,0.00,1.68,ShanoExit:PROBE_CLOSE_WITH_MAIN
2026.05.06 03:23:21,0,51086031,XAUUSD,BUY_closed,0.01,4600.60000,1.63,0.00,0.00,1.63,PROBE_CLOSE_WITH_MAIN
2026.05.06 03:32:23,45593155,51086893,XAUUSD,SELL_closed,0.01,4605.06000,-3.02,0.00,0.00,-3.02,ShanoExit:PROBE_FAIL loss=$-3.0
2026.05.06 03:32:23,0,51086893,XAUUSD,SELL_closed,0.01,4605.04000,-3.00,0.00,0.00,-3.00,PROBE_FAIL loss=$-3.00
2026.05.06 03:55:09,45594306,51088224,XAUUSD,SELL_closed,0.01,4613.23000,-3.12,0.00,0.00,-3.12,ShanoExit:PROBE_FAIL loss=$-3.0
2026.05.06 03:55:09,0,51088224,XAUUSD,SELL_closed,0.01,4613.12000,-3.01,0.00,0.00,-3.01,PROBE_FAIL loss=$-3.01
2026.05.06 03:55:28,45594551,51087604,XAUUSD,BUY_closed,0.01,4616.51000,7.42,0.00,0.00,7.42,ShanoExit:PROBE_TRAIL pnl=$7.27
2026.05.06 03:55:28,0,51087604,XAUUSD,BUY_closed,0.01,4616.36000,7.27,0.00,0.00,7.27,PROBE_TRAIL pnl=$7.27 peak=$8.60 drop=$1.33 (filter likely blocked main)
2026.05.06 04:06:36,45596250,51090045,XAUUSD,BUY_closed,0.01,4612.61000,-3.12,0.00,0.00,-3.12,ShanoExit:PROBE_FAIL loss=$-3.1
2026.05.06 04:06:36,0,51090045,XAUUSD,BUY_closed,0.01,4612.61000,-3.12,0.00,0.00,-3.12,PROBE_FAIL loss=$-3.12
2026.05.06 04:13:19,45596756,51090385,XAUUSD,SELL_closed,0.01,4610.75000,2.94,0.00,0.00,2.94,ShanoExit:PROBE_TRAIL pnl=$2.94
2026.05.06 04:13:19,0,51090385,XAUUSD,SELL_closed,0.01,4610.75000,2.94,0.00,0.00,2.94,PROBE_TRAIL pnl=$2.94 peak=$3.98 drop=$1.04 (filter likely blocked main)
2026.05.06 04:17:24,45597027,51090811,XAUUSD,SELL_closed,0.01,4614.97000,-3.25,0.00,0.00,-3.25,ShanoExit:PROBE_FAIL loss=$-3.2
2026.05.06 04:24:14,45597772,51091762,XAUUSD,BUY_closed,0.01,4621.36000,3.17,0.00,0.00,3.17,ShanoExit:PROBE_TRAIL pnl=$3.06
2026.05.06 04:24:14,0,51091762,XAUUSD,BUY_closed,0.01,4621.25000,3.06,0.00,0.00,3.06,PROBE_TRAIL pnl=$3.06 peak=$4.13 drop=$1.07 (filter likely blocked main)
2026.05.06 04:28:49,45598176,51092420,XAUUSD,SELL_closed,0.01,4625.61000,-3.14,0.00,0.00,-3.14,ShanoExit:PROBE_FAIL loss=$-3.1
2026.05.06 04:28:49,0,51092420,XAUUSD,SELL_closed,0.01,4625.61000,-3.14,0.00,0.00,-3.14,PROBE_FAIL loss=$-3.14
2026.05.06 04:47:44,0,51093422,XAUUSD,BUY_closed,0.01,4626.65000,1.93,0.00,0.00,1.93,PROBE_TRAIL pnl=$1.93 peak=$3.09 drop=$1.16 (filter likely blocked main)
2026.05.06 04:47:45,0,51093125,XAUUSD,BUY_closed,0.01,4626.65000,3.78,0.00,0.00,3.78,PROBE_TRAIL pnl=$3.78 peak=$4.94 drop=$1.16 (filter likely blocked main)
2026.05.06 04:47:45,45599560,51093125,XAUUSD,BUY_closed,0.01,4626.55000,3.68,0.00,0.00,3.68,ShanoExit:PROBE_TRAIL pnl=$3.78
2026.05.06 05:00:38,0,51094417,XAUUSD,SELL_closed,0.01,4627.49000,-3.12,0.00,0.00,-3.12,PROBE_FAIL loss=$-3.12
2026.05.06 05:00:38,45600169,51094417,XAUUSD,SELL_closed,0.01,4627.49000,-3.12,0.00,0.00,-3.12,ShanoExit:PROBE_FAIL loss=$-3.1
2026.05.06 05:08:53,45600704,51094753,XAUUSD,BUY_closed,0.01,4631.41000,3.07,0.00,0.00,3.07,ShanoExit:PROBE_TRAIL pnl=$3.04
2026.05.06 05:08:53,0,51094753,XAUUSD,BUY_closed,0.01,4631.38000,3.04,0.00,0.00,3.04,PROBE_TRAIL pnl=$3.04 peak=$4.04 drop=$1.00 (filter likely blocked main)
2026.05.06 05:17:40,0,51096060,XAUUSD,BUY_open,0.30,4634.64000,0.00,0.00,0.00,0.00,Shano_Main_Burst1
2026.05.06 05:17:48,45601610,51096060,XAUUSD,BUY_closed,0.30,4635.14000,15.00,0.00,0.00,15.00,ShanoExit:TRAIL peak=$23.10 now
2026.05.06 05:17:48,0,51096136,XAUUSD,BUY_open,0.22,4635.45000,0.00,0.00,0.00,0.00,Shano_MG_Burst2
2026.05.06 05:17:48,0,51096060,XAUUSD,BUY_closed,0.30,4635.15000,15.30,0.00,0.00,15.30,TRAIL peak=$23.10 now=$15.30 drop=$7.80
2026.05.06 05:17:48,0,51095852,XAUUSD,BUY_closed,0.01,4635.06000,1.31,0.00,0.00,1.31,PROBE_CLOSE_WITH_MAIN
2026.05.06 05:17:48,45601617,51095852,XAUUSD,BUY_closed,0.01,4635.04000,1.29,0.00,0.00,1.29,ShanoExit:PROBE_CLOSE_WITH_MAIN
2026.05.06 05:18:54,45601736,51096136,XAUUSD,BUY_closed,0.22,4636.11000,17.82,0.00,0.00,17.82,ShanoExit:TRAIL peak=$24.20 now
2026.05.06 05:18:54,0,51096136,XAUUSD,BUY_closed,0.22,4636.11000,17.82,0.00,0.00,17.82,TRAIL peak=$24.20 now=$17.82 drop=$6.38
2026.05.06 05:30:29,45602803,51097130,XAUUSD,SELL_closed,0.01,4628.04000,1.99,0.00,0.00,1.99,ShanoExit:PROBE_TRAIL pnl=$1.99
2026.05.06 05:30:29,0,51097130,XAUUSD,SELL_closed,0.01,4628.04000,1.99,0.00,0.00,1.99,PROBE_TRAIL pnl=$1.99 peak=$3.04 drop=$1.05 (filter likely blocked main)
2026.05.06 05:30:29,0,51096344,XAUUSD,SELL_closed,0.01,4628.04000,5.79,0.00,0.00,5.79,PROBE_TRAIL pnl=$5.79 peak=$6.84 drop=$1.05 (filter likely blocked main)
2026.05.06 05:40:35,45603469,51097868,XAUUSD,BUY_closed,0.01,4630.31000,-3.13,0.00,0.00,-3.13,ShanoExit:PROBE_FAIL loss=$-3.1
2026.05.06 05:40:35,0,51097868,XAUUSD,BUY_closed,0.01,4630.32000,-3.12,0.00,0.00,-3.12,PROBE_FAIL loss=$-3.12
2026.05.06 05:45:01,45603763,51098154,XAUUSD,BUY_closed,0.01,4634.06000,2.10,0.00,0.00,2.10,ShanoExit:PROBE_TRAIL pnl=$1.86
2026.05.06 05:45:01,0,51098154,XAUUSD,BUY_closed,0.01,4633.82000,1.86,0.00,0.00,1.86,PROBE_TRAIL pnl=$1.86 peak=$3.13 drop=$1.27 (filter likely blocked main)
2026.05.06 05:46:01,0,51098475,XAUUSD,BUY_open,0.30,4636.28000,0.00,0.00,0.00,0.00,Shano_Main_Burst1
2026.05.06 05:46:02,45603949,51098475,XAUUSD,BUY_closed,0.30,4636.80000,15.60,0.00,0.00,15.60,ShanoExit:TRAIL peak=$22.80 now
2026.05.06 05:46:02,0,51098555,XAUUSD,BUY_open,0.22,4637.02000,0.00,0.00,0.00,0.00,Shano_MG_Burst2
2026.05.06 05:46:02,0,51098475,XAUUSD,BUY_closed,0.30,4636.72000,13.20,0.00,0.00,13.20,TRAIL peak=$22.80 now=$13.20 drop=$9.60
2026.05.06 05:46:03,45603953,51098424,XAUUSD,BUY_closed,0.01,4636.73000,1.67,0.00,0.00,1.67,ShanoExit:PROBE_CLOSE_WITH_MAIN
2026.05.06 05:46:03,0,51098424,XAUUSD,BUY_closed,0.01,4636.74000,1.68,0.00,0.00,1.68,PROBE_CLOSE_WITH_MAIN
2026.05.06 05:47:30,45604114,51098555,XAUUSD,BUY_closed,0.22,4637.88000,20.24,0.00,0.00,20.24,ShanoExit:TRAIL peak=$27.94 now
2026.05.06 05:47:31,0,51098714,XAUUSD,BUY_open,0.15,4638.13000,0.00,0.00,0.00,0.00,Shano_MG_Burst3
2026.05.06 05:47:31,0,51098555,XAUUSD,BUY_closed,0.22,4637.93000,21.34,0.00,0.00,21.34,TRAIL peak=$27.94 now=$21.34 drop=$6.60
2026.05.06 05:48:13,45604162,51098714,XAUUSD,BUY_closed,0.15,4636.62000,-16.50,0.00,0.00,-16.50,ShanoExit:BURST_SL lot=0.15 los
2026.05.06 05:48:13,0,51098714,XAUUSD,BUY_closed,0.15,4636.59000,-16.95,0.00,0.00,-16.95,BURST_SL lot=0.15 loss=$-16.95 <= -$15.00
2026.05.06 06:00:19,45604878,51099351,XAUUSD,BUY_closed,0.01,4638.98000,-3.03,0.00,0.00,-3.03,ShanoExit:PROBE_FAIL loss=$-3.0
2026.05.06 06:00:19,0,51099351,XAUUSD,BUY_closed,0.01,4638.98000,-3.03,0.00,0.00,-3.03,PROBE_FAIL loss=$-3.03
2026.05.06 06:03:38,45605049,51099154,XAUUSD,BUY_closed,0.01,4641.48000,2.62,0.00,0.00,2.62,ShanoExit:PROBE_TRAIL pnl=$2.62
2026.05.06 06:03:38,0,51099154,XAUUSD,BUY_closed,0.01,4641.48000,2.62,0.00,0.00,2.62,PROBE_TRAIL pnl=$2.62 peak=$3.65 drop=$1.03 (filter likely blocked main)
2026.05.06 06:06:51,45605395,51099617,XAUUSD,BUY_closed,0.01,4643.54000,2.30,0.00,0.00,2.30,ShanoExit:PROBE_TRAIL pnl=$2.30
2026.05.06 06:06:51,0,51099617,XAUUSD,BUY_closed,0.01,4643.54000,2.30,0.00,0.00,2.30,PROBE_TRAIL pnl=$2.30 peak=$3.31 drop=$1.01 (filter likely blocked main)
2026.05.06 06:14:02,45605826,51100398,XAUUSD,SELL_closed,0.01,4646.75000,-3.30,0.00,0.00,-3.30,ShanoExit:PROBE_FAIL loss=$-3.0
2026.05.06 06:14:02,0,51100398,XAUUSD,SELL_closed,0.01,4646.53000,-3.08,0.00,0.00,-3.08,PROBE_FAIL loss=$-3.08
2026.05.06 06:14:23,0,51099861,XAUUSD,BUY_closed,0.01,4649.11000,5.44,0.00,0.00,5.44,PROBE_TRAIL pnl=$5.44 peak=$6.56 drop=$1.12 (filter likely blocked main)
2026.05.06 06:14:23,45606059,51099861,XAUUSD,BUY_closed,0.01,4649.11000,5.44,0.00,0.00,5.44,ShanoExit:PROBE_TRAIL pnl=$5.44
2026.05.06 06:33:14,45607167,51101551,XAUUSD,BUY_closed,0.01,4642.65000,-3.02,0.00,0.00,-3.02,ShanoExit:PROBE_FAIL loss=$-3.0
2026.05.06 06:33:14,0,51101551,XAUUSD,BUY_closed,0.01,4642.65000,-3.02,0.00,0.00,-3.02,PROBE_FAIL loss=$-3.02
2026.05.06 06:37:56,0,51101709,XAUUSD,SELL_closed,0.01,4647.05000,-3.16,0.00,0.00,-3.16,PROBE_FAIL loss=$-3.16
2026.05.06 06:37:56,45607351,51101709,XAUUSD,SELL_closed,0.01,4646.97000,-3.08,0.00,0.00,-3.08,ShanoExit:PROBE_FAIL loss=$-3.1
2026.05.06 06:40:01,45607870,51102225,XAUUSD,BUY_closed,0.01,4650.80000,2.19,0.00,0.00,2.19,ShanoExit:PROBE_TRAIL pnl=$2.29
2026.05.06 06:40:01,0,51102225,XAUUSD,BUY_closed,0.01,4650.90000,2.29,0.00,0.00,2.29,PROBE_TRAIL pnl=$2.29 peak=$3.31 drop=$1.02 (filter likely blocked main)
2026.05.06 06:58:06,0,51103528,XAUUSD,BUY_closed,0.01,4643.41000,-3.25,0.00,0.00,-3.25,PROBE_FAIL loss=$-3.25
2026.05.06 06:58:06,45609041,51103528,XAUUSD,BUY_closed,0.01,4643.39000,-3.27,0.00,0.00,-3.27,ShanoExit:PROBE_FAIL loss=$-3.2
2026.05.06 07:15:05,45609691,51103934,XAUUSD,SELL_closed,0.01,4648.75000,-3.08,0.00,0.00,-3.08,ShanoExit:PROBE_FAIL loss=$-3.0
2026.05.06 07:15:06,0,51103934,XAUUSD,SELL_closed,0.01,4648.75000,-3.08,0.00,0.00,-3.08,PROBE_FAIL loss=$-3.08
2026.05.06 07:15:09,45609723,51103177,XAUUSD,SELL_closed,0.01,4648.96000,-3.02,0.00,0.00,-3.02,ShanoExit:PROBE_FAIL loss=$-3.0
2026.05.06 07:19:58,45609889,51104537,XAUUSD,BUY_closed,0.01,4645.83000,-3.03,0.00,0.00,-3.03,ShanoExit:PROBE_FAIL loss=$-3.0
2026.05.06 07:27:15,45610102,51104786,XAUUSD,SELL_closed,0.01,4649.49000,-3.18,0.00,0.00,-3.18,ShanoExit:PROBE_FAIL loss=$-3.1
2026.05.06 07:54:30,45612682,51107044,XAUUSD,SELL_closed,0.01,4649.82000,2.04,0.00,0.00,2.04,ShanoExit:PROBE_TRAIL pnl=$2.04
2026.05.06 07:54:30,0,51107044,XAUUSD,SELL_closed,0.01,4649.82000,2.04,0.00,0.00,2.04,PROBE_TRAIL pnl=$2.04 peak=$3.08 drop=$1.04 (filter likely blocked main)
2026.05.06 08:04:00,0,51107874,XAUUSD,SELL_closed,0.01,4652.69000,-3.09,0.00,0.00,-3.09,PROBE_FAIL loss=$-3.09
2026.05.06 08:04:00,45613170,51107874,XAUUSD,SELL_closed,0.01,4652.65000,-3.05,0.00,0.00,-3.05,ShanoExit:PROBE_FAIL loss=$-3.0
2026.05.06 08:09:12,45613585,51108130,XAUUSD,BUY_closed,0.01,4654.78000,2.42,0.00,0.00,2.42,ShanoExit:PROBE_TRAIL pnl=$2.18
2026.05.06 08:09:12,0,51108130,XAUUSD,BUY_closed,0.01,4654.54000,2.18,0.00,0.00,2.18,PROBE_TRAIL pnl=$2.18 peak=$3.23 drop=$1.05 (filter likely blocked main)
2026.05.06 08:09:12,45613589,51108030,XAUUSD,BUY_closed,0.01,4654.58000,2.46,0.00,0.00,2.46,ShanoExit:PROBE_TRAIL pnl=$2.42
2026.05.06 08:09:12,0,51108030,XAUUSD,BUY_closed,0.01,4654.78000,2.66,0.00,0.00,2.66,PROBE_TRAIL pnl=$2.42 peak=$3.47 drop=$1.05 (filter likely blocked main)
2026.05.06 08:24:42,45614830,51109685,XAUUSD,SELL_closed,0.01,4653.93000,-3.17,0.00,0.00,-3.17,ShanoExit:PROBE_FAIL loss=$-3.1
2026.05.06 08:24:42,0,51109685,XAUUSD,SELL_closed,0.01,4653.93000,-3.17,0.00,0.00,-3.17,PROBE_FAIL loss=$-3.17
2026.05.06 08:24:43,0,51109180,XAUUSD,SELL_closed,0.01,4654.14000,-3.06,0.00,0.00,-3.06,PROBE_FAIL loss=$-3.06
2026.05.06 08:32:08,45615450,51110239,XAUUSD,BUY_closed,0.01,4646.25000,-3.22,0.00,0.00,-3.22,ShanoExit:PROBE_FAIL loss=$-3.3
2026.05.06 08:32:08,0,51110239,XAUUSD,BUY_closed,0.01,4646.11000,-3.36,0.00,0.00,-3.36,PROBE_FAIL loss=$-3.36
2026.05.06 08:44:01,45615874,51110490,XAUUSD,SELL_closed,0.01,4649.02000,-3.13,0.00,0.00,-3.13,ShanoExit:PROBE_FAIL loss=$-3.0
2026.05.06 08:44:01,0,51110490,XAUUSD,SELL_closed,0.01,4648.95000,-3.06,0.00,0.00,-3.06,PROBE_FAIL loss=$-3.06
2026.05.06 17:00:01,45675823,51171870,XAUUSD,SELL_closed,0.01,4701.90000,3.91,0.00,0.00,3.91,ShanoExit:PROBE_TRAIL pnl=$3.80
2026.05.06 17:12:47,45678307,51174711,XAUUSD,BUY_closed,0.01,4710.29000,2.17,0.00,0.00,2.17,ShanoExit:PROBE_TRAIL pnl=$2.15
2026.05.06 17:12:47,0,51174711,XAUUSD,BUY_closed,0.01,4710.27000,2.15,0.00,0.00,2.15,PROBE_TRAIL pnl=$2.15 peak=$3.17 drop=$1.02 (filter likely blocked main)
2026.05.06 18:09:24,45685271,51181721,XAUUSD,SELL_closed,0.01,4698.85000,2.20,0.00,0.00,2.20,ShanoExit:PROBE_TRAIL pnl=$2.19
2026.05.06 18:09:24,0,51181721,XAUUSD,SELL_closed,0.01,4698.86000,2.19,0.00,0.00,2.19,PROBE_TRAIL pnl=$2.19 peak=$3.33 drop=$1.14 (filter likely blocked main)
2026.05.06 18:20:37,45686553,51183065,XAUUSD,BUY_closed,0.01,4701.99000,2.46,0.00,0.00,2.46,ShanoExit:PROBE_TRAIL pnl=$2.46
2026.05.06 18:20:37,0,51183065,XAUUSD,BUY_closed,0.01,4701.99000,2.46,0.00,0.00,2.46,PROBE_TRAIL pnl=$2.46 peak=$3.48 drop=$1.02 (filter likely blocked main)
2026.05.06 18:22:56,45686712,51183437,XAUUSD,BUY_closed,0.01,4698.95000,-3.00,0.00,0.00,-3.00,ShanoExit:PROBE_FAIL loss=$-3.0
2026.05.06 18:22:56,0,51183437,XAUUSD,BUY_closed,0.01,4698.95000,-3.00,0.00,0.00,-3.00,PROBE_FAIL loss=$-3.00
2026.05.06 18:34:39,45687396,51183956,XAUUSD,SELL_closed,0.01,4694.54000,3.07,0.00,0.00,3.07,ShanoExit:PROBE_TRAIL pnl=$3.06
2026.05.06 18:34:39,0,51183956,XAUUSD,SELL_closed,0.01,4694.55000,3.06,0.00,0.00,3.06,PROBE_TRAIL pnl=$3.06 peak=$4.07 drop=$1.01 (filter likely blocked main)
2026.05.06 18:35:44,0,51184204,XAUUSD,SELL_closed,0.01,4693.56000,2.55,0.00,0.00,2.55,PROBE_TRAIL pnl=$2.55 peak=$3.67 drop=$1.12 (filter likely blocked main)
2026.05.06 18:35:44,45687534,51184204,XAUUSD,SELL_closed,0.01,4693.52000,2.59,0.00,0.00,2.59,ShanoExit:PROBE_TRAIL pnl=$2.55
2026.05.06 18:44:53,45688100,51185046,XAUUSD,SELL_closed,0.01,4693.34000,-3.02,0.00,0.00,-3.02,ShanoExit:PROBE_FAIL loss=$-3.2
2026.05.06 18:44:53,0,51185046,XAUUSD,SELL_closed,0.01,4693.56000,-3.24,0.00,0.00,-3.24,PROBE_FAIL loss=$-3.24
2026.05.06 18:44:54,45688120,51184882,XAUUSD,SELL_closed,0.01,4694.03000,-2.97,0.00,0.00,-2.97,ShanoExit:PROBE_FAIL loss=$-3.1
2026.05.06 18:44:54,0,51184882,XAUUSD,SELL_closed,0.01,4694.17000,-3.11,0.00,0.00,-3.11,PROBE_FAIL loss=$-3.11
2026.05.06 18:50:43,0,51185448,XAUUSD,BUY_closed,0.01,4691.93000,-3.05,0.00,0.00,-3.05,PROBE_FAIL loss=$-3.05
2026.05.06 18:59:22,45688976,51185282,XAUUSD,BUY_closed,0.01,4689.38000,-3.39,0.00,0.00,-3.39,ShanoExit:PROBE_FAIL loss=$-3.3
2026.05.06 18:59:22,0,51185282,XAUUSD,BUY_closed,0.01,4689.41000,-3.36,0.00,0.00,-3.36,PROBE_FAIL loss=$-3.36
2026.05.06 19:00:20,45689263,51185936,XAUUSD,SELL_closed,0.01,4686.39000,4.03,0.00,0.00,4.03,ShanoExit:PROBE_TRAIL pnl=$4.04
2026.05.06 19:00:20,0,51185936,XAUUSD,SELL_closed,0.01,4686.38000,4.04,0.00,0.00,4.04,PROBE_TRAIL pnl=$4.04 peak=$5.12 drop=$1.08 (filter likely blocked main)
2026.05.06 19:07:26,45690063,51186294,XAUUSD,SELL_closed,0.01,4682.92000,3.54,0.00,0.00,3.54,ShanoExit:PROBE_TRAIL pnl=$3.36
2026.05.06 19:07:26,0,51186294,XAUUSD,SELL_closed,0.01,4683.10000,3.36,0.00,0.00,3.36,PROBE_TRAIL pnl=$3.36 peak=$4.36 drop=$1.00 (filter likely blocked main)
2026.05.06 19:25:36,0,51187107,XAUUSD,SELL_closed,0.01,4686.44000,-3.12,0.00,0.00,-3.12,PROBE_FAIL loss=$-3.12
2026.05.06 19:25:36,45690600,51187107,XAUUSD,SELL_closed,0.01,4686.24000,-2.92,0.00,0.00,-2.92,ShanoExit:PROBE_FAIL loss=$-3.1
2026.05.06 19:29:23,45690946,51187425,XAUUSD,BUY_closed,0.01,4687.31000,2.69,0.00,0.00,2.69,ShanoExit:PROBE_TRAIL pnl=$2.92
2026.05.06 19:29:23,0,51187425,XAUUSD,BUY_closed,0.01,4687.54000,2.92,0.00,0.00,2.92,PROBE_TRAIL pnl=$2.92 peak=$3.92 drop=$1.00 (filter likely blocked main)
2026.05.06 19:45:06,45691832,51188866,XAUUSD,BUY_closed,0.01,4688.47000,-3.04,0.00,0.00,-3.04,ShanoExit:PROBE_FAIL loss=$-3.0
2026.05.06 19:45:06,0,51188866,XAUUSD,BUY_closed,0.01,4688.48000,-3.03,0.00,0.00,-3.03,PROBE_FAIL loss=$-3.03
2026.05.06 19:52:26,45692329,51189139,XAUUSD,SELL_closed,0.01,4684.56000,3.78,0.00,0.00,3.78,ShanoExit:PROBE_TRAIL pnl=$3.79
2026.05.06 19:57:56,0,51189465,XAUUSD,SELL_closed,0.01,4683.01000,2.12,0.00,0.00,2.12,PROBE_TRAIL pnl=$2.12 peak=$3.16 drop=$1.04 (filter likely blocked main)
2026.05.06 19:57:56,45692636,51189465,XAUUSD,SELL_closed,0.01,4683.06000,2.07,0.00,0.00,2.07,ShanoExit:PROBE_TRAIL pnl=$2.12
2026.05.06 20:02:32,45693369,51189960,XAUUSD,SELL_closed,0.01,4685.51000,-3.09,0.00,0.00,-3.09,ShanoExit:PROBE_FAIL loss=$-3.0
2026.05.06 20:02:32,0,51189960,XAUUSD,SELL_closed,0.01,4685.45000,-3.03,0.00,0.00,-3.03,PROBE_FAIL loss=$-3.03
2026.05.06 20:39:53,0,51191925,XAUUSD,BUY_closed,0.01,4679.48000,-3.00,0.00,0.00,-3.00,PROBE_FAIL loss=$-3.00
2026.05.06 20:39:53,45695102,51191925,XAUUSD,BUY_closed,0.01,4679.48000,-3.00,0.00,0.00,-3.00,ShanoExit:PROBE_FAIL loss=$-3.0
2026.05.06 20:40:22,0,51191547,XAUUSD,SELL_closed,0.01,4680.17000,2.33,0.00,0.00,2.33,PROBE_TRAIL pnl=$2.33 peak=$3.36 drop=$1.03 (filter likely blocked main)
2026.05.06 20:40:22,45695153,51191547,XAUUSD,SELL_closed,0.01,4680.17000,2.33,0.00,0.00,2.33,ShanoExit:PROBE_TRAIL pnl=$2.33
2026.05.06 21:10:13,45695963,51192931,XAUUSD,SELL_closed,0.01,4686.11000,-3.01,0.00,0.00,-3.01,ShanoExit:PROBE_FAIL loss=$-3.0
2026.05.06 21:17:34,45696302,51193252,XAUUSD,BUY_closed,0.01,4688.15000,2.97,0.00,0.00,2.97,ShanoExit:PROBE_TRAIL pnl=$3.03
2026.05.06 21:17:35,0,51192859,XAUUSD,BUY_closed,0.01,4688.14000,3.56,0.00,0.00,3.56,PROBE_TRAIL pnl=$3.63 peak=$4.65 drop=$1.02 (filter likely blocked main)
2026.05.06 21:21:25,0,51193517,XAUUSD,BUY_closed,0.01,4689.43000,2.57,0.00,0.00,2.57,PROBE_TRAIL pnl=$2.57 peak=$3.57 drop=$1.00 (filter likely blocked main)
2026.05.06 21:41:42,45696911,51194268,XAUUSD,BUY_closed,0.01,4685.48000,-3.00,0.00,0.00,-3.00,ShanoExit:PROBE_FAIL loss=$-3.0
2026.05.06 21:41:42,0,51194268,XAUUSD,BUY_closed,0.01,4685.48000,-3.00,0.00,0.00,-3.00,PROBE_FAIL loss=$-3.00
2026.05.06 21:52:06,45697219,51193934,XAUUSD,SELL_closed,0.01,4686.13000,2.01,0.00,0.00,2.01,ShanoExit:PROBE_TRAIL pnl=$2.00
2026.05.06 21:52:06,0,51193934,XAUUSD,SELL_closed,0.01,4686.14000,2.00,0.00,0.00,2.00,PROBE_TRAIL pnl=$2.00 peak=$3.05 drop=$1.05 (filter likely blocked main)
2026.05.06 22:03:02,45697473,51194353,XAUUSD,SELL_closed,0.01,4689.27000,-3.04,0.00,0.00,-3.04,ShanoExit:PROBE_FAIL loss=$-3.0
2026.05.06 22:03:02,0,51194353,XAUUSD,SELL_closed,0.01,4689.27000,-3.04,0.00,0.00,-3.04,PROBE_FAIL loss=$-3.04
2026.05.06 22:04:31,0,51194789,XAUUSD,BUY_closed,0.01,4691.65000,4.56,0.00,0.00,4.56,PROBE_TRAIL pnl=$4.56 peak=$5.64 drop=$1.08 (filter likely blocked main)
2026.05.06 22:04:31,45697733,51193633,XAUUSD,BUY_closed,0.01,4691.61000,3.79,0.00,0.00,3.79,ShanoExit:PROBE_TRAIL pnl=$3.83
2026.05.06 22:04:31,0,51193633,XAUUSD,BUY_closed,0.01,4691.62000,3.80,0.00,0.00,3.80,PROBE_TRAIL pnl=$3.83 peak=$4.91 drop=$1.08 (filter likely blocked main)
2026.05.06 22:10:13,45698026,51195048,XAUUSD,BUY_closed,0.01,4693.75000,3.76,0.00,0.00,3.76,ShanoExit:PROBE_TRAIL pnl=$3.76
2026.05.06 22:10:13,0,51195048,XAUUSD,BUY_closed,0.01,4693.75000,3.76,0.00,0.00,3.76,PROBE_TRAIL pnl=$3.76 peak=$4.77 drop=$1.01 (filter likely blocked main)
2026.05.06 22:11:09,45698108,51195334,XAUUSD,BUY_closed,0.01,4694.69000,1.90,0.00,0.00,1.90,ShanoExit:PROBE_TRAIL pnl=$1.93
2026.05.06 22:11:09,0,51195334,XAUUSD,BUY_closed,0.01,4694.72000,1.93,0.00,0.00,1.93,PROBE_TRAIL pnl=$1.93 peak=$3.00 drop=$1.07 (filter likely blocked main)
2026.05.06 22:25:07,0,51195822,XAUUSD,BUY_closed,0.01,4699.23000,2.63,0.00,0.00,2.63,PROBE_TRAIL pnl=$2.63 peak=$3.63 drop=$1.00 (filter likely blocked main)
2026.05.06 22:25:07,45698774,51195822,XAUUSD,BUY_closed,0.01,4699.23000,2.63,0.00,0.00,2.63,ShanoExit:PROBE_TRAIL pnl=$2.63
2026.05.06 22:30:49,45698891,51196174,XAUUSD,BUY_closed,0.01,4696.13000,-2.93,0.00,0.00,-2.93,ShanoExit:PROBE_FAIL loss=$-3.0
2026.05.06 22:32:20,45698976,51196523,XAUUSD,SELL_closed,0.01,4699.14000,-3.33,0.00,0.00,-3.33,ShanoExit:PROBE_FAIL loss=$-3.3
2026.05.06 22:32:20,0,51196523,XAUUSD,SELL_closed,0.01,4699.14000,-3.33,0.00,0.00,-3.33,PROBE_FAIL loss=$-3.33
2026.05.06 22:44:47,0,51196377,XAUUSD,SELL_closed,0.01,4695.18000,3.19,0.00,0.00,3.19,PROBE_TRAIL pnl=$3.19 peak=$4.26 drop=$1.07 (filter likely blocked main)
2026.05.06 22:44:47,45699436,51196377,XAUUSD,SELL_closed,0.01,4695.18000,3.19,0.00,0.00,3.19,ShanoExit:PROBE_TRAIL pnl=$3.19
2026.05.06 22:50:02,45699529,51196974,XAUUSD,SELL_closed,0.01,4697.77000,-3.13,0.00,0.00,-3.13,ShanoExit:PROBE_FAIL loss=$-3.1
2026.05.06 22:50:02,0,51196974,XAUUSD,SELL_closed,0.01,4697.74000,-3.10,0.00,0.00,-3.10,PROBE_FAIL loss=$-3.10
2026.05.06 23:22:50,45700522,51198182,XAUUSD,BUY_closed,0.01,4696.50000,-3.02,0.00,0.00,-3.02,ShanoExit:PROBE_FAIL loss=$-3.0
2026.05.06 23:22:50,0,51198182,XAUUSD,BUY_closed,0.01,4696.48000,-3.04,0.00,0.00,-3.04,PROBE_FAIL loss=$-3.04
2026.05.06 23:23:07,45700545,51198037,XAUUSD,BUY_closed,0.01,4696.01000,-3.04,0.00,0.00,-3.04,ShanoExit:PROBE_FAIL loss=$-3.0
2026.05.06 23:24:29,45700684,51197842,XAUUSD,BUY_closed,0.01,4693.98000,-2.98,0.00,0.00,-2.98,ShanoExit:PROBE_FAIL loss=$-3.0
2026.05.06 23:24:29,0,51197842,XAUUSD,BUY_closed,0.01,4693.95000,-3.01,0.00,0.00,-3.01,PROBE_FAIL loss=$-3.01
2026.05.06 23:37:25,45701084,51198430,XAUUSD,SELL_closed,0.01,4690.99000,3.68,0.00,0.00,3.68,ShanoExit:PROBE_TRAIL pnl=$3.71
2026.05.06 23:37:25,0,51198430,XAUUSD,SELL_closed,0.01,4690.96000,3.71,0.00,0.00,3.71,PROBE_TRAIL pnl=$3.71 peak=$4.72 drop=$1.01 (filter likely blocked main)
2026.05.06 23:54:24,45701737,51198520,XAUUSD,SELL_closed,0.01,4690.53000,2.34,0.00,0.00,2.34,ShanoExit:PROBE_TRAIL pnl=$2.30
2026.05.06 23:54:24,0,51198520,XAUUSD,SELL_closed,0.01,4690.57000,2.30,0.00,0.00,2.30,PROBE_TRAIL pnl=$2.30 peak=$3.59 drop=$1.29 (filter likely blocked main)
2026.05.07 01:01:00,0,51198805,XAUUSD,SELL_closed,0.01,4695.62000,-4.65,0.00,0.00,-4.65,PROBE_FAIL loss=$-4.65
2026.05.07 01:01:00,45702104,51198805,XAUUSD,SELL_closed,0.01,4695.58000,-5.41,0.00,0.80,-4.61,ShanoExit:PROBE_FAIL loss=$-4.6
2026.05.07 01:01:00,45702136,51198729,XAUUSD,SELL_closed,0.01,4696.92000,-6.46,0.00,0.80,-5.66,ShanoExit:PROBE_FAIL loss=$-4.3
2026.05.07 01:01:00,0,51198729,XAUUSD,SELL_closed,0.01,4695.58000,-4.32,0.00,0.00,-4.32,PROBE_FAIL loss=$-4.36
2026.05.07 01:01:00,45702152,51198902,XAUUSD,SELL_closed,0.01,4696.42000,-6.48,0.00,0.80,-5.68,ShanoExit:PROBE_FAIL loss=$-6.0
2026.05.07 01:01:00,0,51200010,XAUUSD,BUY_open,0.30,4696.79000,0.00,0.00,0.00,0.00,Shano_Main_Burst1
2026.05.07 01:01:22,45702268,51200010,XAUUSD,BUY_closed,0.30,4694.53000,-66.30,0.00,0.00,-66.30,ShanoExit:FEAR_IDEAL lot=0.30 l
2026.05.07 01:01:22,45702272,51199646,XAUUSD,BUY_closed,0.01,4694.11000,1.99,0.00,-1.97,0.02,ShanoExit:PROBE_CLOSE_WITH_MAIN
2026.05.07 01:03:52,45702439,51198865,XAUUSD,BUY_closed,0.01,4690.17000,-1.73,0.00,-1.97,-3.70,ShanoExit:PROBE_FAIL loss=$-3.8
2026.05.07 01:03:52,0,51198865,XAUUSD,BUY_closed,0.01,4690.03000,-3.84,0.00,0.00,-3.84,PROBE_FAIL loss=$-3.84
2026.05.07 01:10:10,45702699,51200374,XAUUSD,BUY_closed,0.01,4693.81000,2.12,0.00,0.00,2.12,ShanoExit:PROBE_TRAIL pnl=$2.13
2026.05.07 01:10:10,0,51200374,XAUUSD,BUY_closed,0.01,4693.82000,2.13,0.00,0.00,2.13,PROBE_TRAIL pnl=$2.13 peak=$3.13 drop=$1.00 (filter likely blocked main)
2026.05.07 01:11:36,0,51200528,XAUUSD,BUY_closed,0.01,4697.21000,2.93,0.00,0.00,2.93,PROBE_TRAIL pnl=$2.93 peak=$4.02 drop=$1.09 (filter likely blocked main)
2026.05.07 01:18:35,45703069,51200831,XAUUSD,SELL_closed,0.01,4699.08000,-3.00,0.00,0.00,-3.00,ShanoExit:PROBE_FAIL loss=$-3.0
2026.05.07 01:28:29,45703425,51200695,XAUUSD,BUY_closed,0.01,4693.85000,-3.08,0.00,0.00,-3.08,ShanoExit:PROBE_FAIL loss=$-3.1
2026.05.07 01:28:28,0,51200695,XAUUSD,BUY_closed,0.01,4693.82000,-3.11,0.00,0.00,-3.11,PROBE_FAIL loss=$-3.11
2026.05.07 01:55:59,45704214,51201903,XAUUSD,BUY_closed,0.01,4695.56000,-2.93,0.00,0.00,-2.93,ShanoExit:PROBE_FAIL loss=$-3.0
2026.05.07 01:55:59,0,51201903,XAUUSD,BUY_closed,0.01,4695.44000,-3.05,0.00,0.00,-3.05,PROBE_FAIL loss=$-3.05
2026.05.07 01:56:15,45704249,51202158,XAUUSD,BUY_closed,0.01,4694.92000,-3.09,0.00,0.00,-3.09,ShanoExit:PROBE_FAIL loss=$-3.0
2026.05.07 01:56:15,0,51202158,XAUUSD,BUY_closed,0.01,4695.00000,-3.01,0.00,0.00,-3.01,PROBE_FAIL loss=$-3.01
2026.05.07 02:02:25,45704411,51202028,XAUUSD,SELL_closed,0.01,4695.41000,1.97,0.00,0.00,1.97,ShanoExit:PROBE_TRAIL pnl=$1.99
2026.05.07 02:24:19,45705171,51202985,XAUUSD,SELL_closed,0.01,4693.93000,3.52,0.00,0.00,3.52,ShanoExit:PROBE_TRAIL pnl=$3.51
2026.05.07 02:24:19,0,51202985,XAUUSD,SELL_closed,0.01,4693.94000,3.51,0.00,0.00,3.51,PROBE_TRAIL pnl=$3.51 peak=$4.55 drop=$1.04 (filter likely blocked main)
2026.05.07 02:45:18,45705857,51203202,XAUUSD,SELL_closed,0.01,4696.50000,-3.10,0.00,0.00,-3.10,ShanoExit:PROBE_FAIL loss=$-3.0
2026.05.07 02:46:46,45706057,51203683,XAUUSD,BUY_closed,0.01,4698.35000,4.38,0.00,0.00,4.38,ShanoExit:PROBE_TRAIL pnl=$4.14
2026.05.07 02:46:46,0,51203683,XAUUSD,BUY_closed,0.01,4698.11000,4.14,0.00,0.00,4.14,PROBE_TRAIL pnl=$4.14 peak=$5.22 drop=$1.08 (filter likely blocked main)
2026.05.07 02:58:29,0,51204378,XAUUSD,SELL_closed,0.01,4699.12000,-3.01,0.00,0.00,-3.01,PROBE_FAIL loss=$-3.01
2026.05.07 02:58:29,45706352,51204378,XAUUSD,SELL_closed,0.01,4699.08000,-2.97,0.00,0.00,-2.97,ShanoExit:PROBE_FAIL loss=$-3.0
2026.05.07 03:02:59,45706713,51204548,XAUUSD,BUY_closed,0.01,4696.05000,-3.02,0.00,0.00,-3.02,ShanoExit:PROBE_FAIL loss=$-3.0
2026.05.07 03:02:59,0,51204548,XAUUSD,BUY_closed,0.01,4696.04000,-3.03,0.00,0.00,-3.03,PROBE_FAIL loss=$-3.03
2026.05.07 03:04:42,45706829,51204223,XAUUSD,BUY_closed,0.01,4695.35000,-3.14,0.00,0.00,-3.14,ShanoExit:PROBE_FAIL loss=$-3.3
2026.05.07 03:04:42,0,51204223,XAUUSD,BUY_closed,0.01,4695.19000,-3.30,0.00,0.00,-3.30,PROBE_FAIL loss=$-3.30
2026.05.07 03:08:51,0,51205262,XAUUSD,SELL_closed,0.01,4691.32000,2.18,0.00,0.00,2.18,PROBE_TRAIL pnl=$2.18 peak=$3.30 drop=$1.12 (filter likely blocked main)
2026.05.07 03:12:07,45707880,51205804,XAUUSD,BUY_closed,0.01,4698.67000,3.53,0.00,0.00,3.53,ShanoExit:PROBE_TRAIL pnl=$3.49
2026.05.07 03:12:07,0,51205804,XAUUSD,BUY_closed,0.01,4698.63000,3.49,0.00,0.00,3.49,PROBE_TRAIL pnl=$3.49 peak=$4.65 drop=$1.16 (filter likely blocked main)
2026.05.07 03:25:26,45708840,51206743,XAUUSD,BUY_closed,0.01,4695.75000,-3.04,0.00,0.00,-3.04,ShanoExit:PROBE_FAIL loss=$-3.0
2026.05.07 03:31:41,45709391,51207373,XAUUSD,SELL_closed,0.01,4690.58000,2.93,0.00,0.00,2.93,ShanoExit:PROBE_TRAIL pnl=$2.98
2026.05.07 03:31:41,0,51207373,XAUUSD,SELL_closed,0.01,4690.53000,2.98,0.00,0.00,2.98,PROBE_TRAIL pnl=$2.98 peak=$4.06 drop=$1.08 (filter likely blocked main)
2026.05.07 03:42:52,45709962,51207901,XAUUSD,SELL_closed,0.01,4687.41000,4.18,0.00,0.00,4.18,ShanoExit:PROBE_TRAIL pnl=$4.15
2026.05.07 03:42:52,0,51207901,XAUUSD,SELL_closed,0.01,4687.44000,4.15,0.00,0.00,4.15,PROBE_TRAIL pnl=$4.15 peak=$5.18 drop=$1.03 (filter likely blocked main)
2026.05.07 03:45:07,45710087,51208304,XAUUSD,SELL_closed,0.01,4689.06000,-3.05,0.00,0.00,-3.05,ShanoExit:PROBE_FAIL loss=$-3.0
2026.05.07 03:45:07,0,51208304,XAUUSD,SELL_closed,0.01,4689.02000,-3.01,0.00,0.00,-3.01,PROBE_FAIL loss=$-3.01
2026.05.07 03:55:00,45710614,51208390,XAUUSD,BUY_closed,0.01,4685.80000,-3.08,0.00,0.00,-3.08,ShanoExit:PROBE_FAIL loss=$-3.0
2026.05.07 03:55:00,0,51208390,XAUUSD,BUY_closed,0.01,4685.83000,-3.05,0.00,0.00,-3.05,PROBE_FAIL loss=$-3.05
2026.05.07 04:00:03,45710846,51208966,XAUUSD,SELL_closed,0.01,4689.38000,-3.09,0.00,0.00,-3.09,ShanoExit:PROBE_FAIL loss=$-3.0
2026.05.07 04:00:03,0,51208966,XAUUSD,SELL_closed,0.01,4689.35000,-3.06,0.00,0.00,-3.06,PROBE_FAIL loss=$-3.06
2026.05.07 04:10:36,45712617,51210323,XAUUSD,BUY_closed,0.01,4703.16000,5.93,0.00,0.00,5.93,ShanoExit:PROBE_TRAIL pnl=$5.95
2026.05.07 04:10:36,0,51210323,XAUUSD,BUY_closed,0.01,4703.18000,5.95,0.00,0.00,5.95,PROBE_TRAIL pnl=$5.95 peak=$6.95 drop=$1.00 (filter likely blocked main)
2026.05.07 04:12:58,0,51211204,XAUUSD,BUY_closed,0.01,4709.57000,3.05,0.00,0.00,3.05,PROBE_TRAIL pnl=$3.05 peak=$4.10 drop=$1.05 (filter likely blocked main)
2026.05.07 04:12:58,45713341,51211204,XAUUSD,BUY_closed,0.01,4709.60000,3.08,0.00,0.00,3.08,ShanoExit:PROBE_TRAIL pnl=$3.05
2026.05.07 04:17:10,45714097,51212191,XAUUSD,BUY_closed,0.01,4715.35000,2.06,0.00,0.00,2.06,ShanoExit:PROBE_TRAIL pnl=$2.07
2026.05.07 04:17:10,0,51212191,XAUUSD,BUY_closed,0.01,4715.36000,2.07,0.00,0.00,2.07,PROBE_TRAIL pnl=$2.07 peak=$3.12 drop=$1.05 (filter likely blocked main)
2026.05.07 04:27:05,45715507,51213533,XAUUSD,SELL_closed,0.01,4705.04000,2.67,0.00,0.00,2.67,ShanoExit:PROBE_TRAIL pnl=$2.71
2026.05.07 04:27:05,0,51213533,XAUUSD,SELL_closed,0.01,4705.00000,2.71,0.00,0.00,2.71,PROBE_TRAIL pnl=$2.71 peak=$3.72 drop=$1.01 (filter likely blocked main)
2026.05.07 04:33:15,45716016,51214286,XAUUSD,BUY_closed,0.01,4703.40000,-3.29,0.00,0.00,-3.29,ShanoExit:PROBE_FAIL loss=$-3.0
2026.05.07 04:43:06,45717617,51215652,XAUUSD,BUY_closed,0.01,4712.98000,-3.03,0.00,0.00,-3.03,ShanoExit:PROBE_FAIL loss=$-3.0
2026.05.07 04:43:06,0,51215652,XAUUSD,BUY_closed,0.01,4712.98000,-3.03,0.00,0.00,-3.03,PROBE_FAIL loss=$-3.03
2026.05.07 04:48:49,0,51216424,XAUUSD,BUY_closed,0.01,4718.70000,3.06,0.00,0.00,3.06,PROBE_TRAIL pnl=$3.06 peak=$4.15 drop=$1.09 (filter likely blocked main)
2026.05.07 04:48:49,45718423,51216424,XAUUSD,BUY_closed,0.01,4718.69000,3.05,0.00,0.00,3.05,ShanoExit:PROBE_TRAIL pnl=$3.06
2026.05.07 05:00:38,45719504,51217445,XAUUSD,SELL_closed,0.01,4717.82000,-3.25,0.00,0.00,-3.25,ShanoExit:PROBE_FAIL loss=$-3.1
2026.05.07 05:00:38,0,51217445,XAUUSD,SELL_closed,0.01,4717.71000,-3.14,0.00,0.00,-3.14,PROBE_FAIL loss=$-3.14
2026.05.07 05:11:56,0,51218355,XAUUSD,SELL_closed,0.01,4709.06000,5.95,0.00,0.00,5.95,PROBE_TRAIL pnl=$5.95 peak=$6.95 drop=$1.00 (filter likely blocked main)
2026.05.07 05:11:56,45720642,51218355,XAUUSD,SELL_closed,0.01,4709.06000,5.95,0.00,0.00,5.95,ShanoExit:PROBE_TRAIL pnl=$5.95
2026.05.07 05:12:29,45720756,51218921,XAUUSD,SELL_closed,0.01,4707.79000,2.81,0.00,0.00,2.81,ShanoExit:PROBE_TRAIL pnl=$2.87
2026.05.07 05:12:29,0,51218921,XAUUSD,SELL_closed,0.01,4707.73000,2.87,0.00,0.00,2.87,PROBE_TRAIL pnl=$2.87 peak=$4.10 drop=$1.23 (filter likely blocked main)
2026.05.07 05:16:44,45721262,51219616,XAUUSD,SELL_closed,0.01,4706.99000,-3.37,0.00,0.00,-3.37,ShanoExit:PROBE_FAIL loss=$-3.0
2026.05.07 05:16:44,0,51219616,XAUUSD,SELL_closed,0.01,4706.69000,-3.07,0.00,0.00,-3.07,PROBE_FAIL loss=$-3.07
2026.05.07 05:22:10,0,51219923,XAUUSD,BUY_closed,0.01,4704.37000,-3.04,0.00,0.00,-3.04,PROBE_FAIL loss=$-3.04
2026.05.07 05:22:10,45721454,51219923,XAUUSD,BUY_closed,0.01,4704.40000,-3.01,0.00,0.00,-3.01,ShanoExit:PROBE_FAIL loss=$-3.0
2026.05.07 09:05:11,0,51220837,XAUUSD,SELL_closed,0.01,4706.00000,-4.13,0.00,0.00,-4.13,PROBE_FAIL loss=$-4.13
2026.05.07 09:05:11,45732842,51220837,XAUUSD,SELL_closed,0.01,4706.01000,-4.14,0.00,0.00,-4.14,ShanoExit:PROBE_FAIL loss=$-4.1
2026.05.07 09:05:12,0,51220395,XAUUSD,SELL_closed,0.01,4706.01000,-3.23,0.00,0.00,-3.23,PROBE_FAIL loss=$-3.22
2026.05.07 09:05:12,45732843,51220395,XAUUSD,SELL_closed,0.01,4706.01000,-3.23,0.00,0.00,-3.23,ShanoExit:PROBE_FAIL loss=$-3.2
2026.05.07 09:16:50,45733664,51232050,XAUUSD,BUY_closed,0.01,4709.52000,2.16,0.00,0.00,2.16,ShanoExit:PROBE_TRAIL pnl=$2.16
2026.05.07 09:16:50,0,51232050,XAUUSD,BUY_closed,0.01,4709.52000,2.16,0.00,0.00,2.16,PROBE_TRAIL pnl=$2.16 peak=$3.16 drop=$1.00 (filter likely blocked main)
2026.05.07 09:21:15,45734086,51232496,XAUUSD,BUY_closed,0.01,4712.67000,3.01,0.00,0.00,3.01,ShanoExit:PROBE_TRAIL pnl=$3.01
2026.05.07 09:21:15,0,51232496,XAUUSD,BUY_closed,0.01,4712.67000,3.01,0.00,0.00,3.01,PROBE_TRAIL pnl=$3.01 peak=$4.06 drop=$1.05 (filter likely blocked main)
2026.05.07 09:34:51,0,51234743,XAUUSD,BUY_closed,0.01,4732.21000,2.10,0.00,0.00,2.10,PROBE_TRAIL pnl=$2.10 peak=$3.36 drop=$1.26 (filter likely blocked main)
2026.05.07 09:34:51,45736207,51234743,XAUUSD,BUY_closed,0.01,4732.41000,2.30,0.00,0.00,2.30,ShanoExit:PROBE_TRAIL pnl=$2.10
2026.05.07 09:37:17,45736847,51235833,XAUUSD,BUY_closed,0.01,4734.81000,-3.06,0.00,0.00,-3.06,ShanoExit:PROBE_FAIL loss=$-3.0
2026.05.07 09:37:17,0,51235833,XAUUSD,BUY_closed,0.01,4734.87000,-3.00,0.00,0.00,-3.00,PROBE_FAIL loss=$-3.00
2026.05.07 09:44:22,45738673,51237708,XAUUSD,BUY_closed,0.01,4744.78000,-3.65,0.00,0.00,-3.65,ShanoExit:PROBE_FAIL loss=$-3.0
2026.05.07 09:44:22,0,51237708,XAUUSD,BUY_closed,0.01,4745.35000,-3.08,0.00,0.00,-3.08,PROBE_FAIL loss=$-3.08
2026.05.07 10:04:16,45740443,51239138,XAUUSD,SELL_closed,0.01,4733.98000,3.04,0.00,0.00,3.04,ShanoExit:PROBE_TRAIL pnl=$3.04
2026.05.07 10:05:15,45740612,51239519,XAUUSD,SELL_closed,0.01,4736.09000,-3.00,0.00,0.00,-3.00,ShanoExit:PROBE_FAIL loss=$-3.0
2026.05.07 10:05:15,0,51239519,XAUUSD,SELL_closed,0.01,4736.09000,-3.00,0.00,0.00,-3.00,PROBE_FAIL loss=$-3.00
2026.05.07 10:17:00,45743167,51242233,XAUUSD,BUY_closed,0.01,4746.40000,2.19,0.00,0.00,2.19,ShanoExit:PROBE_TRAIL pnl=$2.19
2026.05.07 10:17:00,0,51242233,XAUUSD,BUY_closed,0.01,4746.40000,2.19,0.00,0.00,2.19,PROBE_TRAIL pnl=$2.19 peak=$3.22 drop=$1.03 (filter likely blocked main)
2026.05.07 10:44:51,45745138,51243541,XAUUSD,BUY_closed,0.01,4743.13000,2.42,0.00,0.00,2.42,ShanoExit:PROBE_TRAIL pnl=$2.38
2026.05.07 10:44:51,0,51243541,XAUUSD,BUY_closed,0.01,4743.09000,2.38,0.00,0.00,2.38,PROBE_TRAIL pnl=$2.38 peak=$3.39 drop=$1.01 (filter likely blocked main)
2026.05.07 10:57:49,45746228,51245362,XAUUSD,SELL_closed,0.01,4743.57000,-3.37,0.00,0.00,-3.37,ShanoExit:PROBE_FAIL loss=$-3.0
2026.05.07 10:57:49,0,51245362,XAUUSD,SELL_closed,0.01,4743.27000,-3.07,0.00,0.00,-3.07,PROBE_FAIL loss=$-3.07
2026.05.07 11:07:53,0,51246609,XAUUSD,BUY_closed,0.01,4749.27000,-3.06,0.00,0.00,-3.06,PROBE_FAIL loss=$-3.06
2026.05.07 11:15:32,45748557,51247731,XAUUSD,SELL_closed,0.01,4739.80000,2.18,0.00,0.00,2.18,ShanoExit:PROBE_TRAIL pnl=$2.13
2026.05.07 11:15:32,0,51247731,XAUUSD,SELL_closed,0.01,4739.85000,2.13,0.00,0.00,2.13,PROBE_TRAIL pnl=$2.13 peak=$3.23 drop=$1.10 (filter likely blocked main)
2026.05.07 11:25:49,45749339,51248503,XAUUSD,BUY_closed,0.01,4734.35000,-3.70,0.00,0.00,-3.70,ShanoExit:PROBE_FAIL loss=$-3.9
2026.05.07 11:25:49,0,51248503,XAUUSD,BUY_closed,0.01,4734.08000,-3.97,0.00,0.00,-3.97,PROBE_FAIL loss=$-3.97
2026.05.07 11:25:50,45749392,51248008,XAUUSD,SELL_closed,0.01,4735.19000,3.32,0.00,0.00,3.32,ShanoExit:PROBE_TRAIL pnl=$3.17
2026.05.07 11:25:50,0,51248008,XAUUSD,SELL_closed,0.01,4735.34000,3.17,0.00,0.00,3.17,PROBE_TRAIL pnl=$3.17 peak=$4.21 drop=$1.04 (filter likely blocked main)
2026.05.07 11:32:17,45750165,51249293,XAUUSD,BUY_closed,0.01,4738.77000,-3.09,0.00,0.00,-3.09,ShanoExit:PROBE_FAIL loss=$-3.0
2026.05.07 11:32:17,0,51249293,XAUUSD,BUY_closed,0.01,4738.77000,-3.09,0.00,0.00,-3.09,PROBE_FAIL loss=$-3.09
2026.05.07 11:52:36,45752118,51250858,XAUUSD,SELL_closed,0.01,4737.23000,-3.15,0.00,0.00,-3.15,ShanoExit:PROBE_FAIL loss=$-3.0
2026.05.07 11:52:36,0,51250858,XAUUSD,SELL_closed,0.01,4737.09000,-3.01,0.00,0.00,-3.01,PROBE_FAIL loss=$-3.01
2026.05.07 12:00:10,45753015,51252022,XAUUSD,SELL_closed,0.01,4730.65000,2.04,0.00,0.00,2.04,ShanoExit:PROBE_TRAIL pnl=$2.07
2026.05.07 12:00:10,0,51252022,XAUUSD,SELL_closed,0.01,4730.62000,2.07,0.00,0.00,2.07,PROBE_TRAIL pnl=$2.07 peak=$3.24 drop=$1.17 (filter likely blocked main)
2026.05.07 12:11:48,45755035,51254095,XAUUSD,BUY_closed,0.01,4734.97000,4.11,0.00,0.00,4.11,ShanoExit:PROBE_TRAIL pnl=$4.09
2026.05.07 12:11:48,0,51254095,XAUUSD,BUY_closed,0.01,4734.95000,4.09,0.00,0.00,4.09,PROBE_TRAIL pnl=$4.09 peak=$5.41 drop=$1.32 (filter likely blocked main)
2026.05.07 12:14:05,45755181,51254510,XAUUSD,BUY_closed,0.01,4732.53000,-3.21,0.00,0.00,-3.21,ShanoExit:PROBE_FAIL loss=$-3.2
2026.05.07 12:14:05,0,51254510,XAUUSD,BUY_closed,0.01,4732.50000,-3.24,0.00,0.00,-3.24,PROBE_FAIL loss=$-3.24
2026.05.07 12:35:53,45756515,51255689,XAUUSD,SELL_closed,0.01,4737.24000,-2.94,0.00,0.00,-2.94,ShanoExit:PROBE_FAIL loss=$-3.0
2026.05.07 12:35:53,0,51255689,XAUUSD,SELL_closed,0.01,4737.31000,-3.01,0.00,0.00,-3.01,PROBE_FAIL loss=$-3.01
2026.05.07 12:57:19,45758053,51257225,XAUUSD,SELL_closed,0.01,4730.74000,2.56,0.00,0.00,2.56,ShanoExit:PROBE_TRAIL pnl=$2.56
2026.05.07 13:04:00,45758878,51258347,XAUUSD,BUY_closed,0.01,4727.74000,-3.42,0.00,0.00,-3.42,ShanoExit:PROBE_FAIL loss=$-3.3
2026.05.07 13:04:00,0,51258347,XAUUSD,BUY_closed,0.01,4727.79000,-3.37,0.00,0.00,-3.37,PROBE_FAIL loss=$-3.37
2026.05.07 13:05:18,45759021,51258588,XAUUSD,SELL_closed,0.01,4730.87000,-3.21,0.00,0.00,-3.21,ShanoExit:PROBE_FAIL loss=$-3.1
2026.05.07 13:05:18,0,51258588,XAUUSD,SELL_closed,0.01,4730.85000,-3.19,0.00,0.00,-3.19,PROBE_FAIL loss=$-3.19
2026.05.07 13:15:00,0,51259552,XAUUSD,BUY_open,0.30,4735.37000,0.00,0.00,0.00,0.00,Shano_Main_Burst1
2026.05.07 13:15:58,45760037,51259552,XAUUSD,BUY_closed,0.30,4735.89000,16.20,0.00,0.00,16.20,ShanoExit:TRAIL peak=$27.60 now
2026.05.07 13:15:59,0,51259757,XAUUSD,BUY_open,0.22,4736.02000,0.00,0.00,0.00,0.00,Shano_MG_Burst2
2026.05.07 13:15:59,0,51259552,XAUUSD,BUY_closed,0.30,4735.92000,17.10,0.00,0.00,17.10,TRAIL peak=$27.60 now=$17.10 drop=$10.50
2026.05.07 13:16:00,0,51259395,XAUUSD,BUY_closed,0.01,4735.80000,1.32,0.00,0.00,1.32,PROBE_CLOSE_WITH_MAIN
2026.05.07 13:16:00,45760066,51259395,XAUUSD,BUY_closed,0.01,4735.45000,0.97,0.00,0.00,0.97,ShanoExit:PROBE_CLOSE_WITH_MAIN
2026.05.07 13:16:19,45760084,51259757,XAUUSD,BUY_closed,0.22,4735.31000,-14.96,0.00,0.00,-14.96,ShanoExit:BURST_SL lot=0.22 los
2026.05.07 13:16:19,0,51259757,XAUUSD,BUY_closed,0.22,4735.30000,-15.18,0.00,0.00,-15.18,BURST_SL lot=0.22 loss=$-15.18 <= -$15.00
2026.05.07 13:25:11,45761089,51260207,XAUUSD,SELL_closed,0.01,4734.28000,-3.15,0.00,0.00,-3.15,ShanoExit:PROBE_FAIL loss=$-3.0
2026.05.07 13:25:11,0,51260207,XAUUSD,SELL_closed,0.01,4734.24000,-3.11,0.00,0.00,-3.11,PROBE_FAIL loss=$-3.00
2026.05.07 13:31:25,45761495,51260972,XAUUSD,SELL_closed,0.01,4729.96000,2.13,0.00,0.00,2.13,ShanoExit:PROBE_TRAIL pnl=$2.77
2026.05.07 13:31:25,0,51260972,XAUUSD,SELL_closed,0.01,4729.32000,2.77,0.00,0.00,2.77,PROBE_TRAIL pnl=$2.77 peak=$3.89 drop=$1.12 (filter likely blocked main)
2026.05.07 13:36:34,45761778,51261442,XAUUSD,SELL_closed,0.01,4732.62000,-3.11,0.00,0.00,-3.11,ShanoExit:PROBE_FAIL loss=$-3.0
2026.05.07 13:36:34,0,51261442,XAUUSD,SELL_closed,0.01,4732.53000,-3.02,0.00,0.00,-3.02,PROBE_FAIL loss=$-3.02
2026.05.07 14:02:28,0,51262272,XAUUSD,BUY_closed,0.01,4735.06000,-3.01,0.00,0.00,-3.01,PROBE_FAIL loss=$-3.01
2026.05.07 14:02:28,45763174,51262272,XAUUSD,BUY_closed,0.01,4735.11000,-2.96,0.00,0.00,-2.96,ShanoExit:PROBE_FAIL loss=$-3.0
2026.05.07 14:05:25,45763272,51262745,XAUUSD,BUY_closed,0.01,4734.61000,-3.07,0.00,0.00,-3.07,ShanoExit:PROBE_FAIL loss=$-3.0
2026.05.07 14:05:25,0,51262745,XAUUSD,BUY_closed,0.01,4734.63000,-3.05,0.00,0.00,-3.05,PROBE_FAIL loss=$-3.05
2026.05.07 14:13:56,0,51263607,XAUUSD,SELL_closed,0.01,4729.91000,3.11,0.00,0.00,3.11,PROBE_TRAIL pnl=$3.11 peak=$4.41 drop=$1.30 (filter likely blocked main)
2026.05.07 14:13:56,45764125,51263607,XAUUSD,SELL_closed,0.01,4729.97000,3.05,0.00,0.00,3.05,ShanoExit:PROBE_TRAIL pnl=$3.11
2026.05.07 14:19:41,45764415,51264219,XAUUSD,SELL_closed,0.01,4730.93000,-3.47,0.00,0.00,-3.47,ShanoExit:PROBE_FAIL loss=$-3.0
2026.05.07 14:19:41,0,51264219,XAUUSD,SELL_closed,0.01,4730.54000,-3.08,0.00,0.00,-3.08,PROBE_FAIL loss=$-3.08
2026.05.07 14:24:14,45764731,51263874,XAUUSD,SELL_closed,0.01,4733.28000,-3.10,0.00,0.00,-3.10,ShanoExit:PROBE_FAIL loss=$-3.0
2026.05.07 14:24:14,0,51263874,XAUUSD,SELL_closed,0.01,4733.26000,-3.08,0.00,0.00,-3.08,PROBE_FAIL loss=$-3.08
2026.05.07 14:29:10,0,51265215,XAUUSD,BUY_closed,0.01,4730.74000,-3.11,0.00,0.00,-3.11,PROBE_FAIL loss=$-3.11
2026.05.07 14:50:44,45767276,51266495,XAUUSD,BUY_closed,0.01,4734.24000,-3.06,0.00,0.00,-3.06,ShanoExit:PROBE_FAIL loss=$-3.0
2026.05.07 14:51:44,45767476,51267129,XAUUSD,SELL_closed,0.01,4739.00000,-3.02,0.00,0.00,-3.02,ShanoExit:PROBE_FAIL loss=$-3.0
2026.05.07 14:51:44,0,51267129,XAUUSD,SELL_closed,0.01,4739.00000,-3.02,0.00,0.00,-3.02,PROBE_FAIL loss=$-3.02
2026.05.07 15:01:01,0,51267957,XAUUSD,BUY_closed,0.01,4744.92000,2.55,0.00,0.00,2.55,PROBE_TRAIL pnl=$2.55 peak=$3.55 drop=$1.00 (filter likely blocked main)
2026.05.07 15:01:01,45768461,51267957,XAUUSD,BUY_closed,0.01,4744.98000,2.61,0.00,0.00,2.61,ShanoExit:PROBE_TRAIL pnl=$2.55
2026.05.07 15:10:29,45769314,51269114,XAUUSD,SELL_closed,0.01,4743.95000,-3.04,0.00,0.00,-3.04,ShanoExit:PROBE_FAIL loss=$-3.0
2026.05.07 15:10:29,0,51269114,XAUUSD,SELL_closed,0.01,4743.94000,-3.03,0.00,0.00,-3.03,PROBE_FAIL loss=$-3.03
2026.05.07 15:18:49,45770131,51270054,XAUUSD,BUY_closed,0.01,4743.92000,-3.15,0.00,0.00,-3.15,ShanoExit:PROBE_FAIL loss=$-3.1
2026.05.07 15:18:49,0,51270054,XAUUSD,BUY_closed,0.01,4743.90000,-3.17,0.00,0.00,-3.17,PROBE_FAIL loss=$-3.17
2026.05.07 15:30:50,45771518,51271337,XAUUSD,SELL_closed,0.01,4741.07000,-3.02,0.00,0.00,-3.02,ShanoExit:PROBE_FAIL loss=$-3.0
2026.05.07 15:30:50,0,51271337,XAUUSD,SELL_closed,0.01,4741.13000,-3.08,0.00,0.00,-3.08,PROBE_FAIL loss=$-3.08
2026.05.07 15:38:12,45772778,51272711,XAUUSD,SELL_closed,0.01,4747.92000,-3.02,0.00,0.00,-3.02,ShanoExit:PROBE_FAIL loss=$-3.0
2026.05.07 15:57:15,45774612,51274505,XAUUSD,SELL_closed,0.01,4746.43000,1.97,0.00,0.00,1.97,ShanoExit:PROBE_TRAIL pnl=$1.96
2026.05.07 15:57:14,0,51274505,XAUUSD,SELL_closed,0.01,4746.44000,1.96,0.00,0.00,1.96,PROBE_TRAIL pnl=$1.96 peak=$3.17 drop=$1.21 (filter likely blocked main)
2026.05.07 16:04:28,45775859,51275472,XAUUSD,SELL_closed,0.01,4739.16000,2.96,0.00,0.00,2.96,ShanoExit:PROBE_TRAIL pnl=$2.94
2026.05.07 16:04:28,0,51275472,XAUUSD,SELL_closed,0.01,4739.18000,2.94,0.00,0.00,2.94,PROBE_TRAIL pnl=$2.94 peak=$4.01 drop=$1.07 (filter likely blocked main)
2026.05.07 16:10:13,45776489,51276452,XAUUSD,BUY_closed,0.01,4737.82000,-3.20,0.00,0.00,-3.20,ShanoExit:PROBE_FAIL loss=$-3.0
2026.05.07 16:29:31,45778627,51278505,XAUUSD,SELL_closed,0.01,4746.48000,-3.04,0.00,0.00,-3.04,ShanoExit:PROBE_FAIL loss=$-3.0
2026.05.07 16:29:31,0,51278505,XAUUSD,SELL_closed,0.01,4746.46000,-3.02,0.00,0.00,-3.02,PROBE_FAIL loss=$-3.02
2026.05.07 16:30:53,45778968,51278777,XAUUSD,BUY_closed,0.01,4746.91000,2.35,0.00,0.00,2.35,ShanoExit:PROBE_TRAIL pnl=$2.40
2026.05.07 16:30:53,0,51278777,XAUUSD,BUY_closed,0.01,4746.96000,2.40,0.00,0.00,2.40,PROBE_TRAIL pnl=$2.40 peak=$3.48 drop=$1.08 (filter likely blocked main)
2026.05.07 16:40:03,45780568,51280739,XAUUSD,BUY_closed,0.01,4751.69000,-2.96,0.00,0.00,-2.96,ShanoExit:PROBE_FAIL loss=$-3.0
2026.05.07 16:53:20,45783399,51283523,XAUUSD,SELL_closed,0.01,4741.45000,-3.00,0.00,0.00,-3.00,ShanoExit:PROBE_FAIL loss=$-3.0
2026.05.07 16:53:20,0,51283523,XAUUSD,SELL_closed,0.01,4741.46000,-3.01,0.00,0.00,-3.01,PROBE_FAIL loss=$-3.01
2026.05.07 17:10:32,45785623,51285922,XAUUSD,BUY_closed,0.01,4745.49000,-3.12,0.00,0.00,-3.12,ShanoExit:PROBE_FAIL loss=$-3.0
2026.05.07 17:23:22,45788139,51288191,XAUUSD,BUY_closed,0.01,4753.22000,-2.98,0.00,0.00,-2.98,ShanoExit:PROBE_FAIL loss=$-3.0
2026.05.07 17:23:22,0,51288191,XAUUSD,BUY_closed,0.01,4753.16000,-3.04,0.00,0.00,-3.04,PROBE_FAIL loss=$-3.04
2026.05.07 17:25:17,0,51288910,XAUUSD,BUY_open,0.30,4759.18000,0.00,0.00,0.00,0.00,Shano_Main_Burst1
2026.05.07 17:27:02,45788724,51288910,XAUUSD,BUY_closed,0.30,4756.79000,-66.00,0.00,0.00,-66.00,ShanoExit:FEAR_IDEAL lot=0.30 l
2026.05.07 17:27:02,0,51288910,XAUUSD,BUY_closed,0.30,4756.84000,-64.50,0.00,0.00,-64.50,FEAR_IDEAL lot=0.30 loss=$-64.50 <= -$60 (today_bigL=2)
2026.05.07 17:27:02,45788726,51288851,XAUUSD,BUY_closed,0.01,4756.80000,-1.07,0.00,0.00,-1.07,ShanoExit:PROBE_CLOSE_WITH_MAIN
2026.05.07 17:27:02,0,51288851,XAUUSD,BUY_closed,0.01,4756.79000,-1.08,0.00,0.00,-1.08,PROBE_CLOSE_WITH_MAIN
2026.05.07 17:34:33,0,51289713,XAUUSD,SELL_closed,0.01,4749.20000,4.63,0.00,0.00,4.63,PROBE_TRAIL pnl=$4.63 peak=$5.69 drop=$1.06 (filter likely blocked main)
2026.05.07 17:36:35,45789874,51290089,XAUUSD,SELL_closed,0.01,4751.84000,-3.27,0.00,0.00,-3.27,ShanoExit:PROBE_FAIL loss=$-3.0
2026.05.07 17:36:35,0,51290089,XAUUSD,SELL_closed,0.01,4751.61000,-3.04,0.00,0.00,-3.04,PROBE_FAIL loss=$-3.04
2026.05.07 17:43:34,45790888,51290464,XAUUSD,BUY_closed,0.01,4756.06000,3.77,0.00,0.00,3.77,ShanoExit:PROBE_TRAIL pnl=$3.64
2026.05.07 17:43:34,0,51290464,XAUUSD,BUY_closed,0.01,4755.93000,3.64,0.00,0.00,3.64,PROBE_TRAIL pnl=$3.64 peak=$4.67 drop=$1.03 (filter likely blocked main)
2026.05.07 17:45:50,45791349,51291631,XAUUSD,SELL_closed,0.01,4755.42000,-3.09,0.00,0.00,-3.09,ShanoExit:PROBE_FAIL loss=$-3.0
2026.05.07 17:45:50,0,51291631,XAUUSD,SELL_closed,0.01,4755.33000,-3.00,0.00,0.00,-3.00,PROBE_FAIL loss=$-3.00
2026.05.07 18:00:38,45792919,51292823,XAUUSD,BUY_closed,0.01,4763.80000,3.20,0.00,0.00,3.20,ShanoExit:PROBE_TRAIL pnl=$3.13
2026.05.07 18:00:38,0,51292823,XAUUSD,BUY_closed,0.01,4763.73000,3.13,0.00,0.00,3.13,PROBE_TRAIL pnl=$3.13 peak=$4.14 drop=$1.01 (filter likely blocked main)
2026.05.07 18:21:11,45795014,51294875,XAUUSD,SELL_closed,0.01,4752.39000,2.40,0.00,0.00,2.40,ShanoExit:PROBE_TRAIL pnl=$2.30
2026.05.07 18:21:11,0,51294875,XAUUSD,SELL_closed,0.01,4752.49000,2.30,0.00,0.00,2.30,PROBE_TRAIL pnl=$2.30 peak=$3.50 drop=$1.20 (filter likely blocked main)
2026.05.07 18:26:27,45795949,51296261,XAUUSD,SELL_closed,0.01,4745.13000,2.19,0.00,0.00,2.19,ShanoExit:PROBE_TRAIL pnl=$2.20
2026.05.07 18:26:27,0,51296261,XAUUSD,SELL_closed,0.01,4745.12000,2.20,0.00,0.00,2.20,PROBE_TRAIL pnl=$2.20 peak=$3.37 drop=$1.17 (filter likely blocked main)
2026.05.07 18:27:47,45796469,51296916,XAUUSD,SELL_closed,0.01,4743.04000,-3.04,0.00,0.00,-3.04,ShanoExit:PROBE_FAIL loss=$-3.2
2026.05.07 18:43:57,45798438,51298554,XAUUSD,BUY_closed,0.01,4739.29000,-3.05,0.00,0.00,-3.05,ShanoExit:PROBE_FAIL loss=$-3.1
2026.05.07 18:43:57,0,51298554,XAUUSD,BUY_closed,0.01,4739.17000,-3.17,0.00,0.00,-3.17,PROBE_FAIL loss=$-3.17
2026.05.07 18:50:14,45799167,51299400,XAUUSD,SELL_closed,0.01,4734.68000,2.25,0.00,0.00,2.25,ShanoExit:PROBE_TRAIL pnl=$2.17
2026.05.07 18:50:14,0,51299400,XAUUSD,SELL_closed,0.01,4734.76000,2.17,0.00,0.00,2.17,PROBE_TRAIL pnl=$2.17 peak=$3.18 drop=$1.01 (filter likely blocked main)
2026.05.07 18:57:08,45800056,51300638,XAUUSD,SELL_closed,0.01,4731.82000,-3.64,0.00,0.00,-3.64,ShanoExit:PROBE_FAIL loss=$-3.3
2026.05.07 18:57:08,0,51300638,XAUUSD,SELL_closed,0.01,4731.56000,-3.38,0.00,0.00,-3.38,PROBE_FAIL loss=$-3.38
2026.05.07 19:16:22,0,51303664,XAUUSD,SELL_open,0.30,4711.60000,0.00,0.00,0.00,0.00,Shano_Main_Burst1
2026.05.07 19:16:32,45803012,51303664,XAUUSD,SELL_closed,0.30,4713.57000,-60.00,0.00,0.00,-60.00,ShanoExit:FEAR_IDEAL lot=0.30 l
2026.05.07 19:16:32,0,51303664,XAUUSD,SELL_closed,0.30,4713.62000,-61.50,0.00,0.00,-61.50,FEAR_IDEAL lot=0.30 loss=$-61.50 <= -$60 (today_bigL=3)
2026.05.07 19:16:32,45803013,51303662,XAUUSD,SELL_closed,0.01,4713.96000,-1.37,0.00,0.00,-1.37,ShanoExit:PROBE_CLOSE_WITH_MAIN
2026.05.07 19:30:36,45805351,51305679,XAUUSD,BUY_closed,0.01,4718.05000,-3.19,0.00,0.00,-3.19,ShanoExit:PROBE_FAIL loss=$-3.2
2026.05.07 19:30:36,0,51305679,XAUUSD,BUY_closed,0.01,4718.03000,-3.21,0.00,0.00,-3.21,PROBE_FAIL loss=$-3.21
2026.05.07 19:36:24,45806078,51306644,XAUUSD,BUY_closed,0.01,4716.48000,-3.14,0.00,0.00,-3.14,ShanoExit:PROBE_FAIL loss=$-3.1
2026.05.07 19:36:24,0,51306644,XAUUSD,BUY_closed,0.01,4716.46000,-3.16,0.00,0.00,-3.16,PROBE_FAIL loss=$-3.16
2026.05.07 19:52:34,45807397,51307592,XAUUSD,SELL_closed,0.01,4711.83000,2.92,0.00,0.00,2.92,ShanoExit:PROBE_TRAIL pnl=$2.92
2026.05.07 19:52:34,0,51307592,XAUUSD,SELL_closed,0.01,4711.83000,2.92,0.00,0.00,2.92,PROBE_TRAIL pnl=$2.92 peak=$3.92 drop=$1.00 (filter likely blocked main)
2026.05.07 19:53:16,45807437,51308120,XAUUSD,SELL_closed,0.01,4714.52000,-3.19,0.00,0.00,-3.19,ShanoExit:PROBE_FAIL loss=$-3.0
2026.05.07 19:53:16,0,51308120,XAUUSD,SELL_closed,0.01,4714.33000,-3.00,0.00,0.00,-3.00,PROBE_FAIL loss=$-3.00
2026.05.07 20:04:13,45808816,51309311,XAUUSD,BUY_closed,0.01,4716.55000,2.79,0.00,0.00,2.79,ShanoExit:PROBE_TRAIL pnl=$2.79
2026.05.07 20:04:13,0,51309311,XAUUSD,BUY_closed,0.01,4716.55000,2.79,0.00,0.00,2.79,PROBE_TRAIL pnl=$2.79 peak=$3.81 drop=$1.02 (filter likely blocked main)
2026.05.07 20:16:15,45809891,51310522,XAUUSD,BUY_closed,0.01,4714.79000,2.71,0.00,0.00,2.71,ShanoExit:PROBE_TRAIL pnl=$2.67
2026.05.07 20:16:15,0,51310522,XAUUSD,BUY_closed,0.01,4714.75000,2.67,0.00,0.00,2.67,PROBE_TRAIL pnl=$2.67 peak=$3.71 drop=$1.04 (filter likely blocked main)
2026.05.07 20:18:18,45809962,51310643,XAUUSD,BUY_closed,0.01,4711.75000,-3.12,0.00,0.00,-3.12,ShanoExit:PROBE_FAIL loss=$-3.1
2026.05.07 20:18:18,0,51310643,XAUUSD,BUY_closed,0.01,4711.77000,-3.10,0.00,0.00,-3.10,PROBE_FAIL loss=$-3.10
2026.05.07 20:24:46,45811053,51311614,XAUUSD,BUY_closed,0.01,4715.70000,2.42,0.00,0.00,2.42,ShanoExit:PROBE_TRAIL pnl=$2.29
2026.05.07 20:24:46,0,51311614,XAUUSD,BUY_closed,0.01,4715.57000,2.29,0.00,0.00,2.29,PROBE_TRAIL pnl=$2.29 peak=$3.29 drop=$1.00 (filter likely blocked main)
2026.05.07 20:34:22,45815350,51316199,XAUUSD,SELL_closed,0.01,4696.94000,-2.97,0.00,0.00,-2.97,ShanoExit:PROBE_FAIL loss=$-3.0
2026.05.07 20:34:22,0,51316199,XAUUSD,SELL_closed,0.01,4697.03000,-3.06,0.00,0.00,-3.06,PROBE_FAIL loss=$-3.06
2026.05.07 20:55:06,45818031,51318430,XAUUSD,BUY_closed,0.01,4704.85000,4.42,0.00,0.00,4.42,ShanoExit:PROBE_TRAIL pnl=$4.39
2026.05.07 20:55:06,0,51318430,XAUUSD,BUY_closed,0.01,4704.82000,4.39,0.00,0.00,4.39,PROBE_TRAIL pnl=$4.39 peak=$5.39 drop=$1.00 (filter likely blocked main)
2026.05.07 21:07:26,45819390,51320229,XAUUSD,BUY_closed,0.01,4709.64000,1.86,0.00,0.00,1.86,ShanoExit:PROBE_TRAIL pnl=$2.05
2026.05.07 21:09:51,45819561,51320307,XAUUSD,BUY_closed,0.01,4706.72000,-3.31,0.00,0.00,-3.31,ShanoExit:PROBE_FAIL loss=$-3.3
2026.05.07 21:09:51,0,51320307,XAUUSD,BUY_closed,0.01,4706.71000,-3.32,0.00,0.00,-3.32,PROBE_FAIL loss=$-3.32
2026.05.07 21:23:35,45820609,51321435,XAUUSD,BUY_closed,0.01,4707.71000,-3.03,0.00,0.00,-3.03,ShanoExit:PROBE_FAIL loss=$-3.1
2026.05.07 21:23:35,0,51321435,XAUUSD,BUY_closed,0.01,4707.64000,-3.10,0.00,0.00,-3.10,PROBE_FAIL loss=$-3.10
2026.05.07 21:25:03,45820732,51321101,XAUUSD,BUY_closed,0.01,4705.91000,-3.19,0.00,0.00,-3.19,ShanoExit:PROBE_FAIL loss=$-3.2
2026.05.07 21:25:03,0,51321101,XAUUSD,BUY_closed,0.01,4705.82000,-3.28,0.00,0.00,-3.28,PROBE_FAIL loss=$-3.28
2026.05.07 21:34:48,45821585,51322197,XAUUSD,BUY_closed,0.01,4713.79000,1.77,0.00,0.00,1.77,ShanoExit:PROBE_TRAIL pnl=$1.80
2026.05.07 21:39:19,45822377,51323313,XAUUSD,SELL_closed,0.01,4710.76000,-2.16,0.00,0.00,-2.16,ShanoExit:PROBE_FAIL loss=$-3.0
2026.05.07 21:39:19,0,51323313,XAUUSD,SELL_closed,0.01,4711.60000,-3.00,0.00,0.00,-3.00,PROBE_FAIL loss=$-3.00
2026.05.07 21:43:56,45822786,51323782,XAUUSD,BUY_closed,0.01,4710.78000,-3.74,0.00,0.00,-3.74,ShanoExit:PROBE_FAIL loss=$-3.0
2026.05.07 21:43:56,0,51323782,XAUUSD,BUY_closed,0.01,4711.45000,-3.07,0.00,0.00,-3.07,PROBE_FAIL loss=$-3.07
2026.05.07 22:00:46,0,51326984,XAUUSD,BUY_closed,0.01,4711.42000,2.76,0.00,0.00,2.76,PROBE_TRAIL pnl=$2.76 peak=$3.87 drop=$1.11 (filter likely blocked main)
2026.05.07 22:08:41,45826864,51327547,XAUUSD,SELL_closed,0.01,4710.00000,-2.18,0.00,0.00,-2.18,ShanoExit:PROBE_FAIL loss=$-3.0
2026.05.07 22:18:32,45827474,51328057,XAUUSD,BUY_closed,0.01,4704.60000,-5.98,0.00,0.00,-5.98,ShanoExit:PROBE_FAIL loss=$-3.2
2026.05.07 22:18:32,0,51328057,XAUUSD,BUY_closed,0.01,4707.37000,-3.21,0.00,0.00,-3.21,PROBE_FAIL loss=$-3.21
2026.05.07 22:38:01,45829443,51330576,XAUUSD,SELL_closed,0.01,4710.82000,-3.03,0.00,0.00,-3.03,ShanoExit:PROBE_FAIL loss=$-3.0
2026.05.07 22:47:11,45829745,51331013,XAUUSD,BUY_closed,0.01,4707.42000,-3.12,0.00,0.00,-3.12,ShanoExit:PROBE_FAIL loss=$-3.1
2026.05.07 22:47:11,0,51331013,XAUUSD,BUY_closed,0.01,4707.43000,-3.11,0.00,0.00,-3.11,PROBE_FAIL loss=$-3.11
2026.05.07 22:52:15,45830522,51331830,XAUUSD,SELL_closed,0.01,4707.82000,-3.11,0.00,0.00,-3.11,ShanoExit:PROBE_FAIL loss=$-3.1
2026.05.07 22:52:15,0,51331830,XAUUSD,SELL_closed,0.01,4707.90000,-3.19,0.00,0.00,-3.19,PROBE_FAIL loss=$-3.19
2026.05.07 23:00:33,45831317,51332483,XAUUSD,SELL_closed,0.01,4707.21000,-3.03,0.00,0.00,-3.03,ShanoExit:PROBE_FAIL loss=$-3.0
2026.05.07 23:00:33,0,51332483,XAUUSD,SELL_closed,0.01,4707.20000,-3.02,0.00,0.00,-3.02,PROBE_FAIL loss=$-3.02
2026.05.07 23:02:08,0,51332786,XAUUSD,BUY_closed,0.01,4710.79000,2.99,0.00,0.00,2.99,PROBE_TRAIL pnl=$2.99 peak=$4.43 drop=$1.44 (filter likely blocked main)
2026.05.07 23:15:29,45832834,51333901,XAUUSD,SELL_closed,0.01,4711.42000,2.10,0.00,0.00,2.10,ShanoExit:PROBE_TRAIL pnl=$2.10
2026.05.07 23:15:29,0,51333901,XAUUSD,SELL_closed,0.01,4711.42000,2.10,0.00,0.00,2.10,PROBE_TRAIL pnl=$2.10 peak=$3.13 drop=$1.03 (filter likely blocked main)
2026.05.07 23:26:02,45833161,51334533,XAUUSD,SELL_closed,0.01,4714.36000,-3.02,0.00,0.00,-3.02,ShanoExit:PROBE_FAIL loss=$-3.0
2026.05.07 23:31:48,45833483,51334506,XAUUSD,BUY_closed,0.01,4714.69000,2.40,0.00,0.00,2.40,ShanoExit:PROBE_TRAIL pnl=$2.41
2026.05.07 23:31:48,0,51334506,XAUUSD,BUY_closed,0.01,4714.70000,2.41,0.00,0.00,2.41,PROBE_TRAIL pnl=$2.41 peak=$3.41 drop=$1.00 (filter likely blocked main)
2026.05.07 23:57:15,45836678,51338023,XAUUSD,SELL_closed,0.01,4687.77000,2.15,0.00,0.00,2.15,ShanoExit:PROBE_TRAIL pnl=$2.24
2026.05.08 01:06:31,0,51339699,XAUUSD,SELL_closed,0.01,4690.65000,-3.32,0.00,0.00,-3.32,PROBE_FAIL loss=$-3.32
2026.05.08 01:22:59,45840819,51342481,XAUUSD,BUY_closed,0.01,4696.34000,-3.05,0.00,0.00,-3.05,ShanoExit:PROBE_FAIL loss=$-3.0
2026.05.08 01:22:59,0,51342481,XAUUSD,BUY_closed,0.01,4696.34000,-3.05,0.00,0.00,-3.05,PROBE_FAIL loss=$-3.05
2026.05.08 01:51:21,45842902,51344442,XAUUSD,SELL_closed,0.01,4686.51000,-3.43,0.00,0.00,-3.43,ShanoExit:PROBE_FAIL loss=$-3.1
2026.05.08 01:51:21,0,51344442,XAUUSD,SELL_closed,0.01,4686.21000,-3.13,0.00,0.00,-3.13,PROBE_FAIL loss=$-3.13
2026.05.08 02:01:10,45843374,51345041,XAUUSD,SELL_closed,0.01,4688.75000,-3.31,0.00,0.00,-3.31,ShanoExit:PROBE_FAIL loss=$-3.2
2026.05.08 02:01:10,0,51345041,XAUUSD,SELL_closed,0.01,4688.70000,-3.26,0.00,0.00,-3.26,PROBE_FAIL loss=$-3.26
2026.05.08 02:09:44,45843989,51345652,XAUUSD,BUY_closed,0.01,4690.03000,2.29,0.00,0.00,2.29,ShanoExit:PROBE_TRAIL pnl=$2.04
2026.05.08 02:09:44,0,51345652,XAUUSD,BUY_closed,0.01,4689.78000,2.04,0.00,0.00,2.04,PROBE_TRAIL pnl=$2.04 peak=$3.29 drop=$1.25 (filter likely blocked main)
2026.05.08 02:31:45,45845044,51346729,XAUUSD,BUY_closed,0.01,4695.03000,-3.00,0.00,0.00,-3.00,ShanoExit:PROBE_FAIL loss=$-3.0
2026.05.08 02:31:45,0,51346729,XAUUSD,BUY_closed,0.01,4695.03000,-3.00,0.00,0.00,-3.00,PROBE_FAIL loss=$-3.00
2026.05.08 02:48:06,0,51347378,XAUUSD,SELL_closed,0.01,4701.28000,-3.01,0.00,0.00,-3.01,PROBE_FAIL loss=$-3.01
2026.05.08 02:48:06,45845727,51347378,XAUUSD,SELL_closed,0.01,4701.28000,-3.01,0.00,0.00,-3.01,ShanoExit:PROBE_FAIL loss=$-3.0
2026.05.08 02:48:41,45845839,51346494,XAUUSD,BUY_closed,0.01,4701.22000,4.64,0.00,0.00,4.64,ShanoExit:PROBE_TRAIL pnl=$4.64
2026.05.08 03:02:02,45846709,51348598,XAUUSD,BUY_closed,0.01,4702.49000,-3.33,0.00,0.00,-3.33,ShanoExit:PROBE_FAIL loss=$-3.3
2026.05.08 03:02:02,0,51348598,XAUUSD,BUY_closed,0.01,4702.43000,-3.39,0.00,0.00,-3.39,PROBE_FAIL loss=$-3.39
2026.05.08 03:14:26,45848218,51349924,XAUUSD,SELL_closed,0.01,4702.57000,2.35,0.00,0.00,2.35,ShanoExit:PROBE_TRAIL pnl=$2.25
2026.05.08 03:14:26,0,51349924,XAUUSD,SELL_closed,0.01,4702.67000,2.25,0.00,0.00,2.25,PROBE_TRAIL pnl=$2.25 peak=$3.26 drop=$1.01 (filter likely blocked main)
2026.05.08 03:18:56,45849091,51350769,XAUUSD,SELL_closed,0.01,4695.14000,4.65,0.00,0.00,4.65,ShanoExit:PROBE_TRAIL pnl=$4.50
2026.05.08 03:18:56,0,51350769,XAUUSD,SELL_closed,0.01,4695.29000,4.50,0.00,0.00,4.50,PROBE_TRAIL pnl=$4.50 peak=$5.51 drop=$1.01 (filter likely blocked main)
2026.05.08 03:28:26,45850755,51352635,XAUUSD,BUY_closed,0.01,4697.10000,-3.02,0.00,0.00,-3.02,ShanoExit:PROBE_FAIL loss=$-3.0
2026.05.08 03:28:26,0,51352635,XAUUSD,BUY_closed,0.01,4697.12000,-3.00,0.00,0.00,-3.00,PROBE_FAIL loss=$-3.00
2026.05.08 03:40:55,45852087,51353689,XAUUSD,BUY_closed,0.01,4705.33000,1.94,0.00,0.00,1.94,ShanoExit:PROBE_TRAIL pnl=$1.94
2026.05.08 03:40:55,0,51353689,XAUUSD,BUY_closed,0.01,4705.33000,1.94,0.00,0.00,1.94,PROBE_TRAIL pnl=$1.94 peak=$3.03 drop=$1.09 (filter likely blocked main)
2026.05.08 03:43:49,0,51353963,XAUUSD,BUY_closed,0.01,4707.14000,2.02,0.00,0.00,2.02,PROBE_TRAIL pnl=$2.02 peak=$3.02 drop=$1.00 (filter likely blocked main)
2026.05.08 04:00:03,45853744,51355181,XAUUSD,SELL_closed,0.01,4703.31000,-3.25,0.00,0.00,-3.25,ShanoExit:PROBE_FAIL loss=$-3.4
2026.05.08 04:00:03,0,51355181,XAUUSD,SELL_closed,0.01,4703.48000,-3.42,0.00,0.00,-3.42,PROBE_FAIL loss=$-3.42
2026.05.08 04:02:04,45854953,51356748,XAUUSD,BUY_closed,0.01,4709.74000,-3.27,0.00,0.00,-3.27,ShanoExit:PROBE_FAIL loss=$-3.3
2026.05.08 04:02:04,0,51356748,XAUUSD,BUY_closed,0.01,4709.71000,-3.30,0.00,0.00,-3.30,PROBE_FAIL loss=$-3.30
2026.05.08 04:06:57,45855909,51357947,XAUUSD,BUY_closed,0.01,4718.19000,2.42,0.00,0.00,2.42,ShanoExit:PROBE_TRAIL pnl=$2.48
2026.05.08 04:15:31,0,51358641,XAUUSD,SELL_closed,0.01,4712.88000,2.06,0.00,0.00,2.06,PROBE_TRAIL pnl=$2.06 peak=$3.07 drop=$1.01 (filter likely blocked main)
2026.05.08 04:24:39,0,51359090,XAUUSD,BUY_closed,0.01,4713.02000,-3.00,0.00,0.00,-3.00,PROBE_FAIL loss=$-3.00
2026.05.08 04:24:39,45857294,51359090,XAUUSD,BUY_closed,0.01,4713.02000,-3.00,0.00,0.00,-3.00,ShanoExit:PROBE_FAIL loss=$-3.0
2026.05.08 10:12:30,0,51379220,XAUUSD,BUY_closed,0.01,4718.45000,4.53,0.00,0.00,4.53,PROBE_ORPHAN_RECOVERY
2026.05.08 12:36:57,0,51411884,XAUUSD,BUY_closed,0.30,4712.67000,14.40,0.00,0.00,14.40,TRAIL peak=$25.20 now=$14.40 drop=$10.80
2026.05.08 12:36:57,45908278,51411884,XAUUSD,BUY_closed,0.30,4712.66000,14.10,0.00,0.00,14.10,ShanoExit:TRAIL peak=$25.20 now
2026.05.08 12:37:28,45908303,51411923,XAUUSD,BUY_closed,0.30,4713.04000,13.80,0.00,0.00,13.80,ShanoExit:TRAIL peak=$26.70 now
2026.05.08 12:37:28,0,51411923,XAUUSD,BUY_closed,0.30,4713.02000,13.20,0.00,0.00,13.20,TRAIL peak=$26.70 now=$13.20 drop=$13.50
2026.05.08 12:37:51,45908331,51411957,XAUUSD,BUY_closed,0.30,4712.56000,-14.70,0.00,0.00,-14.70,ShanoExit:TRAIL peak=$22.80 now
2026.05.08 12:37:51,0,51411957,XAUUSD,BUY_closed,0.30,4713.05000,0.00,0.00,0.00,0.00,TRAIL peak=$22.80 now=$0.00 drop=$22.80
2026.05.08 12:38:30,0,51411978,XAUUSD,BUY_closed,0.30,4711.55000,-63.30,0.00,0.00,-63.30,FEAR_IDEAL lot=0.30 loss=$-63.30 <= -$60 (today_bigL=1)
2026.05.08 12:38:30,45908452,51411978,XAUUSD,BUY_closed,0.30,4711.28000,-71.40,0.00,0.00,-71.40,ShanoExit:FEAR_IDEAL lot=0.30 l
2026.05.08 12:39:16,45908669,51412106,XAUUSD,BUY_closed,0.30,4709.40000,-62.70,0.00,0.00,-62.70,ShanoExit:FEAR_IDEAL lot=0.30 l
2026.05.08 12:39:16,0,51412106,XAUUSD,BUY_closed,0.30,4709.43000,-61.80,0.00,0.00,-61.80,FEAR_IDEAL lot=0.30 loss=$-61.80 <= -$60 (today_bigL=2)
2026.05.08 12:39:39,45908776,51412334,XAUUSD,BUY_closed,0.30,4713.25000,90.90,0.00,0.00,90.90,ShanoExit:TRAIL peak=$97.50 now
2026.05.08 12:39:39,0,51412334,XAUUSD,BUY_closed,0.30,4713.26000,91.20,0.00,0.00,91.20,TRAIL peak=$97.50 now=$91.20 drop=$6.30
2026.05.08 12:40:09,45908824,51412431,XAUUSD,BUY_closed,0.30,4711.56000,-60.00,0.00,0.00,-60.00,ShanoExit:FEAR_IDEAL lot=0.30 l
2026.05.08 12:40:09,0,51412431,XAUUSD,BUY_closed,0.30,4711.56000,-60.00,0.00,0.00,-60.00,FEAR_IDEAL lot=0.30 loss=$-60.00 <= -$60 (today_bigL=3)
2026.05.08 12:41:01,45908948,51412477,XAUUSD,BUY_closed,0.30,4712.64000,24.90,0.00,0.00,24.90,ShanoExit:TRAIL peak=$30.30 now
2026.05.08 12:41:01,0,51412477,XAUUSD,BUY_closed,0.30,4712.59000,23.40,0.00,0.00,23.40,TRAIL peak=$30.30 now=$23.40 drop=$6.90
2026.05.08 12:41:52,45909025,51412609,XAUUSD,BUY_closed,0.30,4714.23000,50.70,0.00,0.00,50.70,ShanoExit:CDD_DIV peak=$50.70 n
2026.05.08 12:41:52,0,51412609,XAUUSD,BUY_closed,0.30,4714.23000,50.70,0.00,0.00,50.70,CDD_DIV peak=$50.70 now=$50.70 window=60s
2026.05.08 12:45:47,45909411,51412684,XAUUSD,BUY_closed,0.30,4711.87000,-65.10,0.00,0.00,-65.10,ShanoExit:FEAR_IDEAL lot=0.30 l
2026.05.08 12:45:47,0,51412684,XAUUSD,BUY_closed,0.30,4711.92000,-63.60,0.00,0.00,-63.60,FEAR_IDEAL lot=0.30 loss=$-63.60 <= -$60 (today_bigL=4)
2026.05.08 12:47:52,45909629,51413083,XAUUSD,BUY_closed,0.30,4710.02000,-60.60,0.00,0.00,-60.60,ShanoExit:FEAR_IDEAL lot=0.30 l
2026.05.08 12:47:52,0,51413083,XAUUSD,BUY_closed,0.30,4710.02000,-60.60,0.00,0.00,-60.60,FEAR_IDEAL lot=0.30 loss=$-60.60 <= -$60 (today_bigL=5)
2026.05.08 12:48:08,45909662,51413298,XAUUSD,BUY_closed,0.30,4711.25000,31.80,0.00,0.00,31.80,ShanoExit:TRAIL peak=$42.30 now
2026.05.08 12:48:08,0,51413298,XAUUSD,BUY_closed,0.30,4711.35000,34.80,0.00,0.00,34.80,TRAIL peak=$42.30 now=$34.80 drop=$7.50
2026.05.08 12:49:32,45909722,51413327,XAUUSD,BUY_closed,0.30,4710.86000,-18.00,0.00,0.00,-18.00,EMERGENCY_CLOSE
2026.05.08 12:52:18,45909895,51413387,XAUUSD,BUY_closed,0.30,4708.54000,-64.20,0.00,0.00,-64.20,ShanoExit:FEAR_IDEAL lot=0.30 l
2026.05.08 12:52:18,0,51413387,XAUUSD,BUY_closed,0.30,4708.58000,-63.00,0.00,0.00,-63.00,FEAR_IDEAL lot=0.30 loss=$-63.00 <= -$60 (today_bigL=6)
2026.05.08 12:52:50,45910014,51413642,XAUUSD,BUY_closed,0.30,4708.59000,14.40,0.00,0.00,14.40,ShanoExit:CDD_DIV peak=$21.00 n
2026.05.08 12:52:50,0,51413642,XAUUSD,BUY_closed,0.30,4708.59000,14.40,0.00,0.00,14.40,CDD_DIV peak=$21.00 now=$14.40 window=60s
2026.05.08 12:55:00,45910086,51413685,XAUUSD,BUY_closed,0.30,4709.62000,18.30,0.00,0.00,18.30,ShanoExit:TRAIL peak=$24.30 now
2026.05.08 12:55:00,0,51413685,XAUUSD,BUY_closed,0.30,4709.62000,18.30,0.00,0.00,18.30,TRAIL peak=$24.30 now=$18.30 drop=$6.00
2026.05.08 12:57:00,45910152,51413769,XAUUSD,BUY_closed,0.30,4709.62000,14.10,0.00,0.00,14.10,ShanoExit:TRAIL peak=$22.50 now
2026.05.08 12:57:00,0,51413769,XAUUSD,BUY_closed,0.30,4709.59000,13.20,0.00,0.00,13.20,TRAIL peak=$22.50 now=$13.20 drop=$9.30
2026.05.08 12:57:09,45910173,51413835,XAUUSD,BUY_closed,0.30,4710.30000,16.50,0.00,0.00,16.50,ShanoExit:TRAIL peak=$23.40 now
2026.05.08 12:57:09,0,51413835,XAUUSD,BUY_closed,0.30,4710.30000,16.50,0.00,0.00,16.50,TRAIL peak=$23.40 now=$17.10 drop=$6.30
2026.05.08 12:57:10,45910181,51413834,XAUUSD,BUY_closed,0.30,4710.23000,15.60,0.00,0.00,15.60,ShanoExit:TRAIL peak=$24.60 now
2026.05.08 12:57:10,0,51413834,XAUUSD,BUY_closed,0.30,4710.30000,17.70,0.00,0.00,17.70,TRAIL peak=$24.60 now=$18.30 drop=$6.30
2026.05.08 12:58:34,0,51413865,XAUUSD,BUY_closed,0.30,4710.76000,9.30,0.00,0.00,9.30,CDD_DIV peak=$16.20 now=$9.30 window=60s
2026.05.08 12:58:34,45910252,51413865,XAUUSD,BUY_closed,0.30,4710.76000,9.30,0.00,0.00,9.30,ShanoExit:CDD_DIV peak=$16.20 n
2026.05.08 12:59:15,45910334,51413944,XAUUSD,BUY_closed,0.30,4711.85000,21.90,0.00,0.00,21.90,ShanoExit:TRAIL peak=$33.30 now
2026.05.08 12:59:15,0,51413944,XAUUSD,BUY_closed,0.30,4711.87000,22.50,0.00,0.00,22.50,TRAIL peak=$33.30 now=$22.50 drop=$10.80
2026.05.08 12:59:15,45910336,51413943,XAUUSD,BUY_closed,0.30,4711.91000,23.70,0.00,0.00,23.70,ShanoExit:TRAIL peak=$33.30 now
2026.05.08 12:59:15,0,51413943,XAUUSD,BUY_closed,0.30,4711.85000,21.90,0.00,0.00,21.90,TRAIL peak=$33.30 now=$22.50 drop=$10.80
2026.05.08 13:00:43,45910465,51414029,XAUUSD,BUY_closed,0.30,4712.98000,24.00,0.00,0.00,24.00,ShanoExit:TRAIL peak=$24.30 now
2026.05.08 13:00:43,0,51414029,XAUUSD,BUY_closed,0.30,4712.78000,18.00,0.00,0.00,18.00,TRAIL peak=$24.30 now=$18.00 drop=$6.30
2026.05.08 13:01:30,45910724,51414196,XAUUSD,BUY_closed,0.30,4714.09000,18.00,0.00,0.00,18.00,ShanoExit:TRAIL peak=$31.50 now
2026.05.08 13:01:30,0,51414196,XAUUSD,BUY_closed,0.30,4714.21000,21.60,0.00,0.00,21.60,TRAIL peak=$31.50 now=$21.60 drop=$9.90
2026.05.08 13:01:30,0,51414195,XAUUSD,BUY_closed,0.30,4714.09000,18.00,0.00,0.00,18.00,TRAIL peak=$31.50 now=$21.60 drop=$9.90
2026.05.08 13:01:30,45910725,51414195,XAUUSD,BUY_closed,0.30,4714.09000,18.00,0.00,0.00,18.00,ShanoExit:TRAIL peak=$31.50 now
2026.05.08 13:04:40,0,51414438,XAUUSD,BUY_closed,0.30,4714.18000,10.50,0.00,0.00,10.50,CDD_DIV peak=$14.40 now=$10.50 window=60s
2026.05.08 13:04:40,45910930,51414438,XAUUSD,BUY_closed,0.30,4714.20000,11.10,0.00,0.00,11.10,ShanoExit:CDD_DIV peak=$14.40 n
2026.05.08 13:08:44,0,51414437,XAUUSD,BUY_closed,0.30,4714.41000,15.90,0.00,0.00,15.90,CDD_DIV peak=$15.90 now=$15.90 window=60s
2026.05.08 13:08:44,45911022,51414437,XAUUSD,BUY_closed,0.30,4714.41000,15.90,0.00,0.00,15.90,ShanoExit:CDD_DIV peak=$15.90 n
2026.05.08 13:11:03,45911120,51414745,XAUUSD,BUY_closed,0.30,4713.41000,-34.20,0.00,0.00,-34.20,EMERGENCY_CLOSE
2026.05.08 13:11:03,45911121,51414746,XAUUSD,BUY_closed,0.30,4713.34000,-35.70,0.00,0.00,-35.70,EMERGENCY_CLOSE
2026.05.08 19:10:12,45965395,51470497,XAUUSD,BUY_closed,0.30,4708.44000,21.60,0.00,0.00,21.60,ShanoExit:TRAIL peak=$32.10 now
2026.05.08 19:10:12,0,51470497,XAUUSD,BUY_closed,0.30,4708.49000,23.10,0.00,0.00,23.10,TRAIL peak=$32.10 now=$23.10 drop=$9.00
2026.05.08 19:28:43,0,51471871,XAUUSD,BUY_closed,0.30,4715.97000,17.40,0.00,0.00,17.40,TRAIL peak=$23.40 now=$17.40 drop=$6.00
2026.05.08 19:29:54,45966743,51471891,XAUUSD,BUY_closed,0.30,4717.51000,30.60,0.00,0.00,30.60,ShanoExit:TRAIL peak=$30.60 now
2026.05.08 19:29:54,0,51471891,XAUUSD,BUY_closed,0.30,4717.28000,23.70,0.00,0.00,23.70,TRAIL peak=$30.60 now=$23.70 drop=$6.90
2026.05.08 19:30:53,45967010,51472178,XAUUSD,BUY_closed,0.30,4717.23000,-62.10,0.00,0.00,-62.10,ShanoExit:FEAR_IDEAL lot=0.30 l
2026.05.08 19:30:53,0,51472178,XAUUSD,BUY_closed,0.30,4717.25000,-61.50,0.00,0.00,-61.50,FEAR_IDEAL lot=0.30 loss=$-61.50 <= -$60 (today_bigL=7)
2026.05.08 19:30:53,0,51472147,XAUUSD,BUY_closed,0.30,4717.11000,-60.90,0.00,0.00,-60.90,FEAR_IDEAL lot=0.30 loss=$-60.90 <= -$60 (today_bigL=8)
2026.05.08 19:31:44,45967049,51472254,XAUUSD,BUY_closed,0.30,4717.87000,6.60,0.00,0.00,6.60,ShanoExit:CDD_DIV peak=$15.60 n
2026.05.08 19:31:44,0,51472254,XAUUSD,BUY_closed,0.30,4717.87000,6.60,0.00,0.00,6.60,CDD_DIV peak=$15.60 now=$6.60 window=60s
2026.05.08 19:33:26,45967153,51472276,XAUUSD,BUY_closed,0.30,4720.05000,33.90,0.00,0.00,33.90,ShanoExit:TRAIL peak=$39.90 now
2026.05.08 19:33:26,0,51472276,XAUUSD,BUY_closed,0.30,4720.05000,33.90,0.00,0.00,33.90,TRAIL peak=$39.90 now=$33.90 drop=$6.00
2026.05.08 19:34:30,45967206,51472378,XAUUSD,BUY_closed,0.30,4718.04000,-60.90,0.00,0.00,-60.90,ShanoExit:FEAR_IDEAL lot=0.30 l
2026.05.08 19:34:30,0,51472378,XAUUSD,BUY_closed,0.30,4718.04000,-60.90,0.00,0.00,-60.90,FEAR_IDEAL lot=0.30 loss=$-60.90 <= -$60 (today_bigL=9)
2026.05.08 19:35:49,45967331,51472436,XAUUSD,BUY_closed,0.30,4715.92000,-61.50,0.00,0.00,-61.50,ShanoExit:FEAR_IDEAL lot=0.30 l
2026.05.08 19:35:49,0,51472436,XAUUSD,BUY_closed,0.30,4715.92000,-61.50,0.00,0.00,-61.50,FEAR_IDEAL lot=0.30 loss=$-61.50 <= -$60 (today_bigL=10)
2026.05.08 19:36:34,0,51472624,XAUUSD,BUY_closed,0.30,4717.56000,26.40,0.00,0.00,26.40,TRAIL peak=$35.40 now=$26.40 drop=$9.00
2026.05.08 19:36:34,0,51472548,XAUUSD,BUY_closed,0.30,4717.55000,15.90,0.00,0.00,15.90,TRAIL peak=$25.20 now=$16.20 drop=$9.00
2026.05.08 19:37:33,45967439,51472655,XAUUSD,BUY_closed,0.30,4717.97000,21.00,0.00,0.00,21.00,ShanoExit:TRAIL peak=$28.50 now
2026.05.08 19:37:33,0,51472655,XAUUSD,BUY_closed,0.30,4717.97000,21.00,0.00,0.00,21.00,TRAIL peak=$28.50 now=$21.00 drop=$7.50
2026.05.08 19:40:21,45967494,51472709,XAUUSD,BUY_closed,0.30,4717.12000,29.70,0.00,0.00,29.70,ShanoExit:TRAIL peak=$36.00 now
2026.05.08 19:40:21,0,51472709,XAUUSD,BUY_closed,0.30,4717.12000,29.70,0.00,0.00,29.70,TRAIL peak=$36.00 now=$29.70 drop=$6.30
2026.05.08 19:41:14,45967499,51472729,XAUUSD,BUY_closed,0.30,4715.48000,-61.20,0.00,0.00,-61.20,ShanoExit:FEAR_IDEAL lot=0.30 l
2026.05.08 19:41:14,0,51472729,XAUUSD,BUY_closed,0.30,4715.49000,-60.90,0.00,0.00,-60.90,FEAR_IDEAL lot=0.30 loss=$-60.90 <= -$60 (today_bigL=11)
2026.05.08 19:41:29,45967553,51472679,XAUUSD,BUY_closed,0.30,4714.80000,-60.60,0.00,0.00,-60.60,ShanoExit:FEAR_IDEAL lot=0.30 l
2026.05.08 19:41:29,0,51472679,XAUUSD,BUY_closed,0.30,4714.82000,-60.00,0.00,0.00,-60.00,FEAR_IDEAL lot=0.30 loss=$-60.00 <= -$60 (today_bigL=12)
2026.05.08 19:44:58,45967789,51472783,XAUUSD,BUY_closed,0.30,4713.45000,-59.40,0.00,0.00,-59.40,ShanoExit:FEAR_IDEAL lot=0.30 l
2026.05.08 19:44:58,0,51472783,XAUUSD,BUY_closed,0.30,4713.41000,-60.60,0.00,0.00,-60.60,FEAR_IDEAL lot=0.30 loss=$-60.60 <= -$60 (today_bigL=13)
2026.05.11 08:03:06,0,51546349,XAUUSD,SELL_closed,0.30,4675.89000,-60.00,0.00,0.00,-60.00,FEAR_IDEAL lot=0.30 loss=$-60.00 <= -$60 (today_bigL=1)
2026.05.11 12:41:35,0,51576923,XAUUSD,BUY_closed,0.30,4657.34000,-62.40,0.00,0.00,-62.40,FEAR_IDEAL lot=0.30 loss=$-62.40 <= -$60 (today_bigL=2)
2026.05.11 14:36:46,0,51585021,XAUUSD,BUY_closed,0.01,4672.67000,2.35,0.00,0.00,2.35,PROBE_TRAIL pnl=$2.35 peak=$3.36 drop=$1.01 (filter likely blocked main)
2026.05.11 14:36:47,0,51585020,XAUUSD,BUY_closed,0.01,4672.67000,2.38,0.00,0.00,2.38,PROBE_TRAIL pnl=$2.38 peak=$3.39 drop=$1.01 (filter likely blocked main)
2026.05.13 05:50:02,46319498,51834585,XAUUSD,BUY_closed,0.10,4697.05000,4.30,0.00,0.00,4.30,
2026.05.13 05:50:18,46319568,51834584,XAUUSD,BUY_closed,0.10,4694.05000,-25.70,0.00,0.00,-25.70,[sl 4694.07]
2026.05.13 05:51:08,46319687,51834753,XAUUSD,SELL_closed,0.10,4692.56000,4.70,0.00,0.00,4.70,
2026.05.13 05:53:24,46319865,51834752,XAUUSD,SELL_closed,0.10,4692.47000,5.60,0.00,0.00,5.60,ShanoExit:CDD_DIV peak=$5.90 no
2026.05.13 05:53:24,0,51834752,XAUUSD,SELL_closed,0.10,4692.44000,5.90,0.00,0.00,5.90,CDD_DIV peak=$5.90 now=$5.90 window=60s
2026.05.13 05:59:08,46320929,51836067,XAUUSD,BUY_closed,0.10,4692.95000,0.20,0.00,0.00,0.20,
2026.05.13 06:02:01,46321072,51836217,XAUUSD,SELL_closed,0.10,4690.79000,0.70,0.00,0.00,0.70,
2026.05.13 06:02:27,46321133,51836066,XAUUSD,BUY_closed,0.10,4689.72000,-32.10,0.00,0.00,-32.10,[sl 4689.80]
2026.05.13 06:02:56,46321208,51836216,XAUUSD,SELL_closed,0.10,4689.37000,14.90,0.00,0.00,14.90,ShanoExit:CDD_DIV peak=$14.00 n
2026.05.13 06:02:56,0,51836216,XAUUSD,SELL_closed,0.10,4689.50000,13.60,0.00,0.00,13.60,CDD_DIV peak=$14.00 now=$13.60 window=60s
2026.05.13 06:10:14,46321695,51836847,XAUUSD,SELL_closed,0.10,4689.50000,1.20,0.00,0.00,1.20,
2026.05.13 06:12:54,46321827,51836846,XAUUSD,SELL_closed,0.10,4692.60000,-29.80,0.00,0.00,-29.80,
2026.05.13 06:13:04,46321837,51837011,XAUUSD,BUY_closed,0.10,4692.71000,1.50,0.00,0.00,1.50,
2026.05.13 06:15:54,46322090,51837264,XAUUSD,SELL_closed,0.10,4693.93000,-15.90,0.00,0.00,-15.90,[sl 4693.76]
2026.05.13 06:18:12,46322163,51837369,XAUUSD,SELL_closed,0.10,4691.72000,-0.80,0.00,0.00,-0.80,
2026.05.13 06:21:18,46322585,51837754,XAUUSD,BUY_closed,0.10,4695.97000,0.20,0.00,0.00,0.20,
2026.05.13 06:33:42,46324634,51839833,XAUUSD,SELL_closed,0.10,4702.64000,-21.00,0.00,0.00,-21.00,[sl 4702.55]
2026.05.13 06:44:37,46325671,51840998,XAUUSD,SELL_closed,0.10,4703.59000,0.70,0.00,0.00,0.70,
2026.05.13 06:46:28,46325845,51841173,XAUUSD,SELL_closed,0.10,4704.89000,-21.00,0.00,0.00,-21.00,[sl 4704.74]
2026.05.13 06:49:48,46325995,51841297,XAUUSD,SELL_closed,0.10,4702.60000,-0.30,0.00,0.00,-0.30,
2026.05.13 06:53:06,46326704,51842012,XAUUSD,SELL_closed,0.10,4699.02000,4.10,0.00,0.00,4.10,
2026.05.13 07:00:02,46327489,51842877,XAUUSD,BUY_closed,0.10,4696.87000,6.80,0.00,0.00,6.80,
2026.05.13 07:13:07,46328235,51843644,XAUUSD,BUY_closed,0.10,4698.46000,3.40,0.00,0.00,3.40,
2026.05.13 07:14:51,46328247,51843689,XAUUSD,BUY_closed,0.10,4698.37000,2.00,0.00,0.00,2.00,
2026.05.13 07:18:31,46328694,51844100,XAUUSD,BUY_closed,0.10,4701.08000,4.90,0.00,0.00,4.90,
2026.05.13 07:25:39,46329172,51844605,XAUUSD,SELL_closed,0.10,4701.25000,1.20,0.00,0.00,1.20,
2026.05.13 07:31:26,46329352,51844715,XAUUSD,SELL_closed,0.10,4702.92000,-25.30,0.00,0.00,-25.30,[sl 4702.92]
2026.05.13 07:34:32,46329530,51845008,XAUUSD,SELL_closed,0.10,4700.99000,1.20,0.00,0.00,1.20,
2026.05.13 07:36:18,46329753,51845208,XAUUSD,SELL_closed,0.10,4698.90000,1.10,0.00,0.00,1.10,
2026.05.13 08:03:15,46331477,51845990,XAUUSD,SELL_closed,0.10,4702.81000,-52.60,0.00,0.00,-52.60,[sl 4702.37]
2026.05.13 08:03:51,46331595,51847046,XAUUSD,BUY_closed,0.10,4703.71000,9.00,0.00,0.00,9.00,
2026.05.13 08:08:12,46332002,51847543,XAUUSD,SELL_closed,0.10,4705.34000,1.30,0.00,0.00,1.30,
2026.05.13 08:11:07,46332143,51847715,XAUUSD,BUY_closed,0.10,4705.65000,2.90,0.00,0.00,2.90,
2026.05.13 08:13:11,46332316,51847828,XAUUSD,BUY_closed,0.10,4705.18000,-19.20,0.00,0.00,-19.20,[sl 4705.24]
2026.05.13 08:17:05,46332481,51848059,XAUUSD,SELL_closed,0.10,4703.29000,4.10,0.00,0.00,4.10,
2026.05.13 08:18:11,46332600,51848156,XAUUSD,SELL_closed,0.10,4702.98000,0.70,0.00,0.00,0.70,
2026.05.13 08:24:30,46333100,51848615,XAUUSD,BUY_closed,0.10,4700.83000,-29.70,0.00,0.00,-29.70,[sl 4700.83]
2026.05.13 08:24:32,46333150,51848714,XAUUSD,SELL_closed,0.10,4700.61000,2.20,0.00,0.00,2.20,
2026.05.13 08:25:21,46333353,51848948,XAUUSD,SELL_closed,0.10,4699.28000,1.60,0.00,0.00,1.60,
2026.05.13 08:34:12,46334863,51850459,XAUUSD,BUY_closed,0.10,4702.48000,7.00,0.00,0.00,7.00,
2026.05.13 08:42:01,46335273,51850927,XAUUSD,SELL_closed,0.10,4699.75000,2.90,0.00,0.00,2.90,
2026.05.13 08:44:35,46335487,51851092,XAUUSD,SELL_closed,0.10,4698.17000,6.50,0.00,0.00,6.50,
2026.05.13 08:52:05,46336460,51852088,XAUUSD,BUY_closed,0.10,4700.98000,2.20,0.00,0.00,2.20,
2026.05.13 08:56:23,46336609,51852302,XAUUSD,BUY_closed,0.10,4700.68000,0.70,0.00,0.00,0.70,
2026.05.13 08:58:19,46336799,51852470,XAUUSD,BUY_closed,0.10,4702.28000,3.00,0.00,0.00,3.00,
2026.05.13 08:59:12,46336996,51852631,XAUUSD,BUY_closed,0.10,4704.10000,2.20,0.00,0.00,2.20,
2026.05.13 09:04:20,46337520,51853214,XAUUSD,SELL_closed,0.10,4707.32000,-29.60,0.00,0.00,-29.60,[sl 4706.92]
2026.05.13 09:07:09,46337997,51853729,XAUUSD,SELL_closed,0.10,4708.76000,0.50,0.00,0.00,0.50,
2026.05.13 09:20:00,46339341,51855115,XAUUSD,SELL_closed,0.10,4713.12000,-3.40,0.00,0.00,-3.40,
2026.05.13 09:21:03,46339546,51855292,XAUUSD,SELL_closed,0.10,4710.21000,1.80,0.00,0.00,1.80,
2026.05.13 09:27:29,46340180,51855875,XAUUSD,SELL_closed,0.10,4707.25000,5.90,0.00,0.00,5.90,
2026.05.13 09:44:03,46341381,51856026,XAUUSD,SELL_closed,0.10,4713.47000,-61.30,0.00,0.00,-61.30,[sl 4713.47]
2026.05.13 09:46:43,46341752,51857216,XAUUSD,BUY_closed,0.10,4707.67000,-60.20,0.00,0.00,-60.20,[sl 4707.76]
2026.05.13 09:46:56,46341806,51857606,XAUUSD,SELL_closed,0.10,4707.68000,1.10,0.00,0.00,1.10,
2026.05.13 09:47:42,46341852,51857655,XAUUSD,SELL_closed,0.10,4707.81000,0.80,0.00,0.00,0.80,
2026.05.13 09:50:26,46341974,51857795,XAUUSD,BUY_closed,0.10,4707.32000,-20.00,0.00,0.00,-20.00,[sl 4707.40]
2026.05.13 09:52:24,46342309,51858081,XAUUSD,SELL_closed,0.10,4705.86000,2.70,0.00,0.00,2.70,
2026.05.13 09:53:08,46342596,51858406,XAUUSD,SELL_closed,0.10,4703.77000,0.60,0.00,0.00,0.60,
2026.05.13 10:00:03,46343471,51859292,XAUUSD,BUY_closed,0.10,4702.70000,7.40,0.00,0.00,7.40,
2026.05.13 10:05:17,46344423,51860280,XAUUSD,SELL_closed,0.10,4701.16000,-0.50,0.00,0.00,-0.50,
2026.05.13 10:08:01,46344682,51860573,XAUUSD,SELL_closed,0.10,4699.71000,0.30,0.00,0.00,0.30,
2026.05.13 10:15:15,46345709,51861505,XAUUSD,BUY_closed,0.10,4703.34000,-0.60,0.00,0.00,-0.60,
2026.05.13 10:16:00,46346074,51861997,XAUUSD,BUY_closed,0.10,4706.05000,0.20,0.00,0.00,0.20,
2026.05.13 10:19:18,46346376,51862228,XAUUSD,BUY_closed,0.10,4706.73000,-0.80,0.00,0.00,-0.80,
2026.05.13 10:21:05,46346560,51862473,XAUUSD,BUY_closed,0.10,4708.27000,5.00,0.00,0.00,5.00,
2026.05.13 10:23:21,46346726,51862667,XAUUSD,SELL_closed,0.10,4704.95000,-0.40,0.00,0.00,-0.40,
2026.05.13 10:35:03,46347449,51863427,XAUUSD,BUY_closed,0.10,4706.54000,1.70,0.00,0.00,1.70,
2026.05.13 10:37:51,46347542,51863478,XAUUSD,BUY_closed,0.10,4705.40000,-24.90,0.00,0.00,-24.90,[sl 4705.50]
2026.05.13 10:38:07,46347572,51863553,XAUUSD,SELL_closed,0.10,4705.25000,0.50,0.00,0.00,0.50,
2026.05.13 10:46:46,46347923,51863709,XAUUSD,SELL_closed,0.10,4703.47000,0.70,0.00,0.00,0.70,
2026.05.13 11:03:26,46349218,51865220,XAUUSD,BUY_closed,0.10,4704.18000,0.60,0.00,0.00,0.60,
2026.05.13 11:05:30,46349445,51865453,XAUUSD,SELL_closed,0.10,4701.19000,0.20,0.00,0.00,0.20,
2026.05.13 11:12:44,46350067,51865840,XAUUSD,SELL_closed,0.10,4699.44000,-0.60,0.00,0.00,-0.60,
2026.05.13 11:25:14,46350590,51866478,XAUUSD,SELL_closed,0.10,4698.87000,1.20,0.00,0.00,1.20,
2026.05.13 11:30:52,46351341,51867377,XAUUSD,BUY_closed,0.10,4695.31000,-20.80,0.00,0.00,-20.80,[sl 4695.33]
2026.05.13 11:39:17,46351902,51868024,XAUUSD,BUY_closed,0.10,4699.73000,2.50,0.00,0.00,2.50,
2026.05.13 11:55:14,46352992,51869088,XAUUSD,BUY_closed,0.10,4700.72000,-2.30,0.00,0.00,-2.30,
2026.05.13 12:07:03,46354278,51870097,XAUUSD,SELL_closed,0.10,4698.35000,1.70,0.00,0.00,1.70,
2026.05.13 12:10:04,46354424,51870566,XAUUSD,SELL_closed,0.10,4698.39000,1.60,0.00,0.00,1.60,
2026.05.13 12:10:27,46354448,51870649,XAUUSD,SELL_closed,0.10,4698.16000,0.50,0.00,0.00,0.50,
2026.05.13 12:12:06,46354738,51870940,XAUUSD,SELL_closed,0.10,4697.04000,2.00,0.00,0.00,2.00,
2026.05.13 12:26:04,46356467,51872729,XAUUSD,BUY_closed,0.10,4688.09000,4.20,0.00,0.00,4.20,
2026.05.13 12:33:00,46357576,51873871,XAUUSD,BUY_closed,0.10,4691.71000,4.60,0.00,0.00,4.60,
2026.05.13 12:42:07,46358152,51874471,XAUUSD,BUY_closed,0.10,4692.28000,0.20,0.00,0.00,0.20,
2026.05.13 12:44:13,46358351,51874657,XAUUSD,BUY_closed,0.10,4693.72000,0.50,0.00,0.00,0.50,
2026.05.13 12:48:33,46358579,51874896,XAUUSD,SELL_closed,0.10,4694.69000,-12.30,0.00,0.00,-12.30,[sl 4694.46]
2026.05.13 12:50:04,46358843,51875160,XAUUSD,BUY_closed,0.10,4697.10000,0.30,0.00,0.00,0.30,
2026.05.13 13:06:41,46359804,51876168,XAUUSD,BUY_closed,0.10,4699.81000,1.50,0.00,0.00,1.50,
2026.05.13 13:15:07,46361761,51878140,XAUUSD,SELL_closed,0.10,4702.31000,0.70,0.00,0.00,0.70,
2026.05.13 13:22:04,46362453,51878877,XAUUSD,BUY_closed,0.10,4704.75000,3.10,0.00,0.00,3.10,
2026.05.13 13:24:00,46362720,51879082,XAUUSD,BUY_closed,0.10,4702.87000,-29.10,0.00,0.00,-29.10,
2026.05.13 13:27:00,46362976,51879404,XAUUSD,SELL_closed,0.10,4700.34000,2.60,0.00,0.00,2.60,
2026.05.13 13:28:12,46363127,51879536,XAUUSD,SELL_closed,0.10,4699.07000,11.20,0.00,0.00,11.20,
2026.05.13 13:39:03,46363919,51880404,XAUUSD,SELL_closed,0.10,4695.60000,0.50,0.00,0.00,0.50,
2026.05.13 13:45:00,46364235,51880672,XAUUSD,SELL_closed,0.10,4695.90000,-15.50,0.00,0.00,-15.50,
2026.05.13 14:08:11,46365416,51881967,XAUUSD,BUY_closed,0.10,4694.84000,7.30,0.00,0.00,7.30,
2026.05.13 14:24:00,46366879,51883448,XAUUSD,BUY_closed,0.10,4699.04000,-16.10,0.00,0.00,-16.10,
2026.05.13 14:26:02,46366999,51883601,XAUUSD,SELL_closed,0.10,4697.76000,2.00,0.00,0.00,2.00,
2026.05.13 14:28:00,46367115,51883699,XAUUSD,BUY_closed,0.10,4699.09000,-6.00,0.00,0.00,-6.00,
2026.05.13 14:41:00,46368194,51884788,XAUUSD,BUY_closed,0.10,4704.28000,-7.80,0.00,0.00,-7.80,
2026.05.13 14:42:12,46368324,51884928,XAUUSD,SELL_closed,0.10,4701.52000,3.50,0.00,0.00,3.50,
2026.05.13 14:49:55,46368681,51885315,XAUUSD,SELL_closed,0.10,4703.26000,0.20,0.00,0.00,0.20,
2026.05.13 14:54:00,46368942,51885598,XAUUSD,SELL_closed,0.10,4700.84000,-2.30,0.00,0.00,-2.30,
2026.05.13 14:59:00,46369391,51886020,XAUUSD,BUY_closed,0.10,4698.04000,-15.20,0.00,0.00,-15.20,
2026.05.13 15:00:36,46369511,51886124,XAUUSD,SELL_closed,0.10,4696.92000,1.80,0.00,0.00,1.80,
2026.05.13 15:03:03,46369914,51886620,XAUUSD,BUY_closed,0.10,4697.95000,1.10,0.00,0.00,1.10,
2026.05.13 15:09:00,46370483,51887193,XAUUSD,BUY_closed,0.10,4699.65000,-9.40,0.00,0.00,-9.40,
2026.05.13 15:11:05,46370832,51887560,XAUUSD,SELL_closed,0.10,4697.31000,2.00,0.00,0.00,2.00,
2026.05.13 15:14:33,46371007,51887734,XAUUSD,SELL_closed,0.10,4695.90000,1.90,0.00,0.00,1.90,
2026.05.13 15:19:07,46371911,51888643,XAUUSD,BUY_closed,0.10,4694.14000,1.10,0.00,0.00,1.10,
2026.05.13 15:27:05,46373442,51890188,XAUUSD,SELL_closed,0.10,4685.63000,1.40,0.00,0.00,1.40,
2026.05.13 15:35:03,46375741,51892512,XAUUSD,BUY_closed,0.10,4682.79000,2.50,0.00,0.00,2.50,
2026.05.13 15:38:04,46376584,51893365,XAUUSD,SELL_closed,0.10,4677.97000,1.80,0.00,0.00,1.80,
2026.05.13 15:42:00,46377106,51893899,XAUUSD,BUY_closed,0.10,4682.85000,2.80,0.00,0.00,2.80,
2026.05.13 15:45:08,46377693,51894458,XAUUSD,BUY_closed,0.10,4683.85000,2.60,0.00,0.00,2.60,
2026.05.13 15:48:00,46378110,51894840,XAUUSD,SELL_closed,0.10,4681.14000,-23.30,0.00,0.00,-23.30,
2026.05.13 15:50:38,46378339,51895147,XAUUSD,SELL_closed,0.10,4683.35000,-31.70,0.00,0.00,-31.70,[sl 4683.27]
2026.05.13 15:51:19,46378490,51895269,XAUUSD,BUY_closed,0.10,4684.97000,4.10,0.00,0.00,4.10,
2026.05.13 15:56:07,46379012,51895849,XAUUSD,SELL_closed,0.10,4679.95000,0.70,0.00,0.00,0.70,
2026.05.13 16:01:01,46379816,51896658,XAUUSD,BUY_closed,0.10,4688.63000,-1.30,0.00,0.00,-1.30,
2026.05.13 16:07:01,46380463,51897342,XAUUSD,BUY_closed,0.10,4688.48000,0.80,0.00,0.00,0.80,
2026.05.13 16:09:06,46380519,51897393,XAUUSD,SELL_closed,0.10,4687.06000,1.50,0.00,0.00,1.50,
2026.05.13 16:13:04,46380747,51897638,XAUUSD,BUY_closed,0.10,4688.65000,0.90,0.00,0.00,0.90,
2026.05.13 16:16:00,46381100,51897940,XAUUSD,BUY_closed,0.10,4688.85000,-12.00,0.00,0.00,-12.00,
2026.05.13 16:17:28,46381212,51898090,XAUUSD,SELL_closed,0.10,4686.71000,2.20,0.00,0.00,2.20,
2026.05.13 16:19:59,46381494,51898322,XAUUSD,BUY_closed,0.10,4692.19000,4.00,0.00,0.00,4.00,
2026.05.13 16:24:04,46381893,51898810,XAUUSD,BUY_closed,0.10,4693.34000,0.30,0.00,0.00,0.30,
2026.05.13 16:35:00,46383742,51900692,XAUUSD,SELL_closed,0.10,4684.01000,-0.10,0.00,0.00,-0.10,
2026.05.13 16:43:02,46386080,51903048,XAUUSD,BUY_closed,0.10,4683.25000,9.70,0.00,0.00,9.70,
2026.05.13 16:54:02,46388601,51905586,XAUUSD,BUY_closed,0.10,4679.45000,1.70,0.00,0.00,1.70,
2026.05.13 16:59:00,46389308,51906306,XAUUSD,BUY_closed,0.10,4681.10000,-12.90,0.00,0.00,-12.90,
2026.05.13 17:01:02,46389782,51906792,XAUUSD,SELL_closed,0.10,4674.98000,1.40,0.00,0.00,1.40,
2026.05.13 17:06:01,46390557,51907595,XAUUSD,BUY_closed,0.10,4678.29000,2.70,0.00,0.00,2.70,
2026.05.13 17:09:00,46391213,51908081,XAUUSD,BUY_closed,0.10,4679.63000,-10.70,0.00,0.00,-10.70,
2026.05.13 17:17:01,46392001,51909072,XAUUSD,SELL_closed,0.10,4679.53000,0.90,0.00,0.00,0.90,
2026.05.13 17:18:04,46392290,51909342,XAUUSD,SELL_closed,0.10,4677.14000,0.70,0.00,0.00,0.70,
2026.05.13 17:19:38,46392511,51909551,XAUUSD,SELL_closed,0.10,4674.91000,1.30,0.00,0.00,1.30,
2026.05.13 17:20:02,46392604,51909675,XAUUSD,SELL_closed,0.10,4674.02000,0.70,0.00,0.00,0.70,
2026.05.13 17:25:08,46393292,51910348,XAUUSD,BUY_closed,0.10,4683.28000,12.50,0.00,0.00,12.50,
2026.05.13 17:26:02,46393503,51910599,XAUUSD,BUY_closed,0.10,4683.83000,1.20,0.00,0.00,1.20,
2026.05.13 17:32:02,46394062,51911216,XAUUSD,BUY_closed,0.10,4688.76000,1.20,0.00,0.00,1.20,
2026.05.13 17:37:03,46394624,51911780,XAUUSD,SELL_closed,0.10,4686.86000,5.40,0.00,0.00,5.40,
2026.05.13 17:45:20,46395490,51912555,XAUUSD,SELL_closed,0.10,4682.63000,13.90,0.00,0.00,13.90,
2026.05.13 17:54:04,46396917,51914197,XAUUSD,BUY_closed,0.10,4681.30000,0.30,0.00,0.00,0.30,
2026.05.13 17:58:04,46397190,51914476,XAUUSD,BUY_closed,0.10,4681.99000,-0.10,0.00,0.00,-0.10,
2026.05.13 18:03:07,46397811,51915113,XAUUSD,BUY_closed,0.10,4685.93000,3.70,0.00,0.00,3.70,
2026.05.13 18:06:58,46398162,51915424,XAUUSD,SELL_closed,0.10,4685.76000,-36.70,0.00,0.00,-36.70,[sl 4685.75]
2026.05.13 18:07:10,46398191,51915517,XAUUSD,BUY_closed,0.10,4685.32000,1.30,0.00,0.00,1.30,
2026.05.13 18:09:01,46398445,51915789,XAUUSD,BUY_closed,0.10,4687.97000,0.30,0.00,0.00,0.30,
2026.05.13 18:13:00,46399048,51916352,XAUUSD,SELL_closed,0.10,4687.38000,-8.60,0.00,0.00,-8.60,
2026.05.13 18:17:00,46399313,51916673,XAUUSD,SELL_closed,0.10,4686.25000,1.30,0.00,0.00,1.30,
2026.05.13 18:23:25,46399574,51916942,XAUUSD,BUY_closed,0.10,4688.76000,2.70,0.00,0.00,2.70,
2026.05.13 18:49:04,46401865,51919314,XAUUSD,SELL_closed,0.10,4697.07000,1.90,0.00,0.00,1.90,
2026.05.13 18:58:00,46402443,51919891,XAUUSD,BUY_closed,0.10,4696.41000,-10.00,0.00,0.00,-10.00,
2026.05.13 18:59:13,46402506,51919984,XAUUSD,SELL_closed,0.10,4694.83000,4.90,0.00,0.00,4.90,
2026.05.13 19:03:13,46402806,51920297,XAUUSD,BUY_closed,0.10,4698.92000,0.20,0.00,0.00,0.20,
2026.05.13 19:13:01,46403539,51921098,XAUUSD,SELL_closed,0.10,4699.56000,0.70,0.00,0.00,0.70,
2026.05.13 19:15:13,46403671,51921203,XAUUSD,BUY_closed,0.10,4702.47000,2.20,0.00,0.00,2.20,
2026.05.13 19:24:02,46404328,51921923,XAUUSD,BUY_closed,0.10,4703.69000,1.40,0.00,0.00,1.40,
2026.05.13 19:27:43,46405173,51922695,XAUUSD,SELL_closed,0.10,4707.64000,-38.10,0.00,0.00,-38.10,[sl 4707.63]
2026.05.13 19:41:10,46406169,51923821,XAUUSD,SELL_closed,0.10,4700.76000,0.90,0.00,0.00,0.90,
2026.05.13 19:46:00,46406403,51924007,XAUUSD,SELL_closed,0.10,4701.24000,-11.80,0.00,0.00,-11.80,
2026.05.13 19:48:00,46406651,51924283,XAUUSD,SELL_closed,0.10,4700.70000,-11.80,0.00,0.00,-11.80,
2026.05.13 19:57:20,46407310,51925007,XAUUSD,SELL_closed,0.10,4697.46000,-14.90,0.00,0.00,-14.90,[sl 4697.42]
2026.05.13 20:03:00,46407539,51925254,XAUUSD,BUY_closed,0.10,4698.05000,-6.40,0.00,0.00,-6.40,
2026.05.13 20:05:00,46407621,51925317,XAUUSD,BUY_closed,0.10,4696.83000,-26.10,0.00,0.00,-26.10,
2026.05.13 20:13:00,46407827,51925573,XAUUSD,SELL_closed,0.10,4699.56000,-9.50,0.00,0.00,-9.50,
2026.05.13 20:14:02,46407900,51925612,XAUUSD,BUY_closed,0.10,4700.81000,2.70,0.00,0.00,2.70,
2026.05.13 20:18:00,46408171,51925931,XAUUSD,SELL_closed,0.10,4697.84000,-4.00,0.00,0.00,-4.00,
2026.05.13 20:20:08,46408274,51926055,XAUUSD,BUY_closed,0.10,4700.33000,2.30,0.00,0.00,2.30,
2026.05.13 20:24:00,46408497,51926250,XAUUSD,BUY_closed,0.10,4699.76000,-16.30,0.00,0.00,-16.30,
2026.05.13 20:28:02,46408837,51926612,XAUUSD,BUY_closed,0.10,4699.12000,-2.10,0.00,0.00,-2.10,
2026.05.13 20:31:00,46409103,51926892,XAUUSD,SELL_closed,0.10,4696.01000,1.00,0.00,0.00,1.00,
2026.05.13 20:48:00,46410210,51927977,XAUUSD,BUY_closed,0.10,4691.69000,-27.80,0.00,0.00,-27.80,
2026.05.13 20:50:00,46410393,51928238,XAUUSD,SELL_closed,0.10,4691.46000,-8.70,0.00,0.00,-8.70,
2026.05.13 20:54:06,46410496,51928317,XAUUSD,SELL_closed,0.10,4689.86000,8.70,0.00,0.00,8.70,
2026.05.13 21:02:12,46411411,51929278,XAUUSD,BUY_closed,0.10,4688.14000,-1.90,0.00,0.00,-1.90,
2026.05.13 21:05:02,46411598,51929484,XAUUSD,SELL_closed,0.10,4688.01000,-0.80,0.00,0.00,-0.80,
2026.05.13 21:06:10,46411705,51929620,XAUUSD,BUY_closed,0.10,4689.71000,0.50,0.00,0.00,0.50,
2026.05.13 21:19:00,46412516,51930441,XAUUSD,SELL_closed,0.10,4690.85000,-3.00,0.00,0.00,-3.00,
2026.05.13 21:28:09,46412829,51930774,XAUUSD,BUY_closed,0.10,4691.70000,0.50,0.00,0.00,0.50,
2026.05.13 21:31:04,46412980,51930948,XAUUSD,SELL_closed,0.10,4692.21000,-6.60,0.00,0.00,-6.60,[sl 4692.20]
2026.05.13 21:36:15,46413304,51931224,XAUUSD,SELL_closed,0.10,4687.76000,5.30,0.00,0.00,5.30,
2026.05.13 21:39:30,46413570,51931541,XAUUSD,BUY_closed,0.10,4689.74000,1.30,0.00,0.00,1.30,
2026.05.13 21:44:00,46413828,51931792,XAUUSD,SELL_closed,0.10,4686.91000,6.50,0.00,0.00,6.50,
2026.05.13 21:45:23,46414046,51931988,XAUUSD,SELL_closed,0.10,4686.99000,-8.90,0.00,0.00,-8.90,
2026.05.13 21:51:47,46415213,51933128,XAUUSD,BUY_closed,0.10,4683.23000,8.80,0.00,0.00,8.80,[sl 4683.24]
2026.05.13 21:52:00,46415233,51933257,XAUUSD,BUY_closed,0.10,4683.03000,-4.10,0.00,0.00,-4.10,
2026.05.13 21:52:19,46415285,51933281,XAUUSD,BUY_closed,0.10,4683.56000,3.40,0.00,0.00,3.40,[sl 4683.63]
2026.05.13 21:52:40,46415312,51933331,XAUUSD,BUY_closed,0.10,4683.82000,0.60,0.00,0.00,0.60,[sl 4683.82]
2026.05.13 21:53:00,46415355,51933357,XAUUSD,BUY_closed,0.10,4683.53000,-4.70,0.00,0.00,-4.70,
2026.05.13 21:53:17,46415362,51933401,XAUUSD,BUY_closed,0.10,4683.59000,1.10,0.00,0.00,1.10,[sl 4683.60]
2026.05.13 21:53:28,46415367,51933408,XAUUSD,BUY_closed,0.10,4683.85000,0.50,0.00,0.00,0.50,[sl 4683.90]
2026.05.13 21:53:52,46415379,51933412,XAUUSD,BUY_closed,0.10,4684.33000,3.10,0.00,0.00,3.10,[sl 4684.35]
2026.05.13 21:53:55,46415479,51933426,XAUUSD,BUY_closed,0.10,4684.69000,2.10,0.00,0.00,2.10,
2026.05.13 21:53:59,46415500,51933521,XAUUSD,BUY_closed,0.10,4685.04000,2.30,0.00,0.00,2.30,[sl 4685.12]
2026.05.13 21:54:00,46415511,51933549,XAUUSD,BUY_closed,0.10,4685.04000,-2.20,0.00,0.00,-2.20,
2026.05.13 21:54:21,46415631,51933565,XAUUSD,BUY_closed,0.10,4686.65000,14.30,0.00,0.00,14.30,
2026.05.13 21:54:24,46415668,51933709,XAUUSD,BUY_closed,0.10,4686.88000,0.50,0.00,0.00,0.50,[sl 4687.01]
2026.05.13 21:55:00,46415715,51933723,XAUUSD,BUY_closed,0.10,4686.70000,-3.80,0.00,0.00,-3.80,
2026.05.13 21:56:00,46415746,51933768,XAUUSD,BUY_closed,0.10,4685.84000,-9.90,0.00,0.00,-9.90,
2026.05.13 21:58:32,46415788,51933848,XAUUSD,BUY_closed,0.10,4686.95000,-3.10,0.00,0.00,-3.10,
2026.05.13 21:59:00,46415825,51933859,XAUUSD,BUY_closed,0.10,4685.16000,-19.60,0.00,0.00,-19.60,
2026.05.13 21:59:05,46415830,51933858,XAUUSD,BUY_closed,0.10,4684.78000,-23.40,0.00,0.00,-23.40,[sl 4684.88]
2026.05.13 21:59:08,46415845,51933892,XAUUSD,SELL_closed,0.10,4684.81000,3.40,0.00,0.00,3.40,[sl 4684.68]
2026.05.13 22:00:00,46415855,51933912,XAUUSD,SELL_closed,0.10,4685.18000,-5.10,0.00,0.00,-5.10,
2026.05.13 22:02:00,46415887,51933945,XAUUSD,BUY_closed,0.10,4685.36000,-7.70,0.00,0.00,-7.70,
2026.05.13 22:02:26,46415889,51933944,XAUUSD,BUY_closed,0.10,4684.41000,-17.20,0.00,0.00,-17.20,[sl 4684.48]
2026.05.13 22:02:26,46415893,51933891,XAUUSD,SELL_closed,0.10,4684.50000,6.50,0.00,0.00,6.50,ShanoExit:CDD_DIV peak=$6.10 no
2026.05.13 22:02:26,0,51933891,XAUUSD,SELL_closed,0.10,4684.54000,6.10,0.00,0.00,6.10,CDD_DIV peak=$6.10 now=$6.10 window=60s
2026.05.13 22:03:11,46415914,51933984,XAUUSD,SELL_closed,0.10,4684.31000,0.70,0.00,0.00,0.70,[sl 4684.31]
2026.05.13 22:03:16,46415918,51933911,XAUUSD,SELL_closed,0.10,4685.00000,-3.30,0.00,0.00,-3.30,
2026.05.13 22:03:39,46415923,51933995,XAUUSD,SELL_closed,0.10,4684.82000,-0.60,0.00,0.00,-0.60,[sl 4684.70]
2026.05.13 22:04:00,46415926,51934001,XAUUSD,SELL_closed,0.10,4684.93000,-2.50,0.00,0.00,-2.50,
2026.05.13 22:04:48,46415963,51934000,XAUUSD,SELL_closed,0.10,4684.18000,5.00,0.00,0.00,5.00,ShanoExit:CDD_DIV peak=$6.30 no
2026.05.13 22:04:48,0,51934000,XAUUSD,SELL_closed,0.10,4684.16000,5.20,0.00,0.00,5.20,CDD_DIV peak=$6.30 now=$5.20 window=60s
2026.05.13 22:05:14,46415969,51933983,XAUUSD,SELL_closed,0.10,4684.60000,-2.20,0.00,0.00,-2.20,
2026.05.13 22:07:00,46416012,51934079,XAUUSD,SELL_closed,0.10,4684.71000,-12.20,0.00,0.00,-12.20,
2026.05.13 22:08:19,46416045,51934116,XAUUSD,BUY_closed,0.10,4685.85000,1.40,0.00,0.00,1.40,
2026.05.13 22:08:25,46416051,51933992,XAUUSD,SELL_closed,0.10,4686.18000,-17.80,0.00,0.00,-17.80,
2026.05.13 22:08:45,46416065,51934147,XAUUSD,BUY_closed,0.10,4686.34000,1.60,0.00,0.00,1.60,[sl 4686.36]
2026.05.13 22:09:00,46416075,51934160,XAUUSD,BUY_closed,0.10,4686.29000,-2.50,0.00,0.00,-2.50,
2026.05.13 22:09:22,46416092,51934115,XAUUSD,BUY_closed,0.10,4686.48000,7.70,0.00,0.00,7.70,ShanoExit:CDD_DIV peak=$8.50 no
2026.05.13 22:09:22,0,51934115,XAUUSD,BUY_closed,0.10,4686.50000,7.90,0.00,0.00,7.90,CDD_DIV peak=$8.50 now=$7.90 window=60s
2026.05.13 22:09:44,46416096,51934172,XAUUSD,BUY_closed,0.10,4686.55000,0.50,0.00,0.00,0.50,[sl 4686.55]
2026.05.13 22:09:53,46416099,51934141,XAUUSD,BUY_closed,0.10,4686.61000,6.40,0.00,0.00,6.40,ShanoExit:CDD_DIV peak=$6.60 no
2026.05.13 22:09:53,0,51934141,XAUUSD,BUY_closed,0.10,4686.59000,6.20,0.00,0.00,6.20,CDD_DIV peak=$6.60 now=$6.20 window=60s
2026.05.13 22:09:55,46416100,51934140,XAUUSD,BUY_closed,0.10,4686.61000,6.40,0.00,0.00,6.40,ShanoExit:CDD_DIV peak=$6.60 no
2026.05.13 22:09:55,0,51934140,XAUUSD,BUY_closed,0.10,4686.61000,6.40,0.00,0.00,6.40,CDD_DIV peak=$6.60 now=$6.20 window=60s
2026.05.13 22:10:00,46416101,51934192,XAUUSD,BUY_closed,0.10,4686.48000,-2.10,0.00,0.00,-2.10,
2026.05.13 22:11:00,46416130,51934199,XAUUSD,BUY_closed,0.10,4686.41000,-1.90,0.00,0.00,-1.90,
2026.05.13 22:14:14,46416173,51934078,XAUUSD,SELL_closed,0.10,4687.47000,-39.80,0.00,0.00,-39.80,[sl 4687.34]
2026.05.13 22:15:21,46416332,51934198,XAUUSD,BUY_closed,0.10,4688.52000,19.20,0.00,0.00,19.20,ShanoExit:TRAIL peak=$26.30 now
2026.05.13 22:15:20,0,51934198,XAUUSD,BUY_closed,0.10,4688.52000,19.20,0.00,0.00,19.20,TRAIL peak=$26.30 now=$19.20 drop=$7.10
2026.05.13 22:15:21,46416336,51934191,XAUUSD,BUY_closed,0.10,4688.52000,18.30,0.00,0.00,18.30,ShanoExit:TRAIL peak=$25.40 now
2026.05.13 22:15:21,0,51934191,XAUUSD,BUY_closed,0.10,4688.52000,18.30,0.00,0.00,18.30,TRAIL peak=$25.40 now=$18.30 drop=$7.10
2026.05.13 22:15:21,46416337,51934171,XAUUSD,BUY_closed,0.10,4688.52000,20.20,0.00,0.00,20.20,ShanoExit:TRAIL peak=$27.30 now
2026.05.13 22:15:21,0,51934171,XAUUSD,BUY_closed,0.10,4688.52000,20.20,0.00,0.00,20.20,TRAIL peak=$27.30 now=$20.20 drop=$7.10
2026.05.13 22:15:21,46416338,51934159,XAUUSD,BUY_closed,0.10,4688.52000,19.80,0.00,0.00,19.80,ShanoExit:TRAIL peak=$26.90 now
2026.05.13 22:15:21,0,51934159,XAUUSD,BUY_closed,0.10,4688.52000,19.80,0.00,0.00,19.80,TRAIL peak=$26.90 now=$19.80 drop=$7.10
2026.05.13 22:16:00,46416368,51934424,XAUUSD,BUY_closed,0.10,4687.81000,-14.70,0.00,0.00,-14.70,
2026.05.13 22:18:27,46416445,51934530,XAUUSD,BUY_closed,0.10,4689.64000,2.10,0.00,0.00,2.10,[sl 4689.66]
2026.05.13 22:18:45,46416464,51934566,XAUUSD,BUY_closed,0.10,4689.88000,1.10,0.00,0.00,1.10,[sl 4689.89]
2026.05.13 22:18:54,46416499,51934587,XAUUSD,BUY_closed,0.10,4690.02000,0.20,0.00,0.00,0.20,[sl 4690.10]
2026.05.13 22:18:56,46416527,51934628,XAUUSD,BUY_closed,0.10,4690.38000,1.40,0.00,0.00,1.40,[sl 4690.38]
2026.05.13 22:19:01,46416561,51934659,XAUUSD,BUY_closed,0.10,4690.26000,-2.60,0.00,0.00,-2.60,
2026.05.13 22:19:05,46416575,51934692,XAUUSD,BUY_closed,0.10,4690.45000,0.60,0.00,0.00,0.60,[sl 4690.48]
2026.05.13 22:19:28,46416614,51934423,XAUUSD,BUY_closed,0.10,4689.47000,1.90,0.00,0.00,1.90,[sl 4689.79]
2026.05.13 22:20:00,46416657,51934735,XAUUSD,BUY_closed,0.10,4688.10000,-16.70,0.00,0.00,-16.70,
2026.05.13 22:20:34,46416671,51934529,XAUUSD,BUY_closed,0.10,4688.13000,-13.00,0.00,0.00,-13.00,
2026.05.13 22:20:48,46416673,51934565,XAUUSD,BUY_closed,0.10,4688.38000,-13.90,0.00,0.00,-13.90,
2026.05.13 22:21:08,46416680,51934586,XAUUSD,BUY_closed,0.10,4688.29000,-17.10,0.00,0.00,-17.10,
2026.05.13 22:22:00,46416687,51934801,XAUUSD,BUY_closed,0.10,4688.15000,-2.90,0.00,0.00,-2.90,
2026.05.13 22:22:19,46416693,51934810,XAUUSD,SELL_closed,0.10,4688.10000,0.50,0.00,0.00,0.50,[sl 4688.10]
2026.05.13 22:22:37,46416700,51934784,XAUUSD,SELL_closed,0.10,4689.62000,-14.80,0.00,0.00,-14.80,[sl 4689.62]
2026.05.13 22:22:37,46416701,51934792,XAUUSD,SELL_closed,0.10,4689.62000,-15.00,0.00,0.00,-15.00,[sl 4689.62]
2026.05.13 22:22:37,46416701,51934792,XAUUSD,SELL_closed,0.10,4689.62000,-15.00,0.00,0.00,-15.00,[sl 4689.62]
2026.05.13 22:22:37,46416702,51934794,XAUUSD,SELL_closed,0.10,4689.62000,-12.00,0.00,0.00,-12.00,[sl 4689.62]
2026.05.13 22:22:37,46416701,51934792,XAUUSD,SELL_closed,0.10,4689.62000,-15.00,0.00,0.00,-15.00,[sl 4689.62]
2026.05.13 22:22:37,46416702,51934794,XAUUSD,SELL_closed,0.10,4689.62000,-12.00,0.00,0.00,-12.00,[sl 4689.62]
2026.05.13 22:22:37,46416703,51934816,XAUUSD,SELL_closed,0.10,4689.62000,-16.60,0.00,0.00,-16.60,[sl 4689.62]
2026.05.13 22:22:58,46416712,51934833,XAUUSD,SELL_closed,0.10,4689.62000,-2.10,0.00,0.00,-2.10,[sl 4689.62]
2026.05.13 22:23:10,46416718,51934838,XAUUSD,BUY_closed,0.10,4689.83000,1.70,0.00,0.00,1.70,[sl 4690.05]
2026.05.13 22:23:33,46416723,51934627,XAUUSD,BUY_closed,0.10,4689.49000,-7.50,0.00,0.00,-7.50,
2026.05.13 22:23:44,46416727,51934658,XAUUSD,BUY_closed,0.10,4689.62000,-9.00,0.00,0.00,-9.00,
2026.05.13 22:24:00,46416743,51934853,XAUUSD,BUY_closed,0.10,4688.40000,-14.50,0.00,0.00,-14.50,
2026.05.13 22:24:53,46416814,51934869,XAUUSD,SELL_closed,0.10,4687.84000,5.40,0.00,0.00,5.40,[sl 4687.84]
2026.05.13 22:25:00,46416823,51934939,XAUUSD,SELL_closed,0.10,4688.02000,-3.50,0.00,0.00,-3.50,
2026.05.13 22:25:06,46416846,51934951,XAUUSD,SELL_closed,0.10,4687.71000,0.40,0.00,0.00,0.40,[sl 4687.70]
2026.05.13 22:26:00,46416889,51934972,XAUUSD,SELL_closed,0.10,4688.23000,-7.30,0.00,0.00,-7.30,
2026.05.13 22:26:03,46416892,51935016,XAUUSD,BUY_closed,0.10,4688.12000,2.20,0.00,0.00,2.20,[sl 4688.12]
2026.05.13 22:26:48,46416900,51935018,XAUUSD,BUY_closed,0.10,4688.49000,1.60,0.00,0.00,1.60,[sl 4688.49]
2026.05.13 22:27:00,46416902,51935026,XAUUSD,BUY_closed,0.10,4688.05000,-6.60,0.00,0.00,-6.60,
2026.05.13 22:27:17,46416905,51935030,XAUUSD,BUY_closed,0.10,4688.32000,0.40,0.00,0.00,0.40,[sl 4688.34]
2026.05.13 22:28:00,46416911,51935033,XAUUSD,BUY_closed,0.10,4688.11000,-4.10,0.00,0.00,-4.10,
2026.05.13 22:29:00,46416937,51935040,XAUUSD,BUY_closed,0.10,4686.91000,-13.80,0.00,0.00,-13.80,
2026.05.13 22:29:18,46417018,51935073,XAUUSD,SELL_closed,0.10,4686.85000,0.70,0.00,0.00,0.70,[sl 4686.85]
2026.05.13 22:30:00,46417099,51935158,XAUUSD,SELL_closed,0.10,4687.37000,-6.40,0.00,0.00,-6.40,
2026.05.13 22:30:03,46417107,51935242,XAUUSD,BUY_closed,0.10,4687.54000,0.40,0.00,0.00,0.40,[sl 4687.55]
2026.05.13 22:30:22,46417185,51935245,XAUUSD,BUY_closed,0.10,4687.65000,0.70,0.00,0.00,0.70,[sl 4687.67]
2026.05.13 22:30:43,46417187,51935072,XAUUSD,SELL_closed,0.10,4688.15000,-12.30,0.00,0.00,-12.30,[sl 4688.12]
2026.05.13 22:30:43,46417188,51935157,XAUUSD,SELL_closed,0.10,4688.15000,-14.20,0.00,0.00,-14.20,[sl 4688.12]
2026.05.13 22:30:50,46417195,51935324,XAUUSD,BUY_closed,0.10,4688.32000,5.50,0.00,0.00,5.50,[sl 4688.32]
2026.05.13 22:31:00,46417197,51935334,XAUUSD,BUY_closed,0.10,4687.95000,-5.60,0.00,0.00,-5.60,
2026.05.13 22:31:23,46417199,51935338,XAUUSD,BUY_closed,0.10,4688.46000,2.90,0.00,0.00,2.90,[sl 4688.54]
2026.05.13 22:32:00,46417278,51935340,XAUUSD,BUY_closed,0.10,4687.83000,-8.40,0.00,0.00,-8.40,
2026.05.13 22:32:44,46417319,51934706,XAUUSD,BUY_closed,0.10,4687.39000,-32.40,0.00,0.00,-32.40,
2026.05.13 22:32:44,46417320,51934707,XAUUSD,BUY_closed,0.10,4687.39000,-32.40,0.00,0.00,-32.40,
2026.05.13 22:32:44,46417320,51934707,XAUUSD,BUY_closed,0.10,4687.39000,-32.40,0.00,0.00,-32.40,
2026.05.13 22:32:44,46417321,51934844,XAUUSD,BUY_closed,0.10,4687.39000,-26.60,0.00,0.00,-26.60,
2026.05.13 22:32:44,46417322,51934851,XAUUSD,BUY_closed,0.10,4687.39000,-23.80,0.00,0.00,-23.80,
2026.05.13 22:32:59,46417330,51935460,XAUUSD,SELL_closed,0.10,4686.97000,4.10,0.00,0.00,4.10,[sl 4686.93]
2026.05.13 22:33:00,46417333,51935469,XAUUSD,SELL_closed,0.10,4686.79000,-1.20,0.00,0.00,-1.20,
2026.05.13 22:33:02,46417338,51935463,XAUUSD,SELL_closed,0.10,4686.94000,-2.50,0.00,0.00,-2.50,
2026.05.13 22:33:17,46417346,51935474,XAUUSD,SELL_closed,0.10,4686.82000,-2.50,0.00,0.00,-2.50,
2026.05.13 22:33:18,46417348,51935478,XAUUSD,SELL_closed,0.10,4687.04000,-3.20,0.00,0.00,-3.20,
2026.05.13 22:33:32,46417381,51935488,XAUUSD,SELL_closed,0.10,4686.23000,6.70,0.00,0.00,6.70,[sl 4686.23]
2026.05.13 22:33:37,46417391,51935486,XAUUSD,SELL_closed,0.10,4686.20000,4.10,0.00,0.00,4.10,[sl 4686.19]
2026.05.13 22:33:43,46417434,51935528,XAUUSD,SELL_closed,0.10,4685.77000,2.40,0.00,0.00,2.40,[sl 4685.58]
2026.05.13 22:33:43,46417435,51935529,XAUUSD,SELL_closed,0.10,4685.77000,2.40,0.00,0.00,2.40,[sl 4685.58]
2026.05.13 22:34:12,46417493,51935585,XAUUSD,SELL_closed,0.10,4685.11000,4.70,0.00,0.00,4.70,[sl 4685.08]
2026.05.13 22:34:12,46417497,51935584,XAUUSD,SELL_closed,0.10,4685.24000,3.40,0.00,0.00,3.40,[sl 4685.15]
2026.05.13 22:34:31,46417539,51935647,XAUUSD,SELL_closed,0.10,4684.85000,0.70,0.00,0.00,0.70,[sl 4684.83]
2026.05.13 22:34:31,46417540,51935648,XAUUSD,SELL_closed,0.10,4684.85000,0.70,0.00,0.00,0.70,[sl 4684.77]
2026.05.13 22:35:00,46417581,51935693,XAUUSD,SELL_closed,0.10,4685.42000,-5.30,0.00,0.00,-5.30,
2026.05.13 22:35:00,46417582,51935692,XAUUSD,SELL_closed,0.10,4685.41000,-5.20,0.00,0.00,-5.20,
2026.05.13 22:35:26,46417592,51935732,XAUUSD,SELL_closed,0.10,4685.06000,1.50,0.00,0.00,1.50,[sl 4685.06]
2026.05.13 22:35:27,46417595,51935730,XAUUSD,SELL_closed,0.10,4685.26000,-0.50,0.00,0.00,-0.50,[sl 4685.09]
2026.05.13 22:36:00,46417605,51935741,XAUUSD,SELL_closed,0.10,4685.82000,-9.50,0.00,0.00,-9.50,
2026.05.13 22:36:01,46417607,51935740,XAUUSD,SELL_closed,0.10,4685.75000,-8.80,0.00,0.00,-8.80,
2026.05.13 22:36:26,46417620,51935758,XAUUSD,BUY_closed,0.10,4686.24000,8.00,0.00,0.00,8.00,[sl 4686.24]
2026.05.13 22:36:27,46417624,51935757,XAUUSD,BUY_closed,0.10,4686.18000,4.70,0.00,0.00,4.70,[sl 4686.21]
2026.05.13 22:36:56,46417654,51935774,XAUUSD,BUY_closed,0.10,4687.60000,12.70,0.00,0.00,12.70,[sl 4687.63]
2026.05.13 22:36:57,46417659,51935770,XAUUSD,BUY_closed,0.10,4687.46000,10.60,0.00,0.00,10.60,[sl 4687.58]
2026.05.13 22:37:00,46417665,51935811,XAUUSD,BUY_closed,0.10,4687.52000,-2.80,0.00,0.00,-2.80,
2026.05.13 22:37:02,46417670,51935816,XAUUSD,BUY_closed,0.10,4687.37000,-2.40,0.00,0.00,-2.40,
2026.05.13 22:37:21,46417675,51935821,XAUUSD,BUY_closed,0.10,4687.44000,-2.90,0.00,0.00,-2.90,
2026.05.13 22:37:32,46417678,51935827,XAUUSD,BUY_closed,0.10,4687.43000,-1.20,0.00,0.00,-1.20,[sl 4687.60]
2026.05.13 22:38:02,46417691,51935834,XAUUSD,BUY_closed,0.10,4687.37000,-2.50,0.00,0.00,-2.50,
2026.05.13 22:38:02,46417692,51935831,XAUUSD,BUY_closed,0.10,4687.37000,-2.50,0.00,0.00,-2.50,
2026.05.13 22:38:18,46417699,51935848,XAUUSD,BUY_closed,0.10,4687.71000,2.10,0.00,0.00,2.10,[sl 4687.71]
2026.05.13 22:38:19,46417701,51935849,XAUUSD,BUY_closed,0.10,4687.70000,2.30,0.00,0.00,2.30,[sl 4687.70]
2026.05.13 22:39:00,46417710,51935857,XAUUSD,BUY_closed,0.10,4687.13000,-6.70,0.00,0.00,-6.70,
2026.05.13 22:39:00,46417711,51935855,XAUUSD,BUY_closed,0.10,4687.13000,-7.20,0.00,0.00,-7.20,
2026.05.13 22:39:23,46417723,51935871,XAUUSD,SELL_closed,0.10,4688.15000,-10.20,0.00,0.00,-10.20,[sl 4688.12]
2026.05.13 22:39:23,46417724,51935872,XAUUSD,SELL_closed,0.10,4688.15000,-11.50,0.00,0.00,-11.50,[sl 4688.12]
2026.05.13 22:41:00,46417910,51935943,XAUUSD,BUY_closed,0.10,4688.85000,-2.00,0.00,0.00,-2.00,
2026.05.13 22:41:00,46417912,51935942,XAUUSD,BUY_closed,0.10,4688.86000,-1.90,0.00,0.00,-1.90,
2026.05.13 22:41:01,46417914,51936074,XAUUSD,SELL_closed,0.10,4688.67000,1.70,0.00,0.00,1.70,[sl 4688.63]
2026.05.13 22:41:34,46417958,51936077,XAUUSD,SELL_closed,0.10,4688.36000,1.40,0.00,0.00,1.40,[sl 4688.35]
2026.05.13 22:41:35,46417959,51936076,XAUUSD,SELL_closed,0.10,4688.38000,0.90,0.00,0.00,0.90,[sl 4688.37]
2026.05.13 22:42:06,46418009,51936122,XAUUSD,SELL_closed,0.10,4687.78000,5.20,0.00,0.00,5.20,[sl 4687.78]
2026.05.13 22:42:06,46418010,51936121,XAUUSD,SELL_closed,0.10,4687.79000,4.60,0.00,0.00,4.60,[sl 4687.79]
2026.05.13 22:42:42,46418020,51936173,XAUUSD,SELL_closed,0.10,4687.53000,1.00,0.00,0.00,1.00,[sl 4687.53]
2026.05.13 22:42:42,46418021,51936174,XAUUSD,SELL_closed,0.10,4687.53000,1.80,0.00,0.00,1.80,[sl 4687.53]
2026.05.13 22:43:00,46418030,51936189,XAUUSD,SELL_closed,0.10,4687.92000,-3.90,0.00,0.00,-3.90,
2026.05.13 22:43:00,46418031,51936183,XAUUSD,SELL_closed,0.10,4687.95000,-5.80,0.00,0.00,-5.80,
2026.05.13 22:43:11,46418035,51936196,XAUUSD,SELL_closed,0.10,4687.93000,0.80,0.00,0.00,0.80,[sl 4687.89]
2026.05.13 22:44:00,46418048,51936199,XAUUSD,SELL_closed,0.10,4688.13000,-3.30,0.00,0.00,-3.30,
2026.05.13 22:44:00,46418049,51936195,XAUUSD,SELL_closed,0.10,4688.14000,-3.20,0.00,0.00,-3.20,
2026.05.13 22:44:07,46418052,51936215,XAUUSD,BUY_closed,0.10,4688.20000,0.60,0.00,0.00,0.60,[sl 4688.20]
2026.05.13 22:44:07,46418053,51936216,XAUUSD,BUY_closed,0.10,4688.20000,0.90,0.00,0.00,0.90,[sl 4688.22]
2026.05.13 22:44:52,46418065,51936219,XAUUSD,BUY_closed,0.10,4688.49000,1.60,0.00,0.00,1.60,[sl 4688.53]
2026.05.13 22:44:52,46418066,51936220,XAUUSD,BUY_closed,0.10,4688.49000,1.50,0.00,0.00,1.50,[sl 4688.53]
2026.05.13 22:45:00,46418070,51936233,XAUUSD,BUY_closed,0.10,4688.48000,-2.10,0.00,0.00,-2.10,
2026.05.13 22:45:00,46418074,51936234,XAUUSD,BUY_closed,0.10,4688.32000,-3.20,0.00,0.00,-3.20,
2026.05.13 22:45:32,46418076,51936241,XAUUSD,BUY_closed,0.10,4688.68000,1.30,0.00,0.00,1.30,[sl 4688.68]
2026.05.13 22:45:32,46418077,51936243,XAUUSD,BUY_closed,0.10,4688.68000,0.80,0.00,0.00,0.80,[sl 4688.68]
2026.05.13 22:46:00,46418084,51936247,XAUUSD,BUY_closed,0.10,4687.66000,-12.40,0.00,0.00,-12.40,
2026.05.13 22:46:00,46418085,51936246,XAUUSD,BUY_closed,0.10,4687.64000,-11.80,0.00,0.00,-11.80,
2026.05.13 22:47:00,46418101,51936257,XAUUSD,SELL_closed,0.10,4689.16000,-14.30,0.00,0.00,-14.30,
2026.05.13 22:47:00,46418102,51936256,XAUUSD,SELL_closed,0.10,4689.16000,-15.20,0.00,0.00,-15.20,
2026.05.13 22:48:00,46418108,51936273,XAUUSD,BUY_closed,0.10,4688.91000,-2.50,0.00,0.00,-2.50,
2026.05.13 22:48:10,46418111,51936274,XAUUSD,BUY_closed,0.10,4689.05000,0.20,0.00,0.00,0.20,[sl 4689.08]
2026.05.13 22:48:41,46418118,51936282,XAUUSD,BUY_closed,0.10,4689.28000,2.30,0.00,0.00,2.30,[sl 4689.28]
2026.05.13 22:48:41,46418119,51936285,XAUUSD,BUY_closed,0.10,4689.24000,0.80,0.00,0.00,0.80,[sl 4689.25]
2026.05.13 22:49:00,46418125,51936296,XAUUSD,BUY_closed,0.10,4688.90000,-2.10,0.00,0.00,-2.10,
2026.05.13 22:49:00,46418126,51936294,XAUUSD,BUY_closed,0.10,4688.90000,-4.70,0.00,0.00,-4.70,
2026.05.13 22:51:00,46418180,51936315,XAUUSD,BUY_closed,0.10,4687.39000,-13.50,0.00,0.00,-13.50,
2026.05.13 22:51:00,46418182,51936312,XAUUSD,BUY_closed,0.10,4687.45000,-12.40,0.00,0.00,-12.40,
2026.05.13 22:51:09,46418186,51936366,XAUUSD,SELL_closed,0.10,4687.48000,0.00,0.00,0.00,0.00,[sl 4687.42]
2026.05.13 22:51:25,46418190,51936368,XAUUSD,SELL_closed,0.10,4687.16000,1.20,0.00,0.00,1.20,[sl 4687.16]
2026.05.13 22:51:25,46418192,51936365,XAUUSD,SELL_closed,0.10,4687.18000,1.80,0.00,0.00,1.80,[sl 4687.17]
2026.05.13 22:51:31,46418198,51936372,XAUUSD,SELL_closed,0.10,4687.01000,-0.60,0.00,0.00,-0.60,
2026.05.13 22:52:00,46418205,51936378,XAUUSD,SELL_closed,0.10,4688.23000,-14.70,0.00,0.00,-14.70,
2026.05.13 22:52:00,46418206,51936375,XAUUSD,SELL_closed,0.10,4688.19000,-14.50,0.00,0.00,-14.50,
2026.05.13 22:52:12,46418211,51936390,XAUUSD,BUY_closed,0.10,4688.09000,0.50,0.00,0.00,0.50,[sl 4688.10]
2026.05.13 22:53:00,46418254,51936393,XAUUSD,BUY_closed,0.10,4685.56000,-27.40,0.00,0.00,-27.40,
2026.05.13 22:53:00,46418258,51936389,XAUUSD,BUY_closed,0.10,4685.44000,-27.50,0.00,0.00,-27.50,
2026.05.13 22:53:03,46418283,51936457,XAUUSD,SELL_closed,0.10,4685.07000,2.60,0.00,0.00,2.60,[sl 4685.03]
2026.05.13 22:53:03,46418286,51936445,XAUUSD,SELL_closed,0.10,4685.20000,2.40,0.00,0.00,2.40,[sl 4685.15]
2026.05.13 22:53:08,46418378,51936479,XAUUSD,SELL_closed,0.10,4684.50000,1.90,0.00,0.00,1.90,
2026.05.13 22:53:09,46418386,51936476,XAUUSD,SELL_closed,0.10,4684.64000,3.70,0.00,0.00,3.70,
2026.05.13 22:53:21,46418426,51936582,XAUUSD,SELL_closed,0.10,4684.30000,4.90,0.00,0.00,4.90,[sl 4684.28]
2026.05.13 22:53:23,46418431,51936569,XAUUSD,SELL_closed,0.10,4684.24000,0.50,0.00,0.00,0.50,[sl 4684.24]
2026.05.13 22:53:24,46418467,51936611,XAUUSD,SELL_closed,0.10,4684.05000,0.50,0.00,0.00,0.50,[sl 4684.05]
2026.05.13 22:54:00,46418512,51936661,XAUUSD,SELL_closed,0.10,4685.48000,-14.40,0.00,0.00,-14.40,
2026.05.13 22:54:00,46418516,51936615,XAUUSD,SELL_closed,0.10,4685.67000,-16.40,0.00,0.00,-16.40,
2026.05.13 22:54:10,46418522,51936705,XAUUSD,SELL_closed,0.10,4685.56000,-0.70,0.00,0.00,-0.70,
2026.05.13 22:54:20,46418528,51936704,XAUUSD,SELL_closed,0.10,4685.74000,-2.30,0.00,0.00,-2.30,[sl 4685.46]
2026.05.13 22:54:46,46418548,51936716,XAUUSD,SELL_closed,0.10,4685.51000,0.60,0.00,0.00,0.60,[sl 4685.28]
2026.05.13 22:55:00,46418554,51936735,XAUUSD,SELL_closed,0.10,4685.89000,-5.30,0.00,0.00,-5.30,
2026.05.13 22:55:00,46418555,51936709,XAUUSD,SELL_closed,0.10,4686.05000,-6.90,0.00,0.00,-6.90,
2026.05.13 22:55:19,46418570,51936745,XAUUSD,BUY_closed,0.10,4686.14000,0.90,0.00,0.00,0.90,[sl 4686.18]
2026.05.13 22:55:19,46418571,51936746,XAUUSD,BUY_closed,0.10,4686.14000,0.90,0.00,0.00,0.90,[sl 4686.18]
2026.05.13 22:56:01,46418591,51936763,XAUUSD,BUY_closed,0.10,4686.47000,1.20,0.00,0.00,1.20,
2026.05.13 22:56:02,46418604,51936762,XAUUSD,BUY_closed,0.10,4686.57000,2.20,0.00,0.00,2.20,[sl 4686.68]
2026.05.13 22:56:02,46418605,51936784,XAUUSD,BUY_closed,0.10,4686.57000,-0.90,0.00,0.00,-0.90,
2026.05.13 22:56:08,46418634,51936785,XAUUSD,BUY_closed,0.10,4687.39000,2.40,0.00,0.00,2.40,[sl 4687.40]
2026.05.13 22:56:08,46418635,51936798,XAUUSD,BUY_closed,0.10,4687.39000,7.20,0.00,0.00,7.20,[sl 4687.45]
2026.05.13 22:57:00,46418658,51936832,XAUUSD,BUY_closed,0.10,4686.94000,-7.90,0.00,0.00,-7.90,
2026.05.13 22:57:00,46418659,51936831,XAUUSD,BUY_closed,0.10,4686.98000,-7.50,0.00,0.00,-7.50,
2026.05.13 22:57:13,46418663,51936850,XAUUSD,BUY_closed,0.10,4687.19000,0.20,0.00,0.00,0.20,[sl 4687.23]
2026.05.13 22:57:20,46418666,51936851,XAUUSD,BUY_closed,0.10,4687.45000,2.50,0.00,0.00,2.50,[sl 4687.50]
2026.05.13 22:57:20,46418667,51936853,XAUUSD,BUY_closed,0.10,4687.45000,0.80,0.00,0.00,0.80,[sl 4687.50]
2026.05.13 22:58:00,46418678,51936858,XAUUSD,BUY_closed,0.10,4687.31000,-2.50,0.00,0.00,-2.50,
2026.05.13 22:58:00,46418679,51936857,XAUUSD,BUY_closed,0.10,4687.33000,-2.30,0.00,0.00,-2.30,
2026.05.13 22:58:06,46418687,51936872,XAUUSD,BUY_closed,0.10,4687.55000,1.00,0.00,0.00,1.00,[sl 4687.55]
2026.05.13 22:58:06,46418688,51936875,XAUUSD,BUY_closed,0.10,4687.55000,0.90,0.00,0.00,0.90,[sl 4687.55]
2026.05.13 22:58:37,46418705,51936881,XAUUSD,BUY_closed,0.10,4687.66000,-0.20,0.00,0.00,-0.20,[sl 4687.73]
2026.05.13 22:58:42,46418715,51936880,XAUUSD,BUY_closed,0.10,4687.71000,0.30,0.00,0.00,0.30,[sl 4687.86]
2026.05.13 22:58:42,46418716,51936899,XAUUSD,BUY_closed,0.10,4687.71000,-0.80,0.00,0.00,-0.80,[sl 4687.85]
2026.05.13 22:59:00,46418742,51936911,XAUUSD,BUY_closed,0.10,4688.62000,7.60,0.00,0.00,7.60,[sl 4688.65]
2026.05.13 22:59:00,46418743,51936912,XAUUSD,BUY_closed,0.10,4688.62000,7.70,0.00,0.00,7.70,[sl 4688.64]
2026.05.13 22:59:04,46418764,51936947,XAUUSD,BUY_closed,0.10,4688.60000,-1.20,0.00,0.00,-1.20,[sl 4688.91]
2026.05.13 22:59:04,46418765,51936948,XAUUSD,BUY_closed,0.10,4688.60000,-1.20,0.00,0.00,-1.20,[sl 4688.93]
2026.05.13 22:59:57,46418789,51936967,XAUUSD,BUY_closed,0.10,4688.87000,1.40,0.00,0.00,1.40,[sl 4688.87]
2026.05.13 22:59:57,46418790,51936969,XAUUSD,BUY_closed,0.10,4688.87000,1.20,0.00,0.00,1.20,[sl 4688.87]
2026.05.13 23:00:00,46418795,51936993,XAUUSD,BUY_closed,0.10,4688.19000,-7.00,0.00,0.00,-7.00,
2026.05.13 23:00:00,46418800,51936992,XAUUSD,BUY_closed,0.10,4688.42000,-4.70,0.00,0.00,-4.70,
2026.05.13 23:00:10,46418834,51937006,XAUUSD,SELL_closed,0.10,4688.38000,0.50,0.00,0.00,0.50,[sl 4688.38]
2026.05.13 23:00:10,46418838,51937010,XAUUSD,SELL_closed,0.10,4688.43000,1.10,0.00,0.00,1.10,[sl 4688.41]
2026.05.13 23:00:14,46418882,51937056,XAUUSD,SELL_closed,0.10,4686.39000,19.10,0.00,0.00,19.10,[sl 4686.31]
2026.05.13 23:00:14,46418883,51937046,XAUUSD,SELL_closed,0.10,4686.42000,17.50,0.00,0.00,17.50,[sl 4686.42]
2026.05.13 23:01:00,46418900,51937098,XAUUSD,SELL_closed,0.10,4687.79000,-12.10,0.00,0.00,-12.10,
2026.05.13 23:01:00,46418902,51937089,XAUUSD,SELL_closed,0.10,4687.66000,-14.90,0.00,0.00,-14.90,
2026.05.13 23:01:41,46418908,51937106,XAUUSD,SELL_closed,0.10,4687.30000,0.40,0.00,0.00,0.40,[sl 4687.29]
2026.05.13 23:01:46,46418910,51937107,XAUUSD,SELL_closed,0.10,4687.29000,0.40,0.00,0.00,0.40,[sl 4687.28]
2026.05.13 23:01:54,46418913,51937112,XAUUSD,SELL_closed,0.10,4686.98000,0.40,0.00,0.00,0.40,[sl 4686.95]
2026.05.13 23:01:54,46418914,51937110,XAUUSD,SELL_closed,0.10,4687.00000,0.60,0.00,0.00,0.60,[sl 4686.99]
2026.05.13 23:02:00,46418918,51937119,XAUUSD,SELL_closed,0.10,4687.34000,-2.80,0.00,0.00,-2.80,
2026.05.13 23:02:00,46418920,51937118,XAUUSD,SELL_closed,0.10,4687.34000,-6.00,0.00,0.00,-6.00,
2026.05.13 23:02:08,46418924,51937125,XAUUSD,SELL_closed,0.10,4686.88000,2.00,0.00,0.00,2.00,[sl 4686.88]
2026.05.13 23:02:08,46418925,51937126,XAUUSD,SELL_closed,0.10,4686.95000,1.40,0.00,0.00,1.40,[sl 4686.91]
2026.05.13 23:02:17,46418933,51937131,XAUUSD,SELL_closed,0.10,4686.78000,0.60,0.00,0.00,0.60,[sl 4686.78]
2026.05.13 23:02:37,46418936,51937130,XAUUSD,SELL_closed,0.10,4686.73000,0.00,0.00,0.00,0.00,[sl 4686.68]
2026.05.13 23:02:51,46418948,51937145,XAUUSD,SELL_closed,0.10,4686.24000,2.70,0.00,0.00,2.70,[sl 4686.24]
2026.05.13 23:02:59,46418950,51937138,XAUUSD,SELL_closed,0.10,4686.49000,0.30,0.00,0.00,0.30,[sl 4686.24]
2026.05.13 23:03:00,46418953,51937160,XAUUSD,SELL_closed,0.10,4686.69000,-2.30,0.00,0.00,-2.30,
2026.05.13 23:03:00,46418954,51937158,XAUUSD,SELL_closed,0.10,4686.69000,-6.50,0.00,0.00,-6.50,
2026.05.13 23:04:00,46418969,51937168,XAUUSD,SELL_closed,0.10,4687.21000,-6.50,0.00,0.00,-6.50,
2026.05.13 23:04:00,46418970,51937167,XAUUSD,SELL_closed,0.10,4687.18000,-6.50,0.00,0.00,-6.50,
2026.05.13 23:04:55,46418996,51937186,XAUUSD,BUY_closed,0.10,4687.15000,0.70,0.00,0.00,0.70,[sl 4687.19]
2026.05.13 23:05:00,46418999,51937208,XAUUSD,BUY_closed,0.10,4687.05000,-2.30,0.00,0.00,-2.30,
2026.05.13 23:05:01,46419001,51937185,XAUUSD,BUY_closed,0.10,4687.40000,2.20,0.00,0.00,2.20,[sl 4687.40]
2026.05.13 23:05:34,46419020,51937213,XAUUSD,SELL_closed,0.10,4688.13000,-8.60,0.00,0.00,-8.60,[sl 4688.12]
2026.05.13 23:05:34,46419021,51937215,XAUUSD,SELL_closed,0.10,4688.13000,-6.50,0.00,0.00,-6.50,[sl 4688.12]
2026.05.13 23:05:38,46419026,51937238,XAUUSD,SELL_closed,0.10,4688.13000,-2.50,0.00,0.00,-2.50,[sl 4688.12]
2026.05.13 23:05:57,46419049,51937244,XAUUSD,SELL_closed,0.10,4688.12000,-4.30,0.00,0.00,-4.30,[sl 4688.12]
2026.05.13 23:05:57,46419050,51937245,XAUUSD,SELL_closed,0.10,4688.12000,-3.90,0.00,0.00,-3.90,[sl 4688.12]
2026.05.13 23:07:00,46419053,51937267,XAUUSD,BUY_closed,0.10,4687.99000,0.80,0.00,0.00,0.80,[sl 4688.03]
2026.05.13 23:07:08,46419060,51937266,XAUUSD,BUY_closed,0.10,4687.80000,-2.80,0.00,0.00,-2.80,
2026.05.13 23:08:00,46419070,51937272,XAUUSD,BUY_closed,0.10,4687.69000,-4.90,0.00,0.00,-4.90,
2026.05.13 23:08:00,46419071,51937271,XAUUSD,BUY_closed,0.10,4687.76000,-4.20,0.00,0.00,-4.20,
2026.05.13 23:09:00,46419185,51937294,XAUUSD,SELL_closed,0.10,4689.24000,-10.60,0.00,0.00,-10.60,
2026.05.13 23:09:00,46419186,51937291,XAUUSD,SELL_closed,0.10,4689.23000,-14.50,0.00,0.00,-14.50,
2026.05.13 23:10:05,46419219,51937414,XAUUSD,BUY_closed,0.10,4689.46000,2.50,0.00,0.00,2.50,[sl 4689.46]
2026.05.13 23:10:11,46419264,51937412,XAUUSD,BUY_closed,0.10,4689.64000,4.10,0.00,0.00,4.10,[sl 4689.73]
2026.05.13 23:10:11,46419265,51937456,XAUUSD,BUY_closed,0.10,4689.64000,0.00,0.00,0.00,0.00,[sl 4689.74]
2026.05.13 23:10:37,46419304,51937494,XAUUSD,BUY_closed,0.10,4690.09000,1.90,0.00,0.00,1.90,[sl 4690.11]
2026.05.13 23:10:37,46419305,51937499,XAUUSD,BUY_closed,0.10,4690.09000,1.20,0.00,0.00,1.20,[sl 4690.09]
2026.05.13 23:11:00,46419334,51937555,XAUUSD,BUY_closed,0.10,4690.25000,-2.00,0.00,0.00,-2.00,
2026.05.13 23:11:12,46419369,51937535,XAUUSD,BUY_closed,0.10,4690.51000,1.80,0.00,0.00,1.80,[sl 4690.65]
2026.05.13 23:11:12,46419370,51937567,XAUUSD,BUY_closed,0.10,4690.51000,0.60,0.00,0.00,0.60,[sl 4690.65]
2026.05.13 23:11:12,46419370,51937567,XAUUSD,BUY_closed,0.10,4690.51000,0.60,0.00,0.00,0.60,[sl 4690.65]
2026.05.13 23:11:12,46419371,51937568,XAUUSD,BUY_closed,0.10,4690.51000,0.60,0.00,0.00,0.60,[sl 4690.65]
2026.05.13 23:12:00,46419401,51937609,XAUUSD,BUY_closed,0.10,4689.86000,-7.90,0.00,0.00,-7.90,
2026.05.13 23:12:00,46419402,51937608,XAUUSD,BUY_closed,0.10,4689.86000,-7.90,0.00,0.00,-7.90,
2026.05.13 23:14:44,46419420,51937638,XAUUSD,BUY_closed,0.10,4690.83000,2.20,0.00,0.00,2.20,[sl 4690.86]
2026.05.13 23:14:44,46419421,51937639,XAUUSD,BUY_closed,0.10,4690.83000,2.70,0.00,0.00,2.70,[sl 4690.85]
2026.05.13 23:15:14,46419434,51937656,XAUUSD,BUY_closed,0.10,4690.81000,-2.30,0.00,0.00,-2.30,
2026.05.13 23:15:14,46419435,51937654,XAUUSD,BUY_closed,0.10,4690.88000,-1.30,0.00,0.00,-1.30,
2026.05.13 23:16:00,46419440,51937671,XAUUSD,BUY_closed,0.10,4690.48000,-5.70,0.00,0.00,-5.70,
2026.05.13 23:16:00,46419441,51937670,XAUUSD,BUY_closed,0.10,4690.48000,-5.80,0.00,0.00,-5.80,
2026.05.13 23:16:39,46419446,51937680,XAUUSD,SELL_closed,0.10,4690.51000,0.60,0.00,0.00,0.60,[sl 4690.48]
2026.05.13 23:17:00,46419448,51937683,XAUUSD,SELL_closed,0.10,4690.81000,-4.90,0.00,0.00,-4.90,
2026.05.13 23:17:00,46419449,51937679,XAUUSD,SELL_closed,0.10,4690.81000,-3.30,0.00,0.00,-3.30,
2026.05.13 23:17:23,46419454,51937689,XAUUSD,BUY_closed,0.10,4690.76000,0.70,0.00,0.00,0.70,[sl 4690.78]
2026.05.13 23:18:00,46419458,51937691,XAUUSD,BUY_closed,0.10,4690.43000,-5.10,0.00,0.00,-5.10,
2026.05.13 23:18:00,46419459,51937688,XAUUSD,BUY_closed,0.10,4690.45000,-3.60,0.00,0.00,-3.60,
2026.05.13 23:19:02,46419468,51937701,XAUUSD,SELL_closed,0.10,4690.53000,-2.00,0.00,0.00,-2.00,
2026.05.13 23:19:03,46419471,51937711,XAUUSD,SELL_closed,0.10,4690.63000,-2.80,0.00,0.00,-2.80,[sl 4690.59]
2026.05.13 23:19:04,46419472,51937700,XAUUSD,SELL_closed,0.10,4690.65000,-2.00,0.00,0.00,-2.00,
2026.05.13 23:20:07,46419554,51937727,XAUUSD,BUY_closed,0.10,4691.39000,1.60,0.00,0.00,1.60,[sl 4691.39]
2026.05.13 23:20:07,46419555,51937728,XAUUSD,BUY_closed,0.10,4691.39000,1.60,0.00,0.00,1.60,[sl 4691.39]
2026.05.13 23:21:00,46419574,51937804,XAUUSD,BUY_closed,0.10,4691.04000,-5.80,0.00,0.00,-5.80,
2026.05.13 23:21:00,46419576,51937803,XAUUSD,BUY_closed,0.10,4691.04000,-5.80,0.00,0.00,-5.80,
2026.05.13 23:21:03,46419582,51937824,XAUUSD,BUY_closed,0.10,4691.37000,0.90,0.00,0.00,0.90,[sl 4691.37]
2026.05.13 23:21:52,46419595,51937827,XAUUSD,BUY_closed,0.10,4691.74000,0.80,0.00,0.00,0.80,[sl 4691.74]
2026.05.13 23:21:52,46419596,51937829,XAUUSD,BUY_closed,0.10,4691.72000,0.80,0.00,0.00,0.80,[sl 4691.73]
2026.05.13 23:22:00,46419615,51937864,XAUUSD,BUY_closed,0.10,4691.79000,-2.30,0.00,0.00,-2.30,
2026.05.13 23:22:00,46419618,51937848,XAUUSD,BUY_closed,0.10,4691.74000,-2.00,0.00,0.00,-2.00,
2026.05.13 23:23:00,46419624,51937873,XAUUSD,BUY_closed,0.10,4691.67000,-3.30,0.00,0.00,-3.30,
2026.05.13 23:23:00,46419625,51937870,XAUUSD,BUY_closed,0.10,4691.67000,-3.60,0.00,0.00,-3.60,
2026.05.13 23:24:18,46419682,51937891,XAUUSD,BUY_closed,0.10,4692.77000,9.00,0.00,0.00,9.00,[sl 4692.78]
2026.05.13 23:24:25,46419724,51937889,XAUUSD,BUY_closed,0.10,4692.83000,9.40,0.00,0.00,9.40,[sl 4693.04]
2026.05.13 23:24:50,46419733,51937954,XAUUSD,BUY_closed,0.10,4693.12000,0.70,0.00,0.00,0.70,[sl 4693.12]
2026.05.13 23:24:52,46419736,51937988,XAUUSD,BUY_closed,0.10,4693.17000,0.70,0.00,0.00,0.70,[sl 4693.18]
2026.05.13 23:25:00,46419750,51938001,XAUUSD,BUY_closed,0.10,4692.81000,-6.40,0.00,0.00,-6.40,
2026.05.13 23:25:00,46419752,51937996,XAUUSD,BUY_closed,0.10,4692.81000,-5.80,0.00,0.00,-5.80,
2026.05.13 23:26:03,46419783,51938031,XAUUSD,BUY_closed,0.10,4692.78000,-2.30,0.00,0.00,-2.30,
2026.05.13 23:26:03,46419785,51938019,XAUUSD,BUY_closed,0.10,4692.72000,-3.60,0.00,0.00,-3.60,
2026.05.13 23:27:01,46419800,51938052,XAUUSD,BUY_closed,0.10,4693.20000,2.20,0.00,0.00,2.20,[sl 4693.24]
2026.05.13 23:27:01,46419801,51938054,XAUUSD,BUY_closed,0.10,4693.20000,3.00,0.00,0.00,3.00,[sl 4693.24]
2026.05.13 23:28:00,46419810,51938071,XAUUSD,BUY_closed,0.10,4692.69000,-7.60,0.00,0.00,-7.60,
2026.05.13 23:28:00,46419812,51938070,XAUUSD,BUY_closed,0.10,4692.72000,-7.00,0.00,0.00,-7.00,
2026.05.13 23:29:51,46419868,51938109,XAUUSD,SELL_closed,0.10,4691.49000,1.00,0.00,0.00,1.00,[sl 4691.49]
2026.05.13 23:29:54,46419870,51938108,XAUUSD,SELL_closed,0.10,4691.51000,0.80,0.00,0.00,0.80,[sl 4691.51]
2026.05.13 23:30:00,46419875,51938140,XAUUSD,SELL_closed,0.10,4691.54000,-2.90,0.00,0.00,-2.90,
2026.05.13 23:30:00,46419876,51938142,XAUUSD,SELL_closed,0.10,4691.53000,-1.90,0.00,0.00,-1.90,
2026.05.13 23:31:00,46419903,51938159,XAUUSD,SELL_closed,0.10,4692.77000,-14.90,0.00,0.00,-14.90,
2026.05.13 23:31:00,46419904,51938154,XAUUSD,SELL_closed,0.10,4692.77000,-14.90,0.00,0.00,-14.90,
2026.05.13 23:31:02,46419911,51938182,XAUUSD,BUY_closed,0.10,4692.64000,-1.30,0.00,0.00,-1.30,
2026.05.13 23:32:00,46419928,51938188,XAUUSD,BUY_closed,0.10,4691.17000,-16.60,0.00,0.00,-16.60,
2026.05.13 23:32:00,46419929,51938186,XAUUSD,BUY_closed,0.10,4691.17000,-17.50,0.00,0.00,-17.50,
2026.05.13 23:32:17,46419955,51938206,XAUUSD,SELL_closed,0.10,4691.13000,0.40,0.00,0.00,0.40,[sl 4691.12]
2026.05.13 23:32:41,46419962,51938208,XAUUSD,SELL_closed,0.10,4691.00000,1.60,0.00,0.00,1.60,[sl 4690.99]
2026.05.13 23:33:00,46419965,51938238,XAUUSD,SELL_closed,0.10,4691.27000,-5.30,0.00,0.00,-5.30,
2026.05.13 23:33:00,46419966,51938230,XAUUSD,SELL_closed,0.10,4691.27000,-3.50,0.00,0.00,-3.50,
2026.05.13 23:33:13,46419984,51938249,XAUUSD,SELL_closed,0.10,4690.79000,1.50,0.00,0.00,1.50,[sl 4690.79]
2026.05.13 23:33:16,46420027,51938263,XAUUSD,SELL_closed,0.10,4690.22000,3.00,0.00,0.00,3.00,[sl 4690.20]
2026.05.13 23:33:16,46420028,51938264,XAUUSD,SELL_closed,0.10,4690.22000,3.00,0.00,0.00,3.00,[sl 4690.18]
2026.05.13 23:33:21,46420055,51938248,XAUUSD,SELL_closed,0.10,4689.82000,11.90,0.00,0.00,11.90,[sl 4689.81]
2026.05.13 23:33:21,46420056,51938307,XAUUSD,SELL_closed,0.10,4689.82000,1.30,0.00,0.00,1.30,[sl 4689.81]
2026.05.13 23:34:06,46420079,51938336,XAUUSD,SELL_closed,0.10,4689.77000,-2.30,0.00,0.00,-2.30,
2026.05.13 23:34:06,46420080,51938335,XAUUSD,SELL_closed,0.10,4689.77000,-2.30,0.00,0.00,-2.30,
2026.05.13 23:35:00,46420090,51938363,XAUUSD,SELL_closed,0.10,4690.01000,-5.60,0.00,0.00,-5.60,
2026.05.13 23:35:00,46420093,51938362,XAUUSD,SELL_closed,0.10,4690.09000,-5.90,0.00,0.00,-5.90,
2026.05.13 23:35:50,46420107,51938377,XAUUSD,BUY_closed,0.10,4690.37000,2.80,0.00,0.00,2.80,[sl 4690.37]
2026.05.13 23:35:50,46420108,51938380,XAUUSD,BUY_closed,0.10,4690.37000,4.40,0.00,0.00,4.40,[sl 4690.39]
2026.05.13 23:36:13,46420118,51938389,XAUUSD,BUY_closed,0.10,4690.32000,-2.90,0.00,0.00,-2.90,
2026.05.13 23:36:13,46420119,51938388,XAUUSD,BUY_closed,0.10,4690.35000,-2.60,0.00,0.00,-2.60,
2026.05.13 23:36:46,46420127,51938401,XAUUSD,BUY_closed,0.10,4690.61000,0.50,0.00,0.00,0.50,[sl 4690.61]
2026.05.13 23:37:00,46420130,51938409,XAUUSD,BUY_closed,0.10,4690.52000,-3.30,0.00,0.00,-3.30,
2026.05.13 23:37:09,46420133,51938402,XAUUSD,BUY_closed,0.10,4690.49000,-1.80,0.00,0.00,-1.80,
2026.05.13 23:37:36,46420142,51938414,XAUUSD,BUY_closed,0.10,4690.97000,1.70,0.00,0.00,1.70,[sl 4690.98]
2026.05.13 23:37:36,46420143,51938417,XAUUSD,BUY_closed,0.10,4690.97000,2.90,0.00,0.00,2.90,[sl 4690.98]
2026.05.13 23:38:00,46420146,51938427,XAUUSD,BUY_closed,0.10,4690.64000,-5.10,0.00,0.00,-5.10,
2026.05.13 23:38:00,46420147,51938426,XAUUSD,BUY_closed,0.10,4690.64000,-5.70,0.00,0.00,-5.70,
2026.05.13 23:38:11,46420153,51938434,XAUUSD,BUY_closed,0.10,4691.25000,3.00,0.00,0.00,3.00,[sl 4691.26]
2026.05.13 23:38:11,46420155,51938433,XAUUSD,BUY_closed,0.10,4691.23000,3.20,0.00,0.00,3.20,[sl 4691.26]
2026.05.13 23:39:00,46420158,51938440,XAUUSD,BUY_closed,0.10,4691.09000,-4.10,0.00,0.00,-4.10,
2026.05.13 23:39:23,46420165,51938441,XAUUSD,BUY_closed,0.10,4691.03000,-2.00,0.00,0.00,-2.00,
2026.05.13 23:40:00,46420170,51938453,XAUUSD,BUY_closed,0.10,4691.32000,1.10,0.00,0.00,1.10,[sl 4691.36]
2026.05.13 23:40:05,46420179,51938445,XAUUSD,BUY_closed,0.10,4691.38000,0.50,0.00,0.00,0.50,[sl 4691.38]
2026.05.13 23:40:20,46420183,51938464,XAUUSD,BUY_closed,0.10,4691.67000,0.50,0.00,0.00,0.50,[sl 4691.70]
2026.05.13 23:40:20,46420184,51938465,XAUUSD,BUY_closed,0.10,4691.67000,0.50,0.00,0.00,0.50,[sl 4691.70]
2026.05.13 23:41:00,46420193,51938482,XAUUSD,BUY_closed,0.10,4691.34000,-6.50,0.00,0.00,-6.50,
2026.05.13 23:41:00,46420194,51938481,XAUUSD,BUY_closed,0.10,4691.34000,-6.50,0.00,0.00,-6.50,
2026.05.13 23:41:27,46420202,51938489,XAUUSD,SELL_closed,0.10,4690.84000,5.00,0.00,0.00,5.00,[sl 4690.82]
2026.05.13 23:41:27,46420203,51938491,XAUUSD,SELL_closed,0.10,4690.84000,4.60,0.00,0.00,4.60,[sl 4690.82]
2026.05.13 23:42:00,46420214,51938497,XAUUSD,SELL_closed,0.10,4690.78000,-2.50,0.00,0.00,-2.50,
2026.05.13 23:42:00,46420215,51938496,XAUUSD,SELL_closed,0.10,4690.78000,-2.80,0.00,0.00,-2.80,
2026.05.13 23:42:13,46420249,51938514,XAUUSD,SELL_closed,0.10,4690.25000,2.10,0.00,0.00,2.10,[sl 4690.24]
2026.05.13 23:43:00,46420255,51938550,XAUUSD,SELL_closed,0.10,4690.31000,-3.20,0.00,0.00,-3.20,
2026.05.13 23:43:13,46420259,51938518,XAUUSD,SELL_closed,0.10,4690.40000,-2.20,0.00,0.00,-2.20,
2026.05.13 23:43:33,46420262,51938561,XAUUSD,SELL_closed,0.10,4691.04000,-10.50,0.00,0.00,-10.50,[sl 4691.03]
2026.05.13 23:43:33,46420263,51938563,XAUUSD,SELL_closed,0.10,4691.04000,-9.50,0.00,0.00,-9.50,[sl 4691.03]
2026.05.13 23:43:37,46420266,51938570,XAUUSD,SELL_closed,0.10,4691.03000,-3.20,0.00,0.00,-3.20,[sl 4691.03]
2026.05.13 23:43:37,46420267,51938571,XAUUSD,SELL_closed,0.10,4691.03000,-4.00,0.00,0.00,-4.00,[sl 4691.03]
2026.05.13 23:43:42,46420271,51938574,XAUUSD,SELL_closed,0.10,4691.07000,-3.70,0.00,0.00,-3.70,[sl 4691.03]
2026.05.13 23:43:42,46420272,51938575,XAUUSD,SELL_closed,0.10,4691.07000,-4.60,0.00,0.00,-4.60,[sl 4691.03]
2026.05.13 23:44:02,46420289,51938583,XAUUSD,SELL_closed,0.10,4690.36000,3.00,0.00,0.00,3.00,[sl 4690.36]
2026.05.13 23:44:02,46420290,51938584,XAUUSD,SELL_closed,0.10,4690.42000,2.40,0.00,0.00,2.40,[sl 4690.38]
2026.05.13 23:44:35,46420294,51938596,XAUUSD,BUY_closed,0.10,4690.29000,-0.30,0.00,0.00,-0.30,[sl 4690.38]
2026.05.13 23:44:54,46420296,51938595,XAUUSD,BUY_closed,0.10,4690.68000,2.60,0.00,0.00,2.60,[sl 4690.68]
2026.05.13 23:44:54,46420297,51938603,XAUUSD,BUY_closed,0.10,4690.68000,0.90,0.00,0.00,0.90,[sl 4690.68]
2026.05.13 23:45:00,46420300,51938607,XAUUSD,BUY_closed,0.10,4690.62000,-3.30,0.00,0.00,-3.30,
2026.05.13 23:45:00,46420305,51938606,XAUUSD,BUY_closed,0.10,4690.92000,-0.80,0.00,0.00,-0.80,
2026.05.13 23:45:05,46420309,51938613,XAUUSD,BUY_closed,0.10,4690.75000,-0.30,0.00,0.00,-0.30,[sl 4690.95]
2026.05.13 23:46:00,46420326,51938616,XAUUSD,BUY_closed,0.10,4689.53000,-15.40,0.00,0.00,-15.40,
2026.05.13 23:46:00,46420327,51938614,XAUUSD,BUY_closed,0.10,4689.42000,-15.90,0.00,0.00,-15.90,
2026.05.13 23:47:08,46420372,51938638,XAUUSD,SELL_closed,0.10,4689.66000,-2.40,0.00,0.00,-2.40,
2026.05.13 23:47:08,46420373,51938637,XAUUSD,SELL_closed,0.10,4689.66000,-2.40,0.00,0.00,-2.40,
2026.05.13 23:47:33,46420391,51938679,XAUUSD,SELL_closed,0.10,4689.29000,0.50,0.00,0.00,0.50,[sl 4689.26]
2026.05.13 23:48:00,46420394,51938703,XAUUSD,SELL_closed,0.10,4689.26000,-2.70,0.00,0.00,-2.70,
2026.05.13 23:48:10,46420404,51938680,XAUUSD,SELL_closed,0.10,4689.00000,1.80,0.00,0.00,1.80,[sl 4689.00]
2026.05.13 23:49:00,46420446,51938711,XAUUSD,SELL_closed,0.10,4689.57000,-6.20,0.00,0.00,-6.20,
2026.05.13 23:49:00,46420447,51938710,XAUUSD,SELL_closed,0.10,4689.57000,-6.20,0.00,0.00,-6.20,
2026.05.13 23:50:00,46420464,51938771,XAUUSD,BUY_closed,0.10,4688.82000,-7.60,0.00,0.00,-7.60,
2026.05.13 23:50:00,46420465,51938770,XAUUSD,BUY_closed,0.10,4688.81000,-7.60,0.00,0.00,-7.60,
2026.05.13 23:50:12,46420481,51938790,XAUUSD,SELL_closed,0.10,4689.02000,1.00,0.00,0.00,1.00,[sl 4689.02]
2026.05.13 23:51:00,46420485,51938800,XAUUSD,SELL_closed,0.10,4689.35000,-6.50,0.00,0.00,-6.50,
2026.05.13 23:51:00,46420486,51938785,XAUUSD,SELL_closed,0.10,4689.35000,-5.40,0.00,0.00,-5.40,
2026.05.13 23:52:00,46420491,51938808,XAUUSD,BUY_closed,0.10,4688.86000,-6.40,0.00,0.00,-6.40,
2026.05.13 23:52:00,46420492,51938807,XAUUSD,BUY_closed,0.10,4688.90000,-4.50,0.00,0.00,-4.50,
2026.05.13 23:53:00,46420496,51938816,XAUUSD,SELL_closed,0.10,4689.35000,-5.00,0.00,0.00,-5.00,
2026.05.13 23:53:00,46420497,51938815,XAUUSD,SELL_closed,0.10,4689.35000,-4.50,0.00,0.00,-4.50,
2026.05.13 23:54:00,46420557,51938825,XAUUSD,BUY_closed,0.10,4688.43000,-9.20,0.00,0.00,-9.20,
2026.05.13 23:54:00,46420558,51938822,XAUUSD,BUY_closed,0.10,4688.21000,-11.40,0.00,0.00,-11.40,
2026.05.13 23:55:00,46420587,51938895,XAUUSD,SELL_closed,0.10,4688.40000,-1.90,0.00,0.00,-1.90,
2026.05.13 23:55:06,46420594,51938894,XAUUSD,SELL_closed,0.10,4688.42000,-2.10,0.00,0.00,-2.10,
2026.05.13 23:56:00,46420654,51938929,XAUUSD,SELL_closed,0.10,4688.69000,-5.90,0.00,0.00,-5.90,
2026.05.13 23:56:00,46420655,51938923,XAUUSD,SELL_closed,0.10,4688.70000,-6.20,0.00,0.00,-6.20,
2026.05.13 23:56:38,46420658,51938991,XAUUSD,BUY_closed,0.10,4688.71000,0.60,0.00,0.00,0.60,[sl 4688.71]
2026.05.13 23:57:19,46420667,51938990,XAUUSD,BUY_closed,0.10,4688.85000,1.60,0.00,0.00,1.60,[sl 4688.91]
2026.05.13 23:57:19,46420668,51938994,XAUUSD,BUY_closed,0.10,4688.78000,-2.50,0.00,0.00,-2.50,
2026.05.13 23:58:00,46420693,51939004,XAUUSD,BUY_closed,0.10,4688.50000,-6.30,0.00,0.00,-6.30,
2026.05.13 23:58:00,46420694,51939003,XAUUSD,BUY_closed,0.10,4688.54000,-5.60,0.00,0.00,-5.60,
2026.05.14 01:01:00,46420811,51939031,XAUUSD,SELL_closed,0.10,4693.10000,-45.30,0.00,8.57,-36.73,[sl 4690.30]
2026.05.14 01:01:00,46420813,51939032,XAUUSD,SELL_closed,0.10,4693.10000,-44.50,0.00,8.57,-35.93,[sl 4690.30]
2026.05.14 01:01:15,46420985,51939209,XAUUSD,BUY_closed,0.10,4694.32000,12.20,0.00,0.00,12.20,[sl 4694.32]
2026.05.14 01:01:16,46421015,51939208,XAUUSD,BUY_closed,0.10,4694.30000,12.00,0.00,0.00,12.00,[sl 4694.32]
2026.05.14 01:02:00,46421222,51939409,XAUUSD,BUY_closed,0.10,4691.26000,-32.60,0.00,0.00,-32.60,
2026.05.14 01:02:00,46421226,51939408,XAUUSD,BUY_closed,0.10,4691.26000,-32.60,0.00,0.00,-32.60,
2026.05.14 01:02:14,46421248,51939617,XAUUSD,SELL_closed,0.10,4693.25000,-19.90,0.00,0.00,-19.90,[sl 4693.05]
2026.05.14 01:02:14,46421249,51939618,XAUUSD,SELL_closed,0.10,4693.25000,-19.90,0.00,0.00,-19.90,[sl 4693.05]
2026.05.14 01:03:52,46421313,51939688,XAUUSD,BUY_closed,0.10,4693.67000,-0.60,0.00,0.00,-0.60,[sl 4693.78]
2026.05.14 01:03:52,46421314,51939689,XAUUSD,BUY_closed,0.10,4693.67000,-0.60,0.00,0.00,-0.60,[sl 4693.78]
2026.05.14 01:04:00,46421318,51939705,XAUUSD,BUY_closed,0.10,4693.61000,-2.10,0.00,0.00,-2.10,
2026.05.14 01:04:00,46421319,51939704,XAUUSD,BUY_closed,0.10,4693.60000,-2.20,0.00,0.00,-2.20,
2026.05.14 01:05:00,46421328,51939712,XAUUSD,BUY_closed,0.10,4693.45000,-3.90,0.00,0.00,-3.90,
2026.05.14 01:05:00,46421329,51939711,XAUUSD,BUY_closed,0.10,4693.45000,-3.90,0.00,0.00,-3.90,
2026.05.14 01:07:05,46421386,51939782,XAUUSD,SELL_closed,0.10,4693.21000,-2.40,0.00,0.00,-2.40,
2026.05.14 01:07:05,46421387,51939781,XAUUSD,SELL_closed,0.10,4693.21000,-2.40,0.00,0.00,-2.40,
2026.05.14 01:07:19,46421390,51939798,XAUUSD,SELL_closed,0.10,4692.87000,1.10,0.00,0.00,1.10,[sl 4692.87]
2026.05.14 01:07:19,46421393,51939799,XAUUSD,SELL_closed,0.10,4692.89000,0.90,0.00,0.00,0.90,[sl 4692.89]
2026.05.14 01:08:00,46421403,51939802,XAUUSD,SELL_closed,0.10,4693.21000,-5.60,0.00,0.00,-5.60,
2026.05.14 01:08:00,46421404,51939801,XAUUSD,SELL_closed,0.10,4693.21000,-5.60,0.00,0.00,-5.60,
2026.05.14 01:08:03,46421409,51939818,XAUUSD,BUY_closed,0.10,4693.04000,-1.70,0.00,0.00,-1.70,
2026.05.14 01:09:00,46421427,51939823,XAUUSD,BUY_closed,0.10,4691.82000,-14.40,0.00,0.00,-14.40,
2026.05.14 01:09:00,46421429,51939822,XAUUSD,BUY_closed,0.10,4691.82000,-14.40,0.00,0.00,-14.40,
2026.05.14 01:09:00,46421431,51939817,XAUUSD,BUY_closed,0.10,4691.82000,-13.90,0.00,0.00,-13.90,
2026.05.14 01:09:12,46421445,51939857,XAUUSD,SELL_closed,0.10,4691.69000,1.30,0.00,0.00,1.30,[sl 4691.69]
2026.05.14 01:09:17,46421449,51939858,XAUUSD,SELL_closed,0.10,4691.60000,2.20,0.00,0.00,2.20,[sl 4691.60]
2026.05.14 01:09:22,46421463,51939872,XAUUSD,SELL_closed,0.10,4691.08000,3.90,0.00,0.00,3.90,[sl 4691.06]
2026.05.14 01:09:22,46421464,51939873,XAUUSD,SELL_closed,0.10,4691.08000,3.90,0.00,0.00,3.90,[sl 4691.08]
2026.05.14 01:09:35,46421516,51939893,XAUUSD,SELL_closed,0.10,4690.11000,8.40,0.00,0.00,8.40,[sl 4690.11]
2026.05.14 01:09:35,46421517,51939894,XAUUSD,SELL_closed,0.10,4690.11000,8.40,0.00,0.00,8.40,[sl 4690.10]
2026.05.14 01:10:00,46421539,51939949,XAUUSD,SELL_closed,0.10,4690.21000,-3.40,0.00,0.00,-3.40,
2026.05.14 01:10:00,46421544,51939948,XAUUSD,SELL_closed,0.10,4690.20000,-3.30,0.00,0.00,-3.30,
2026.05.14 01:10:31,46421598,51939974,XAUUSD,SELL_closed,0.10,4689.32000,6.60,0.00,0.00,6.60,[sl 4689.30]
2026.05.14 01:10:32,46421608,51939975,XAUUSD,SELL_closed,0.10,4689.46000,5.20,0.00,0.00,5.20,
2026.05.14 01:11:00,46421626,51940043,XAUUSD,SELL_closed,0.10,4690.51000,-12.90,0.00,0.00,-12.90,
2026.05.14 01:11:00,46421627,51940042,XAUUSD,SELL_closed,0.10,4690.51000,-12.90,0.00,0.00,-12.90,
2026.05.14 01:11:41,46421645,51940068,XAUUSD,BUY_closed,0.10,4690.74000,2.30,0.00,0.00,2.30,[sl 4690.88]
2026.05.14 01:11:41,46421646,51940069,XAUUSD,BUY_closed,0.10,4690.74000,2.30,0.00,0.00,2.30,[sl 4690.92]
2026.05.14 01:11:51,46421649,51940083,XAUUSD,BUY_closed,0.10,4691.04000,1.70,0.00,0.00,1.70,[sl 4691.07]
2026.05.14 01:11:51,46421650,51940084,XAUUSD,BUY_closed,0.10,4691.04000,1.70,0.00,0.00,1.70,[sl 4691.07]
2026.05.14 01:12:04,46421655,51940088,XAUUSD,BUY_closed,0.10,4690.89000,-2.80,0.00,0.00,-2.80,
2026.05.14 01:12:04,46421656,51940087,XAUUSD,BUY_closed,0.10,4690.93000,-2.40,0.00,0.00,-2.40,
2026.05.14 01:13:00,46421664,51940096,XAUUSD,BUY_closed,0.10,4690.24000,-8.20,0.00,0.00,-8.20,
2026.05.14 01:13:00,46421665,51940095,XAUUSD,BUY_closed,0.10,4690.24000,-8.20,0.00,0.00,-8.20,
2026.05.14 01:14:00,46421672,51940106,XAUUSD,SELL_closed,0.10,4690.85000,-6.50,0.00,0.00,-6.50,
2026.05.14 01:14:00,46421673,51940105,XAUUSD,SELL_closed,0.10,4690.85000,-6.50,0.00,0.00,-6.50,
2026.05.14 01:14:26,46421679,51940118,XAUUSD,BUY_closed,0.10,4691.13000,2.80,0.00,0.00,2.80,[sl 4691.13]
2026.05.14 01:14:31,46421685,51940117,XAUUSD,BUY_closed,0.10,4690.99000,1.40,0.00,0.00,1.40,[sl 4691.12]
2026.05.14 01:14:33,46421697,51940122,XAUUSD,BUY_closed,0.10,4691.38000,0.30,0.00,0.00,0.30,[sl 4691.41]
2026.05.14 01:14:33,46421698,51940123,XAUUSD,BUY_closed,0.10,4691.38000,0.30,0.00,0.00,0.30,[sl 4691.41]
2026.05.14 01:15:00,46421722,51940142,XAUUSD,BUY_closed,0.10,4691.18000,-4.20,0.00,0.00,-4.20,
2026.05.14 01:15:00,46421723,51940141,XAUUSD,BUY_closed,0.10,4691.18000,-4.20,0.00,0.00,-4.20,
2026.05.14 01:15:32,46421745,51940189,XAUUSD,BUY_closed,0.10,4691.49000,1.20,0.00,0.00,1.20,[sl 4691.49]
2026.05.14 01:15:33,46421748,51940188,XAUUSD,BUY_closed,0.10,4691.42000,0.50,0.00,0.00,0.50,[sl 4691.46]
2026.05.14 01:16:01,46421797,51940217,XAUUSD,BUY_closed,0.10,4692.69000,10.70,0.00,0.00,10.70,[sl 4692.76]
2026.05.14 01:16:01,46421798,51940218,XAUUSD,BUY_closed,0.10,4692.69000,10.70,0.00,0.00,10.70,[sl 4692.75]
2026.05.14 01:16:12,46421876,51940278,XAUUSD,BUY_closed,0.10,4693.83000,9.10,0.00,0.00,9.10,[sl 4693.89]
2026.05.14 01:16:12,46421877,51940279,XAUUSD,BUY_closed,0.10,4693.83000,9.10,0.00,0.00,9.10,[sl 4693.90]
2026.05.14 01:16:16,46421893,51940356,XAUUSD,BUY_closed,0.10,4694.09000,1.50,0.00,0.00,1.50,[sl 4694.10]
2026.05.14 01:16:19,46421910,51940355,XAUUSD,BUY_closed,0.10,4694.30000,3.60,0.00,0.00,3.60,[sl 4694.36]
2026.05.14 01:16:19,46421911,51940378,XAUUSD,BUY_closed,0.10,4694.30000,-0.20,0.00,0.00,-0.20,[sl 4694.38]
2026.05.14 01:16:20,46421915,51940377,XAUUSD,BUY_closed,0.10,4694.37000,0.50,0.00,0.00,0.50,[sl 4694.38]
2026.05.14 01:16:42,46421939,51940390,XAUUSD,BUY_closed,0.10,4694.46000,-0.50,0.00,0.00,-0.50,
2026.05.14 01:16:52,46421956,51940389,XAUUSD,BUY_closed,0.10,4694.67000,1.60,0.00,0.00,1.60,[sl 4694.73]
2026.05.14 01:16:52,46421957,51940420,XAUUSD,BUY_closed,0.10,4694.67000,0.40,0.00,0.00,0.40,[sl 4694.73]
2026.05.14 01:16:52,46421958,51940421,XAUUSD,BUY_closed,0.10,4694.67000,0.40,0.00,0.00,0.40,[sl 4694.73]
2026.05.14 01:16:57,46421992,51940440,XAUUSD,BUY_closed,0.10,4695.40000,5.70,0.00,0.00,5.70,[sl 4695.40]
2026.05.14 01:16:59,46422008,51940441,XAUUSD,BUY_closed,0.10,4695.20000,3.70,0.00,0.00,3.70,
2026.05.14 01:17:00,46422015,51940482,XAUUSD,BUY_closed,0.10,4695.21000,-2.50,0.00,0.00,-2.50,
2026.05.14 01:17:00,46422019,51940481,XAUUSD,BUY_closed,0.10,4695.21000,-2.50,0.00,0.00,-2.50,
2026.05.14 01:17:04,46422071,51940505,XAUUSD,BUY_closed,0.10,4695.94000,5.10,0.00,0.00,5.10,[sl 4695.97]
2026.05.14 01:17:05,46422077,51940506,XAUUSD,BUY_closed,0.10,4695.65000,2.20,0.00,0.00,2.20,[sl 4695.92]
2026.05.14 01:18:00,46422167,51940555,XAUUSD,BUY_closed,0.10,4694.28000,-18.80,0.00,0.00,-18.80,
2026.05.14 01:18:00,46422169,51940554,XAUUSD,BUY_closed,0.10,4694.28000,-18.80,0.00,0.00,-18.80,
2026.05.14 01:19:33,46422237,51940687,XAUUSD,BUY_closed,0.10,4695.46000,6.60,0.00,0.00,6.60,[sl 4695.46]
2026.05.14 01:19:33,46422240,51940686,XAUUSD,BUY_closed,0.10,4695.37000,5.70,0.00,0.00,5.70,[sl 4695.44]
2026.05.14 01:20:00,46422254,51940716,XAUUSD,BUY_closed,0.10,4694.57000,-11.10,0.00,0.00,-11.10,
2026.05.14 01:20:00,46422256,51940715,XAUUSD,BUY_closed,0.10,4694.60000,-10.80,0.00,0.00,-10.80,
2026.05.14 01:20:05,46422268,51940740,XAUUSD,BUY_closed,0.10,4695.25000,4.40,0.00,0.00,4.40,[sl 4695.30]
2026.05.14 01:20:05,46422269,51940741,XAUUSD,BUY_closed,0.10,4695.25000,4.40,0.00,0.00,4.40,[sl 4695.30]
2026.05.14 01:21:00,46422276,51940751,XAUUSD,BUY_closed,0.10,4694.33000,-11.60,0.00,0.00,-11.60,
2026.05.14 01:21:00,46422277,51940750,XAUUSD,BUY_closed,0.10,4694.33000,-11.60,0.00,0.00,-11.60,
2026.05.14 01:22:00,46422286,51940761,XAUUSD,SELL_closed,0.10,4694.83000,-5.00,0.00,0.00,-5.00,
2026.05.14 01:22:00,46422287,51940760,XAUUSD,SELL_closed,0.10,4694.83000,-5.00,0.00,0.00,-5.00,
2026.05.14 01:22:59,46422298,51940771,XAUUSD,BUY_closed,0.10,4695.29000,4.60,0.00,0.00,4.60,[sl 4695.29]
2026.05.14 01:23:00,46422302,51940784,XAUUSD,BUY_closed,0.10,4695.31000,-2.00,0.00,0.00,-2.00,
2026.05.14 01:23:00,46422303,51940783,XAUUSD,BUY_closed,0.10,4695.31000,-2.00,0.00,0.00,-2.00,
2026.05.14 01:23:02,46422307,51940772,XAUUSD,BUY_closed,0.10,4695.32000,4.90,0.00,0.00,4.90,[sl 4695.34]
2026.05.14 01:24:00,46422331,51940792,XAUUSD,BUY_closed,0.10,4695.02000,-6.00,0.00,0.00,-6.00,
2026.05.14 01:24:00,46422332,51940791,XAUUSD,BUY_closed,0.10,4695.01000,-6.10,0.00,0.00,-6.10,
2026.05.14 01:25:10,46422452,51940910,XAUUSD,BUY_closed,0.10,4696.70000,8.10,0.00,0.00,8.10,[sl 4696.70]
2026.05.14 01:25:10,46422453,51940909,XAUUSD,BUY_closed,0.10,4696.49000,6.00,0.00,0.00,6.00,[sl 4696.68]
2026.05.14 01:25:15,46422468,51940950,XAUUSD,BUY_closed,0.10,4696.77000,0.60,0.00,0.00,0.60,[sl 4696.78]
2026.05.14 01:25:39,46422473,51940949,XAUUSD,BUY_closed,0.10,4696.82000,1.10,0.00,0.00,1.10,[sl 4696.82]
2026.05.14 01:26:00,46422475,51940966,XAUUSD,BUY_closed,0.10,4696.77000,-2.20,0.00,0.00,-2.20,
2026.05.14 01:26:00,46422476,51940965,XAUUSD,BUY_closed,0.10,4696.77000,-2.20,0.00,0.00,-2.20,
2026.05.14 01:26:18,46422496,51940976,XAUUSD,BUY_closed,0.10,4697.09000,1.80,0.00,0.00,1.80,[sl 4697.10]
2026.05.14 01:26:18,46422497,51940977,XAUUSD,BUY_closed,0.10,4697.09000,1.80,0.00,0.00,1.80,[sl 4697.10]
2026.05.14 01:27:00,46422519,51941000,XAUUSD,BUY_closed,0.10,4697.02000,-2.10,0.00,0.00,-2.10,
2026.05.14 01:27:01,46422522,51940999,XAUUSD,BUY_closed,0.10,4697.01000,-2.20,0.00,0.00,-2.20,
2026.05.14 01:28:00,46422580,51941028,XAUUSD,BUY_closed,0.10,4696.08000,-11.40,0.00,0.00,-11.40,
2026.05.14 01:28:00,46422582,51941027,XAUUSD,BUY_closed,0.10,4696.08000,-11.40,0.00,0.00,-11.40,
2026.05.14 01:28:08,46422593,51941077,XAUUSD,SELL_closed,0.10,4696.02000,0.60,0.00,0.00,0.60,[sl 4696.01]
2026.05.14 01:28:09,46422596,51941076,XAUUSD,SELL_closed,0.10,4696.08000,-0.00,0.00,0.00,0.00,[sl 4696.03]
2026.05.14 01:29:00,46422598,51941087,XAUUSD,SELL_closed,0.10,4696.56000,-7.70,0.00,0.00,-7.70,
2026.05.14 01:29:00,46422599,51941086,XAUUSD,SELL_closed,0.10,4696.56000,-7.70,0.00,0.00,-7.70,
2026.05.14 01:29:25,46422606,51941094,XAUUSD,BUY_closed,0.10,4696.75000,1.90,0.00,0.00,1.90,[sl 4696.78]
2026.05.14 01:29:41,46422609,51941095,XAUUSD,BUY_closed,0.10,4696.79000,2.30,0.00,0.00,2.30,[sl 4696.84]
2026.05.14 01:30:00,46422614,51941101,XAUUSD,BUY_closed,0.10,4696.99000,0.20,0.00,0.00,0.20,[sl 4697.08]
2026.05.14 01:30:00,46422615,51941102,XAUUSD,BUY_closed,0.10,4696.99000,0.20,0.00,0.00,0.20,[sl 4697.08]
2026.05.14 01:30:11,46422703,51941126,XAUUSD,BUY_closed,0.10,4697.93000,7.30,0.00,0.00,7.30,[sl 4697.93]
2026.05.14 01:30:11,46422706,51941125,XAUUSD,BUY_closed,0.10,4697.92000,7.20,0.00,0.00,7.20,[sl 4697.92]
2026.05.14 01:30:21,46422746,51941220,XAUUSD,BUY_closed,0.10,4698.41000,2.60,0.00,0.00,2.60,[sl 4698.41]
2026.05.14 01:30:22,46422761,51941219,XAUUSD,BUY_closed,0.10,4698.24000,0.90,0.00,0.00,0.90,[sl 4698.60]
2026.05.14 01:31:00,46422789,51941273,XAUUSD,BUY_closed,0.10,4697.87000,-9.30,0.00,0.00,-9.30,
2026.05.14 01:31:00,46422793,51941272,XAUUSD,BUY_closed,0.10,4697.87000,-9.30,0.00,0.00,-9.30,
2026.05.14 01:32:00,46422816,51941320,XAUUSD,BUY_closed,0.10,4697.60000,-4.00,0.00,0.00,-4.00,
2026.05.14 01:32:00,46422817,51941319,XAUUSD,BUY_closed,0.10,4697.38000,-6.20,0.00,0.00,-6.20,
2026.05.14 01:34:26,46422906,51941408,XAUUSD,SELL_closed,0.10,4696.33000,1.60,0.00,0.00,1.60,[sl 4696.30]
2026.05.14 01:34:26,46422907,51941409,XAUUSD,SELL_closed,0.10,4696.33000,1.60,0.00,0.00,1.60,[sl 4696.30]
2026.05.14 01:35:00,46422924,51941430,XAUUSD,SELL_closed,0.10,4697.31000,-11.50,0.00,0.00,-11.50,
2026.05.14 01:35:00,46422925,51941429,XAUUSD,SELL_closed,0.10,4697.31000,-11.50,0.00,0.00,-11.50,
2026.05.14 01:36:00,46422933,51941451,XAUUSD,BUY_closed,0.10,4696.91000,-4.00,0.00,0.00,-4.00,
2026.05.14 01:36:00,46422934,51941450,XAUUSD,BUY_closed,0.10,4696.91000,-4.00,0.00,0.00,-4.00,
2026.05.14 01:37:00,46422962,51941461,XAUUSD,SELL_closed,0.10,4698.13000,-12.20,0.00,0.00,-12.20,
2026.05.14 01:37:00,46422963,51941460,XAUUSD,SELL_closed,0.10,4698.13000,-12.20,0.00,0.00,-12.20,
2026.05.14 01:37:47,46422984,51941494,XAUUSD,BUY_closed,0.10,4698.18000,0.50,0.00,0.00,0.50,[sl 4698.18]
2026.05.14 01:37:47,46422985,51941495,XAUUSD,BUY_closed,0.10,4698.18000,0.50,0.00,0.00,0.50,[sl 4698.18]
2026.05.14 01:38:01,46422993,51941517,XAUUSD,BUY_closed,0.10,4697.86000,-4.80,0.00,0.00,-4.80,
2026.05.14 01:38:02,46422995,51941516,XAUUSD,BUY_closed,0.10,4697.83000,-5.10,0.00,0.00,-5.10,
2026.05.14 01:38:12,46423000,51941529,XAUUSD,BUY_closed,0.10,4698.00000,0.40,0.00,0.00,0.40,[sl 4698.01]
2026.05.14 01:38:12,46423001,51941530,XAUUSD,BUY_closed,0.10,4698.00000,0.40,0.00,0.00,0.40,[sl 4698.01]
2026.05.14 01:38:28,46423048,51941535,XAUUSD,BUY_closed,0.10,4698.61000,4.00,0.00,0.00,4.00,[sl 4698.77]
2026.05.14 01:38:28,46423049,51941536,XAUUSD,BUY_closed,0.10,4698.61000,4.00,0.00,0.00,4.00,[sl 4698.77]
2026.05.14 01:38:42,46423071,51941585,XAUUSD,BUY_closed,0.10,4698.95000,1.10,0.00,0.00,1.10,[sl 4698.98]
2026.05.14 01:38:42,46423072,51941586,XAUUSD,BUY_closed,0.10,4698.95000,1.10,0.00,0.00,1.10,[sl 4698.98]
2026.05.14 01:39:00,46423091,51941612,XAUUSD,BUY_closed,0.10,4698.67000,-4.70,0.00,0.00,-4.70,
2026.05.14 01:39:00,46423094,51941611,XAUUSD,BUY_closed,0.10,4698.70000,-4.40,0.00,0.00,-4.40,
2026.05.14 01:40:00,46423126,51941636,XAUUSD,BUY_closed,0.10,4698.36000,-5.10,0.00,0.00,-5.10,
2026.05.14 01:40:00,46423127,51941635,XAUUSD,BUY_closed,0.10,4698.38000,-4.90,0.00,0.00,-4.90,
2026.05.14 01:41:12,46423148,51941683,XAUUSD,BUY_closed,0.10,4698.90000,1.70,0.00,0.00,1.70,[sl 4698.92]
2026.05.14 01:41:12,46423149,51941684,XAUUSD,BUY_closed,0.10,4698.90000,1.70,0.00,0.00,1.70,[sl 4698.93]
2026.05.14 01:41:43,46423179,51941693,XAUUSD,BUY_closed,0.10,4699.26000,0.50,0.00,0.00,0.50,[sl 4699.26]
2026.05.14 01:41:43,46423180,51941694,XAUUSD,BUY_closed,0.10,4699.26000,0.50,0.00,0.00,0.50,[sl 4699.26]
2026.05.14 01:42:00,46423199,51941726,XAUUSD,BUY_closed,0.10,4699.24000,-2.50,0.00,0.00,-2.50,
2026.05.14 01:42:00,46423201,51941725,XAUUSD,BUY_closed,0.10,4699.24000,-2.50,0.00,0.00,-2.50,
2026.05.14 01:42:24,46423206,51941749,XAUUSD,BUY_closed,0.10,4699.43000,0.20,0.00,0.00,0.20,[sl 4699.51]
2026.05.14 01:42:24,46423207,51941750,XAUUSD,BUY_closed,0.10,4699.43000,0.20,0.00,0.00,0.20,[sl 4699.51]
2026.05.14 01:43:05,46423215,51941755,XAUUSD,BUY_closed,0.10,4699.26000,-3.00,0.00,0.00,-3.00,
2026.05.14 01:43:05,46423216,51941754,XAUUSD,BUY_closed,0.10,4699.26000,-3.00,0.00,0.00,-3.00,
2026.05.14 01:43:43,46423256,51941767,XAUUSD,BUY_closed,0.10,4699.73000,3.20,0.00,0.00,3.20,[sl 4699.79]
2026.05.14 01:43:43,46423257,51941768,XAUUSD,BUY_closed,0.10,4699.73000,3.20,0.00,0.00,3.20,[sl 4699.78]
2026.05.14 01:43:57,46423354,51941816,XAUUSD,BUY_closed,0.10,4700.09000,1.50,0.00,0.00,1.50,[sl 4700.09]
2026.05.14 01:44:01,46423359,51941914,XAUUSD,BUY_closed,0.10,4700.10000,-2.10,0.00,0.00,-2.10,
2026.05.14 01:44:02,46423360,51941913,XAUUSD,BUY_closed,0.10,4700.11000,-2.00,0.00,0.00,-2.00,
2026.05.14 01:44:02,46423363,51941817,XAUUSD,BUY_closed,0.10,4700.04000,1.00,0.00,0.00,1.00,[sl 4700.08]
2026.05.14 01:44:34,46423389,51941921,XAUUSD,BUY_closed,0.10,4700.24000,-0.40,0.00,0.00,-0.40,[sl 4700.34]
2026.05.14 01:44:34,46423390,51941922,XAUUSD,BUY_closed,0.10,4700.24000,-0.40,0.00,0.00,-0.40,[sl 4700.34]
2026.05.14 01:45:00,46423498,51941952,XAUUSD,BUY_closed,0.10,4699.15000,-12.10,0.00,0.00,-12.10,
2026.05.14 01:45:00,46423500,51941951,XAUUSD,BUY_closed,0.10,4699.15000,-12.10,0.00,0.00,-12.10,
2026.05.14 01:45:43,46423564,51942059,XAUUSD,SELL_closed,0.10,4698.77000,3.80,0.00,0.00,3.80,[sl 4698.77]
2026.05.14 01:45:43,46423565,51942060,XAUUSD,SELL_closed,0.10,4698.77000,3.80,0.00,0.00,3.80,[sl 4698.77]
2026.05.14 01:46:00,46423583,51942120,XAUUSD,SELL_closed,0.10,4699.52000,-9.30,0.00,0.00,-9.30,
2026.05.14 01:46:00,46423584,51942119,XAUUSD,SELL_closed,0.10,4699.52000,-9.30,0.00,0.00,-9.30,
2026.05.14 01:47:00,46423639,51942143,XAUUSD,BUY_closed,0.10,4698.26000,-12.60,0.00,0.00,-12.60,
2026.05.14 01:47:00,46423640,51942142,XAUUSD,BUY_closed,0.10,4698.26000,-12.60,0.00,0.00,-12.60,
2026.05.14 01:47:28,46423705,51942198,XAUUSD,SELL_closed,0.10,4698.11000,1.50,0.00,0.00,1.50,[sl 4697.93]
2026.05.14 01:47:28,46423706,51942199,XAUUSD,SELL_closed,0.10,4698.18000,0.80,0.00,0.00,0.80,
2026.05.14 01:48:00,46423731,51942264,XAUUSD,SELL_closed,0.10,4698.17000,-2.10,0.00,0.00,-2.10,
2026.05.14 01:48:00,46423732,51942263,XAUUSD,SELL_closed,0.10,4698.04000,-0.80,0.00,0.00,-0.80,
2026.05.14 01:48:01,46423739,51942292,XAUUSD,SELL_closed,0.10,4697.88000,0.70,0.00,0.00,0.70,[sl 4697.88]
2026.05.14 01:48:02,46423741,51942291,XAUUSD,SELL_closed,0.10,4697.91000,0.40,0.00,0.00,0.40,[sl 4697.88]
2026.05.14 01:48:06,46423747,51942299,XAUUSD,SELL_closed,0.10,4697.49000,2.00,0.00,0.00,2.00,[sl 4697.40]
2026.05.14 01:48:06,46423748,51942300,XAUUSD,SELL_closed,0.10,4697.49000,2.00,0.00,0.00,2.00,[sl 4697.42]
2026.05.14 01:48:21,46423784,51942314,XAUUSD,SELL_closed,0.10,4697.08000,1.60,0.00,0.00,1.60,[sl 4697.08]
2026.05.14 01:48:25,46423886,51942313,XAUUSD,SELL_closed,0.10,4697.34000,-1.00,0.00,0.00,-1.00,[sl 4696.98]
2026.05.14 01:49:00,46423940,51942345,XAUUSD,SELL_closed,0.10,4697.63000,-7.90,0.00,0.00,-7.90,
2026.05.14 01:49:00,46423942,51942344,XAUUSD,SELL_closed,0.10,4697.63000,-7.90,0.00,0.00,-7.90,
2026.05.14 01:50:00,46423961,51942506,XAUUSD,SELL_closed,0.10,4697.94000,-4.40,0.00,0.00,-4.40,
2026.05.14 01:50:00,46423962,51942505,XAUUSD,SELL_closed,0.10,4697.94000,-4.40,0.00,0.00,-4.40,
2026.05.14 01:50:12,46423990,51942522,XAUUSD,BUY_closed,0.10,4697.92000,0.30,0.00,0.00,0.30,[sl 4697.94]
2026.05.14 01:50:12,46423991,51942523,XAUUSD,BUY_closed,0.10,4697.92000,0.30,0.00,0.00,0.30,[sl 4697.94]
2026.05.14 01:50:34,46424021,51942552,XAUUSD,BUY_closed,0.10,4698.19000,0.70,0.00,0.00,0.70,[sl 4698.27]
2026.05.14 01:50:34,46424022,51942553,XAUUSD,BUY_closed,0.10,4698.19000,0.70,0.00,0.00,0.70,[sl 4698.27]
2026.05.14 01:51:35,46424080,51942582,XAUUSD,BUY_closed,0.10,4698.83000,4.30,0.00,0.00,4.30,[sl 4698.89]
2026.05.14 01:51:35,46424081,51942583,XAUUSD,BUY_closed,0.10,4698.83000,4.30,0.00,0.00,4.30,[sl 4698.87]
2026.05.14 01:52:01,46424141,51942644,XAUUSD,BUY_closed,0.10,4699.84000,7.90,0.00,0.00,7.90,[sl 4699.86]
2026.05.14 01:52:01,46424150,51942645,XAUUSD,BUY_closed,0.10,4699.81000,7.60,0.00,0.00,7.60,[sl 4699.84]
2026.05.14 01:52:43,46424189,51942706,XAUUSD,BUY_closed,0.10,4700.42000,3.50,0.00,0.00,3.50,[sl 4700.42]
2026.05.14 01:52:43,46424190,51942707,XAUUSD,BUY_closed,0.10,4700.42000,3.50,0.00,0.00,3.50,[sl 4700.42]
2026.05.14 01:53:00,46424221,51942754,XAUUSD,BUY_closed,0.10,4700.19000,-4.50,0.00,0.00,-4.50,
2026.05.14 01:53:00,46424222,51942753,XAUUSD,BUY_closed,0.10,4700.19000,-4.50,0.00,0.00,-4.50,
2026.05.14 01:54:11,46424240,51942791,XAUUSD,BUY_closed,0.10,4700.10000,-3.30,0.00,0.00,-3.30,[sl 4700.49]
2026.05.14 01:54:11,46424242,51942792,XAUUSD,BUY_closed,0.10,4700.10000,-3.30,0.00,0.00,-3.30,[sl 4700.49]
2026.05.14 01:54:18,46424246,51942812,XAUUSD,BUY_closed,0.10,4700.27000,0.40,0.00,0.00,0.40,[sl 4700.28]
2026.05.14 01:54:18,46424247,51942813,XAUUSD,BUY_closed,0.10,4700.27000,0.40,0.00,0.00,0.40,[sl 4700.28]
2026.05.14 01:55:00,46424311,51942818,XAUUSD,BUY_closed,0.10,4700.20000,-2.90,0.00,0.00,-2.90,
2026.05.14 01:55:00,46424312,51942817,XAUUSD,BUY_closed,0.10,4700.20000,-2.90,0.00,0.00,-2.90,
2026.05.14 01:57:00,46424431,51942966,XAUUSD,BUY_closed,0.10,4699.89000,-4.90,0.00,0.00,-4.90,
2026.05.14 01:57:00,46424432,51942965,XAUUSD,BUY_closed,0.10,4699.89000,-4.90,0.00,0.00,-4.90,
2026.05.14 01:57:21,46424437,51943006,XAUUSD,SELL_closed,0.10,4700.29000,-4.00,0.00,0.00,-4.00,[sl 4700.29]
2026.05.14 01:57:21,46424438,51943007,XAUUSD,SELL_closed,0.10,4700.29000,-4.00,0.00,0.00,-4.00,[sl 4700.29]
2026.05.14 01:57:21,46424441,51943010,XAUUSD,SELL_closed,0.10,4700.30000,-1.40,0.00,0.00,-1.40,[sl 4700.29]
2026.05.14 01:57:21,46424442,51943011,XAUUSD,SELL_closed,0.10,4700.30000,-1.40,0.00,0.00,-1.40,[sl 4700.29]
2026.05.14 01:59:00,46424564,51943022,XAUUSD,BUY_closed,0.10,4700.08000,-4.80,0.00,0.00,-4.80,
2026.05.14 01:59:00,46424565,51943021,XAUUSD,BUY_closed,0.10,4700.08000,-4.80,0.00,0.00,-4.80,
2026.05.14 02:00:54,46424602,51943161,XAUUSD,BUY_closed,0.10,4700.55000,4.60,0.00,0.00,4.60,[sl 4700.56]
2026.05.14 02:00:54,46424603,51943162,XAUUSD,BUY_closed,0.10,4700.55000,4.60,0.00,0.00,4.60,[sl 4700.56]
2026.05.14 02:01:00,46424608,51943210,XAUUSD,BUY_closed,0.10,4700.49000,-2.30,0.00,0.00,-2.30,
2026.05.14 02:01:00,46424609,51943209,XAUUSD,BUY_closed,0.10,4700.49000,-2.30,0.00,0.00,-2.30,
2026.05.14 02:01:09,46424626,51943217,XAUUSD,BUY_closed,0.10,4700.76000,0.60,0.00,0.00,0.60,[sl 4700.76]
2026.05.14 02:01:09,46424627,51943218,XAUUSD,BUY_closed,0.10,4700.76000,0.60,0.00,0.00,0.60,[sl 4700.76]
2026.05.14 02:02:13,46424717,51943238,XAUUSD,BUY_closed,0.10,4700.45000,-5.30,0.00,0.00,-5.30,
2026.05.14 02:02:13,46424718,51943237,XAUUSD,BUY_closed,0.10,4700.43000,-5.50,0.00,0.00,-5.50,
2026.05.14 02:03:12,46424743,51943332,XAUUSD,BUY_closed,0.10,4700.43000,-2.30,0.00,0.00,-2.30,
2026.05.14 02:03:13,46424744,51943331,XAUUSD,BUY_closed,0.10,4700.43000,-2.30,0.00,0.00,-2.30,
2026.05.14 02:04:50,46424792,51943384,XAUUSD,SELL_closed,0.10,4699.43000,2.70,0.00,0.00,2.70,[sl 4699.42]
2026.05.14 02:04:50,46424793,51943385,XAUUSD,SELL_closed,0.10,4699.43000,2.70,0.00,0.00,2.70,[sl 4699.42]
2026.05.14 02:05:00,46424799,51943410,XAUUSD,SELL_closed,0.10,4699.54000,-2.40,0.00,0.00,-2.40,
2026.05.14 02:05:00,46424800,51943409,XAUUSD,SELL_closed,0.10,4699.55000,-2.50,0.00,0.00,-2.50,
2026.05.14 02:06:00,46424870,51943419,XAUUSD,SELL_closed,0.10,4700.51000,-10.70,0.00,0.00,-10.70,
2026.05.14 02:06:00,46424871,51943418,XAUUSD,SELL_closed,0.10,4700.44000,-10.00,0.00,0.00,-10.00,
2026.05.14 02:06:06,46424880,51943492,XAUUSD,BUY_closed,0.10,4700.60000,1.60,0.00,0.00,1.60,[sl 4700.66]
2026.05.14 02:06:06,46424881,51943493,XAUUSD,BUY_closed,0.10,4700.60000,1.60,0.00,0.00,1.60,[sl 4700.66]
2026.05.14 02:06:30,46424936,51943503,XAUUSD,BUY_closed,0.10,4700.95000,0.90,0.00,0.00,0.90,[sl 4700.96]
2026.05.14 02:06:34,46424944,51943502,XAUUSD,BUY_closed,0.10,4700.68000,-1.80,0.00,0.00,-1.80,
2026.05.14 02:07:00,46424950,51943558,XAUUSD,BUY_closed,0.10,4700.74000,-3.10,0.00,0.00,-3.10,
2026.05.14 02:07:00,46424951,51943557,XAUUSD,BUY_closed,0.10,4700.74000,-3.10,0.00,0.00,-3.10,
2026.05.14 02:08:14,46424965,51943574,XAUUSD,BUY_closed,0.10,4700.98000,1.10,0.00,0.00,1.10,[sl 4701.00]
2026.05.14 02:08:14,46424967,51943573,XAUUSD,BUY_closed,0.10,4700.99000,1.20,0.00,0.00,1.20,[sl 4701.00]
2026.05.14 02:08:25,46425016,51943591,XAUUSD,BUY_closed,0.10,4701.56000,3.80,0.00,0.00,3.80,[sl 4701.58]
2026.05.14 02:08:25,46425017,51943592,XAUUSD,BUY_closed,0.10,4701.56000,3.80,0.00,0.00,3.80,[sl 4701.58]
2026.05.14 02:09:00,46425049,51943650,XAUUSD,BUY_closed,0.10,4701.31000,-4.70,0.00,0.00,-4.70,
2026.05.14 02:09:00,46425050,51943649,XAUUSD,BUY_closed,0.10,4701.31000,-4.70,0.00,0.00,-4.70,
2026.05.14 02:10:00,46425070,51943678,XAUUSD,BUY_closed,0.10,4701.05000,-3.90,0.00,0.00,-3.90,
2026.05.14 02:10:00,46425071,51943677,XAUUSD,BUY_closed,0.10,4701.05000,-3.90,0.00,0.00,-3.90,
2026.05.14 02:11:25,46425152,51943761,XAUUSD,BUY_closed,0.10,4701.73000,-0.10,0.00,0.00,-0.10,[sl 4701.80]
2026.05.14 02:11:25,46425153,51943762,XAUUSD,BUY_closed,0.10,4701.73000,-0.10,0.00,0.00,-0.10,[sl 4701.80]
2026.05.14 02:12:00,46425173,51943801,XAUUSD,BUY_closed,0.10,4701.75000,-2.10,0.00,0.00,-2.10,
2026.05.14 02:12:00,46425174,51943800,XAUUSD,BUY_closed,0.10,4701.79000,-1.70,0.00,0.00,-1.70,
2026.05.14 02:13:18,46425328,51943822,XAUUSD,BUY_closed,0.10,4701.94000,0.10,0.00,0.00,0.10,[sl 4702.12]
2026.05.14 02:13:18,46425329,51943823,XAUUSD,BUY_closed,0.10,4701.94000,0.10,0.00,0.00,0.10,[sl 4702.12]
2026.05.14 02:14:00,46425510,51943979,XAUUSD,BUY_closed,0.10,4701.85000,-3.30,0.00,0.00,-3.30,
2026.05.14 02:14:00,46425511,51943978,XAUUSD,BUY_closed,0.10,4701.77000,-4.10,0.00,0.00,-4.10,
2026.05.14 02:16:04,46425557,51944174,XAUUSD,SELL_closed,0.10,4701.25000,0.40,0.00,0.00,0.40,[sl 4701.23]
2026.05.14 02:16:04,46425558,51944175,XAUUSD,SELL_closed,0.10,4701.25000,0.40,0.00,0.00,0.40,[sl 4701.24]
2026.05.14 02:17:00,46425565,51944212,XAUUSD,SELL_closed,0.10,4701.50000,-3.80,0.00,0.00,-3.80,
2026.05.14 02:17:00,46425566,51944211,XAUUSD,SELL_closed,0.10,4701.50000,-3.80,0.00,0.00,-3.80,
2026.05.14 02:18:00,46425591,51944222,XAUUSD,BUY_closed,0.10,4700.53000,-9.70,0.00,0.00,-9.70,
2026.05.14 02:18:00,46425593,51944221,XAUUSD,BUY_closed,0.10,4700.53000,-9.70,0.00,0.00,-9.70,
2026.05.14 02:19:00,46425606,51944253,XAUUSD,SELL_closed,0.10,4700.83000,-3.00,0.00,0.00,-3.00,
2026.05.14 02:19:00,46425609,51944252,XAUUSD,SELL_closed,0.10,4700.83000,-3.00,0.00,0.00,-3.00,
2026.05.14 02:19:26,46425617,51944272,XAUUSD,BUY_closed,0.10,4700.90000,0.70,0.00,0.00,0.70,[sl 4700.90]
2026.05.14 02:19:31,46425620,51944271,XAUUSD,BUY_closed,0.10,4700.90000,0.70,0.00,0.00,0.70,[sl 4700.90]
2026.05.14 02:20:00,46425623,51944279,XAUUSD,BUY_closed,0.10,4700.91000,-2.20,0.00,0.00,-2.20,
2026.05.14 02:20:00,46425624,51944278,XAUUSD,BUY_closed,0.10,4700.91000,-2.20,0.00,0.00,-2.20,
2026.05.14 02:20:39,46425639,51944285,XAUUSD,BUY_closed,0.10,4700.88000,-1.60,0.00,0.00,-1.60,[sl 4701.09]
2026.05.14 02:20:39,46425640,51944286,XAUUSD,BUY_closed,0.10,4700.88000,-1.60,0.00,0.00,-1.60,[sl 4701.09]
2026.05.14 02:21:13,46425643,51944298,XAUUSD,BUY_closed,0.10,4700.78000,-2.00,0.00,0.00,-2.00,
2026.05.14 02:21:13,46425644,51944297,XAUUSD,BUY_closed,0.10,4700.78000,-2.00,0.00,0.00,-2.00,
2026.05.14 02:22:00,46425652,51944305,XAUUSD,SELL_closed,0.10,4701.17000,-3.90,0.00,0.00,-3.90,
2026.05.14 02:22:00,46425653,51944304,XAUUSD,SELL_closed,0.10,4701.16000,-3.80,0.00,0.00,-3.80,
2026.05.14 02:23:31,46425668,51944316,XAUUSD,BUY_closed,0.10,4700.87000,-2.90,0.00,0.00,-2.90,
2026.05.14 02:23:31,46425669,51944315,XAUUSD,BUY_closed,0.10,4700.88000,-2.80,0.00,0.00,-2.80,
2026.05.14 02:24:00,46425691,51944334,XAUUSD,BUY_closed,0.10,4700.56000,-4.50,0.00,0.00,-4.50,
2026.05.14 02:24:00,46425692,51944333,XAUUSD,BUY_closed,0.10,4700.61000,-4.00,0.00,0.00,-4.00,
2026.05.14 02:24:37,46425701,51944358,XAUUSD,SELL_closed,0.10,4700.51000,1.10,0.00,0.00,1.10,[sl 4700.51]
2026.05.14 02:24:37,46425702,51944359,XAUUSD,SELL_closed,0.10,4700.51000,1.10,0.00,0.00,1.10,[sl 4700.51]
2026.05.14 02:24:39,46425716,51944372,XAUUSD,SELL_closed,0.10,4700.08000,3.00,0.00,0.00,3.00,[sl 4700.07]
2026.05.14 02:24:39,46425717,51944373,XAUUSD,SELL_closed,0.10,4700.08000,3.00,0.00,0.00,3.00,[sl 4700.07]
2026.05.14 02:24:54,46425732,51944388,XAUUSD,SELL_closed,0.10,4699.81000,0.90,0.00,0.00,0.90,[sl 4699.79]
2026.05.14 02:24:54,46425733,51944389,XAUUSD,SELL_closed,0.10,4699.81000,0.90,0.00,0.00,0.90,[sl 4699.79]
2026.05.14 02:25:00,46425737,51944404,XAUUSD,SELL_closed,0.10,4699.92000,-3.30,0.00,0.00,-3.30,
2026.05.14 02:25:00,46425738,51944403,XAUUSD,SELL_closed,0.10,4699.92000,-3.30,0.00,0.00,-3.30,
2026.05.14 02:25:16,46425745,51944411,XAUUSD,SELL_closed,0.10,4699.84000,-1.30,0.00,0.00,-1.30,[sl 4699.66]
2026.05.14 02:25:16,46425746,51944412,XAUUSD,SELL_closed,0.10,4699.84000,-1.30,0.00,0.00,-1.30,[sl 4699.66]
2026.05.14 02:25:17,46425762,51944419,XAUUSD,SELL_closed,0.10,4698.86000,3.80,0.00,0.00,3.80,[sl 4698.77]
2026.05.14 02:25:17,46425774,51944418,XAUUSD,SELL_closed,0.10,4699.15000,0.90,0.00,0.00,0.90,
2026.05.14 02:26:00,46425803,51944452,XAUUSD,SELL_closed,0.10,4699.34000,-3.70,0.00,0.00,-3.70,
2026.05.14 02:26:00,46425806,51944451,XAUUSD,SELL_closed,0.10,4699.34000,-3.70,0.00,0.00,-3.70,
2026.05.14 02:26:14,46425864,51944476,XAUUSD,SELL_closed,0.10,4698.52000,6.80,0.00,0.00,6.80,[sl 4698.52]
2026.05.14 02:26:14,46425865,51944477,XAUUSD,SELL_closed,0.10,4698.52000,6.80,0.00,0.00,6.80,[sl 4698.50]
2026.05.14 02:26:17,46425920,51944535,XAUUSD,SELL_closed,0.10,4698.18000,1.50,0.00,0.00,1.50,[sl 4698.14]
2026.05.14 02:26:17,46425921,51944536,XAUUSD,SELL_closed,0.10,4698.18000,1.50,0.00,0.00,1.50,[sl 4698.14]
2026.05.14 02:26:44,46425950,51944594,XAUUSD,SELL_closed,0.10,4697.34000,6.20,0.00,0.00,6.20,[sl 4697.34]
2026.05.14 02:26:44,46425960,51944593,XAUUSD,SELL_closed,0.10,4697.38000,5.80,0.00,0.00,5.80,[sl 4697.34]
2026.05.14 02:26:53,46426003,51944640,XAUUSD,SELL_closed,0.10,4697.19000,0.50,0.00,0.00,0.50,[sl 4697.12]
2026.05.14 02:26:53,46426004,51944641,XAUUSD,SELL_closed,0.10,4697.19000,0.50,0.00,0.00,0.50,[sl 4697.13]
2026.05.14 02:27:00,46426013,51944685,XAUUSD,SELL_closed,0.10,4697.85000,-8.10,0.00,0.00,-8.10,
2026.05.14 02:27:00,46426016,51944684,XAUUSD,SELL_closed,0.10,4697.85000,-8.10,0.00,0.00,-8.10,
2026.05.14 02:27:39,46426110,51944697,XAUUSD,SELL_closed,0.10,4697.39000,2.20,0.00,0.00,2.20,[sl 4697.28]
2026.05.14 02:27:39,46426111,51944698,XAUUSD,SELL_closed,0.10,4697.39000,2.20,0.00,0.00,2.20,[sl 4697.32]
2026.05.14 02:28:00,46426115,51944794,XAUUSD,SELL_closed,0.10,4697.42000,-2.40,0.00,0.00,-2.40,
2026.05.14 02:28:00,46426118,51944793,XAUUSD,SELL_closed,0.10,4697.42000,-2.40,0.00,0.00,-2.40,
2026.05.14 02:28:18,46426133,51944800,XAUUSD,SELL_closed,0.10,4697.14000,1.50,0.00,0.00,1.50,[sl 4697.14]
2026.05.14 02:28:18,46426134,51944801,XAUUSD,SELL_closed,0.10,4697.14000,1.50,0.00,0.00,1.50,[sl 4697.14]
2026.05.14 02:29:00,46426139,51944818,XAUUSD,SELL_closed,0.10,4697.18000,-2.50,0.00,0.00,-2.50,
2026.05.14 02:29:00,46426141,51944817,XAUUSD,SELL_closed,0.10,4697.18000,-2.50,0.00,0.00,-2.50,
2026.05.14 02:30:00,46426155,51944826,XAUUSD,SELL_closed,0.10,4697.08000,-1.20,0.00,0.00,-1.20,
2026.05.14 02:30:01,46426165,51944825,XAUUSD,SELL_closed,0.10,4697.17000,-2.10,0.00,0.00,-2.10,
2026.05.14 02:30:04,46426181,51944844,XAUUSD,BUY_closed,0.10,4697.23000,1.50,0.00,0.00,1.50,[sl 4697.24]
2026.05.14 02:30:08,46426185,51944843,XAUUSD,BUY_closed,0.10,4697.21000,1.30,0.00,0.00,1.30,[sl 4697.28]
2026.05.14 02:30:36,46426199,51944870,XAUUSD,BUY_closed,0.10,4696.55000,-10.10,0.00,0.00,-10.10,[sl 4696.58]
2026.05.14 02:30:36,46426200,51944871,XAUUSD,BUY_closed,0.10,4696.55000,-10.10,0.00,0.00,-10.10,[sl 4696.58]
2026.05.14 02:30:37,46426208,51944893,XAUUSD,BUY_closed,0.10,4696.56000,-1.50,0.00,0.00,-1.50,[sl 4696.58]
2026.05.14 02:30:37,46426209,51944894,XAUUSD,BUY_closed,0.10,4696.56000,-1.50,0.00,0.00,-1.50,[sl 4696.58]
2026.05.14 02:31:06,46426284,51944947,XAUUSD,SELL_closed,0.10,4695.81000,2.50,0.00,0.00,2.50,[sl 4695.81]
2026.05.14 02:31:23,46426292,51944946,XAUUSD,SELL_closed,0.10,4695.80000,2.60,0.00,0.00,2.60,[sl 4695.77]
2026.05.14 02:31:31,46426344,51944975,XAUUSD,SELL_closed,0.10,4695.22000,4.50,0.00,0.00,4.50,[sl 4695.21]
2026.05.14 02:31:39,46426392,51945047,XAUUSD,SELL_closed,0.10,4694.62000,4.50,0.00,0.00,4.50,[sl 4694.62]
2026.05.14 02:31:39,46426393,51945048,XAUUSD,SELL_closed,0.10,4694.62000,4.50,0.00,0.00,4.50,[sl 4694.62]
2026.05.14 02:31:40,46426396,51944974,XAUUSD,SELL_closed,0.10,4694.96000,7.10,0.00,0.00,7.10,[sl 4694.62]
2026.05.14 02:32:00,46426430,51945087,XAUUSD,SELL_closed,0.10,4696.62000,-22.30,0.00,0.00,-22.30,
2026.05.14 02:32:00,46426434,51945086,XAUUSD,SELL_closed,0.10,4696.66000,-22.70,0.00,0.00,-22.70,
2026.05.14 02:33:02,46426449,51945134,XAUUSD,SELL_closed,0.10,4696.14000,0.50,0.00,0.00,0.50,[sl 4696.13]
2026.05.14 02:33:02,46426450,51945135,XAUUSD,SELL_closed,0.10,4696.14000,0.50,0.00,0.00,0.50,[sl 4696.12]
2026.05.14 02:33:29,46426467,51945138,XAUUSD,SELL_closed,0.10,4695.68000,2.60,0.00,0.00,2.60,[sl 4695.66]
2026.05.14 02:33:29,46426468,51945139,XAUUSD,SELL_closed,0.10,4695.68000,2.60,0.00,0.00,2.60,[sl 4695.66]
2026.05.14 02:34:00,46426475,51945157,XAUUSD,SELL_closed,0.10,4696.09000,-6.30,0.00,0.00,-6.30,
2026.05.14 02:34:00,46426477,51945156,XAUUSD,SELL_closed,0.10,4696.12000,-6.60,0.00,0.00,-6.60,
2026.05.14 02:34:14,46426493,51945165,XAUUSD,SELL_closed,0.10,4695.23000,7.60,0.00,0.00,7.60,[sl 4695.21]
2026.05.14 02:34:14,46426494,51945166,XAUUSD,SELL_closed,0.10,4695.23000,7.60,0.00,0.00,7.60,[sl 4695.19]
2026.05.14 02:34:30,46426503,51945182,XAUUSD,SELL_closed,0.10,4694.96000,0.50,0.00,0.00,0.50,[sl 4694.94]
2026.05.14 02:34:30,46426504,51945183,XAUUSD,SELL_closed,0.10,4694.96000,0.50,0.00,0.00,0.50,[sl 4694.94]
2026.05.14 02:35:00,46426513,51945194,XAUUSD,SELL_closed,0.10,4695.53000,-7.50,0.00,0.00,-7.50,
2026.05.14 02:35:00,46426517,51945193,XAUUSD,SELL_closed,0.10,4695.57000,-7.90,0.00,0.00,-7.90,
2026.05.14 02:36:00,46426525,51945207,XAUUSD,SELL_closed,0.10,4695.64000,-2.70,0.00,0.00,-2.70,
2026.05.14 02:36:00,46426527,51945206,XAUUSD,SELL_closed,0.10,4695.67000,-3.00,0.00,0.00,-3.00,
2026.05.14 02:37:27,46426565,51945239,XAUUSD,BUY_closed,0.10,4695.25000,-16.50,0.00,0.00,-16.50,[sl 4695.38]
2026.05.14 02:37:27,46426566,51945240,XAUUSD,BUY_closed,0.10,4695.25000,-16.50,0.00,0.00,-16.50,[sl 4695.38]
2026.05.14 02:37:43,46426577,51945263,XAUUSD,BUY_closed,0.10,4695.70000,0.40,0.00,0.00,0.40,[sl 4695.71]
2026.05.14 02:37:43,46426578,51945264,XAUUSD,BUY_closed,0.10,4695.70000,0.40,0.00,0.00,0.40,[sl 4695.71]
2026.05.14 02:38:00,46426581,51945268,XAUUSD,BUY_closed,0.10,4695.65000,-1.80,0.00,0.00,-1.80,
2026.05.14 02:38:36,46426596,51945267,XAUUSD,BUY_closed,0.10,4696.24000,4.10,0.00,0.00,4.10,[sl 4696.46]
2026.05.14 02:39:00,46426599,51945277,XAUUSD,SELL_closed,0.10,4696.53000,-8.80,0.00,0.00,-8.80,
2026.05.14 02:39:00,46426601,51945276,XAUUSD,SELL_closed,0.10,4696.53000,-8.80,0.00,0.00,-8.80,
2026.05.14 02:40:00,46426612,51945292,XAUUSD,BUY_closed,0.10,4696.11000,-4.20,0.00,0.00,-4.20,
2026.05.14 02:40:00,46426613,51945291,XAUUSD,BUY_closed,0.10,4696.11000,-4.20,0.00,0.00,-4.20,
2026.05.14 02:40:13,46426619,51945302,XAUUSD,SELL_closed,0.10,4696.03000,0.80,0.00,0.00,0.80,[sl 4696.00]
2026.05.14 02:40:13,46426620,51945303,XAUUSD,SELL_closed,0.10,4696.03000,0.80,0.00,0.00,0.80,[sl 4696.00]
2026.05.14 02:40:27,46426627,51945309,XAUUSD,SELL_closed,0.10,4696.26000,-4.30,0.00,0.00,-4.30,[sl 4695.71]
2026.05.14 02:40:27,46426628,51945310,XAUUSD,SELL_closed,0.10,4696.26000,-4.30,0.00,0.00,-4.30,[sl 4695.76]
2026.05.14 02:41:00,46426639,51945318,XAUUSD,SELL_closed,0.10,4696.71000,-10.70,0.00,0.00,-10.70,
2026.05.14 02:41:00,46426640,51945317,XAUUSD,SELL_closed,0.10,4696.71000,-10.70,0.00,0.00,-10.70,
2026.05.14 02:41:04,46426652,51945331,XAUUSD,BUY_closed,0.10,4695.32000,-13.90,0.00,0.00,-13.90,[sl 4695.38]
2026.05.14 02:41:04,46426653,51945332,XAUUSD,BUY_closed,0.10,4695.32000,-13.90,0.00,0.00,-13.90,[sl 4695.38]
2026.05.14 02:41:09,46426658,51945343,XAUUSD,BUY_closed,0.10,4695.71000,1.00,0.00,0.00,1.00,[sl 4695.71]
2026.05.14 02:41:09,46426659,51945344,XAUUSD,BUY_closed,0.10,4695.71000,1.00,0.00,0.00,1.00,[sl 4695.71]
2026.05.14 02:41:11,46426663,51945348,XAUUSD,BUY_closed,0.10,4695.98000,0.50,0.00,0.00,0.50,[sl 4695.99]
2026.05.14 02:41:11,46426664,51945349,XAUUSD,BUY_closed,0.10,4695.98000,0.50,0.00,0.00,0.50,[sl 4695.99]
2026.05.14 02:41:19,46426670,51945353,XAUUSD,BUY_closed,0.10,4696.26000,0.60,0.00,0.00,0.60,[sl 4696.28]
2026.05.14 02:41:19,46426671,51945354,XAUUSD,BUY_closed,0.10,4696.26000,0.60,0.00,0.00,0.60,[sl 4696.27]
2026.05.14 02:41:27,46426687,51945360,XAUUSD,BUY_closed,0.10,4696.83000,3.50,0.00,0.00,3.50,[sl 4696.89]
2026.05.14 02:41:27,46426688,51945361,XAUUSD,BUY_closed,0.10,4696.83000,3.50,0.00,0.00,3.50,[sl 4696.89]
2026.05.14 02:42:00,46426726,51945383,XAUUSD,BUY_closed,0.10,4697.36000,3.40,0.00,0.00,3.40,[sl 4697.37]
2026.05.14 02:42:05,46426761,51945382,XAUUSD,BUY_closed,0.10,4697.37000,3.50,0.00,0.00,3.50,[sl 4697.37]
2026.05.14 02:43:00,46426776,51945443,XAUUSD,BUY_closed,0.10,4696.25000,-13.10,0.00,0.00,-13.10,
2026.05.14 02:43:00,46426778,51945442,XAUUSD,BUY_closed,0.10,4696.25000,-13.10,0.00,0.00,-13.10,
2026.05.14 02:43:47,46426794,51945474,XAUUSD,SELL_closed,0.10,4695.86000,3.90,0.00,0.00,3.90,[sl 4695.84]
2026.05.14 02:43:47,46426795,51945475,XAUUSD,SELL_closed,0.10,4695.86000,3.90,0.00,0.00,3.90,[sl 4695.84]
2026.05.14 02:43:55,46426804,51945488,XAUUSD,SELL_closed,0.10,4695.52000,1.20,0.00,0.00,1.20,[sl 4695.47]
2026.05.14 02:43:55,46426805,51945489,XAUUSD,SELL_closed,0.10,4695.52000,1.20,0.00,0.00,1.20,[sl 4695.48]
2026.05.14 02:44:00,46426810,51945499,XAUUSD,SELL_closed,0.10,4696.02000,-7.70,0.00,0.00,-7.70,
2026.05.14 02:44:00,46426813,51945498,XAUUSD,SELL_closed,0.10,4696.12000,-8.70,0.00,0.00,-8.70,
2026.05.14 02:44:13,46426819,51945507,XAUUSD,SELL_closed,0.10,4695.61000,3.00,0.00,0.00,3.00,[sl 4695.61]
2026.05.14 02:44:17,46426822,51945506,XAUUSD,SELL_closed,0.10,4695.59000,3.20,0.00,0.00,3.20,[sl 4695.57]
2026.05.14 02:44:45,46426834,51945513,XAUUSD,SELL_closed,0.10,4695.33000,0.60,0.00,0.00,0.60,[sl 4695.29]
2026.05.14 02:44:45,46426836,51945512,XAUUSD,SELL_closed,0.10,4695.42000,-0.30,0.00,0.00,-0.30,[sl 4695.33]
2026.05.14 02:44:58,46426857,51945529,XAUUSD,SELL_closed,0.10,4694.99000,3.00,0.00,0.00,3.00,[sl 4694.88]
2026.05.14 02:44:58,46426858,51945530,XAUUSD,SELL_closed,0.10,4694.99000,3.00,0.00,0.00,3.00,[sl 4694.88]
2026.05.14 02:45:00,46426869,51945554,XAUUSD,SELL_closed,0.10,4695.03000,-2.60,0.00,0.00,-2.60,
2026.05.14 02:45:00,46426870,51945553,XAUUSD,SELL_closed,0.10,4695.03000,-2.60,0.00,0.00,-2.60,
2026.05.14 02:45:51,46426936,51945570,XAUUSD,SELL_closed,0.10,4694.75000,0.60,0.00,0.00,0.60,[sl 4694.74]
2026.05.14 02:45:51,46426937,51945571,XAUUSD,SELL_closed,0.10,4694.75000,0.60,0.00,0.00,0.60,[sl 4694.74]
2026.05.14 02:45:55,46426971,51945638,XAUUSD,SELL_closed,0.10,4694.57000,-0.90,0.00,0.00,-0.90,[sl 4694.43]
2026.05.14 02:45:55,46426972,51945639,XAUUSD,SELL_closed,0.10,4694.57000,-0.90,0.00,0.00,-0.90,[sl 4694.43]
2026.05.14 02:46:00,46426976,51945676,XAUUSD,SELL_closed,0.10,4694.55000,-2.30,0.00,0.00,-2.30,
2026.05.14 02:46:00,46426978,51945675,XAUUSD,SELL_closed,0.10,4694.55000,-2.30,0.00,0.00,-2.30,
2026.05.14 02:46:04,46427008,51945682,XAUUSD,SELL_closed,0.10,4694.02000,2.00,0.00,0.00,2.00,[sl 4693.96]
2026.05.14 02:46:08,46427013,51945681,XAUUSD,SELL_closed,0.10,4693.96000,2.60,0.00,0.00,2.60,[sl 4693.96]
2026.05.14 02:46:16,46427041,51945714,XAUUSD,SELL_closed,0.10,4693.55000,2.80,0.00,0.00,2.80,[sl 4693.54]
2026.05.14 02:46:16,46427042,51945715,XAUUSD,SELL_closed,0.10,4693.55000,2.80,0.00,0.00,2.80,[sl 4693.53]
2026.05.14 02:47:00,46427082,51945756,XAUUSD,SELL_closed,0.10,4694.34000,-9.20,0.00,0.00,-9.20,
2026.05.14 02:47:00,46427083,51945755,XAUUSD,SELL_closed,0.10,4694.35000,-9.30,0.00,0.00,-9.30,
2026.05.14 02:48:00,46427149,51945787,XAUUSD,SELL_closed,0.10,4695.85000,-16.30,0.00,0.00,-16.30,
2026.05.14 02:48:00,46427151,51945786,XAUUSD,SELL_closed,0.10,4695.85000,-16.30,0.00,0.00,-16.30,
2026.05.14 02:48:05,46427161,51945851,XAUUSD,BUY_closed,0.10,4695.53000,0.60,0.00,0.00,0.60,[sl 4695.62]
2026.05.14 02:48:05,46427162,51945852,XAUUSD,BUY_closed,0.10,4695.53000,0.60,0.00,0.00,0.60,[sl 4695.62]
2026.05.14 02:49:00,46427180,51945864,XAUUSD,BUY_closed,0.10,4694.23000,-15.50,0.00,0.00,-15.50,
2026.05.14 02:49:00,46427181,51945863,XAUUSD,BUY_closed,0.10,4694.23000,-15.50,0.00,0.00,-15.50,
2026.05.14 02:49:59,46427202,51945883,XAUUSD,SELL_closed,0.10,4693.94000,2.90,0.00,0.00,2.90,[sl 4693.92]
2026.05.14 02:49:59,46427207,51945884,XAUUSD,SELL_closed,0.10,4693.97000,2.60,0.00,0.00,2.60,[sl 4693.95]
2026.05.14 02:50:00,46427209,51945905,XAUUSD,SELL_closed,0.10,4694.11000,-3.00,0.00,0.00,-3.00,
2026.05.14 02:50:00,46427211,51945904,XAUUSD,SELL_closed,0.10,4694.11000,-3.00,0.00,0.00,-3.00,
2026.05.14 02:51:00,46427249,51945915,XAUUSD,SELL_closed,0.10,4695.06000,-10.30,0.00,0.00,-10.30,
2026.05.14 02:51:00,46427252,51945914,XAUUSD,SELL_closed,0.10,4695.06000,-10.30,0.00,0.00,-10.30,
2026.05.14 02:51:11,46427286,51945952,XAUUSD,BUY_closed,0.10,4695.08000,0.20,0.00,0.00,0.20,[sl 4695.15]
2026.05.14 02:51:11,46427287,51945953,XAUUSD,BUY_closed,0.10,4695.08000,0.20,0.00,0.00,0.20,[sl 4695.15]
2026.05.14 02:52:00,46427299,51945988,XAUUSD,BUY_closed,0.10,4694.03000,-12.60,0.00,0.00,-12.60,
2026.05.14 02:52:00,46427301,51945987,XAUUSD,BUY_closed,0.10,4694.03000,-12.60,0.00,0.00,-12.60,
2026.05.14 02:52:23,46427308,51946002,XAUUSD,SELL_closed,0.10,4693.91000,1.20,0.00,0.00,1.20,[sl 4693.89]
2026.05.14 02:52:23,46427309,51946003,XAUUSD,SELL_closed,0.10,4693.91000,1.20,0.00,0.00,1.20,[sl 4693.89]
2026.05.14 02:52:27,46427328,51946010,XAUUSD,SELL_closed,0.10,4693.59000,1.00,0.00,0.00,1.00,[sl 4693.56]
2026.05.14 02:52:27,46427329,51946011,XAUUSD,SELL_closed,0.10,4693.59000,1.00,0.00,0.00,1.00,[sl 4693.55]
2026.05.14 02:53:00,46427340,51946030,XAUUSD,SELL_closed,0.10,4694.30000,-9.30,0.00,0.00,-9.30,
2026.05.14 02:53:00,46427342,51946029,XAUUSD,SELL_closed,0.10,4694.30000,-9.30,0.00,0.00,-9.30,
2026.05.14 02:56:00,46427437,51946118,XAUUSD,BUY_closed,0.10,4695.32000,-6.30,0.00,0.00,-6.30,
2026.05.14 02:56:00,46427438,51946117,XAUUSD,BUY_closed,0.10,4695.32000,-6.30,0.00,0.00,-6.30,
2026.05.14 02:56:03,46427445,51946146,XAUUSD,SELL_closed,0.10,4695.23000,0.90,0.00,0.00,0.90,[sl 4695.12]
2026.05.14 02:56:03,46427446,51946147,XAUUSD,SELL_closed,0.10,4695.23000,0.90,0.00,0.00,0.90,[sl 4695.12]
2026.05.14 02:57:04,46427492,51946153,XAUUSD,SELL_closed,0.10,4694.87000,1.50,0.00,0.00,1.50,[sl 4694.85]
2026.05.14 02:57:04,46427493,51946154,XAUUSD,SELL_closed,0.10,4694.87000,1.50,0.00,0.00,1.50,[sl 4694.85]
2026.05.14 02:58:00,46427564,51946213,XAUUSD,SELL_closed,0.10,4696.18000,-15.20,0.00,0.00,-15.20,
2026.05.14 02:58:00,46427566,51946212,XAUUSD,SELL_closed,0.10,4695.91000,-12.50,0.00,0.00,-12.50,
2026.05.14 02:58:36,46427577,51946277,XAUUSD,BUY_closed,0.10,4696.11000,1.40,0.00,0.00,1.40,[sl 4696.22]
2026.05.14 02:58:36,46427581,51946276,XAUUSD,BUY_closed,0.10,4696.07000,1.00,0.00,0.00,1.00,
2026.05.14 02:58:51,46427598,51946292,XAUUSD,BUY_closed,0.10,4696.51000,3.10,0.00,0.00,3.10,[sl 4696.55]
2026.05.14 02:58:52,46427600,51946293,XAUUSD,BUY_closed,0.10,4696.44000,2.40,0.00,0.00,2.40,[sl 4696.46]
2026.05.14 02:58:56,46427612,51946316,XAUUSD,BUY_closed,0.10,4696.74000,0.80,0.00,0.00,0.80,[sl 4696.74]
2026.05.14 02:58:57,46427616,51946317,XAUUSD,BUY_closed,0.10,4696.69000,0.30,0.00,0.00,0.30,[sl 4696.77]
2026.05.14 02:59:00,46427617,51946328,XAUUSD,BUY_closed,0.10,4696.62000,-3.40,0.00,0.00,-3.40,
2026.05.14 02:59:00,46427619,51946327,XAUUSD,BUY_closed,0.10,4696.62000,-3.40,0.00,0.00,-3.40,
2026.05.14 03:00:00,46427626,51946334,XAUUSD,BUY_closed,0.10,4696.64000,-2.50,0.00,0.00,-2.50,
2026.05.14 03:00:00,46427630,51946333,XAUUSD,BUY_closed,0.10,4696.85000,-0.40,0.00,0.00,-0.40,
2026.05.14 03:00:54,46427746,51946347,XAUUSD,BUY_closed,0.10,4698.08000,10.40,0.00,0.00,10.40,[sl 4698.09]
2026.05.14 03:00:54,46427747,51946348,XAUUSD,BUY_closed,0.10,4698.08000,10.40,0.00,0.00,10.40,[sl 4698.13]
2026.05.14 03:00:57,46427796,51946478,XAUUSD,BUY_closed,0.10,4698.26000,1.00,0.00,0.00,1.00,[sl 4698.29]
2026.05.14 03:00:57,46427797,51946479,XAUUSD,BUY_closed,0.10,4698.26000,1.00,0.00,0.00,1.00,[sl 4698.29]
2026.05.14 03:00:59,46427839,51946518,XAUUSD,BUY_closed,0.10,4699.00000,5.30,0.00,0.00,5.30,[sl 4699.07]
2026.05.14 03:01:00,46427851,51946517,XAUUSD,BUY_closed,0.10,4698.85000,3.80,0.00,0.00,3.80,[sl 4699.11]
2026.05.14 03:02:00,46427976,51946560,XAUUSD,BUY_closed,0.10,4696.40000,-29.60,0.00,0.00,-29.60,
2026.05.14 03:02:00,46427978,51946559,XAUUSD,BUY_closed,0.10,4696.14000,-32.20,0.00,0.00,-32.20,
2026.05.14 03:02:01,46427986,51946701,XAUUSD,SELL_closed,0.10,4696.12000,0.20,0.00,0.00,0.20,[sl 4696.07]
2026.05.14 03:02:02,46427988,51946700,XAUUSD,SELL_closed,0.10,4696.11000,0.30,0.00,0.00,0.30,[sl 4696.07]
2026.05.14 03:02:03,46427995,51946711,XAUUSD,SELL_closed,0.10,4695.66000,2.40,0.00,0.00,2.40,[sl 4695.63]
2026.05.14 03:02:05,46428033,51946710,XAUUSD,SELL_closed,0.10,4695.26000,6.40,0.00,0.00,6.40,[sl 4695.20]
2026.05.14 03:02:38,46428094,51946740,XAUUSD,SELL_closed,0.10,4694.41000,5.00,0.00,0.00,5.00,[sl 4694.27]
2026.05.14 03:02:38,46428095,51946741,XAUUSD,SELL_closed,0.10,4694.41000,5.00,0.00,0.00,5.00,[sl 4694.25]
2026.05.14 03:03:00,46428117,51946825,XAUUSD,SELL_closed,0.10,4694.74000,-6.00,0.00,0.00,-6.00,
2026.05.14 03:03:00,46428119,51946824,XAUUSD,SELL_closed,0.10,4694.80000,-6.60,0.00,0.00,-6.60,
2026.05.14 03:03:06,46428135,51946848,XAUUSD,SELL_closed,0.10,4694.15000,5.30,0.00,0.00,5.30,[sl 4694.15]
2026.05.14 03:03:06,46428140,51946847,XAUUSD,SELL_closed,0.10,4694.53000,1.50,0.00,0.00,1.50,[sl 4694.15]
2026.05.14 03:03:16,46428197,51946858,XAUUSD,SELL_closed,0.10,4693.26000,6.60,0.00,0.00,6.60,[sl 4692.98]
2026.05.14 03:03:16,46428197,51946858,XAUUSD,SELL_closed,0.10,4693.26000,6.60,0.00,0.00,6.60,[sl 4692.98]
2026.05.14 03:03:16,46428198,51946859,XAUUSD,SELL_closed,0.10,4693.26000,6.60,0.00,0.00,6.60,[sl 4693.12]
2026.05.14 03:03:17,46428231,51946931,XAUUSD,SELL_closed,0.10,4693.11000,-0.70,0.00,0.00,-0.70,[sl 4692.78]
2026.05.14 03:03:17,46428231,51946931,XAUUSD,SELL_closed,0.10,4693.11000,-0.70,0.00,0.00,-0.70,[sl 4692.78]
2026.05.14 03:03:17,46428232,51946932,XAUUSD,SELL_closed,0.10,4693.11000,-0.70,0.00,0.00,-0.70,[sl 4692.74]
2026.05.14 03:03:27,46428341,51946971,XAUUSD,SELL_closed,0.10,4692.20000,5.80,0.00,0.00,5.80,[sl 4691.84]
2026.05.14 03:03:27,46428342,51946972,XAUUSD,SELL_closed,0.10,4692.20000,5.80,0.00,0.00,5.80,[sl 4691.76]
2026.05.14 03:03:46,46428483,51947082,XAUUSD,SELL_closed,0.10,4691.29000,3.90,0.00,0.00,3.90,[sl 4691.24]
2026.05.14 03:03:46,46428484,51947083,XAUUSD,SELL_closed,0.10,4691.29000,3.90,0.00,0.00,3.90,[sl 4691.25]
2026.05.14 03:03:50,46428534,51947214,XAUUSD,SELL_closed,0.10,4690.73000,3.80,0.00,0.00,3.80,[sl 4690.67]
2026.05.14 03:03:50,46428535,51947215,XAUUSD,SELL_closed,0.10,4690.73000,3.80,0.00,0.00,3.80,[sl 4690.69]
2026.05.14 03:03:56,46428602,51947266,XAUUSD,SELL_closed,0.10,4690.04000,5.30,0.00,0.00,5.30,[sl 4689.87]
2026.05.14 03:03:56,46428603,51947267,XAUUSD,SELL_closed,0.10,4690.04000,5.30,0.00,0.00,5.30,[sl 4689.87]
2026.05.14 03:04:03,46428642,51947335,XAUUSD,SELL_closed,0.10,4689.87000,0.10,0.00,0.00,0.10,[sl 4689.83]
2026.05.14 03:04:03,46428643,51947336,XAUUSD,SELL_closed,0.10,4689.87000,0.10,0.00,0.00,0.10,[sl 4689.83]
2026.05.14 03:05:00,46428744,51947381,XAUUSD,SELL_closed,0.10,4691.95000,-23.00,0.00,0.00,-23.00,
2026.05.14 03:05:00,46428745,51947380,XAUUSD,SELL_closed,0.10,4691.95000,-23.00,0.00,0.00,-23.00,
2026.05.14 03:07:11,46429158,51947874,XAUUSD,BUY_closed,0.10,4695.16000,-2.80,0.00,0.00,-2.80,
2026.05.14 03:08:00,46429343,51947889,XAUUSD,BUY_closed,0.10,4693.70000,-16.80,0.00,0.00,-16.80,
2026.05.14 03:08:00,46429345,51947888,XAUUSD,BUY_closed,0.10,4693.58000,-18.00,0.00,0.00,-18.00,
2026.05.14 03:08:00,46429347,51947873,XAUUSD,BUY_closed,0.10,4693.58000,-18.60,0.00,0.00,-18.60,
2026.05.14 03:08:10,46429359,51948083,XAUUSD,SELL_closed,0.10,4693.23000,3.10,0.00,0.00,3.10,[sl 4693.22]
2026.05.14 03:08:10,46429360,51948084,XAUUSD,SELL_closed,0.10,4693.23000,3.10,0.00,0.00,3.10,[sl 4693.22]
2026.05.14 03:08:19,46429371,51948098,XAUUSD,SELL_closed,0.10,4693.14000,-1.30,0.00,0.00,-1.30,
2026.05.14 03:08:59,46429388,51948097,XAUUSD,SELL_closed,0.10,4693.16000,-1.50,0.00,0.00,-1.50,[sl 4692.88]
2026.05.14 03:08:59,46429389,51948101,XAUUSD,SELL_closed,0.10,4693.16000,-1.40,0.00,0.00,-1.40,[sl 4692.87]
2026.05.14 03:08:59,46429390,51948102,XAUUSD,SELL_closed,0.10,4693.16000,-1.40,0.00,0.00,-1.40,[sl 4692.87]
2026.05.14 03:09:00,46429393,51948120,XAUUSD,SELL_closed,0.10,4693.31000,-3.70,0.00,0.00,-3.70,
2026.05.14 03:09:00,46429397,51948119,XAUUSD,SELL_closed,0.10,4693.96000,-10.20,0.00,0.00,-10.20,
2026.05.14 03:10:00,46429494,51948133,XAUUSD,SELL_closed,0.10,4696.37000,-26.30,0.00,0.00,-26.30,
2026.05.14 03:10:00,46429498,51948132,XAUUSD,SELL_closed,0.10,4696.41000,-26.70,0.00,0.00,-26.70,
2026.05.14 03:10:08,46429508,51948245,XAUUSD,BUY_closed,0.10,4696.48000,0.70,0.00,0.00,0.70,[sl 4696.49]
2026.05.14 03:10:08,46429509,51948246,XAUUSD,BUY_closed,0.10,4696.48000,0.70,0.00,0.00,0.70,[sl 4696.49]
2026.05.14 03:11:00,46429555,51948261,XAUUSD,BUY_closed,0.10,4695.08000,-15.30,0.00,0.00,-15.30,
2026.05.14 03:11:00,46429561,51948260,XAUUSD,BUY_closed,0.10,4694.96000,-16.50,0.00,0.00,-16.50,
2026.05.14 03:11:00,46429565,51948306,XAUUSD,SELL_closed,0.10,4694.77000,1.90,0.00,0.00,1.90,[sl 4694.71]
2026.05.14 03:11:00,46429566,51948307,XAUUSD,SELL_closed,0.10,4694.77000,1.90,0.00,0.00,1.90,[sl 4694.75]
2026.05.14 03:12:00,46429576,51948311,XAUUSD,SELL_closed,0.10,4695.54000,-9.60,0.00,0.00,-9.60,
2026.05.14 03:12:00,46429577,51948310,XAUUSD,SELL_closed,0.10,4695.54000,-9.60,0.00,0.00,-9.60,
2026.05.14 03:12:20,46429588,51948321,XAUUSD,BUY_closed,0.10,4695.42000,-1.20,0.00,0.00,-1.20,
2026.05.14 03:12:21,46429591,51948320,XAUUSD,BUY_closed,0.10,4695.54000,-0.00,0.00,0.00,0.00,[sl 4695.63]
2026.05.14 03:12:23,46429593,51948331,XAUUSD,BUY_closed,0.10,4695.89000,2.40,0.00,0.00,2.40,[sl 4695.89]
2026.05.14 03:12:24,46429597,51948330,XAUUSD,BUY_closed,0.10,4695.69000,0.40,0.00,0.00,0.40,[sl 4695.86]
2026.05.14 03:12:55,46429620,51948336,XAUUSD,BUY_closed,0.10,4696.62000,5.00,0.00,0.00,5.00,[sl 4696.66]
2026.05.14 03:12:56,46429621,51948337,XAUUSD,BUY_closed,0.10,4696.58000,4.60,0.00,0.00,4.60,[sl 4696.61]
2026.05.14 03:12:58,46429661,51948368,XAUUSD,BUY_closed,0.10,4697.43000,6.30,0.00,0.00,6.30,[sl 4697.50]
2026.05.14 03:12:58,46429662,51948369,XAUUSD,BUY_closed,0.10,4697.43000,6.30,0.00,0.00,6.30,[sl 4697.50]
2026.05.14 03:13:00,46429678,51948420,XAUUSD,BUY_closed,0.10,4697.31000,-2.40,0.00,0.00,-2.40,
2026.05.14 03:13:00,46429681,51948419,XAUUSD,BUY_closed,0.10,4697.31000,-2.40,0.00,0.00,-2.40,
2026.05.14 03:13:04,46429694,51948442,XAUUSD,BUY_closed,0.10,4697.58000,0.50,0.00,0.00,0.50,[sl 4697.58]
2026.05.14 03:13:04,46429695,51948443,XAUUSD,BUY_closed,0.10,4697.58000,0.50,0.00,0.00,0.50,[sl 4697.58]
2026.05.14 03:14:00,46429753,51948455,XAUUSD,BUY_closed,0.10,4696.63000,-11.80,0.00,0.00,-11.80,
2026.05.14 03:14:00,46429754,51948454,XAUUSD,BUY_closed,0.10,4696.63000,-11.80,0.00,0.00,-11.80,
2026.05.14 03:14:37,46429769,51948502,XAUUSD,SELL_closed,0.10,4697.51000,-9.50,0.00,0.00,-9.50,[sl 4697.51]
2026.05.14 03:14:37,46429770,51948503,XAUUSD,SELL_closed,0.10,4697.51000,-9.50,0.00,0.00,-9.50,[sl 4697.51]
2026.05.14 03:14:41,46429773,51948516,XAUUSD,SELL_closed,0.10,4697.18000,1.20,0.00,0.00,1.20,[sl 4697.17]
2026.05.14 03:14:41,46429774,51948517,XAUUSD,SELL_closed,0.10,4697.18000,1.20,0.00,0.00,1.20,[sl 4697.16]
2026.05.14 03:14:59,46429778,51948520,XAUUSD,SELL_closed,0.10,4697.84000,-8.70,0.00,0.00,-8.70,[sl 4697.51]
2026.05.14 03:14:59,46429779,51948521,XAUUSD,SELL_closed,0.10,4697.84000,-8.70,0.00,0.00,-8.70,[sl 4697.51]
2026.05.14 03:15:02,46429828,51948526,XAUUSD,BUY_closed,0.10,4698.74000,10.30,0.00,0.00,10.30,[sl 4698.76]
2026.05.14 03:15:03,46429849,51948525,XAUUSD,BUY_closed,0.10,4698.76000,10.50,0.00,0.00,10.50,[sl 4698.78]
2026.05.14 03:15:05,46429883,51948591,XAUUSD,BUY_closed,0.10,4699.12000,0.30,0.00,0.00,0.30,[sl 4699.14]
2026.05.14 03:15:05,46429884,51948592,XAUUSD,BUY_closed,0.10,4699.12000,0.30,0.00,0.00,0.30,[sl 4699.15]
2026.05.14 03:15:09,46429916,51948643,XAUUSD,BUY_closed,0.10,4699.34000,-0.40,0.00,0.00,-0.40,[sl 4699.47]
2026.05.14 03:15:09,46429930,51948642,XAUUSD,BUY_closed,0.10,4699.53000,1.50,0.00,0.00,1.50,
2026.05.14 03:15:10,46429954,51948690,XAUUSD,BUY_closed,0.10,4700.31000,4.70,0.00,0.00,4.70,[sl 4700.35]
2026.05.14 03:15:19,46430011,51948691,XAUUSD,BUY_closed,0.10,4700.62000,0.50,0.00,0.00,0.50,[sl 4700.66]
2026.05.14 03:16:00,46430048,51948725,XAUUSD,BUY_closed,0.10,4699.60000,-11.20,0.00,0.00,-11.20,
2026.05.14 03:16:00,46430049,51948724,XAUUSD,BUY_closed,0.10,4699.44000,-12.80,0.00,0.00,-12.80,
2026.05.14 03:16:07,46430066,51948800,XAUUSD,BUY_closed,0.10,4700.15000,4.40,0.00,0.00,4.40,[sl 4700.15]
2026.05.14 03:16:07,46430069,51948801,XAUUSD,BUY_closed,0.10,4700.01000,3.00,0.00,0.00,3.00,[sl 4700.12]
2026.05.14 03:16:35,46430072,51948815,XAUUSD,BUY_closed,0.10,4700.72000,3.80,0.00,0.00,3.80,[sl 4700.75]
2026.05.14 03:16:35,46430074,51948814,XAUUSD,BUY_closed,0.10,4700.71000,3.70,0.00,0.00,3.70,[sl 4700.75]
2026.05.14 03:17:00,46430097,51948822,XAUUSD,BUY_closed,0.10,4701.14000,2.10,0.00,0.00,2.10,[sl 4701.24]
2026.05.14 03:17:01,46430111,51948823,XAUUSD,BUY_closed,0.10,4701.09000,1.60,0.00,0.00,1.60,
2026.05.14 03:17:07,46430221,51948852,XAUUSD,BUY_closed,0.10,4703.52000,22.40,0.00,0.00,22.40,ShanoExit:TRAIL peak=$27.80 now
2026.05.14 03:17:07,0,51948852,XAUUSD,BUY_closed,0.10,4703.43000,21.50,0.00,0.00,21.50,TRAIL peak=$27.80 now=$21.50 drop=$6.30
2026.05.14 03:17:07,46430228,51948851,XAUUSD,BUY_closed,0.10,4703.49000,22.10,0.00,0.00,22.10,ShanoExit:TRAIL peak=$27.80 now
2026.05.14 03:17:07,0,51948851,XAUUSD,BUY_closed,0.10,4703.52000,22.40,0.00,0.00,22.40,TRAIL peak=$27.80 now=$21.50 drop=$6.30
2026.05.14 03:17:13,46430276,51948998,XAUUSD,BUY_closed,0.10,4703.87000,-0.20,0.00,0.00,-0.20,[sl 4704.03]
2026.05.14 03:17:13,46430277,51948997,XAUUSD,BUY_closed,0.10,4703.88000,-0.10,0.00,0.00,-0.10,
2026.05.14 03:17:14,46430290,51949039,XAUUSD,BUY_closed,0.10,4704.12000,0.10,0.00,0.00,0.10,[sl 4704.20]
2026.05.14 03:17:15,46430307,51949037,XAUUSD,BUY_closed,0.10,4704.00000,-1.00,0.00,0.00,-1.00,
2026.05.14 03:17:18,46430322,51949063,XAUUSD,BUY_closed,0.10,4704.34000,0.90,0.00,0.00,0.90,[sl 4704.35]
2026.05.14 03:17:18,46430333,51949062,XAUUSD,BUY_closed,0.10,4704.30000,0.50,0.00,0.00,0.50,[sl 4704.32]
2026.05.14 03:17:25,46430449,51949084,XAUUSD,BUY_closed,0.10,4705.05000,4.80,0.00,0.00,4.80,[sl 4705.07]
2026.05.14 03:17:25,46430454,51949085,XAUUSD,BUY_closed,0.10,4704.79000,2.20,0.00,0.00,2.20,[sl 4705.03]
2026.05.14 03:17:43,46430493,51949220,XAUUSD,BUY_closed,0.10,4705.01000,-2.50,0.00,0.00,-2.50,
2026.05.14 03:18:00,46430507,51949219,XAUUSD,BUY_closed,0.10,4705.02000,-2.40,0.00,0.00,-2.40,
2026.05.14 03:18:00,46430514,51949262,XAUUSD,BUY_closed,0.10,4705.00000,-2.00,0.00,0.00,-2.00,
2026.05.14 03:18:00,46430515,51949261,XAUUSD,BUY_closed,0.10,4705.01000,-1.90,0.00,0.00,-1.90,
2026.05.14 03:18:03,46430526,51949283,XAUUSD,BUY_closed,0.10,4704.93000,-2.10,0.00,0.00,-2.10,
2026.05.14 03:18:03,46430528,51949282,XAUUSD,BUY_closed,0.10,4704.84000,-3.00,0.00,0.00,-3.00,
2026.05.14 03:19:00,46430602,51949295,XAUUSD,BUY_closed,0.10,4703.38000,-15.90,0.00,0.00,-15.90,
2026.05.14 03:19:00,46430605,51949294,XAUUSD,BUY_closed,0.10,4703.32000,-16.50,0.00,0.00,-16.50,
2026.05.14 03:21:17,46430909,51949651,XAUUSD,SELL_closed,0.10,4700.30000,2.10,0.00,0.00,2.10,[sl 4700.14]
2026.05.14 03:21:17,46430910,51949650,XAUUSD,SELL_closed,0.10,4700.32000,1.90,0.00,0.00,1.90,
2026.05.14 03:22:00,46430920,51949664,XAUUSD,SELL_closed,0.10,4700.81000,-7.10,0.00,0.00,-7.10,
2026.05.14 03:22:00,46430922,51949663,XAUUSD,SELL_closed,0.10,4700.82000,-7.20,0.00,0.00,-7.20,
2026.05.14 03:22:03,46430928,51949673,XAUUSD,BUY_closed,0.10,4701.04000,2.20,0.00,0.00,2.20,[sl 4701.04]
2026.05.14 03:22:04,46430931,51949674,XAUUSD,BUY_closed,0.10,4700.58000,-2.40,0.00,0.00,-2.40,[sl 4701.01]
2026.05.14 03:23:00,46430938,51949680,XAUUSD,BUY_closed,0.10,4700.31000,-9.60,0.00,0.00,-9.60,
2026.05.14 03:23:00,46430939,51949679,XAUUSD,BUY_closed,0.10,4700.31000,-9.60,0.00,0.00,-9.60,
2026.05.14 03:23:07,46430945,51949691,XAUUSD,SELL_closed,0.10,4700.14000,1.70,0.00,0.00,1.70,[sl 4700.12]
2026.05.14 03:23:07,46430946,51949692,XAUUSD,SELL_closed,0.10,4700.14000,1.70,0.00,0.00,1.70,[sl 4700.12]
2026.05.14 03:24:00,46430970,51949698,XAUUSD,SELL_closed,0.10,4700.89000,-9.00,0.00,0.00,-9.00,
2026.05.14 03:24:00,46430972,51949697,XAUUSD,SELL_closed,0.10,4700.89000,-9.00,0.00,0.00,-9.00,
2026.05.14 03:24:09,46430983,51949723,XAUUSD,BUY_closed,0.10,4700.85000,-0.40,0.00,0.00,-0.40,[sl 4701.15]
2026.05.14 03:24:09,46430984,51949724,XAUUSD,BUY_closed,0.10,4700.85000,-0.40,0.00,0.00,-0.40,[sl 4701.13]
2026.05.14 03:24:15,46430988,51949734,XAUUSD,BUY_closed,0.10,4700.97000,0.20,0.00,0.00,0.20,[sl 4701.03]
2026.05.14 03:24:15,46430989,51949735,XAUUSD,BUY_closed,0.10,4700.97000,0.20,0.00,0.00,0.20,[sl 4701.01]
2026.05.14 03:24:26,46430995,51949740,XAUUSD,BUY_closed,0.10,4701.71000,4.40,0.00,0.00,4.40,[sl 4701.71]
2026.05.14 03:24:26,46430996,51949741,XAUUSD,BUY_closed,0.10,4701.71000,4.40,0.00,0.00,4.40,[sl 4701.75]
2026.05.14 03:24:49,46431011,51949747,XAUUSD,BUY_closed,0.10,4701.97000,0.10,0.00,0.00,0.10,[sl 4702.01]
2026.05.14 03:24:49,46431012,51949748,XAUUSD,BUY_closed,0.10,4701.97000,0.10,0.00,0.00,0.10,[sl 4702.01]
2026.05.14 03:24:50,46431017,51949764,XAUUSD,BUY_closed,0.10,4702.59000,4.10,0.00,0.00,4.10,[sl 4702.70]
2026.05.14 03:24:51,46431025,51949763,XAUUSD,BUY_closed,0.10,4702.37000,1.90,0.00,0.00,1.90,
2026.05.14 03:25:00,46431035,51949780,XAUUSD,BUY_closed,0.10,4701.73000,-8.00,0.00,0.00,-8.00,
2026.05.14 03:25:00,46431036,51949779,XAUUSD,BUY_closed,0.10,4701.73000,-8.00,0.00,0.00,-8.00,
2026.05.14 03:26:00,46431120,51949790,XAUUSD,BUY_closed,0.10,4701.09000,-8.30,0.00,0.00,-8.30,
2026.05.14 03:26:00,46431121,51949789,XAUUSD,BUY_closed,0.10,4700.86000,-10.60,0.00,0.00,-10.60,
2026.05.14 03:27:10,46431158,51949902,XAUUSD,SELL_closed,0.10,4700.65000,1.20,0.00,0.00,1.20,[sl 4700.54]
2026.05.14 03:27:10,46431159,51949903,XAUUSD,SELL_closed,0.10,4700.65000,1.20,0.00,0.00,1.20,[sl 4700.59]
2026.05.14 03:27:20,46431164,51949915,XAUUSD,SELL_closed,0.10,4700.41000,0.40,0.00,0.00,0.40,[sl 4700.37]
2026.05.14 03:27:22,46431168,51949914,XAUUSD,SELL_closed,0.10,4700.52000,-0.70,0.00,0.00,-0.70,
2026.05.14 03:28:00,46431205,51949920,XAUUSD,SELL_closed,0.10,4701.52000,-12.00,0.00,0.00,-12.00,
2026.05.14 03:28:00,46431206,51949919,XAUUSD,SELL_closed,0.10,4701.37000,-10.50,0.00,0.00,-10.50,
2026.05.14 03:28:11,46431219,51949963,XAUUSD,BUY_closed,0.10,4701.30000,0.10,0.00,0.00,0.10,[sl 4701.35]
2026.05.14 03:28:11,46431220,51949964,XAUUSD,BUY_closed,0.10,4701.30000,0.10,0.00,0.00,0.10,[sl 4701.39]
2026.05.14 03:29:00,46431233,51949977,XAUUSD,BUY_closed,0.10,4700.12000,-13.40,0.00,0.00,-13.40,
2026.05.14 03:29:00,46431234,51949976,XAUUSD,BUY_closed,0.10,4700.12000,-13.40,0.00,0.00,-13.40,
2026.05.14 03:29:04,46431248,51949990,XAUUSD,SELL_closed,0.10,4700.09000,0.30,0.00,0.00,0.30,[sl 4699.85]
2026.05.14 03:29:04,46431249,51949992,XAUUSD,SELL_closed,0.10,4700.09000,0.30,0.00,0.00,0.30,[sl 4699.85]
2026.05.14 03:30:00,46431276,51950006,XAUUSD,SELL_closed,0.10,4701.22000,-14.30,0.00,0.00,-14.30,
2026.05.14 03:30:00,46431278,51950005,XAUUSD,SELL_closed,0.10,4701.22000,-14.30,0.00,0.00,-14.30,
2026.05.14 03:30:02,46431306,51950031,XAUUSD,BUY_closed,0.10,4701.64000,3.00,0.00,0.00,3.00,[sl 4701.69]
2026.05.14 03:30:02,46431307,51950032,XAUUSD,BUY_closed,0.10,4701.64000,3.00,0.00,0.00,3.00,[sl 4701.70]
2026.05.14 03:30:06,46431323,51950065,XAUUSD,BUY_closed,0.10,4701.90000,0.50,0.00,0.00,0.50,[sl 4701.90]
2026.05.14 03:30:06,46431324,51950066,XAUUSD,BUY_closed,0.10,4701.90000,0.50,0.00,0.00,0.50,[sl 4701.90]
2026.05.14 03:30:09,46431335,51950081,XAUUSD,BUY_closed,0.10,4702.60000,5.70,0.00,0.00,5.70,[sl 4702.61]
2026.05.14 03:30:09,46431338,51950082,XAUUSD,BUY_closed,0.10,4702.59000,5.60,0.00,0.00,5.60,[sl 4702.59]
2026.05.14 03:31:00,46431406,51950096,XAUUSD,BUY_closed,0.10,4702.49000,-3.30,0.00,0.00,-3.30,
2026.05.14 03:31:00,46431408,51950095,XAUUSD,BUY_closed,0.10,4702.49000,-3.30,0.00,0.00,-3.30,
2026.05.14 03:31:06,46431422,51950163,XAUUSD,BUY_closed,0.10,4702.81000,1.90,0.00,0.00,1.90,[sl 4702.90]
2026.05.14 03:31:06,46431423,51950164,XAUUSD,BUY_closed,0.10,4702.81000,1.90,0.00,0.00,1.90,[sl 4702.90]
2026.05.14 03:31:16,46431436,51950180,XAUUSD,BUY_closed,0.10,4703.20000,1.80,0.00,0.00,1.80,[sl 4703.21]
2026.05.14 03:31:16,46431437,51950181,XAUUSD,BUY_closed,0.10,4703.20000,1.80,0.00,0.00,1.80,[sl 4703.21]
2026.05.14 03:32:00,46431457,51950195,XAUUSD,BUY_closed,0.10,4702.15000,-13.20,0.00,0.00,-13.20,
2026.05.14 03:32:00,46431458,51950194,XAUUSD,BUY_closed,0.10,4701.89000,-15.80,0.00,0.00,-15.80,
2026.05.14 03:34:00,46431704,51950398,XAUUSD,SELL_closed,0.10,4699.48000,-13.00,0.00,0.00,-13.00,
2026.05.14 03:34:00,46431705,51950397,XAUUSD,SELL_closed,0.10,4699.48000,-13.00,0.00,0.00,-13.00,
2026.05.14 03:35:00,46431883,51950476,XAUUSD,BUY_closed,0.10,4697.50000,-19.20,0.00,0.00,-19.20,
2026.05.14 03:35:00,46431885,51950475,XAUUSD,BUY_closed,0.10,4697.50000,-19.20,0.00,0.00,-19.20,
2026.05.14 03:35:07,46431968,51950660,XAUUSD,SELL_closed,0.10,4696.96000,5.40,0.00,0.00,5.40,[sl 4696.74]
2026.05.14 03:35:07,46431974,51950659,XAUUSD,SELL_closed,0.10,4696.93000,5.70,0.00,0.00,5.70,
2026.05.14 03:35:13,46431980,51950746,XAUUSD,SELL_closed,0.10,4696.68000,0.80,0.00,0.00,0.80,[sl 4696.68]
2026.05.14 03:35:13,46431981,51950747,XAUUSD,SELL_closed,0.10,4696.68000,0.80,0.00,0.00,0.80,[sl 4696.68]
2026.05.14 03:35:29,46432020,51950764,XAUUSD,SELL_closed,0.10,4696.20000,2.60,0.00,0.00,2.60,
2026.05.14 03:35:29,46432030,51950763,XAUUSD,SELL_closed,0.10,4696.27000,1.90,0.00,0.00,1.90,
2026.05.14 03:35:31,46432053,51950798,XAUUSD,SELL_closed,0.10,4695.83000,1.90,0.00,0.00,1.90,[sl 4695.80]
2026.05.14 03:35:31,46432054,51950799,XAUUSD,SELL_closed,0.10,4695.83000,1.90,0.00,0.00,1.90,[sl 4695.81]
2026.05.14 03:35:39,46432098,51950829,XAUUSD,SELL_closed,0.10,4695.40000,2.10,0.00,0.00,2.10,[sl 4695.36]
2026.05.14 03:35:39,46432099,51950830,XAUUSD,SELL_closed,0.10,4695.40000,2.10,0.00,0.00,2.10,[sl 4695.32]
2026.05.14 03:36:00,46432132,51950880,XAUUSD,SELL_closed,0.10,4696.32000,-10.80,0.00,0.00,-10.80,
2026.05.14 03:36:00,46432135,51950879,XAUUSD,SELL_closed,0.10,4696.49000,-12.50,0.00,0.00,-12.50,
2026.05.14 03:36:06,46432151,51950904,XAUUSD,SELL_closed,0.10,4696.24000,1.20,0.00,0.00,1.20,[sl 4696.22]
2026.05.14 03:36:06,46432152,51950903,XAUUSD,SELL_closed,0.10,4696.36000,-0.00,0.00,0.00,0.00,[sl 4696.26]
2026.05.14 03:36:20,46432163,51950917,XAUUSD,SELL_closed,0.10,4696.21000,0.30,0.00,0.00,0.30,[sl 4696.16]
2026.05.14 03:36:21,46432167,51950916,XAUUSD,SELL_closed,0.10,4696.21000,0.30,0.00,0.00,0.30,[sl 4696.18]
2026.05.14 03:37:00,46432192,51950928,XAUUSD,SELL_closed,0.10,4696.34000,-3.30,0.00,0.00,-3.30,
2026.05.14 03:37:00,46432194,51950927,XAUUSD,SELL_closed,0.10,4696.34000,-3.30,0.00,0.00,-3.30,
2026.05.14 03:37:05,46432208,51950960,XAUUSD,SELL_closed,0.10,4695.46000,6.20,0.00,0.00,6.20,[sl 4695.46]
2026.05.14 03:37:06,46432212,51950961,XAUUSD,SELL_closed,0.10,4695.59000,4.90,0.00,0.00,4.90,
2026.05.14 03:37:15,46432225,51950974,XAUUSD,SELL_closed,0.10,4695.21000,0.30,0.00,0.00,0.30,[sl 4695.19]
2026.05.14 03:37:15,46432226,51950975,XAUUSD,SELL_closed,0.10,4695.21000,0.30,0.00,0.00,0.30,[sl 4695.19]
2026.05.14 03:37:25,46432260,51950992,XAUUSD,SELL_closed,0.10,4695.03000,-1.00,0.00,0.00,-1.00,[sl 4694.71]
2026.05.14 03:37:25,46432261,51950993,XAUUSD,SELL_closed,0.10,4695.03000,-1.00,0.00,0.00,-1.00,[sl 4694.71]
2026.05.14 03:37:41,46432288,51951029,XAUUSD,SELL_closed,0.10,4694.89000,0.50,0.00,0.00,0.50,[sl 4694.87]
2026.05.14 03:37:47,46432298,51951030,XAUUSD,SELL_closed,0.10,4694.74000,2.00,0.00,0.00,2.00,[sl 4694.60]
2026.05.14 03:37:47,46432299,51951052,XAUUSD,SELL_closed,0.10,4694.74000,-0.40,0.00,0.00,-0.40,[sl 4694.63]
2026.05.14 03:37:47,46432299,51951052,XAUUSD,SELL_closed,0.10,4694.74000,-0.40,0.00,0.00,-0.40,[sl 4694.63]
2026.05.14 03:37:47,46432300,51951053,XAUUSD,SELL_closed,0.10,4694.74000,-0.40,0.00,0.00,-0.40,[sl 4694.63]
2026.05.14 03:37:54,46432308,51951066,XAUUSD,SELL_closed,0.10,4694.67000,0.50,0.00,0.00,0.50,[sl 4694.65]
2026.05.14 03:37:54,46432309,51951067,XAUUSD,SELL_closed,0.10,4694.67000,0.50,0.00,0.00,0.50,[sl 4694.65]
2026.05.14 03:38:00,46432313,51951074,XAUUSD,SELL_closed,0.10,4694.65000,-0.80,0.00,0.00,-0.80,
2026.05.14 03:38:00,46432317,51951073,XAUUSD,SELL_closed,0.10,4695.13000,-5.60,0.00,0.00,-5.60,
2026.05.14 03:39:00,46432357,51951079,XAUUSD,SELL_closed,0.10,4696.53000,-19.60,0.00,0.00,-19.60,
2026.05.14 03:39:00,46432359,51951078,XAUUSD,SELL_closed,0.10,4696.46000,-18.90,0.00,0.00,-18.90,
2026.05.14 03:39:16,46432366,51951125,XAUUSD,BUY_closed,0.10,4696.81000,3.30,0.00,0.00,3.30,[sl 4696.86]
2026.05.14 03:39:16,46432367,51951126,XAUUSD,BUY_closed,0.10,4696.81000,3.30,0.00,0.00,3.30,[sl 4696.85]
2026.05.14 03:40:00,46432394,51951133,XAUUSD,BUY_closed,0.10,4695.72000,-13.20,0.00,0.00,-13.20,
2026.05.14 03:40:00,46432396,51951132,XAUUSD,BUY_closed,0.10,4695.72000,-13.20,0.00,0.00,-13.20,
2026.05.14 03:40:02,46432400,51951154,XAUUSD,SELL_closed,0.10,4695.24000,4.90,0.00,0.00,4.90,[sl 4695.23]
2026.05.14 03:40:03,46432403,51951155,XAUUSD,SELL_closed,0.10,4695.25000,4.80,0.00,0.00,4.80,[sl 4695.25]
2026.05.14 03:40:12,46432417,51951158,XAUUSD,SELL_closed,0.10,4694.91000,1.80,0.00,0.00,1.80,[sl 4694.80]
2026.05.14 03:40:12,46432418,51951159,XAUUSD,SELL_closed,0.10,4694.91000,1.80,0.00,0.00,1.80,[sl 4694.80]
2026.05.14 03:40:17,46432428,51951178,XAUUSD,SELL_closed,0.10,4695.26000,-4.90,0.00,0.00,-4.90,
2026.05.14 03:40:17,46432429,51951177,XAUUSD,SELL_closed,0.10,4695.30000,-5.30,0.00,0.00,-5.30,
2026.05.14 03:40:38,46432442,51951192,XAUUSD,SELL_closed,0.10,4694.89000,2.50,0.00,0.00,2.50,[sl 4694.88]
2026.05.14 03:40:39,46432446,51951193,XAUUSD,SELL_closed,0.10,4694.79000,3.50,0.00,0.00,3.50,[sl 4694.78]
2026.05.14 03:40:46,46432460,51951203,XAUUSD,SELL_closed,0.10,4694.00000,6.50,0.00,0.00,6.50,[sl 4693.99]
2026.05.14 03:40:46,46432476,51951202,XAUUSD,SELL_closed,0.10,4694.02000,6.30,0.00,0.00,6.30,[sl 4694.02]
2026.05.14 03:40:58,46432517,51951235,XAUUSD,SELL_closed,0.10,4693.73000,0.70,0.00,0.00,0.70,[sl 4693.72]
2026.05.14 03:40:58,46432518,51951236,XAUUSD,SELL_closed,0.10,4693.73000,0.70,0.00,0.00,0.70,[sl 4693.73]
2026.05.14 03:41:02,46432525,51951294,XAUUSD,SELL_closed,0.10,4693.95000,-3.40,0.00,0.00,-3.40,
2026.05.14 03:41:02,46432526,51951293,XAUUSD,SELL_closed,0.10,4693.96000,-3.50,0.00,0.00,-3.50,
2026.05.14 03:41:08,46432541,51951303,XAUUSD,SELL_closed,0.10,4693.30000,4.90,0.00,0.00,4.90,[sl 4693.15]
2026.05.14 03:41:09,46432572,51951302,XAUUSD,SELL_closed,0.10,4693.28000,5.10,0.00,0.00,5.10,
2026.05.14 03:42:00,46432633,51951330,XAUUSD,SELL_closed,0.10,4694.60000,-14.70,0.00,0.00,-14.70,
2026.05.14 03:42:00,46432634,51951329,XAUUSD,SELL_closed,0.10,4694.60000,-14.70,0.00,0.00,-14.70,
2026.05.14 03:42:15,46432651,51951397,XAUUSD,BUY_closed,0.10,4694.98000,3.80,0.00,0.00,3.80,[sl 4694.98]
2026.05.14 03:42:16,46432654,51951396,XAUUSD,BUY_closed,0.10,4694.97000,3.70,0.00,0.00,3.70,[sl 4694.98]
2026.05.14 03:43:00,46432687,51951417,XAUUSD,BUY_closed,0.10,4693.77000,-13.30,0.00,0.00,-13.30,
2026.05.14 03:43:00,46432688,51951416,XAUUSD,BUY_closed,0.10,4693.79000,-13.10,0.00,0.00,-13.10,
2026.05.14 03:43:12,46432695,51951448,XAUUSD,SELL_closed,0.10,4693.59000,2.00,0.00,0.00,2.00,[sl 4693.54]
2026.05.14 03:43:12,46432696,51951449,XAUUSD,SELL_closed,0.10,4693.65000,1.40,0.00,0.00,1.40,[sl 4693.64]
2026.05.14 03:44:00,46432764,51951457,XAUUSD,SELL_closed,0.10,4696.05000,-26.20,0.00,0.00,-26.20,
2026.05.14 03:44:00,46432766,51951456,XAUUSD,SELL_closed,0.10,4696.08000,-26.50,0.00,0.00,-26.50,
2026.05.14 03:44:04,46432831,51951533,XAUUSD,BUY_closed,0.10,4697.05000,9.70,0.00,0.00,9.70,[sl 4697.09]
2026.05.14 03:44:04,46432832,51951534,XAUUSD,BUY_closed,0.10,4697.05000,9.70,0.00,0.00,9.70,[sl 4697.06]
2026.05.14 03:44:06,46432862,51951605,XAUUSD,BUY_closed,0.10,4697.32000,0.50,0.00,0.00,0.50,[sl 4697.33]
2026.05.14 03:44:06,46432863,51951606,XAUUSD,BUY_closed,0.10,4697.32000,0.50,0.00,0.00,0.50,[sl 4697.33]
2026.05.14 03:44:08,46432878,51951640,XAUUSD,BUY_closed,0.10,4697.83000,2.90,0.00,0.00,2.90,[sl 4697.84]
2026.05.14 03:44:09,46432901,51951639,XAUUSD,BUY_closed,0.10,4697.82000,2.80,0.00,0.00,2.80,[sl 4697.95]
2026.05.14 03:44:10,46432908,51951663,XAUUSD,BUY_closed,0.10,4697.75000,-2.40,0.00,0.00,-2.40,
2026.05.14 03:44:13,46432926,51951662,XAUUSD,BUY_closed,0.10,4698.18000,1.90,0.00,0.00,1.90,[sl 4698.22]
2026.05.14 03:44:13,46432927,51951684,XAUUSD,BUY_closed,0.10,4698.18000,3.50,0.00,0.00,3.50,[sl 4698.19]
2026.05.14 03:44:13,46432928,51951685,XAUUSD,BUY_closed,0.10,4698.18000,3.50,0.00,0.00,3.50,[sl 4698.19]
2026.05.14 03:44:15,46432938,51951706,XAUUSD,BUY_closed,0.10,4698.57000,1.70,0.00,0.00,1.70,[sl 4698.64]
2026.05.14 03:44:16,46432986,51951705,XAUUSD,BUY_closed,0.10,4698.52000,1.20,0.00,0.00,1.20,[sl 4698.85]
2026.05.14 03:44:45,46433169,51951732,XAUUSD,BUY_closed,0.10,4699.66000,7.80,0.00,0.00,7.80,[sl 4699.66]
2026.05.14 03:44:47,46433174,51951733,XAUUSD,BUY_closed,0.10,4699.44000,5.60,0.00,0.00,5.60,[sl 4699.70]
2026.05.14 03:44:49,46433226,51951939,XAUUSD,BUY_closed,0.10,4700.32000,4.30,0.00,0.00,4.30,[sl 4700.33]
2026.05.14 03:44:50,46433237,51951938,XAUUSD,BUY_closed,0.10,4700.42000,5.30,0.00,0.00,5.30,[sl 4700.42]
2026.05.14 03:44:53,46433258,51952001,XAUUSD,BUY_closed,0.10,4700.77000,2.40,0.00,0.00,2.40,[sl 4700.78]
2026.05.14 03:44:53,46433259,51952002,XAUUSD,BUY_closed,0.10,4700.77000,2.40,0.00,0.00,2.40,[sl 4700.78]
2026.05.14 03:45:00,46433283,51952037,XAUUSD,BUY_closed,0.10,4700.25000,-7.20,0.00,0.00,-7.20,
2026.05.14 03:45:00,46433286,51952036,XAUUSD,BUY_closed,0.10,4700.25000,-7.20,0.00,0.00,-7.20,
2026.05.14 03:45:12,46433317,51952071,XAUUSD,BUY_closed,0.10,4700.62000,1.80,0.00,0.00,1.80,[sl 4700.62]
2026.05.14 03:45:12,46433318,51952072,XAUUSD,BUY_closed,0.10,4700.62000,1.80,0.00,0.00,1.80,[sl 4700.62]
2026.05.14 03:45:42,46433345,51952109,XAUUSD,BUY_closed,0.10,4700.75000,0.00,0.00,0.00,0.00,
2026.05.14 03:45:54,46433365,51952131,XAUUSD,BUY_closed,0.10,4701.05000,2.40,0.00,0.00,2.40,[sl 4701.05]
2026.05.14 03:45:57,46433395,51952108,XAUUSD,BUY_closed,0.10,4701.61000,8.60,0.00,0.00,8.60,[sl 4701.62]
2026.05.14 03:45:57,46433402,51952132,XAUUSD,BUY_closed,0.10,4701.48000,6.70,0.00,0.00,6.70,[sl 4701.55]
2026.05.14 03:46:03,46433461,51952179,XAUUSD,BUY_closed,0.10,4702.51000,6.80,0.00,0.00,6.80,[sl 4702.58]
2026.05.14 03:46:03,46433462,51952180,XAUUSD,BUY_closed,0.10,4702.51000,6.80,0.00,0.00,6.80,[sl 4702.56]
2026.05.14 03:46:22,46433503,51952249,XAUUSD,BUY_closed,0.10,4702.70000,0.80,0.00,0.00,0.80,[sl 4702.82]
2026.05.14 03:46:22,46433503,51952249,XAUUSD,BUY_closed,0.10,4702.70000,0.80,0.00,0.00,0.80,[sl 4702.82]
2026.05.14 03:46:22,46433504,51952250,XAUUSD,BUY_closed,0.10,4702.70000,0.80,0.00,0.00,0.80,[sl 4702.98]
2026.05.14 03:46:24,46433542,51952300,XAUUSD,BUY_closed,0.10,4703.02000,2.50,0.00,0.00,2.50,[sl 4703.05]
2026.05.14 03:46:24,46433543,51952301,XAUUSD,BUY_closed,0.10,4703.02000,2.50,0.00,0.00,2.50,[sl 4703.05]
2026.05.14 03:46:28,46433570,51952332,XAUUSD,BUY_closed,0.10,4703.11000,-1.30,0.00,0.00,-1.30,[sl 4703.32]
2026.05.14 03:46:28,46433571,51952333,XAUUSD,BUY_closed,0.10,4703.11000,-1.30,0.00,0.00,-1.30,[sl 4703.32]
2026.05.14 03:47:00,46433616,51952364,XAUUSD,BUY_closed,0.10,4702.59000,-6.70,0.00,0.00,-6.70,
2026.05.14 03:47:00,46433619,51952363,XAUUSD,BUY_closed,0.10,4702.59000,-6.70,0.00,0.00,-6.70,
2026.05.14 03:47:39,46433744,51952397,XAUUSD,BUY_closed,0.10,4703.93000,11.80,0.00,0.00,11.80,[sl 4703.93]
2026.05.14 03:47:39,46433745,51952398,XAUUSD,BUY_closed,0.10,4703.93000,11.80,0.00,0.00,11.80,[sl 4703.93]
2026.05.14 03:47:42,46433763,51952534,XAUUSD,BUY_closed,0.10,4704.03000,0.90,0.00,0.00,0.90,[sl 4704.05]
2026.05.14 03:47:45,46433807,51952533,XAUUSD,BUY_closed,0.10,4704.40000,4.60,0.00,0.00,4.60,[sl 4704.74]
2026.05.14 03:47:45,46433808,51952550,XAUUSD,BUY_closed,0.10,4704.40000,1.60,0.00,0.00,1.60,[sl 4704.74]
2026.05.14 03:47:45,46433809,51952551,XAUUSD,BUY_closed,0.10,4704.40000,1.60,0.00,0.00,1.60,[sl 4704.74]
2026.05.14 03:48:00,46433838,51952606,XAUUSD,BUY_closed,0.10,4703.95000,-6.30,0.00,0.00,-6.30,
2026.05.14 03:48:00,46433839,51952605,XAUUSD,BUY_closed,0.10,4703.99000,-5.90,0.00,0.00,-5.90,
2026.05.14 03:49:04,46433886,51952625,XAUUSD,BUY_closed,0.10,4703.81000,-3.10,0.00,0.00,-3.10,
2026.05.14 03:49:04,46433887,51952624,XAUUSD,BUY_closed,0.10,4703.81000,-3.10,0.00,0.00,-3.10,
2026.05.14 03:53:00,46434140,51952884,XAUUSD,SELL_closed,0.10,4700.84000,-4.60,0.00,0.00,-4.60,
2026.05.14 03:53:00,46434141,51952883,XAUUSD,SELL_closed,0.10,4700.84000,-4.60,0.00,0.00,-4.60,
2026.05.14 03:53:17,46434155,51952934,XAUUSD,BUY_closed,0.10,4701.05000,2.10,0.00,0.00,2.10,[sl 4701.06]
2026.05.14 03:53:17,46434156,51952935,XAUUSD,BUY_closed,0.10,4701.05000,2.10,0.00,0.00,2.10,[sl 4701.06]
2026.05.14 03:54:00,46434214,51952947,XAUUSD,BUY_closed,0.10,4699.98000,-12.90,0.00,0.00,-12.90,
2026.05.14 03:54:00,46434217,51952946,XAUUSD,BUY_closed,0.10,4699.98000,-12.90,0.00,0.00,-12.90,
2026.05.14 03:55:00,46434249,51953008,XAUUSD,SELL_closed,0.10,4700.98000,-10.00,0.00,0.00,-10.00,
2026.05.14 03:55:00,46434259,51953007,XAUUSD,SELL_closed,0.10,4701.40000,-14.20,0.00,0.00,-14.20,
2026.05.14 03:55:01,46434276,51953046,XAUUSD,BUY_closed,0.10,4701.44000,0.40,0.00,0.00,0.40,[sl 4701.52]
2026.05.14 03:55:01,46434277,51953047,XAUUSD,BUY_closed,0.10,4701.44000,0.40,0.00,0.00,0.40,[sl 4701.52]
2026.05.14 03:55:04,46434293,51953068,XAUUSD,BUY_closed,0.10,4701.83000,0.40,0.00,0.00,0.40,[sl 4701.89]
2026.05.14 03:55:04,46434294,51953069,XAUUSD,BUY_closed,0.10,4701.83000,0.40,0.00,0.00,0.40,[sl 4701.93]
2026.05.14 03:55:54,46434341,51953083,XAUUSD,BUY_closed,0.10,4702.22000,1.70,0.00,0.00,1.70,[sl 4702.25]
2026.05.14 03:55:59,46434349,51953082,XAUUSD,BUY_closed,0.10,4702.31000,2.60,0.00,0.00,2.60,[sl 4702.32]
2026.05.14 03:56:18,46434379,51953124,XAUUSD,BUY_closed,0.10,4702.69000,2.60,0.00,0.00,2.60,[sl 4702.70]
2026.05.14 03:56:23,46434383,51953125,XAUUSD,BUY_closed,0.10,4702.63000,2.00,0.00,0.00,2.00,
2026.05.14 03:56:31,46434392,51953164,XAUUSD,BUY_closed,0.10,4702.38000,-4.40,0.00,0.00,-4.40,[sl 4702.89]
2026.05.14 03:56:31,46434394,51953165,XAUUSD,BUY_closed,0.10,4702.20000,-6.20,0.00,0.00,-6.20,
2026.05.14 03:57:03,46434407,51953182,XAUUSD,BUY_closed,0.10,4702.65000,0.70,0.00,0.00,0.70,[sl 4702.66]
2026.05.14 03:57:03,46434408,51953181,XAUUSD,BUY_closed,0.10,4702.61000,0.30,0.00,0.00,0.30,[sl 4702.64]
2026.05.14 03:58:00,46434427,51953199,XAUUSD,BUY_closed,0.10,4702.30000,-4.70,0.00,0.00,-4.70,
2026.05.14 03:58:00,46434429,51953198,XAUUSD,BUY_closed,0.10,4702.34000,-4.30,0.00,0.00,-4.30,
2026.05.14 03:59:01,46434601,51953282,XAUUSD,BUY_closed,0.10,4705.87000,18.90,0.00,0.00,18.90,
2026.05.14 03:59:02,46434623,51953281,XAUUSD,BUY_closed,0.10,4705.62000,16.40,0.00,0.00,16.40,ShanoExit:TRAIL peak=$23.70 now
2026.05.14 03:59:02,0,51953281,XAUUSD,BUY_closed,0.10,4705.65000,16.70,0.00,0.00,16.70,TRAIL peak=$23.70 now=$16.70 drop=$7.00
2026.05.14 03:59:06,46434686,51953418,XAUUSD,BUY_closed,0.10,4706.34000,5.00,0.00,0.00,5.00,[sl 4706.38]
2026.05.14 03:59:06,46434687,51953420,XAUUSD,BUY_closed,0.10,4706.34000,5.00,0.00,0.00,5.00,[sl 4706.51]
2026.05.14 03:59:09,46434703,51953476,XAUUSD,BUY_closed,0.10,4706.65000,0.80,0.00,0.00,0.80,
2026.05.14 03:59:10,46434713,51953495,XAUUSD,BUY_closed,0.10,4706.55000,-1.00,0.00,0.00,-1.00,[sl 4706.70]
2026.05.14 03:59:10,46434714,51953496,XAUUSD,BUY_closed,0.10,4706.55000,-1.00,0.00,0.00,-1.00,[sl 4706.70]
2026.05.14 03:59:11,46434719,51953475,XAUUSD,BUY_closed,0.10,4706.76000,1.90,0.00,0.00,1.90,
2026.05.14 04:00:00,46434845,51953512,XAUUSD,BUY_closed,0.10,4705.17000,-18.10,0.00,0.00,-18.10,
2026.05.14 04:00:00,46434848,51953511,XAUUSD,BUY_closed,0.10,4705.44000,-15.40,0.00,0.00,-15.40,
2026.05.14 04:00:07,46434969,51953643,XAUUSD,BUY_closed,0.10,4706.33000,-1.60,0.00,0.00,-1.60,[sl 4706.59]
2026.05.14 04:00:08,46434975,51953642,XAUUSD,BUY_closed,0.10,4706.14000,-3.50,0.00,0.00,-3.50,
2026.05.14 04:00:10,46434986,51953757,XAUUSD,BUY_closed,0.10,4706.57000,0.20,0.00,0.00,0.20,[sl 4706.60]
2026.05.14 04:00:11,46434990,51953756,XAUUSD,BUY_closed,0.10,4706.34000,-2.10,0.00,0.00,-2.10,
2026.05.14 04:00:12,46435011,51953774,XAUUSD,BUY_closed,0.10,4706.92000,4.10,0.00,0.00,4.10,[sl 4706.95]
2026.05.14 04:00:13,46435022,51953775,XAUUSD,BUY_closed,0.10,4706.93000,4.20,0.00,0.00,4.20,[sl 4706.94]
2026.05.14 04:01:00,46435175,51953807,XAUUSD,BUY_closed,0.10,4704.77000,-24.80,0.00,0.00,-24.80,
2026.05.14 04:01:00,46435178,51953806,XAUUSD,BUY_closed,0.10,4705.24000,-20.10,0.00,0.00,-20.10,
2026.05.14 04:02:01,46435435,51954204,XAUUSD,SELL_closed,0.10,4702.99000,-3.30,0.00,0.00,-3.30,
2026.05.14 04:02:55,46435509,51954203,XAUUSD,SELL_closed,0.10,4702.31000,3.50,0.00,0.00,3.50,[sl 4702.31]
2026.05.14 04:02:55,46435509,51954203,XAUUSD,SELL_closed,0.10,4702.31000,3.50,0.00,0.00,3.50,[sl 4702.31]
2026.05.14 04:02:55,46435510,51954229,XAUUSD,SELL_closed,0.10,4702.31000,3.90,0.00,0.00,3.90,[sl 4702.31]
2026.05.14 04:02:55,46435511,51954230,XAUUSD,SELL_closed,0.10,4702.31000,3.90,0.00,0.00,3.90,[sl 4702.30]
2026.05.14 04:02:56,46435519,51954297,XAUUSD,SELL_closed,0.10,4702.28000,-1.90,0.00,0.00,-1.90,[sl 4701.98]
2026.05.14 04:02:57,46435523,51954298,XAUUSD,SELL_closed,0.10,4702.30000,-2.10,0.00,0.00,-2.10,
2026.05.14 04:03:00,46435543,51954315,XAUUSD,SELL_closed,0.10,4701.90000,1.10,0.00,0.00,1.10,[sl 4701.86]
2026.05.14 04:03:01,46435552,51954314,XAUUSD,SELL_closed,0.10,4701.59000,4.20,0.00,0.00,4.20,[sl 4701.51]
2026.05.14 04:03:01,46435553,51954334,XAUUSD,SELL_closed,0.10,4701.59000,0.40,0.00,0.00,0.40,[sl 4701.51]
2026.05.14 04:03:01,46435553,51954334,XAUUSD,SELL_closed,0.10,4701.59000,0.40,0.00,0.00,0.40,[sl 4701.51]
2026.05.14 04:03:01,46435554,51954335,XAUUSD,SELL_closed,0.10,4701.59000,0.40,0.00,0.00,0.40,[sl 4701.56]
2026.05.14 04:03:05,46435741,51954347,XAUUSD,SELL_closed,0.10,4699.34000,16.80,0.00,0.00,16.80,[sl 4699.24]
2026.05.14 04:03:05,46435746,51954348,XAUUSD,SELL_closed,0.10,4699.46000,15.60,0.00,0.00,15.60,
2026.05.14 04:03:19,46435867,51954547,XAUUSD,SELL_closed,0.10,4697.97000,10.70,0.00,0.00,10.70,[sl 4697.96]
2026.05.14 04:03:19,46435868,51954548,XAUUSD,SELL_closed,0.10,4697.97000,10.70,0.00,0.00,10.70,[sl 4697.97]
2026.05.14 04:03:22,46435923,51954668,XAUUSD,SELL_closed,0.10,4697.46000,2.90,0.00,0.00,2.90,[sl 4697.35]
2026.05.14 04:03:22,46435935,51954669,XAUUSD,SELL_closed,0.10,4697.35000,4.00,0.00,0.00,4.00,
2026.05.14 04:03:30,46436001,51954726,XAUUSD,SELL_closed,0.10,4697.16000,0.30,0.00,0.00,0.30,[sl 4697.07]
2026.05.14 04:03:31,46436006,51954725,XAUUSD,SELL_closed,0.10,4697.18000,0.10,0.00,0.00,0.10,
2026.05.14 04:03:32,46436017,51954789,XAUUSD,SELL_closed,0.10,4697.16000,-1.80,0.00,0.00,-1.80,
2026.05.14 04:03:34,46436036,51954804,XAUUSD,SELL_closed,0.10,4696.99000,0.90,0.00,0.00,0.90,[sl 4696.99]
2026.05.14 04:03:35,46436040,51954788,XAUUSD,SELL_closed,0.10,4696.90000,0.80,0.00,0.00,0.80,[sl 4696.86]
2026.05.14 04:03:35,46436041,51954803,XAUUSD,SELL_closed,0.10,4696.90000,1.80,0.00,0.00,1.80,[sl 4696.87]
2026.05.14 04:03:48,46436108,51954827,XAUUSD,SELL_closed,0.10,4696.37000,3.50,0.00,0.00,3.50,[sl 4696.05]
2026.05.14 04:03:48,46436109,51954828,XAUUSD,SELL_closed,0.10,4696.37000,3.50,0.00,0.00,3.50,[sl 4696.05]
2026.05.14 04:03:49,46436127,51954909,XAUUSD,SELL_closed,0.10,4696.03000,0.80,0.00,0.00,0.80,[sl 4696.02]
2026.05.14 04:03:49,46436128,51954908,XAUUSD,SELL_closed,0.10,4696.22000,-1.10,0.00,0.00,-1.10,
2026.05.14 04:03:51,46436178,51954933,XAUUSD,SELL_closed,0.10,4695.27000,4.00,0.00,0.00,4.00,[sl 4695.17]
2026.05.14 04:03:51,46436179,51954934,XAUUSD,SELL_closed,0.10,4695.27000,4.00,0.00,0.00,4.00,[sl 4695.25]
2026.05.14 04:04:00,46436256,51954993,XAUUSD,SELL_closed,0.10,4696.71000,-18.10,0.00,0.00,-18.10,
2026.05.14 04:04:00,46436262,51954992,XAUUSD,SELL_closed,0.10,4696.78000,-18.80,0.00,0.00,-18.80,
2026.05.14 04:04:09,46436322,51955060,XAUUSD,SELL_closed,0.10,4696.41000,1.50,0.00,0.00,1.50,[sl 4696.31]
2026.05.14 04:04:10,46436328,51955059,XAUUSD,SELL_closed,0.10,4696.32000,2.40,0.00,0.00,2.40,[sl 4696.31]
2026.05.14 04:04:19,46436352,51955120,XAUUSD,SELL_closed,0.10,4695.74000,4.60,0.00,0.00,4.60,[sl 4695.74]
2026.05.14 04:04:19,46436357,51955119,XAUUSD,SELL_closed,0.10,4695.95000,2.50,0.00,0.00,2.50,[sl 4695.79]
2026.05.14 04:04:24,46436383,51955146,XAUUSD,SELL_closed,0.10,4695.43000,0.60,0.00,0.00,0.60,[sl 4695.42]
2026.05.14 04:04:24,46436384,51955147,XAUUSD,SELL_closed,0.10,4695.43000,0.60,0.00,0.00,0.60,[sl 4695.41]
2026.05.14 04:04:28,46436417,51955178,XAUUSD,SELL_closed,0.10,4695.00000,0.80,0.00,0.00,0.80,[sl 4694.98]
2026.05.14 04:04:28,46436418,51955179,XAUUSD,SELL_closed,0.10,4695.00000,0.80,0.00,0.00,0.80,[sl 4694.98]
2026.05.14 04:05:00,46436581,51955212,XAUUSD,SELL_closed,0.10,4698.72000,-40.20,0.00,0.00,-40.20,
2026.05.14 04:05:00,46436584,51955211,XAUUSD,SELL_closed,0.10,4698.66000,-39.60,0.00,0.00,-39.60,
2026.05.14 04:05:01,46436593,51955377,XAUUSD,BUY_closed,0.10,4698.81000,0.60,0.00,0.00,0.60,[sl 4698.87]
2026.05.14 04:05:01,46436594,51955378,XAUUSD,BUY_closed,0.10,4698.81000,0.60,0.00,0.00,0.60,[sl 4698.87]
2026.05.14 04:05:03,46436600,51955388,XAUUSD,BUY_closed,0.10,4698.35000,0.20,0.00,0.00,0.20,[sl 4698.47]
2026.05.14 04:05:03,46436601,51955389,XAUUSD,BUY_closed,0.10,4698.45000,1.20,0.00,0.00,1.20,
2026.05.14 04:06:00,46436935,51955393,XAUUSD,BUY_closed,0.10,4693.56000,-49.80,0.00,0.00,-49.80,
2026.05.14 04:06:00,46436950,51955392,XAUUSD,BUY_closed,0.10,4693.85000,-46.90,0.00,0.00,-46.90,
2026.05.14 04:06:03,46436972,51955746,XAUUSD,SELL_closed,0.10,4694.25000,-3.60,0.00,0.00,-3.60,
2026.05.14 04:06:07,46436986,51955766,XAUUSD,SELL_closed,0.10,4693.16000,8.70,0.00,0.00,8.70,[sl 4693.16]
2026.05.14 04:06:07,46436987,51955767,XAUUSD,SELL_closed,0.10,4693.16000,8.70,0.00,0.00,8.70,[sl 4693.15]
2026.05.14 04:06:07,46436989,51955745,XAUUSD,SELL_closed,0.10,4693.25000,6.40,0.00,0.00,6.40,[sl 4693.21]
2026.05.14 04:06:08,46436995,51955783,XAUUSD,SELL_closed,0.10,4693.06000,-0.20,0.00,0.00,-0.20,[sl 4692.98]
2026.05.14 04:06:09,46436999,51955782,XAUUSD,SELL_closed,0.10,4693.03000,0.10,0.00,0.00,0.10,
2026.05.14 04:06:31,46437048,51955791,XAUUSD,SELL_closed,0.10,4692.32000,4.40,0.00,0.00,4.40,[sl 4692.24]
2026.05.14 04:06:31,46437050,51955792,XAUUSD,SELL_closed,0.10,4692.32000,4.40,0.00,0.00,4.40,[sl 4692.30]
2026.05.14 04:06:34,46437112,51955866,XAUUSD,SELL_closed,0.10,4691.65000,5.70,0.00,0.00,5.70,[sl 4691.19]
2026.05.14 04:06:34,46437118,51955867,XAUUSD,SELL_closed,0.10,4691.58000,6.40,0.00,0.00,6.40,
2026.05.14 04:06:35,46437151,51955932,XAUUSD,SELL_closed,0.10,4691.35000,2.40,0.00,0.00,2.40,[sl 4691.25]
2026.05.14 04:06:35,46437152,51955933,XAUUSD,SELL_closed,0.10,4691.35000,2.40,0.00,0.00,2.40,[sl 4691.29]
2026.05.14 04:06:37,46437186,51955974,XAUUSD,SELL_closed,0.10,4691.41000,0.40,0.00,0.00,0.40,[sl 4691.39]
2026.05.14 04:06:37,46437187,51955975,XAUUSD,SELL_closed,0.10,4691.41000,0.40,0.00,0.00,0.40,[sl 4691.39]
2026.05.14 04:06:42,46437247,51955999,XAUUSD,SELL_closed,0.10,4689.89000,14.70,0.00,0.00,14.70,[sl 4689.84]
2026.05.14 04:06:42,46437248,51956000,XAUUSD,SELL_closed,0.10,4689.89000,14.70,0.00,0.00,14.70,[sl 4689.88]
2026.05.14 04:06:43,46437298,51956074,XAUUSD,SELL_closed,0.10,4689.27000,-4.40,0.00,0.00,-4.40,
2026.05.14 04:06:44,46437341,51956133,XAUUSD,SELL_closed,0.10,4689.21000,3.00,0.00,0.00,3.00,[sl 4689.21]
2026.05.14 04:06:45,46437342,51956134,XAUUSD,SELL_closed,0.10,4689.32000,1.90,0.00,0.00,1.90,[sl 4689.22]
2026.05.14 04:07:00,46437398,51956151,XAUUSD,SELL_closed,0.10,4689.47000,-2.20,0.00,0.00,-2.20,
2026.05.14 04:07:00,46437405,51956150,XAUUSD,SELL_closed,0.10,4689.63000,-3.80,0.00,0.00,-3.80,
2026.05.14 04:07:00,46437408,51956073,XAUUSD,SELL_closed,0.10,4689.55000,-7.20,0.00,0.00,-7.20,
2026.05.14 04:07:02,46437424,51956208,XAUUSD,SELL_closed,0.10,4689.67000,-3.70,0.00,0.00,-3.70,
2026.05.14 04:07:03,46437429,51956225,XAUUSD,SELL_closed,0.10,4689.39000,0.50,0.00,0.00,0.50,[sl 4689.35]
2026.05.14 04:07:04,46437430,51956224,XAUUSD,SELL_closed,0.10,4689.75000,-3.10,0.00,0.00,-3.10,
2026.05.14 04:07:05,46437436,51956228,XAUUSD,SELL_closed,0.10,4689.95000,-3.80,0.00,0.00,-3.80,[sl 4689.47]
2026.05.14 04:07:05,46437437,51956229,XAUUSD,SELL_closed,0.10,4689.95000,-3.80,0.00,0.00,-3.80,[sl 4689.47]
2026.05.14 04:07:13,46437452,51956235,XAUUSD,SELL_closed,0.10,4689.18000,2.70,0.00,0.00,2.70,[sl 4689.16]
2026.05.14 04:07:13,46437453,51956236,XAUUSD,SELL_closed,0.10,4689.18000,2.70,0.00,0.00,2.70,[sl 4689.13]
2026.05.14 04:07:13,46437454,51956207,XAUUSD,SELL_closed,0.10,4689.26000,0.40,0.00,0.00,0.40,[sl 4689.23]
2026.05.14 04:07:15,46437473,51956258,XAUUSD,SELL_closed,0.10,4688.54000,4.20,0.00,0.00,4.20,[sl 4688.44]
2026.05.14 04:07:16,46437495,51956257,XAUUSD,SELL_closed,0.10,4688.56000,4.00,0.00,0.00,4.00,
2026.05.14 04:07:17,46437525,51956300,XAUUSD,SELL_closed,0.10,4687.71000,8.20,0.00,0.00,8.20,
2026.05.14 04:07:17,46437526,51956301,XAUUSD,SELL_closed,0.10,4688.03000,5.00,0.00,0.00,5.00,[sl 4688.01]
2026.05.14 04:07:20,46437566,51956355,XAUUSD,SELL_closed,0.10,4687.68000,7.20,0.00,0.00,7.20,
2026.05.14 04:07:21,46437587,51956354,XAUUSD,SELL_closed,0.10,4687.57000,8.30,0.00,0.00,8.30,[sl 4687.54]
2026.05.14 04:07:21,46437588,51956376,XAUUSD,SELL_closed,0.10,4687.57000,-0.20,0.00,0.00,-0.20,[sl 4687.20]
2026.05.14 04:07:21,46437593,51956377,XAUUSD,SELL_closed,0.10,4687.50000,0.50,0.00,0.00,0.50,
2026.05.14 04:08:00,46437711,51956407,XAUUSD,SELL_closed,0.10,4688.72000,-13.10,0.00,0.00,-13.10,
2026.05.14 04:08:00,46437716,51956406,XAUUSD,SELL_closed,0.10,4688.38000,-9.70,0.00,0.00,-9.70,
2026.05.14 04:08:50,46437914,51956519,XAUUSD,SELL_closed,0.10,4687.86000,3.00,0.00,0.00,3.00,
2026.05.14 04:08:51,46437922,51956520,XAUUSD,SELL_closed,0.10,4687.52000,6.40,0.00,0.00,6.40,
2026.05.14 04:08:52,46437946,51956718,XAUUSD,SELL_closed,0.10,4687.16000,5.60,0.00,0.00,5.60,[sl 4687.14]
2026.05.14 04:08:52,46437949,51956717,XAUUSD,SELL_closed,0.10,4687.64000,0.80,0.00,0.00,0.80,[sl 4687.50]
2026.05.14 04:08:53,46437966,51956758,XAUUSD,SELL_closed,0.10,4687.03000,3.90,0.00,0.00,3.90,[sl 4686.93]
2026.05.14 04:08:53,46437971,51956757,XAUUSD,SELL_closed,0.10,4687.23000,1.90,0.00,0.00,1.90,
2026.05.14 04:08:57,46437997,51956785,XAUUSD,SELL_closed,0.10,4686.91000,-0.20,0.00,0.00,-0.20,[sl 4686.83]
2026.05.14 04:08:57,46438000,51956786,XAUUSD,SELL_closed,0.10,4687.11000,-2.20,0.00,0.00,-2.20,
2026.05.14 04:09:00,46438017,51956806,XAUUSD,SELL_closed,0.10,4687.48000,-6.70,0.00,0.00,-6.70,
2026.05.14 04:09:00,46438023,51956805,XAUUSD,SELL_closed,0.10,4687.43000,-6.20,0.00,0.00,-6.20,
2026.05.14 04:09:21,46438102,51956826,XAUUSD,SELL_closed,0.10,4687.21000,0.60,0.00,0.00,0.60,[sl 4687.16]
2026.05.14 04:09:21,46438108,51956825,XAUUSD,SELL_closed,0.10,4687.56000,-2.90,0.00,0.00,-2.90,
2026.05.14 04:09:53,46438149,51956905,XAUUSD,SELL_closed,0.10,4686.93000,0.50,0.00,0.00,0.50,[sl 4686.83]
2026.05.14 04:09:53,46438150,51956906,XAUUSD,SELL_closed,0.10,4686.93000,0.50,0.00,0.00,0.50,[sl 4686.78]
2026.05.14 04:10:00,46438190,51956960,XAUUSD,SELL_closed,0.10,4689.34000,-26.70,0.00,0.00,-26.70,
2026.05.14 04:10:00,46438194,51956959,XAUUSD,SELL_closed,0.10,4689.23000,-25.60,0.00,0.00,-25.60,
2026.05.14 04:12:08,46438497,51957278,XAUUSD,BUY_closed,0.10,4692.29000,4.60,0.00,0.00,4.60,[sl 4692.29]
2026.05.14 04:12:08,46438501,51957277,XAUUSD,BUY_closed,0.10,4692.25000,4.20,0.00,0.00,4.20,[sl 4692.28]
2026.05.14 04:13:00,46438534,51957306,XAUUSD,BUY_closed,0.10,4691.66000,-8.90,0.00,0.00,-8.90,
2026.05.14 04:13:00,46438537,51957305,XAUUSD,BUY_closed,0.10,4691.45000,-11.00,0.00,0.00,-11.00,
2026.05.14 04:13:17,46438678,51957348,XAUUSD,BUY_closed,0.10,4686.71000,-48.60,0.00,0.00,-48.60,[sl 4686.92]
2026.05.14 04:13:17,46438679,51957349,XAUUSD,BUY_closed,0.10,4686.71000,-48.60,0.00,0.00,-48.60,[sl 4686.92]
2026.05.14 04:13:41,46438960,51957762,XAUUSD,BUY_closed,0.10,4686.91000,-6.50,0.00,0.00,-6.50,[sl 4686.92]
2026.05.14 04:13:41,46438961,51957763,XAUUSD,BUY_closed,0.10,4686.91000,-6.50,0.00,0.00,-6.50,[sl 4686.92]
2026.05.14 04:14:02,46438990,51957790,XAUUSD,SELL_closed,0.10,4686.09000,-2.80,0.00,0.00,-2.80,[sl 4685.74]
2026.05.14 04:14:02,46438991,51957791,XAUUSD,SELL_closed,0.10,4686.09000,-2.80,0.00,0.00,-2.80,[sl 4685.74]
2026.05.14 04:15:00,46439115,51957804,XAUUSD,SELL_closed,0.10,4689.14000,-31.90,0.00,0.00,-31.90,
2026.05.14 04:15:00,46439122,51957803,XAUUSD,SELL_closed,0.10,4689.10000,-31.50,0.00,0.00,-31.50,
2026.05.14 04:16:10,46439477,51958208,XAUUSD,BUY_closed,0.10,4692.70000,0.20,0.00,0.00,0.20,[sl 4692.84]
2026.05.14 04:16:10,46439478,51958209,XAUUSD,BUY_closed,0.10,4692.70000,0.20,0.00,0.00,0.20,[sl 4692.84]
2026.05.14 04:16:44,46439578,51958288,XAUUSD,BUY_closed,0.10,4693.12000,0.90,0.00,0.00,0.90,[sl 4693.22]
2026.05.14 04:16:44,46439593,51958287,XAUUSD,BUY_closed,0.10,4692.77000,-2.60,0.00,0.00,-2.60,
2026.05.14 04:16:46,46439640,51958403,XAUUSD,BUY_closed,0.10,4693.41000,5.90,0.00,0.00,5.90,[sl 4693.41]
2026.05.14 04:16:47,46439642,51958402,XAUUSD,BUY_closed,0.10,4693.29000,4.70,0.00,0.00,4.70,[sl 4693.40]
2026.05.14 04:16:56,46439659,51958453,XAUUSD,BUY_closed,0.10,4693.63000,1.60,0.00,0.00,1.60,[sl 4693.63]
2026.05.14 04:16:56,46439663,51958452,XAUUSD,BUY_closed,0.10,4693.33000,-1.40,0.00,0.00,-1.40,
2026.05.14 04:17:01,46439676,51958472,XAUUSD,BUY_closed,0.10,4693.26000,-2.10,0.00,0.00,-2.10,
2026.05.14 04:17:01,46439677,51958471,XAUUSD,BUY_closed,0.10,4693.26000,-2.10,0.00,0.00,-2.10,
2026.05.14 04:17:16,46439710,51958484,XAUUSD,BUY_closed,0.10,4693.43000,1.50,0.00,0.00,1.50,
2026.05.14 04:17:16,46439718,51958485,XAUUSD,BUY_closed,0.10,4693.39000,1.10,0.00,0.00,1.10,
2026.05.14 04:17:20,46439728,51958515,XAUUSD,BUY_closed,0.10,4693.61000,0.20,0.00,0.00,0.20,[sl 4693.64]
2026.05.14 04:17:20,46439729,51958516,XAUUSD,BUY_closed,0.10,4693.61000,0.20,0.00,0.00,0.20,[sl 4693.65]
2026.05.14 04:17:23,46439740,51958536,XAUUSD,BUY_closed,0.10,4693.78000,-0.10,0.00,0.00,-0.10,[sl 4693.87]
2026.05.14 04:17:23,46439741,51958537,XAUUSD,BUY_closed,0.10,4693.78000,-0.10,0.00,0.00,-0.10,[sl 4693.87]
2026.05.14 04:17:59,46439821,51958549,XAUUSD,BUY_closed,0.10,4693.77000,-1.90,0.00,0.00,-1.90,[sl 4694.03]
2026.05.14 04:17:59,46439822,51958550,XAUUSD,BUY_closed,0.10,4693.77000,-1.90,0.00,0.00,-1.90,[sl 4694.07]
2026.05.14 04:18:00,46439825,51958635,XAUUSD,BUY_closed,0.10,4693.79000,-1.20,0.00,0.00,-1.20,
2026.05.14 04:18:02,46439830,51958634,XAUUSD,BUY_closed,0.10,4693.95000,0.40,0.00,0.00,0.40,[sl 4694.03]
2026.05.14 04:18:05,46439857,51958639,XAUUSD,BUY_closed,0.10,4694.48000,3.30,0.00,0.00,3.30,[sl 4694.53]
2026.05.14 04:18:05,46439865,51958640,XAUUSD,BUY_closed,0.10,4694.33000,1.80,0.00,0.00,1.80,[sl 4694.43]
2026.05.14 04:19:00,46439974,51958676,XAUUSD,BUY_closed,0.10,4691.49000,-32.10,0.00,0.00,-32.10,
2026.05.14 04:19:00,46439980,51958675,XAUUSD,BUY_closed,0.10,4691.27000,-34.30,0.00,0.00,-34.30,
2026.05.14 04:19:02,46440007,51958787,XAUUSD,SELL_closed,0.10,4691.17000,1.00,0.00,0.00,1.00,[sl 4691.09]
2026.05.14 04:19:02,46440010,51958786,XAUUSD,SELL_closed,0.10,4691.26000,0.10,0.00,0.00,0.10,[sl 4691.22]
2026.05.14 04:19:04,46440038,51958818,XAUUSD,SELL_closed,0.10,4690.70000,4.30,0.00,0.00,4.30,
2026.05.14 04:19:04,46440039,51958819,XAUUSD,SELL_closed,0.10,4690.73000,4.00,0.00,0.00,4.00,[sl 4690.70]
2026.05.14 04:19:07,46440054,51958847,XAUUSD,SELL_closed,0.10,4690.16000,3.30,0.00,0.00,3.30,[sl 4690.06]
2026.05.14 04:19:08,46440074,51958846,XAUUSD,SELL_closed,0.10,4690.24000,2.50,0.00,0.00,2.50,
2026.05.14 04:19:12,46440154,51958881,XAUUSD,SELL_closed,0.10,4689.49000,5.20,0.00,0.00,5.20,
2026.05.14 04:19:15,46440225,51958882,XAUUSD,SELL_closed,0.10,4689.30000,7.10,0.00,0.00,7.10,[sl 4688.94]
2026.05.14 04:19:15,46440226,51958970,XAUUSD,SELL_closed,0.10,4689.30000,0.50,0.00,0.00,0.50,[sl 4689.05]
2026.05.14 04:19:15,46440227,51958971,XAUUSD,SELL_closed,0.10,4689.30000,0.50,0.00,0.00,0.50,[sl 4689.18]
2026.05.14 04:19:21,46440268,51959044,XAUUSD,SELL_closed,0.10,4688.89000,1.00,0.00,0.00,1.00,[sl 4688.89]
2026.05.14 04:19:21,46440271,51959043,XAUUSD,SELL_closed,0.10,4688.92000,0.70,0.00,0.00,0.70,[sl 4688.90]
2026.05.14 04:19:25,46440317,51959079,XAUUSD,SELL_closed,0.10,4688.22000,4.30,0.00,0.00,4.30,[sl 4688.22]
2026.05.14 04:19:25,46440318,51959080,XAUUSD,SELL_closed,0.10,4688.26000,3.90,0.00,0.00,3.90,[sl 4688.24]
2026.05.14 04:19:48,46440391,51959133,XAUUSD,SELL_closed,0.10,4687.81000,2.20,0.00,0.00,2.20,[sl 4687.76]
2026.05.14 04:19:48,46440402,51959134,XAUUSD,SELL_closed,0.10,4687.91000,1.20,0.00,0.00,1.20,[sl 4687.89]
2026.05.14 04:20:00,46440422,51959202,XAUUSD,SELL_closed,0.10,4688.70000,-11.10,0.00,0.00,-11.10,
2026.05.14 04:20:00,46440428,51959201,XAUUSD,SELL_closed,0.10,4688.70000,-11.10,0.00,0.00,-11.10,
2026.05.14 04:21:00,46440628,51959239,XAUUSD,SELL_closed,0.10,4692.34000,-38.80,0.00,0.00,-38.80,
2026.05.14 04:21:00,46440631,51959238,XAUUSD,SELL_closed,0.10,4692.11000,-36.50,0.00,0.00,-36.50,
2026.05.14 04:21:18,46440655,51959444,XAUUSD,BUY_closed,0.10,4692.13000,0.20,0.00,0.00,0.20,[sl 4692.17]
2026.05.14 04:21:18,46440656,51959445,XAUUSD,BUY_closed,0.10,4692.13000,0.20,0.00,0.00,0.20,[sl 4692.17]
2026.05.14 04:21:37,46440664,51959466,XAUUSD,BUY_closed,0.10,4691.98000,-2.70,0.00,0.00,-2.70,
2026.05.14 04:21:41,46440667,51959471,XAUUSD,BUY_closed,0.10,4692.16000,-0.30,0.00,0.00,-0.30,[sl 4692.37]
2026.05.14 04:21:41,46440668,51959472,XAUUSD,BUY_closed,0.10,4692.16000,-0.30,0.00,0.00,-0.30,[sl 4692.42]
2026.05.14 04:21:42,46440672,51959465,XAUUSD,BUY_closed,0.10,4692.20000,-0.50,0.00,0.00,-0.50,
2026.05.14 04:22:01,46440679,51959476,XAUUSD,BUY_closed,0.10,4692.38000,-0.60,0.00,0.00,-0.60,[sl 4692.55]
2026.05.14 04:22:01,46440680,51959477,XAUUSD,BUY_closed,0.10,4692.38000,-0.60,0.00,0.00,-0.60,[sl 4692.55]
2026.05.14 04:22:40,46440771,51959490,XAUUSD,BUY_closed,0.10,4691.98000,0.10,0.00,0.00,0.10,
2026.05.14 04:22:41,46440775,51959489,XAUUSD,BUY_closed,0.10,4692.10000,1.30,0.00,0.00,1.30,[sl 4692.18]
2026.05.14 04:23:00,46440789,51959578,XAUUSD,BUY_closed,0.10,4691.54000,-7.30,0.00,0.00,-7.30,
2026.05.14 04:23:00,46440791,51959577,XAUUSD,BUY_closed,0.10,4691.35000,-9.20,0.00,0.00,-9.20,
2026.05.14 04:23:04,46440799,51959598,XAUUSD,SELL_closed,0.10,4690.59000,7.50,0.00,0.00,7.50,[sl 4690.52]
2026.05.14 04:23:04,46440801,51959597,XAUUSD,SELL_closed,0.10,4690.25000,10.90,0.00,0.00,10.90,
2026.05.14 04:23:06,46440809,51959607,XAUUSD,SELL_closed,0.10,4690.22000,-1.20,0.00,0.00,-1.20,[sl 4689.85]
2026.05.14 04:23:06,46440810,51959608,XAUUSD,SELL_closed,0.10,4690.22000,-1.20,0.00,0.00,-1.20,[sl 4689.85]
2026.05.14 04:24:00,46440839,51959619,XAUUSD,SELL_closed,0.10,4691.23000,-9.00,0.00,0.00,-9.00,
2026.05.14 04:24:00,46440840,51959618,XAUUSD,SELL_closed,0.10,4690.93000,-6.00,0.00,0.00,-6.00,
2026.05.14 04:25:00,46440883,51959649,XAUUSD,SELL_closed,0.10,4692.55000,-15.50,0.00,0.00,-15.50,
2026.05.14 04:25:00,46440885,51959648,XAUUSD,SELL_closed,0.10,4692.56000,-15.60,0.00,0.00,-15.60,
2026.05.14 04:25:04,46440935,51959694,XAUUSD,BUY_closed,0.10,4693.23000,7.90,0.00,0.00,7.90,[sl 4693.40]
2026.05.14 04:25:04,46440936,51959695,XAUUSD,BUY_closed,0.10,4693.23000,7.90,0.00,0.00,7.90,[sl 4693.40]
2026.05.14 04:25:07,46440953,51959755,XAUUSD,BUY_closed,0.10,4693.70000,2.30,0.00,0.00,2.30,[sl 4693.72]
2026.05.14 04:25:08,46440963,51959754,XAUUSD,BUY_closed,0.10,4693.77000,3.00,0.00,0.00,3.00,[sl 4693.79]
2026.05.14 04:26:00,46441050,51959775,XAUUSD,BUY_closed,0.10,4692.48000,-15.10,0.00,0.00,-15.10,
2026.05.14 04:26:00,46441052,51959774,XAUUSD,BUY_closed,0.10,4692.46000,-15.30,0.00,0.00,-15.30,
2026.05.14 04:26:02,46441057,51959864,XAUUSD,BUY_closed,0.10,4692.58000,-1.20,0.00,0.00,-1.20,
2026.05.14 04:26:21,46441083,51959868,XAUUSD,BUY_closed,0.10,4693.04000,2.70,0.00,0.00,2.70,[sl 4693.04]
2026.05.14 04:26:23,46441084,51959863,XAUUSD,BUY_closed,0.10,4692.80000,1.00,0.00,0.00,1.00,[sl 4693.03]
2026.05.14 04:26:23,46441085,51959867,XAUUSD,BUY_closed,0.10,4692.80000,0.30,0.00,0.00,0.30,[sl 4693.03]
2026.05.14 04:26:30,46441089,51959897,XAUUSD,BUY_closed,0.10,4693.02000,0.50,0.00,0.00,0.50,[sl 4693.09]
2026.05.14 04:26:30,46441090,51959898,XAUUSD,BUY_closed,0.10,4693.02000,0.50,0.00,0.00,0.50,[sl 4693.09]
2026.05.14 04:27:00,46441106,51959903,XAUUSD,BUY_closed,0.10,4692.39000,-7.60,0.00,0.00,-7.60,
2026.05.14 04:27:00,46441107,51959902,XAUUSD,BUY_closed,0.10,4692.21000,-9.40,0.00,0.00,-9.40,
2026.05.14 04:27:07,46441114,51959919,XAUUSD,SELL_closed,0.10,4692.02000,1.80,0.00,0.00,1.80,[sl 4691.99]
2026.05.14 04:27:07,46441115,51959920,XAUUSD,SELL_closed,0.10,4692.02000,1.80,0.00,0.00,1.80,[sl 4691.98]
2026.05.14 04:28:00,46441143,51959927,XAUUSD,SELL_closed,0.10,4693.07000,-12.70,0.00,0.00,-12.70,
2026.05.14 04:28:00,46441144,51959926,XAUUSD,SELL_closed,0.10,4693.07000,-12.70,0.00,0.00,-12.70,
2026.05.14 04:28:05,46441151,51959957,XAUUSD,BUY_closed,0.10,4693.14000,0.70,0.00,0.00,0.70,[sl 4693.19]
2026.05.14 04:28:06,46441154,51959956,XAUUSD,BUY_closed,0.10,4693.15000,0.80,0.00,0.00,0.80,[sl 4693.19]
2026.05.14 04:28:25,46441159,51959962,XAUUSD,BUY_closed,0.10,4694.04000,7.20,0.00,0.00,7.20,[sl 4694.04]
2026.05.14 04:28:25,46441160,51959963,XAUUSD,BUY_closed,0.10,4694.04000,7.20,0.00,0.00,7.20,[sl 4694.08]
2026.05.14 04:28:27,46441202,51959973,XAUUSD,BUY_closed,0.10,4694.61000,3.50,0.00,0.00,3.50,[sl 4694.84]
2026.05.14 04:28:27,46441203,51959974,XAUUSD,BUY_closed,0.10,4694.61000,3.50,0.00,0.00,3.50,[sl 4694.84]
2026.05.14 04:28:28,46441225,51960027,XAUUSD,BUY_closed,0.10,4694.85000,0.20,0.00,0.00,0.20,[sl 4694.88]
2026.05.14 04:28:28,46441226,51960028,XAUUSD,BUY_closed,0.10,4694.85000,0.20,0.00,0.00,0.20,[sl 4694.88]
2026.05.14 04:28:31,46441277,51960055,XAUUSD,BUY_closed,0.10,4695.31000,1.70,0.00,0.00,1.70,[sl 4695.35]
2026.05.14 04:28:32,46441286,51960054,XAUUSD,BUY_closed,0.10,4695.14000,0.00,0.00,0.00,0.00,
2026.05.14 04:29:00,46441322,51960109,XAUUSD,BUY_closed,0.10,4694.28000,-12.20,0.00,0.00,-12.20,
2026.05.14 04:29:00,46441324,51960108,XAUUSD,BUY_closed,0.10,4694.14000,-13.60,0.00,0.00,-13.60,
2026.05.14 04:29:04,46441334,51960140,XAUUSD,BUY_closed,0.10,4694.63000,3.50,0.00,0.00,3.50,[sl 4694.63]
2026.05.14 04:29:04,46441335,51960141,XAUUSD,BUY_closed,0.10,4694.63000,3.50,0.00,0.00,3.50,[sl 4694.64]
2026.05.14 04:30:00,46441404,51960148,XAUUSD,BUY_closed,0.10,4692.62000,-22.10,0.00,0.00,-22.10,
2026.05.14 04:30:00,46441407,51960147,XAUUSD,BUY_closed,0.10,4692.50000,-23.30,0.00,0.00,-23.30,
2026.05.14 04:30:01,46441427,51960230,XAUUSD,SELL_closed,0.10,4692.08000,4.20,0.00,0.00,4.20,[sl 4692.07]
2026.05.14 04:30:01,46441431,51960231,XAUUSD,SELL_closed,0.10,4692.40000,1.00,0.00,0.00,1.00,[sl 4692.10]
2026.05.14 04:30:04,46441441,51960255,XAUUSD,SELL_closed,0.10,4692.44000,-0.40,0.00,0.00,-0.40,[sl 4692.28]
2026.05.14 04:30:04,46441442,51960256,XAUUSD,SELL_closed,0.10,4692.44000,-0.40,0.00,0.00,-0.40,[sl 4692.27]
2026.05.14 04:30:06,46441460,51960261,XAUUSD,SELL_closed,0.10,4691.75000,4.70,0.00,0.00,4.70,[sl 4691.74]
2026.05.14 04:30:06,46441461,51960262,XAUUSD,SELL_closed,0.10,4691.75000,4.70,0.00,0.00,4.70,[sl 4691.74]
2026.05.14 04:30:08,46441504,51960285,XAUUSD,SELL_closed,0.10,4691.68000,-1.50,0.00,0.00,-1.50,[sl 4691.45]
2026.05.14 04:30:08,46441505,51960286,XAUUSD,SELL_closed,0.10,4691.68000,-1.50,0.00,0.00,-1.50,[sl 4691.45]
2026.05.14 04:31:00,46441635,51960335,XAUUSD,SELL_closed,0.10,4693.61000,-16.40,0.00,0.00,-16.40,
2026.05.14 04:31:00,46441636,51960334,XAUUSD,SELL_closed,0.10,4693.56000,-15.90,0.00,0.00,-15.90,
2026.05.14 04:31:02,46441652,51960457,XAUUSD,BUY_closed,0.10,4693.41000,-0.40,0.00,0.00,-0.40,[sl 4693.54]
2026.05.14 04:31:03,46441653,51960456,XAUUSD,BUY_closed,0.10,4693.33000,-1.20,0.00,0.00,-1.20,
2026.05.14 04:31:06,46441662,51960475,XAUUSD,BUY_closed,0.10,4694.02000,4.10,0.00,0.00,4.10,[sl 4694.03]
2026.05.14 04:31:06,46441663,51960476,XAUUSD,BUY_closed,0.10,4694.02000,4.10,0.00,0.00,4.10,[sl 4694.07]
2026.05.14 04:32:00,46441862,51960487,XAUUSD,BUY_closed,0.10,4690.95000,-33.00,0.00,0.00,-33.00,
2026.05.14 04:32:00,46441864,51960486,XAUUSD,BUY_closed,0.10,4690.95000,-33.00,0.00,0.00,-33.00,
2026.05.14 04:32:03,46441871,51960689,XAUUSD,SELL_closed,0.10,4690.86000,0.90,0.00,0.00,0.90,[sl 4690.84]
2026.05.14 04:32:04,46441874,51960688,XAUUSD,SELL_closed,0.10,4691.02000,-0.70,0.00,0.00,-0.70,
2026.05.14 04:32:09,46441881,51960692,XAUUSD,SELL_closed,0.10,4690.54000,2.00,0.00,0.00,2.00,[sl 4690.47]
2026.05.14 04:32:09,46441882,51960693,XAUUSD,SELL_closed,0.10,4690.54000,2.00,0.00,0.00,2.00,[sl 4690.47]
2026.05.14 04:33:00,46441914,51960707,XAUUSD,SELL_closed,0.10,4691.87000,-13.30,0.00,0.00,-13.30,
2026.05.14 04:33:00,46441915,51960706,XAUUSD,SELL_closed,0.10,4691.84000,-13.00,0.00,0.00,-13.00,
2026.05.14 04:33:04,46441931,51960738,XAUUSD,BUY_closed,0.10,4692.34000,5.00,0.00,0.00,5.00,[sl 4692.38]
2026.05.14 04:33:04,46441932,51960737,XAUUSD,BUY_closed,0.10,4692.29000,4.50,0.00,0.00,4.50,[sl 4692.29]
2026.05.14 04:33:06,46441941,51960752,XAUUSD,BUY_closed,0.10,4692.44000,0.20,0.00,0.00,0.20,[sl 4692.50]
2026.05.14 04:33:06,46441942,51960753,XAUUSD,BUY_closed,0.10,4692.44000,0.20,0.00,0.00,0.20,[sl 4692.50]
2026.05.14 04:33:29,46441981,51960766,XAUUSD,BUY_closed,0.10,4692.57000,0.00,0.00,0.00,0.00,
2026.05.14 04:34:00,46442021,51960805,XAUUSD,BUY_closed,0.10,4691.19000,-15.60,0.00,0.00,-15.60,
2026.05.14 04:34:00,46442022,51960804,XAUUSD,BUY_closed,0.10,4691.21000,-15.40,0.00,0.00,-15.40,
2026.05.14 04:34:00,46442025,51960765,XAUUSD,BUY_closed,0.10,4691.07000,-15.00,0.00,0.00,-15.00,
2026.05.14 04:34:01,46442030,51960847,XAUUSD,SELL_closed,0.10,4690.94000,1.40,0.00,0.00,1.40,[sl 4690.89]
2026.05.14 04:34:01,46442033,51960846,XAUUSD,SELL_closed,0.10,4690.92000,1.60,0.00,0.00,1.60,[sl 4690.89]
2026.05.14 04:34:05,46442091,51960854,XAUUSD,SELL_closed,0.10,4689.98000,7.30,0.00,0.00,7.30,[sl 4689.93]
2026.05.14 04:34:05,46442113,51960855,XAUUSD,SELL_closed,0.10,4690.05000,6.60,0.00,0.00,6.60,
2026.05.14 04:35:00,46442237,51960926,XAUUSD,SELL_closed,0.10,4692.98000,-31.70,0.00,0.00,-31.70,
2026.05.14 04:35:00,46442240,51960925,XAUUSD,SELL_closed,0.10,4692.98000,-31.70,0.00,0.00,-31.70,
2026.05.14 04:35:02,46442257,51961063,XAUUSD,BUY_closed,0.10,4693.21000,2.30,0.00,0.00,2.30,[sl 4693.37]
2026.05.14 04:35:02,46442258,51961064,XAUUSD,BUY_closed,0.10,4693.21000,2.30,0.00,0.00,2.30,[sl 4693.38]
2026.05.14 04:35:05,46442275,51961085,XAUUSD,BUY_closed,0.10,4693.46000,3.10,0.00,0.00,3.10,[sl 4693.46]
2026.05.14 04:35:05,46442289,51961084,XAUUSD,BUY_closed,0.10,4693.45000,3.00,0.00,0.00,3.00,[sl 4693.63]
2026.05.14 04:35:59,46442372,51961104,XAUUSD,BUY_closed,0.10,4694.16000,1.40,0.00,0.00,1.40,[sl 4694.18]
2026.05.14 04:35:59,46442377,51961105,XAUUSD,BUY_closed,0.10,4694.12000,1.00,0.00,0.00,1.00,[sl 4694.15]
2026.05.14 04:36:00,46442387,51961196,XAUUSD,BUY_closed,0.10,4694.04000,-2.50,0.00,0.00,-2.50,
2026.05.14 04:36:01,46442389,51961195,XAUUSD,BUY_closed,0.10,4693.97000,-3.20,0.00,0.00,-3.20,
2026.05.14 04:36:26,46442412,51961213,XAUUSD,BUY_closed,0.10,4694.43000,3.70,0.00,0.00,3.70,[sl 4694.44]
2026.05.14 04:36:26,46442414,51961212,XAUUSD,BUY_closed,0.10,4694.29000,2.30,0.00,0.00,2.30,[sl 4694.40]
2026.05.14 04:37:00,46442470,51961237,XAUUSD,BUY_closed,0.10,4693.17000,-13.10,0.00,0.00,-13.10,
2026.05.14 04:37:00,46442471,51961236,XAUUSD,BUY_closed,0.10,4693.24000,-12.40,0.00,0.00,-12.40,
2026.05.14 04:37:13,46442485,51961288,XAUUSD,SELL_closed,0.10,4692.98000,2.60,0.00,0.00,2.60,[sl 4692.93]
2026.05.14 04:37:13,46442486,51961289,XAUUSD,SELL_closed,0.10,4692.98000,2.60,0.00,0.00,2.60,[sl 4692.93]
2026.05.14 04:37:20,46442501,51961301,XAUUSD,SELL_closed,0.10,4691.79000,9.90,0.00,0.00,9.90,[sl 4691.78]
2026.05.14 04:37:23,46442535,51961302,XAUUSD,SELL_closed,0.10,4691.26000,15.20,0.00,0.00,15.20,[sl 4691.24]
2026.05.14 04:37:23,46442540,51961324,XAUUSD,SELL_closed,0.10,4691.36000,1.60,0.00,0.00,1.60,[sl 4691.28]
2026.05.14 04:37:23,46442541,51961325,XAUUSD,SELL_closed,0.10,4691.36000,1.60,0.00,0.00,1.60,[sl 4691.28]
2026.05.14 04:38:00,46442582,51961364,XAUUSD,SELL_closed,0.10,4691.68000,-5.40,0.00,0.00,-5.40,
2026.05.14 04:38:00,46442587,51961363,XAUUSD,SELL_closed,0.10,4691.22000,-0.80,0.00,0.00,-0.80,
2026.05.14 04:38:04,46442619,51961408,XAUUSD,SELL_closed,0.10,4690.59000,5.10,0.00,0.00,5.10,[sl 4690.25]
2026.05.14 04:38:04,46442621,51961409,XAUUSD,SELL_closed,0.10,4690.59000,5.10,0.00,0.00,5.10,[sl 4690.34]
2026.05.14 04:38:13,46442667,51961442,XAUUSD,SELL_closed,0.10,4690.18000,1.50,0.00,0.00,1.50,[sl 4690.13]
2026.05.14 04:38:13,46442668,51961443,XAUUSD,SELL_closed,0.10,4690.18000,1.50,0.00,0.00,1.50,[sl 4690.13]
2026.05.14 04:38:16,46442785,51961487,XAUUSD,SELL_closed,0.10,4689.04000,7.90,0.00,0.00,7.90,[sl 4689.01]
2026.05.14 04:38:16,46442787,51961488,XAUUSD,SELL_closed,0.10,4689.19000,6.40,0.00,0.00,6.40,[sl 4689.07]
2026.05.14 04:38:17,46442819,51961618,XAUUSD,SELL_closed,0.10,4688.32000,6.50,0.00,0.00,6.50,[sl 4688.30]
2026.05.14 04:38:17,46442820,51961619,XAUUSD,SELL_closed,0.10,4688.32000,6.50,0.00,0.00,6.50,[sl 4688.30]
2026.05.14 04:38:22,46442862,51961648,XAUUSD,SELL_closed,0.10,4688.06000,-0.80,0.00,0.00,-0.80,[sl 4687.87]
2026.05.14 04:38:22,46442863,51961649,XAUUSD,SELL_closed,0.10,4688.06000,-0.80,0.00,0.00,-0.80,[sl 4687.87]
2026.05.14 04:38:29,46442918,51961697,XAUUSD,SELL_closed,0.10,4687.33000,5.50,0.00,0.00,5.50,[sl 4687.33]
2026.05.14 04:38:29,46442919,51961698,XAUUSD,SELL_closed,0.10,4687.33000,5.50,0.00,0.00,5.50,[sl 4687.29]
2026.05.14 04:39:00,46442988,51961751,XAUUSD,SELL_closed,0.10,4688.57000,-14.30,0.00,0.00,-14.30,
2026.05.14 04:39:00,46442989,51961750,XAUUSD,SELL_closed,0.10,4688.50000,-13.60,0.00,0.00,-13.60,
2026.05.14 04:40:00,46443178,51961813,XAUUSD,SELL_closed,0.10,4689.30000,-10.60,0.00,0.00,-10.60,
2026.05.14 04:40:00,46443180,51961812,XAUUSD,SELL_closed,0.10,4689.30000,-10.60,0.00,0.00,-10.60,
2026.05.14 04:41:01,46443291,51962092,XAUUSD,SELL_closed,0.10,4687.54000,0.80,0.00,0.00,0.80,[sl 4687.40]
2026.05.14 04:41:01,46443294,51962093,XAUUSD,SELL_closed,0.10,4687.66000,-0.40,0.00,0.00,-0.40,
2026.05.14 04:41:04,46443321,51962123,XAUUSD,SELL_closed,0.10,4687.12000,1.90,0.00,0.00,1.90,[sl 4687.11]
2026.05.14 04:41:04,46443322,51962124,XAUUSD,SELL_closed,0.10,4687.12000,1.90,0.00,0.00,1.90,[sl 4687.11]
2026.05.14 04:41:06,46443350,51962149,XAUUSD,SELL_closed,0.10,4686.95000,-1.20,0.00,0.00,-1.20,
2026.05.14 04:42:00,46443439,51962180,XAUUSD,SELL_closed,0.10,4686.90000,-2.20,0.00,0.00,-2.20,
2026.05.14 04:42:00,46443440,51962179,XAUUSD,SELL_closed,0.10,4686.92000,-2.40,0.00,0.00,-2.40,
2026.05.14 04:42:01,46443444,51962148,XAUUSD,SELL_closed,0.10,4686.96000,-1.30,0.00,0.00,-1.30,
2026.05.14 04:42:01,46443445,51962258,XAUUSD,SELL_closed,0.10,4686.81000,0.50,0.00,0.00,0.50,[sl 4686.77]
2026.05.14 04:42:01,46443446,51962257,XAUUSD,SELL_closed,0.10,4686.80000,0.60,0.00,0.00,0.60,[sl 4686.77]
2026.05.14 04:42:09,46443496,51962265,XAUUSD,SELL_closed,0.10,4686.26000,5.00,0.00,0.00,5.00,
2026.05.14 04:42:09,46443505,51962264,XAUUSD,SELL_closed,0.10,4686.23000,5.30,0.00,0.00,5.30,
2026.05.14 04:42:12,46443593,51962329,XAUUSD,SELL_closed,0.10,4684.55000,13.80,0.00,0.00,13.80,[sl 4684.47]
2026.05.14 04:42:12,46443594,51962330,XAUUSD,SELL_closed,0.10,4684.55000,13.80,0.00,0.00,13.80,[sl 4684.42]
2026.05.14 04:42:15,46443646,51962439,XAUUSD,SELL_closed,0.10,4684.25000,4.00,0.00,0.00,4.00,[sl 4684.09]
2026.05.14 04:42:15,46443647,51962440,XAUUSD,SELL_closed,0.10,4684.25000,4.00,0.00,0.00,4.00,[sl 4683.98]
2026.05.14 04:43:00,46443766,51962488,XAUUSD,SELL_closed,0.10,4685.76000,-16.80,0.00,0.00,-16.80,
2026.05.14 04:43:00,46443771,51962487,XAUUSD,SELL_closed,0.10,4685.86000,-17.80,0.00,0.00,-17.80,
2026.05.14 04:43:02,46443780,51962593,XAUUSD,SELL_closed,0.10,4685.61000,-0.90,0.00,0.00,-0.90,
2026.05.14 04:43:08,46443789,51962592,XAUUSD,SELL_closed,0.10,4685.11000,4.10,0.00,0.00,4.10,[sl 4685.07]
2026.05.14 04:43:08,46443790,51962600,XAUUSD,SELL_closed,0.10,4685.16000,1.40,0.00,0.00,1.40,[sl 4685.12]
2026.05.14 04:43:08,46443791,51962601,XAUUSD,SELL_closed,0.10,4685.16000,1.40,0.00,0.00,1.40,[sl 4685.16]
2026.05.14 04:43:10,46443796,51962610,XAUUSD,SELL_closed,0.10,4684.83000,2.00,0.00,0.00,2.00,[sl 4684.81]
2026.05.14 04:43:10,46443801,51962611,XAUUSD,SELL_closed,0.10,4684.40000,6.30,0.00,0.00,6.30,[sl 4684.40]
2026.05.14 04:44:00,46443896,51962616,XAUUSD,SELL_closed,0.10,4688.00000,-37.40,0.00,0.00,-37.40,
2026.05.14 04:44:00,46443897,51962615,XAUUSD,SELL_closed,0.10,4688.10000,-38.40,0.00,0.00,-38.40,
2026.05.14 04:44:05,46443928,51962726,XAUUSD,BUY_closed,0.10,4688.14000,0.80,0.00,0.00,0.80,[sl 4688.28]
2026.05.14 04:44:06,46443936,51962725,XAUUSD,BUY_closed,0.10,4687.97000,-0.90,0.00,0.00,-0.90,
2026.05.14 04:44:43,46443965,51962756,XAUUSD,BUY_closed,0.10,4688.43000,1.00,0.00,0.00,1.00,[sl 4688.43]
2026.05.14 04:44:43,46443971,51962755,XAUUSD,BUY_closed,0.10,4688.43000,1.00,0.00,0.00,1.00,[sl 4688.43]
2026.05.14 04:44:46,46443993,51962785,XAUUSD,BUY_closed,0.10,4688.85000,1.80,0.00,0.00,1.80,[sl 4688.92]
2026.05.14 04:44:47,46444001,51962786,XAUUSD,BUY_closed,0.10,4688.55000,-1.20,0.00,0.00,-1.20,[sl 4688.80]
2026.05.14 04:45:00,46444020,51962816,XAUUSD,BUY_closed,0.10,4688.68000,-3.10,0.00,0.00,-3.10,
2026.05.14 04:45:01,46444021,51962815,XAUUSD,BUY_closed,0.10,4688.56000,-4.30,0.00,0.00,-4.30,
2026.05.14 04:45:02,46444027,51962842,XAUUSD,BUY_closed,0.10,4688.98000,3.80,0.00,0.00,3.80,[sl 4689.01]
2026.05.14 04:45:02,46444028,51962843,XAUUSD,BUY_closed,0.10,4688.98000,3.80,0.00,0.00,3.80,[sl 4689.01]
2026.05.14 04:45:08,46444080,51962866,XAUUSD,BUY_closed,0.10,4689.56000,5.30,0.00,0.00,5.30,[sl 4689.56]
2026.05.14 04:45:08,46444082,51962867,XAUUSD,BUY_closed,0.10,4689.56000,5.30,0.00,0.00,5.30,
2026.05.14 04:45:15,46444141,51962907,XAUUSD,BUY_closed,0.10,4690.14000,3.40,0.00,0.00,3.40,[sl 4690.19]
2026.05.14 04:45:15,46444142,51962908,XAUUSD,BUY_closed,0.10,4690.14000,3.40,0.00,0.00,3.40,[sl 4690.18]
2026.05.14 04:45:18,46444201,51962973,XAUUSD,BUY_closed,0.10,4690.83000,4.70,0.00,0.00,4.70,[sl 4690.85]
2026.05.14 04:45:18,46444202,51962974,XAUUSD,BUY_closed,0.10,4690.83000,4.70,0.00,0.00,4.70,[sl 4690.86]
2026.05.14 04:46:00,46444308,51963036,XAUUSD,BUY_closed,0.10,4690.23000,-7.70,0.00,0.00,-7.70,
2026.05.14 04:46:00,46444310,51963035,XAUUSD,BUY_closed,0.10,4690.25000,-7.50,0.00,0.00,-7.50,
2026.05.14 04:47:00,46444453,51963137,XAUUSD,BUY_closed,0.10,4690.34000,-0.50,0.00,0.00,-0.50,
2026.05.14 04:47:02,46444482,51963136,XAUUSD,BUY_closed,0.10,4690.60000,2.10,0.00,0.00,2.10,[sl 4690.71]
2026.05.14 04:48:00,46444713,51963277,XAUUSD,SELL_closed,0.10,4693.60000,-33.00,0.00,0.00,-33.00,
2026.05.14 04:48:00,46444717,51963276,XAUUSD,SELL_closed,0.10,4693.60000,-33.00,0.00,0.00,-33.00,
2026.05.14 04:48:04,46444748,51963552,XAUUSD,BUY_closed,0.10,4693.89000,3.40,0.00,0.00,3.40,[sl 4693.95]
2026.05.14 04:48:04,46444749,51963553,XAUUSD,BUY_closed,0.10,4693.89000,3.40,0.00,0.00,3.40,[sl 4693.97]
2026.05.14 04:48:11,46444797,51963583,XAUUSD,BUY_closed,0.10,4694.19000,1.20,0.00,0.00,1.20,[sl 4694.21]
2026.05.14 04:48:11,46444798,51963584,XAUUSD,BUY_closed,0.10,4694.19000,1.20,0.00,0.00,1.20,[sl 4694.21]
2026.05.14 04:48:20,46444825,51963638,XAUUSD,BUY_closed,0.10,4694.52000,0.90,0.00,0.00,0.90,[sl 4694.52]
2026.05.14 04:48:21,46444856,51963639,XAUUSD,BUY_closed,0.10,4694.66000,2.30,0.00,0.00,2.30,[sl 4694.66]
2026.05.14 04:48:22,46444869,51963684,XAUUSD,BUY_closed,0.10,4694.89000,0.70,0.00,0.00,0.70,[sl 4694.89]
2026.05.14 04:48:22,46444870,51963685,XAUUSD,BUY_closed,0.10,4694.89000,0.70,0.00,0.00,0.70,[sl 4694.92]
2026.05.14 04:49:00,46444923,51963717,XAUUSD,BUY_closed,0.10,4693.93000,-9.90,0.00,0.00,-9.90,
2026.05.14 04:49:00,46444926,51963716,XAUUSD,BUY_closed,0.10,4693.87000,-10.50,0.00,0.00,-10.50,
2026.05.14 04:49:02,46444930,51963758,XAUUSD,BUY_closed,0.10,4693.83000,-0.50,0.00,0.00,-0.50,
2026.05.14 04:49:02,46444931,51963757,XAUUSD,BUY_closed,0.10,4693.82000,-0.60,0.00,0.00,-0.60,
2026.05.14 04:49:49,46444958,51963761,XAUUSD,BUY_closed,0.10,4694.47000,3.20,0.00,0.00,3.20,[sl 4694.62]
2026.05.14 04:49:49,46444959,51963762,XAUUSD,BUY_closed,0.10,4694.47000,3.20,0.00,0.00,3.20,[sl 4694.62]
2026.05.14 04:50:06,46444977,51963794,XAUUSD,BUY_closed,0.10,4694.48000,-2.00,0.00,0.00,-2.00,
2026.05.14 04:50:06,46444979,51963793,XAUUSD,BUY_closed,0.10,4694.47000,-2.10,0.00,0.00,-2.10,
2026.05.14 04:51:00,46444990,51963813,XAUUSD,BUY_closed,0.10,4694.06000,-5.70,0.00,0.00,-5.70,
2026.05.14 04:51:00,46444992,51963812,XAUUSD,BUY_closed,0.10,4694.06000,-5.70,0.00,0.00,-5.70,
2026.05.14 04:51:05,46445004,51963825,XAUUSD,SELL_closed,0.10,4694.06000,-0.00,0.00,0.00,0.00,[sl 4694.01]
2026.05.14 04:51:05,46445005,51963826,XAUUSD,SELL_closed,0.10,4694.06000,-0.00,0.00,0.00,0.00,[sl 4693.98]
2026.05.14 04:51:10,46445011,51963839,XAUUSD,SELL_closed,0.10,4693.48000,3.80,0.00,0.00,3.80,[sl 4693.47]
2026.05.14 04:51:11,46445016,51963838,XAUUSD,SELL_closed,0.10,4693.49000,3.70,0.00,0.00,3.70,[sl 4693.45]
2026.05.14 04:51:12,46445036,51963844,XAUUSD,SELL_closed,0.10,4692.79000,4.40,0.00,0.00,4.40,[sl 4692.78]
2026.05.14 04:51:13,46445043,51963843,XAUUSD,SELL_closed,0.10,4692.93000,3.00,0.00,0.00,3.00,[sl 4692.78]
2026.05.14 04:51:22,46445064,51963874,XAUUSD,SELL_closed,0.10,4692.43000,1.20,0.00,0.00,1.20,[sl 4692.39]
2026.05.14 04:51:22,46445065,51963875,XAUUSD,SELL_closed,0.10,4692.43000,1.20,0.00,0.00,1.20,[sl 4692.38]
2026.05.14 04:51:25,46445098,51963903,XAUUSD,SELL_closed,0.10,4691.93000,3.10,0.00,0.00,3.10,[sl 4691.91]
2026.05.14 04:51:25,46445099,51963904,XAUUSD,SELL_closed,0.10,4691.93000,3.10,0.00,0.00,3.10,[sl 4691.93]
2026.05.14 04:51:28,46445106,51963937,XAUUSD,SELL_closed,0.10,4691.74000,0.20,0.00,0.00,0.20,[sl 4691.64]
2026.05.14 04:51:31,46445110,51963936,XAUUSD,SELL_closed,0.10,4691.69000,0.70,0.00,0.00,0.70,[sl 4691.66]
2026.05.14 04:51:52,46445130,51963942,XAUUSD,SELL_closed,0.10,4691.22000,3.90,0.00,0.00,3.90,[sl 4691.15]
2026.05.14 04:51:52,46445132,51963943,XAUUSD,SELL_closed,0.10,4691.14000,4.70,0.00,0.00,4.70,
2026.05.14 04:51:57,46445160,51963970,XAUUSD,SELL_closed,0.10,4690.59000,3.00,0.00,0.00,3.00,[sl 4690.56]
2026.05.14 04:51:57,46445164,51963969,XAUUSD,SELL_closed,0.10,4690.64000,2.50,0.00,0.00,2.50,[sl 4690.63]
2026.05.14 04:52:02,46445207,51963999,XAUUSD,SELL_closed,0.10,4690.17000,2.00,0.00,0.00,2.00,[sl 4690.08]
2026.05.14 04:52:02,46445208,51964000,XAUUSD,SELL_closed,0.10,4690.17000,2.00,0.00,0.00,2.00,[sl 4690.08]
2026.05.14 04:52:04,46445282,51964050,XAUUSD,SELL_closed,0.10,4688.81000,11.20,0.00,0.00,11.20,[sl 4688.67]
2026.05.14 04:52:04,46445306,51964049,XAUUSD,SELL_closed,0.10,4688.91000,10.20,0.00,0.00,10.20,
2026.05.14 04:52:05,46445328,51964137,XAUUSD,SELL_closed,0.10,4688.72000,0.20,0.00,0.00,0.20,[sl 4688.67]
2026.05.14 04:52:05,46445356,51964136,XAUUSD,SELL_closed,0.10,4688.61000,1.30,0.00,0.00,1.30,[sl 4688.61]
2026.05.14 04:52:07,46445399,51964201,XAUUSD,SELL_closed,0.10,4687.99000,4.80,0.00,0.00,4.80,[sl 4687.98]
2026.05.14 04:52:09,46445433,51964202,XAUUSD,SELL_closed,0.10,4687.94000,5.30,0.00,0.00,5.30,[sl 4687.94]
2026.05.14 04:52:16,46445567,51964249,XAUUSD,SELL_closed,0.10,4686.20000,14.10,0.00,0.00,14.10,[sl 4686.20]
2026.05.14 04:52:16,46445574,51964248,XAUUSD,SELL_closed,0.10,4686.23000,13.80,0.00,0.00,13.80,[sl 4686.23]
2026.05.14 04:52:20,46445618,51964416,XAUUSD,SELL_closed,0.10,4685.58000,3.90,0.00,0.00,3.90,[sl 4685.48]
2026.05.14 04:52:20,46445629,51964417,XAUUSD,SELL_closed,0.10,4685.61000,3.60,0.00,0.00,3.60,
2026.05.14 04:52:21,46445653,51964482,XAUUSD,SELL_closed,0.10,4685.13000,3.40,0.00,0.00,3.40,[sl 4685.11]
2026.05.14 04:52:22,46445662,51964483,XAUUSD,SELL_closed,0.10,4685.42000,0.50,0.00,0.00,0.50,[sl 4685.24]
2026.05.14 04:52:33,46445733,51964511,XAUUSD,SELL_closed,0.10,4684.05000,11.50,0.00,0.00,11.50,[sl 4684.04]
2026.05.14 04:52:33,46445738,51964512,XAUUSD,SELL_closed,0.10,4684.06000,11.40,0.00,0.00,11.40,[sl 4684.06]
2026.05.14 04:53:00,46445817,51964581,XAUUSD,SELL_closed,0.10,4685.27000,-14.40,0.00,0.00,-14.40,
2026.05.14 04:53:00,46445821,51964580,XAUUSD,SELL_closed,0.10,4685.26000,-14.30,0.00,0.00,-14.30,
2026.05.14 04:53:01,46445832,51964661,XAUUSD,SELL_closed,0.10,4685.33000,-3.20,0.00,0.00,-3.20,
2026.05.14 04:54:00,46445976,51964672,XAUUSD,SELL_closed,0.10,4687.79000,-23.40,0.00,0.00,-23.40,
2026.05.14 04:54:00,46445981,51964671,XAUUSD,SELL_closed,0.10,4687.73000,-22.80,0.00,0.00,-22.80,
2026.05.14 04:54:00,46445983,51964660,XAUUSD,SELL_closed,0.10,4687.77000,-27.60,0.00,0.00,-27.60,
2026.05.14 04:54:36,46446003,51964822,XAUUSD,BUY_closed,0.10,4687.66000,-1.10,0.00,0.00,-1.10,
2026.05.14 04:55:00,46446037,51964835,XAUUSD,BUY_closed,0.10,4685.66000,-21.00,0.00,0.00,-21.00,
2026.05.14 04:55:00,46446041,51964834,XAUUSD,BUY_closed,0.10,4685.37000,-23.90,0.00,0.00,-23.90,
2026.05.14 04:55:00,46446045,51964821,XAUUSD,BUY_closed,0.10,4685.38000,-23.90,0.00,0.00,-23.90,
2026.05.14 04:55:07,46446092,51964884,XAUUSD,SELL_closed,0.10,4684.61000,6.80,0.00,0.00,6.80,[sl 4684.53]
2026.05.14 04:55:07,46446093,51964885,XAUUSD,SELL_closed,0.10,4684.61000,6.80,0.00,0.00,6.80,[sl 4684.57]
2026.05.14 04:55:14,46446125,51964936,XAUUSD,SELL_closed,0.10,4684.51000,-1.30,0.00,0.00,-1.30,[sl 4684.29]
2026.05.14 04:55:15,46446128,51964935,XAUUSD,SELL_closed,0.10,4684.54000,-1.60,0.00,0.00,-1.60,
2026.05.14 04:56:00,46446212,51964970,XAUUSD,SELL_closed,0.10,4686.72000,-24.00,0.00,0.00,-24.00,
2026.05.14 04:56:00,46446215,51964969,XAUUSD,SELL_closed,0.10,4686.70000,-23.80,0.00,0.00,-23.80,
2026.05.14 04:58:45,46446415,51965216,XAUUSD,SELL_closed,0.10,4685.53000,1.00,0.00,0.00,1.00,[sl 4685.51]
2026.05.14 04:58:45,46446416,51965215,XAUUSD,SELL_closed,0.10,4685.57000,0.60,0.00,0.00,0.60,[sl 4685.55]
2026.05.14 04:59:00,46446421,51965250,XAUUSD,SELL_closed,0.10,4686.06000,-6.20,0.00,0.00,-6.20,
2026.05.14 04:59:00,46446422,51965249,XAUUSD,SELL_closed,0.10,4686.15000,-7.10,0.00,0.00,-7.10,
2026.05.14 05:00:00,46446536,51965362,XAUUSD,BUY_closed,0.10,4689.31000,3.40,0.00,0.00,3.40,[sl 4689.35]
2026.05.14 05:00:01,46446542,51965363,XAUUSD,BUY_closed,0.10,4689.44000,4.70,0.00,0.00,4.70,[sl 4689.46]
2026.05.14 05:01:00,46446650,51965405,XAUUSD,BUY_closed,0.10,4687.55000,-20.50,0.00,0.00,-20.50,
2026.05.14 05:01:00,46446652,51965404,XAUUSD,BUY_closed,0.10,4687.48000,-21.20,0.00,0.00,-21.20,
2026.05.14 05:02:00,46446738,51965501,XAUUSD,SELL_closed,0.10,4689.36000,-19.10,0.00,0.00,-19.10,
2026.05.14 05:02:00,46446742,51965500,XAUUSD,SELL_closed,0.10,4688.63000,-11.80,0.00,0.00,-11.80,
2026.05.14 05:02:05,46446755,51965590,XAUUSD,BUY_closed,0.10,4689.67000,10.20,0.00,0.00,10.20,[sl 4689.73]
2026.05.14 05:02:05,46446756,51965591,XAUUSD,BUY_closed,0.10,4689.67000,10.20,0.00,0.00,10.20,[sl 4689.69]
2026.05.14 05:02:09,46446779,51965602,XAUUSD,BUY_closed,0.10,4690.01000,1.40,0.00,0.00,1.40,[sl 4690.02]
2026.05.14 05:02:09,46446780,51965603,XAUUSD,BUY_closed,0.10,4690.01000,1.40,0.00,0.00,1.40,[sl 4690.03]
2026.05.14 05:02:16,46446827,51965631,XAUUSD,BUY_closed,0.10,4690.46000,2.30,0.00,0.00,2.30,[sl 4690.47]
2026.05.14 05:02:25,46446837,51965630,XAUUSD,BUY_closed,0.10,4690.38000,1.50,0.00,0.00,1.50,[sl 4690.52]
2026.05.14 05:02:51,46446873,51965679,XAUUSD,BUY_closed,0.10,4690.61000,0.20,0.00,0.00,0.20,[sl 4690.66]
2026.05.14 05:02:52,46446878,51965678,XAUUSD,BUY_closed,0.10,4690.76000,1.70,0.00,0.00,1.70,[sl 4690.78]
2026.05.14 05:02:53,46446935,51965720,XAUUSD,BUY_closed,0.10,4691.69000,8.70,0.00,0.00,8.70,[sl 4691.75]
2026.05.14 05:02:55,46446962,51965719,XAUUSD,BUY_closed,0.10,4691.85000,10.30,0.00,0.00,10.30,[sl 4691.85]
2026.05.14 05:02:56,46446969,51965791,XAUUSD,BUY_closed,0.10,4692.00000,1.50,0.00,0.00,1.50,[sl 4692.00]
2026.05.14 05:02:57,46446976,51965792,XAUUSD,BUY_closed,0.10,4691.94000,0.90,0.00,0.00,0.90,[sl 4691.96]
2026.05.14 05:03:00,46446982,51965830,XAUUSD,BUY_closed,0.10,4691.84000,-3.90,0.00,0.00,-3.90,
2026.05.14 05:03:00,46446986,51965829,XAUUSD,BUY_closed,0.10,4691.84000,-3.90,0.00,0.00,-3.90,
2026.05.14 05:03:05,46447007,51965845,XAUUSD,BUY_closed,0.10,4691.97000,-0.90,0.00,0.00,-0.90,
2026.05.14 05:03:10,46447021,51965844,XAUUSD,BUY_closed,0.10,4692.09000,0.30,0.00,0.00,0.30,[sl 4692.11]
2026.05.14 05:03:13,46447026,51965866,XAUUSD,BUY_closed,0.10,4692.32000,2.30,0.00,0.00,2.30,[sl 4692.32]
2026.05.14 05:03:13,46447027,51965865,XAUUSD,BUY_closed,0.10,4692.29000,2.00,0.00,0.00,2.00,[sl 4692.29]
2026.05.14 05:03:19,46447050,51965885,XAUUSD,BUY_closed,0.10,4692.53000,0.60,0.00,0.00,0.60,[sl 4692.58]
2026.05.14 05:03:20,46447056,51965884,XAUUSD,BUY_closed,0.10,4692.61000,1.40,0.00,0.00,1.40,[sl 4692.63]
2026.05.14 05:03:24,46447074,51965908,XAUUSD,BUY_closed,0.10,4693.04000,3.60,0.00,0.00,3.60,[sl 4693.04]
2026.05.14 05:03:24,46447075,51965909,XAUUSD,BUY_closed,0.10,4693.04000,3.60,0.00,0.00,3.60,[sl 4693.06]
2026.05.14 05:03:25,46447081,51965934,XAUUSD,BUY_closed,0.10,4693.17000,0.50,0.00,0.00,0.50,[sl 4693.20]
2026.05.14 05:03:27,46447091,51965933,XAUUSD,BUY_closed,0.10,4693.13000,0.10,0.00,0.00,0.10,[sl 4693.17]
2026.05.14 05:03:37,46447120,51965945,XAUUSD,BUY_closed,0.10,4693.59000,3.00,0.00,0.00,3.00,[sl 4693.60]
2026.05.14 05:03:37,46447121,51965946,XAUUSD,BUY_closed,0.10,4693.59000,3.00,0.00,0.00,3.00,[sl 4693.60]
2026.05.14 05:04:00,46447209,51965981,XAUUSD,BUY_closed,0.10,4691.20000,-26.30,0.00,0.00,-26.30,
2026.05.14 05:04:00,46447211,51965980,XAUUSD,BUY_closed,0.10,4691.20000,-26.30,0.00,0.00,-26.30,
2026.05.14 05:05:00,46447276,51966063,XAUUSD,SELL_closed,0.10,4694.10000,-29.00,0.00,0.00,-29.00,
2026.05.14 05:05:00,46447281,51966062,XAUUSD,SELL_closed,0.10,4694.11000,-29.10,0.00,0.00,-29.10,
2026.05.14 05:06:00,46447311,51966135,XAUUSD,BUY_closed,0.10,4692.63000,-14.40,0.00,0.00,-14.40,
2026.05.14 05:06:00,46447313,51966134,XAUUSD,BUY_closed,0.10,4692.62000,-14.50,0.00,0.00,-14.50,
2026.05.14 05:06:32,46447323,51966164,XAUUSD,SELL_closed,0.10,4692.47000,1.50,0.00,0.00,1.50,[sl 4692.47]
2026.05.14 05:06:33,46447326,51966163,XAUUSD,SELL_closed,0.10,4692.63000,-0.10,0.00,0.00,-0.10,[sl 4692.54]
2026.05.14 05:06:52,46447350,51966173,XAUUSD,SELL_closed,0.10,4691.78000,5.30,0.00,0.00,5.30,[sl 4691.75]
2026.05.14 05:06:52,46447351,51966174,XAUUSD,SELL_closed,0.10,4691.78000,5.30,0.00,0.00,5.30,[sl 4691.75]
2026.05.14 05:07:00,46447358,51966205,XAUUSD,SELL_closed,0.10,4692.25000,-7.70,0.00,0.00,-7.70,
2026.05.14 05:07:00,46447360,51966204,XAUUSD,SELL_closed,0.10,4692.25000,-7.70,0.00,0.00,-7.70,
2026.05.14 05:07:02,46447369,51966215,XAUUSD,SELL_closed,0.10,4691.78000,2.90,0.00,0.00,2.90,[sl 4691.76]
2026.05.14 05:07:02,46447370,51966216,XAUUSD,SELL_closed,0.10,4691.78000,2.90,0.00,0.00,2.90,[sl 4691.76]
2026.05.14 05:08:00,46447391,51966224,XAUUSD,SELL_closed,0.10,4692.03000,-4.40,0.00,0.00,-4.40,
2026.05.14 05:08:00,46447393,51966223,XAUUSD,SELL_closed,0.10,4692.03000,-4.40,0.00,0.00,-4.40,
2026.05.14 05:08:06,46447400,51966242,XAUUSD,SELL_closed,0.10,4691.62000,1.50,0.00,0.00,1.50,[sl 4691.62]
2026.05.14 05:08:07,46447403,51966243,XAUUSD,SELL_closed,0.10,4691.87000,-1.00,0.00,0.00,-1.00,
2026.05.14 05:08:29,46447412,51966249,XAUUSD,SELL_closed,0.10,4691.29000,1.60,0.00,0.00,1.60,[sl 4691.28]
2026.05.14 05:08:29,46447413,51966250,XAUUSD,SELL_closed,0.10,4691.29000,1.60,0.00,0.00,1.60,[sl 4691.28]
2026.05.14 05:08:32,46447431,51966263,XAUUSD,SELL_closed,0.10,4690.47000,6.60,0.00,0.00,6.60,[sl 4690.47]
2026.05.14 05:08:32,46447436,51966262,XAUUSD,SELL_closed,0.10,4690.56000,5.70,0.00,0.00,5.70,[sl 4690.50]
2026.05.14 05:08:34,46447457,51966281,XAUUSD,SELL_closed,0.10,4690.16000,0.70,0.00,0.00,0.70,[sl 4690.15]
2026.05.14 05:08:34,46447458,51966282,XAUUSD,SELL_closed,0.10,4690.16000,0.70,0.00,0.00,0.70,[sl 4690.16]
2026.05.14 05:08:37,46447486,51966312,XAUUSD,SELL_closed,0.10,4689.78000,1.20,0.00,0.00,1.20,[sl 4689.72]
2026.05.14 05:08:37,46447510,51966313,XAUUSD,SELL_closed,0.10,4689.82000,0.80,0.00,0.00,0.80,[sl 4689.82]
2026.05.14 05:08:44,46447563,51966355,XAUUSD,SELL_closed,0.10,4689.35000,2.40,0.00,0.00,2.40,[sl 4689.30]
2026.05.14 05:08:44,46447564,51966356,XAUUSD,SELL_closed,0.10,4689.35000,2.40,0.00,0.00,2.40,[sl 4689.30]
2026.05.14 05:09:00,46447582,51966428,XAUUSD,SELL_closed,0.10,4690.18000,-8.40,0.00,0.00,-8.40,
2026.05.14 05:09:00,46447583,51966427,XAUUSD,SELL_closed,0.10,4690.20000,-8.60,0.00,0.00,-8.60,
2026.05.14 05:09:04,46447597,51966440,XAUUSD,SELL_closed,0.10,4689.61000,4.60,0.00,0.00,4.60,[sl 4689.59]
2026.05.14 05:09:04,46447598,51966441,XAUUSD,SELL_closed,0.10,4689.61000,4.60,0.00,0.00,4.60,[sl 4689.61]
2026.05.14 05:10:00,46447662,51966452,XAUUSD,SELL_closed,0.10,4691.16000,-17.70,0.00,0.00,-17.70,
2026.05.14 05:10:00,46447665,51966451,XAUUSD,SELL_closed,0.10,4691.11000,-17.20,0.00,0.00,-17.20,
2026.05.14 05:11:00,46447754,51966521,XAUUSD,BUY_closed,0.10,4689.92000,-11.90,0.00,0.00,-11.90,
2026.05.14 05:11:00,46447756,51966520,XAUUSD,BUY_closed,0.10,4689.92000,-11.90,0.00,0.00,-11.90,
2026.05.14 05:11:20,46447770,51966610,XAUUSD,SELL_closed,0.10,4689.70000,2.20,0.00,0.00,2.20,[sl 4689.64]
2026.05.14 05:11:20,46447771,51966611,XAUUSD,SELL_closed,0.10,4689.70000,2.20,0.00,0.00,2.20,[sl 4689.66]
2026.05.14 05:11:25,46447778,51966622,XAUUSD,SELL_closed,0.10,4689.35000,2.20,0.00,0.00,2.20,[sl 4689.35]
2026.05.14 05:11:26,46447781,51966621,XAUUSD,SELL_closed,0.10,4689.39000,1.80,0.00,0.00,1.80,[sl 4689.36]
2026.05.14 05:12:00,46447785,51966628,XAUUSD,SELL_closed,0.10,4689.51000,-3.50,0.00,0.00,-3.50,
2026.05.14 05:12:00,46447786,51966627,XAUUSD,SELL_closed,0.10,4689.51000,-3.50,0.00,0.00,-3.50,
2026.05.14 05:12:02,46447793,51966636,XAUUSD,SELL_closed,0.10,4689.43000,-0.90,0.00,0.00,-0.90,[sl 4689.13]
2026.05.14 05:12:02,46447794,51966637,XAUUSD,SELL_closed,0.10,4689.43000,-0.90,0.00,0.00,-0.90,[sl 4689.17]
2026.05.14 05:12:06,46447797,51966641,XAUUSD,SELL_closed,0.10,4689.58000,-0.40,0.00,0.00,-0.40,[sl 4689.47]
2026.05.14 05:12:07,46447798,51966642,XAUUSD,SELL_closed,0.10,4689.56000,-0.20,0.00,0.00,-0.20,
2026.05.14 05:12:11,46447809,51966646,XAUUSD,SELL_closed,0.10,4688.94000,4.40,0.00,0.00,4.40,[sl 4688.94]
2026.05.14 05:12:12,46447821,51966645,XAUUSD,SELL_closed,0.10,4689.13000,2.50,0.00,0.00,2.50,[sl 4688.98]
2026.05.14 05:12:59,46447911,51966667,XAUUSD,SELL_closed,0.10,4688.34000,3.90,0.00,0.00,3.90,[sl 4688.34]
2026.05.14 05:13:00,46447917,51966771,XAUUSD,SELL_closed,0.10,4688.31000,-1.70,0.00,0.00,-1.70,
2026.05.14 05:13:02,46447973,51966770,XAUUSD,SELL_closed,0.10,4687.76000,3.80,0.00,0.00,3.80,[sl 4687.75]
2026.05.14 05:13:02,46447974,51966666,XAUUSD,SELL_closed,0.10,4687.80000,9.30,0.00,0.00,9.30,[sl 4687.79]
2026.05.14 05:13:25,46448062,51966832,XAUUSD,SELL_closed,0.10,4687.61000,-0.30,0.00,0.00,-0.30,[sl 4687.43]
2026.05.14 05:13:25,46448063,51966833,XAUUSD,SELL_closed,0.10,4687.61000,-0.30,0.00,0.00,-0.30,[sl 4687.43]
2026.05.14 05:13:26,46448083,51966916,XAUUSD,SELL_closed,0.10,4687.15000,2.60,0.00,0.00,2.60,[sl 4687.15]
2026.05.14 05:13:27,46448103,51966915,XAUUSD,SELL_closed,0.10,4686.90000,5.10,0.00,0.00,5.10,[sl 4686.88]
2026.05.14 05:14:00,46448140,51966951,XAUUSD,SELL_closed,0.10,4687.90000,-12.20,0.00,0.00,-12.20,
2026.05.14 05:14:00,46448144,51966950,XAUUSD,SELL_closed,0.10,4687.89000,-12.10,0.00,0.00,-12.10,
2026.05.14 05:15:00,46448191,51966995,XAUUSD,SELL_closed,0.10,4688.31000,-7.50,0.00,0.00,-7.50,
2026.05.14 05:15:00,46448193,51966994,XAUUSD,SELL_closed,0.10,4688.21000,-6.50,0.00,0.00,-6.50,
2026.05.14 05:15:02,46448204,51967046,XAUUSD,BUY_closed,0.10,4688.57000,2.80,0.00,0.00,2.80,[sl 4688.58]
2026.05.14 05:15:03,46448207,51967047,XAUUSD,BUY_closed,0.10,4688.64000,3.50,0.00,0.00,3.50,[sl 4688.66]
2026.05.14 05:16:00,46448250,51967057,XAUUSD,BUY_closed,0.10,4688.16000,-5.30,0.00,0.00,-5.30,
2026.05.14 05:16:00,46448252,51967056,XAUUSD,BUY_closed,0.10,4688.16000,-5.30,0.00,0.00,-5.30,
2026.05.14 05:16:40,46448292,51967105,XAUUSD,SELL_closed,0.10,4687.90000,2.60,0.00,0.00,2.60,[sl 4687.88]
2026.05.14 05:16:40,46448301,51967106,XAUUSD,SELL_closed,0.10,4687.82000,3.40,0.00,0.00,3.40,[sl 4687.80]
2026.05.14 05:16:47,46448311,51967147,XAUUSD,SELL_closed,0.10,4687.41000,1.30,0.00,0.00,1.30,[sl 4687.37]
2026.05.14 05:16:47,46448312,51967148,XAUUSD,SELL_closed,0.10,4687.41000,1.30,0.00,0.00,1.30,[sl 4687.37]
2026.05.14 05:17:00,46448325,51967164,XAUUSD,SELL_closed,0.10,4688.53000,-13.10,0.00,0.00,-13.10,
2026.05.14 05:17:00,46448326,51967163,XAUUSD,SELL_closed,0.10,4688.50000,-12.80,0.00,0.00,-12.80,
2026.05.14 05:18:00,46448477,51967180,XAUUSD,SELL_closed,0.10,4690.62000,-23.30,0.00,0.00,-23.30,
2026.05.14 05:18:00,46448481,51967179,XAUUSD,SELL_closed,0.10,4690.99000,-27.00,0.00,0.00,-27.00,
2026.05.14 05:19:00,46448541,51967347,XAUUSD,BUY_closed,0.10,4690.05000,-10.50,0.00,0.00,-10.50,
2026.05.14 05:19:00,46448544,51967346,XAUUSD,BUY_closed,0.10,4690.09000,-10.10,0.00,0.00,-10.10,
2026.05.14 05:20:04,46448556,51967397,XAUUSD,SELL_closed,0.10,4690.32000,-2.00,0.00,0.00,-2.00,
2026.05.14 05:20:04,46448557,51967396,XAUUSD,SELL_closed,0.10,4690.32000,-2.00,0.00,0.00,-2.00,
2026.05.14 05:20:06,46448567,51967410,XAUUSD,BUY_closed,0.10,4690.24000,-0.80,0.00,0.00,-0.80,[sl 4690.55]
2026.05.14 05:20:06,46448568,51967411,XAUUSD,BUY_closed,0.10,4690.23000,-0.90,0.00,0.00,-0.90,
2026.05.14 05:20:11,46448572,51967421,XAUUSD,BUY_closed,0.10,4690.45000,2.10,0.00,0.00,2.10,[sl 4690.47]
2026.05.14 05:20:11,46448573,51967422,XAUUSD,BUY_closed,0.10,4690.43000,1.90,0.00,0.00,1.90,[sl 4690.43]
2026.05.14 05:20:56,46448585,51967426,XAUUSD,BUY_closed,0.10,4690.69000,0.40,0.00,0.00,0.40,[sl 4690.74]
2026.05.14 05:20:56,46448586,51967427,XAUUSD,BUY_closed,0.10,4690.69000,0.40,0.00,0.00,0.40,[sl 4690.74]
2026.05.14 05:21:01,46448592,51967439,XAUUSD,BUY_closed,0.10,4690.47000,-3.50,0.00,0.00,-3.50,
2026.05.14 05:21:01,46448593,51967438,XAUUSD,BUY_closed,0.10,4690.51000,-3.10,0.00,0.00,-3.10,
2026.05.14 05:21:04,46448597,51967446,XAUUSD,BUY_closed,0.10,4690.92000,2.80,0.00,0.00,2.80,[sl 4690.94]
2026.05.14 05:21:06,46448600,51967445,XAUUSD,BUY_closed,0.10,4690.88000,2.40,0.00,0.00,2.40,[sl 4690.93]
2026.05.14 05:22:00,46448604,51967452,XAUUSD,BUY_closed,0.10,4690.57000,-5.40,0.00,0.00,-5.40,
2026.05.14 05:22:00,46448606,51967449,XAUUSD,BUY_closed,0.10,4690.77000,-3.70,0.00,0.00,-3.70,
2026.05.14 05:22:13,46448629,51967459,XAUUSD,SELL_closed,0.10,4690.75000,0.30,0.00,0.00,0.30,[sl 4690.65]
2026.05.14 05:22:13,46448631,51967460,XAUUSD,SELL_closed,0.10,4690.83000,-0.50,0.00,0.00,-0.50,
2026.05.14 05:22:19,46448638,51967485,XAUUSD,SELL_closed,0.10,4690.72000,-0.10,0.00,0.00,-0.10,[sl 4690.63]
2026.05.14 05:22:20,46448641,51967484,XAUUSD,SELL_closed,0.10,4690.99000,-2.80,0.00,0.00,-2.80,
2026.05.14 05:23:00,46448643,51967493,XAUUSD,SELL_closed,0.10,4691.06000,-3.20,0.00,0.00,-3.20,
2026.05.14 05:23:00,46448644,51967491,XAUUSD,SELL_closed,0.10,4691.06000,-6.00,0.00,0.00,-6.00,
2026.05.14 05:23:02,46448650,51967497,XAUUSD,BUY_closed,0.10,4691.29000,0.80,0.00,0.00,0.80,[sl 4691.60]
2026.05.14 05:23:03,46448674,51967496,XAUUSD,BUY_closed,0.10,4691.16000,1.00,0.00,0.00,1.00,
2026.05.14 05:24:00,46448715,51967553,XAUUSD,BUY_closed,0.10,4690.45000,-2.40,0.00,0.00,-2.40,
2026.05.14 05:24:00,46448716,51967542,XAUUSD,BUY_closed,0.10,4690.45000,-2.60,0.00,0.00,-2.60,
2026.05.14 05:24:06,46448720,51967570,XAUUSD,SELL_closed,0.10,4690.09000,3.60,0.00,0.00,3.60,[sl 4690.08]
2026.05.14 05:25:00,46448761,51967573,XAUUSD,SELL_closed,0.10,4691.22000,-13.20,0.00,0.00,-13.20,
2026.05.14 05:25:03,46448794,51967617,XAUUSD,BUY_closed,0.10,4692.00000,7.80,0.00,0.00,7.80,[sl 4692.03]
2026.05.14 05:25:11,46448871,51967668,XAUUSD,BUY_closed,0.10,4692.42000,2.80,0.00,0.00,2.80,[sl 4692.64]
2026.05.14 05:25:18,46448914,51967734,XAUUSD,BUY_closed,0.10,4693.00000,1.20,0.00,0.00,1.20,[sl 4693.05]
2026.05.14 05:25:40,46448991,51967791,XAUUSD,BUY_closed,0.10,4693.36000,2.30,0.00,0.00,2.30,[sl 4693.37]
2026.05.14 05:25:56,46449068,51967858,XAUUSD,BUY_closed,0.10,4694.05000,2.10,0.00,0.00,2.10,[sl 4694.05]
2026.05.14 05:25:58,46449084,51967839,XAUUSD,BUY_closed,0.10,4694.07000,4.30,0.00,0.00,4.30,[sl 4694.11]
2026.05.14 05:26:00,46449088,51967950,XAUUSD,BUY_closed,0.10,4694.05000,-3.00,0.00,0.00,-3.00,
2026.05.14 05:26:00,46449096,51967941,XAUUSD,BUY_closed,0.10,4693.97000,-2.50,0.00,0.00,-2.50,
2026.05.14 05:27:00,46449176,51967965,XAUUSD,BUY_closed,0.10,4693.04000,-12.60,0.00,0.00,-12.60,
2026.05.14 05:27:00,46449178,51967958,XAUUSD,BUY_closed,0.10,4693.04000,-12.20,0.00,0.00,-12.20,
2026.05.14 05:27:04,46449183,51968035,XAUUSD,SELL_closed,0.10,4692.25000,7.90,0.00,0.00,7.90,[sl 4692.20]
2026.05.14 05:27:22,46449260,51968043,XAUUSD,SELL_closed,0.10,4691.04000,10.90,0.00,0.00,10.90,[sl 4691.02]
2026.05.14 05:27:35,46449316,51968126,XAUUSD,SELL_closed,0.10,4690.64000,2.30,0.00,0.00,2.30,[sl 4690.53]
2026.05.14 05:28:00,46449360,51968161,XAUUSD,SELL_closed,0.10,4691.94000,-16.30,0.00,0.00,-16.30,
2026.05.14 05:28:26,46449393,51968223,XAUUSD,SELL_closed,0.10,4691.67000,0.60,0.00,0.00,0.60,[sl 4691.62]
2026.05.14 05:28:27,46449400,51968252,XAUUSD,SELL_closed,0.10,4691.08000,1.40,0.00,0.00,1.40,[sl 4690.93]
2026.05.14 05:28:41,46449433,51968270,XAUUSD,SELL_closed,0.10,4690.62000,-1.20,0.00,0.00,-1.20,[sl 4690.45]
2026.05.14 05:29:00,46449449,51968296,XAUUSD,SELL_closed,0.10,4692.40000,-18.80,0.00,0.00,-18.80,
2026.05.14 05:29:03,46449455,51968311,XAUUSD,BUY_closed,0.10,4692.59000,2.50,0.00,0.00,2.50,[sl 4692.60]
2026.05.14 05:29:11,46449477,51968325,XAUUSD,BUY_closed,0.10,4692.52000,2.60,0.00,0.00,2.60,[sl 4692.54]
2026.05.14 05:29:22,46449504,51968337,XAUUSD,BUY_closed,0.10,4693.46000,7.30,0.00,0.00,7.30,[sl 4693.55]
2026.05.14 05:29:41,46449544,51968389,XAUUSD,BUY_closed,0.10,4693.88000,3.30,0.00,0.00,3.30,[sl 4693.89]
2026.05.14 05:30:00,46449567,51968411,XAUUSD,BUY_closed,0.10,4693.59000,-4.70,0.00,0.00,-4.70,
2026.05.14 05:30:01,46449610,51968453,XAUUSD,BUY_closed,0.10,4691.82000,-1.90,0.00,0.00,-1.90,
2026.05.14 05:30:04,46449617,51968480,XAUUSD,BUY_closed,0.10,4692.24000,5.20,0.00,0.00,5.20,[sl 4692.24]
2026.05.14 05:30:14,46449640,51968485,XAUUSD,BUY_closed,0.10,4692.61000,1.10,0.00,0.00,1.10,[sl 4692.66]
2026.05.14 05:30:58,46449665,51968505,XAUUSD,BUY_closed,0.10,4692.98000,0.00,0.00,0.00,0.00,[sl 4693.09]
2026.05.14 05:31:00,46449668,51968531,XAUUSD,BUY_closed,0.10,4692.54000,-4.60,0.00,0.00,-4.60,
2026.05.14 05:31:03,46449682,51968536,XAUUSD,SELL_closed,0.10,4692.51000,2.60,0.00,0.00,2.60,[sl 4692.49]
2026.05.14 05:31:08,46449702,51968557,XAUUSD,SELL_closed,0.10,4692.39000,4.00,0.00,0.00,4.00,[sl 4692.27]
2026.05.14 05:31:10,46449704,51968560,XAUUSD,SELL_closed,0.10,4692.03000,0.50,0.00,0.00,0.50,[sl 4692.03]
2026.05.14 05:31:11,46449706,51968562,XAUUSD,SELL_closed,0.10,4691.61000,2.80,0.00,0.00,2.80,[sl 4691.61]
2026.05.14 05:32:00,46449900,51968572,XAUUSD,SELL_closed,0.10,4694.28000,-30.10,0.00,0.00,-30.10,
2026.05.14 05:32:56,46449935,51968760,XAUUSD,BUY_closed,0.10,4694.95000,4.60,0.00,0.00,4.60,[sl 4694.97]
2026.05.14 05:32:57,46450021,51968856,XAUUSD,BUY_closed,0.10,4696.55000,2.40,0.00,0.00,2.40,[sl 4696.58]
2026.05.14 05:33:00,46450081,51968933,XAUUSD,BUY_closed,0.10,4696.32000,0.50,0.00,0.00,0.50,
2026.05.14 05:34:00,46450166,51968973,XAUUSD,BUY_closed,0.10,4696.87000,-2.70,0.00,0.00,-2.70,
2026.05.14 05:34:28,46450221,51969038,XAUUSD,BUY_closed,0.10,4697.53000,5.20,0.00,0.00,5.20,[sl 4697.54]
2026.05.14 05:34:42,46450292,51969119,XAUUSD,BUY_closed,0.10,4697.87000,1.00,0.00,0.00,1.00,[sl 4697.88]
2026.05.14 05:34:49,46450300,51969179,XAUUSD,BUY_closed,0.10,4697.78000,-0.30,0.00,0.00,-0.30,[sl 4697.94]
2026.05.14 05:35:02,46450314,51969191,XAUUSD,BUY_closed,0.10,4697.81000,-2.00,0.00,0.00,-2.00,
2026.05.14 05:35:23,46450386,51969205,XAUUSD,BUY_closed,0.10,4698.90000,8.30,0.00,0.00,8.30,[sl 4698.99]
2026.05.14 05:35:31,46450452,51969322,XAUUSD,BUY_closed,0.10,4698.88000,2.30,0.00,0.00,2.30,[sl 4698.88]
2026.05.14 05:36:00,46450561,51969389,XAUUSD,BUY_closed,0.10,4699.48000,-3.70,0.00,0.00,-3.70,
2026.05.14 05:37:00,46450668,51969449,XAUUSD,BUY_closed,0.10,4697.84000,-14.80,0.00,0.00,-14.80,
2026.05.14 05:38:05,46450731,51969599,XAUUSD,BUY_closed,0.10,4699.12000,2.40,0.00,0.00,2.40,[sl 4699.20]
2026.05.14 05:39:00,46450769,51969614,XAUUSD,BUY_closed,0.10,4696.74000,-27.70,0.00,0.00,-27.70,
2026.05.14 05:39:31,46450805,51969656,XAUUSD,SELL_closed,0.10,4696.57000,2.20,0.00,0.00,2.20,[sl 4696.56]
2026.05.14 05:39:47,46450855,51969705,XAUUSD,SELL_closed,0.10,4696.29000,0.10,0.00,0.00,0.10,[sl 4696.25]
2026.05.14 05:39:53,46450892,51969753,XAUUSD,SELL_closed,0.10,4695.43000,2.50,0.00,0.00,2.50,[sl 4695.38]
2026.05.14 05:40:00,46450920,51969792,XAUUSD,SELL_closed,0.10,4695.49000,-2.90,0.00,0.00,-2.90,
2026.05.14 05:40:36,46451001,51969808,XAUUSD,SELL_closed,0.10,4694.81000,5.20,0.00,0.00,5.20,[sl 4694.81]
2026.05.14 05:40:41,46451063,51969894,XAUUSD,SELL_closed,0.10,4694.43000,3.70,0.00,0.00,3.70,[sl 4694.38]
2026.05.14 05:40:42,46451203,51970021,XAUUSD,SELL_closed,0.10,4693.59000,-0.30,0.00,0.00,-0.30,
2026.05.14 05:40:58,46451345,51970129,XAUUSD,SELL_closed,0.10,4693.01000,1.00,0.00,0.00,1.00,[sl 4693.01]
2026.05.14 05:41:02,46451370,51970244,XAUUSD,SELL_closed,0.10,4692.65000,1.90,0.00,0.00,1.90,[sl 4692.64]
2026.05.14 05:41:05,46451411,51970266,XAUUSD,SELL_closed,0.10,4692.37000,0.30,0.00,0.00,0.30,[sl 4692.35]
2026.05.14 05:41:10,46451441,51970320,XAUUSD,SELL_closed,0.10,4692.12000,1.90,0.00,0.00,1.90,[sl 4692.11]
2026.05.14 05:41:21,46451465,51970347,XAUUSD,SELL_closed,0.10,4691.54000,4.10,0.00,0.00,4.10,[sl 4691.38]
2026.05.14 05:41:45,46451626,51970410,XAUUSD,SELL_closed,0.10,4690.75000,6.50,0.00,0.00,6.50,[sl 4690.70]
2026.05.14 05:42:00,46451689,51970549,XAUUSD,SELL_closed,0.10,4691.82000,-10.20,0.00,0.00,-10.20,
2026.05.14 05:42:30,46451781,51970585,XAUUSD,SELL_closed,0.10,4691.57000,1.30,0.00,0.00,1.30,[sl 4691.48]
2026.05.14 05:42:46,46451792,51970676,XAUUSD,SELL_closed,0.10,4691.12000,3.20,0.00,0.00,3.20,[sl 4691.02]
2026.05.14 05:43:00,46451803,51970689,XAUUSD,SELL_closed,0.10,4691.80000,-8.80,0.00,0.00,-8.80,
2026.05.14 05:43:24,46451832,51970697,XAUUSD,BUY_closed,0.10,4692.48000,9.10,0.00,0.00,9.10,[sl 4692.53]
2026.05.14 05:43:32,46451836,51970723,XAUUSD,BUY_closed,0.10,4691.90000,-8.50,0.00,0.00,-8.50,[sl 4692.80]
2026.05.14 05:44:00,46451954,51970729,XAUUSD,BUY_closed,0.10,4690.31000,-17.10,0.00,0.00,-17.10,
2026.05.14 05:45:00,46451981,51970849,XAUUSD,SELL_closed,0.10,4691.94000,-16.90,0.00,0.00,-16.90,
2026.05.14 05:45:37,46452037,51970885,XAUUSD,BUY_closed,0.10,4692.19000,1.20,0.00,0.00,1.20,[sl 4692.20]
2026.05.14 05:45:57,46452054,51970938,XAUUSD,BUY_closed,0.10,4692.90000,4.40,0.00,0.00,4.40,[sl 4692.93]
2026.05.14 05:46:01,46452101,51970960,XAUUSD,BUY_closed,0.10,4692.95000,-3.20,0.00,0.00,-3.20,
2026.05.14 05:47:00,46452179,51971010,XAUUSD,BUY_closed,0.10,4691.61000,-16.70,0.00,0.00,-16.70,
2026.05.14 09:46:23,46484916,52004305,XAUUSD,BUY_closed,0.10,4700.18000,-4.20,0.00,0.00,-4.20,
2026.05.14 09:46:24,46484917,52004304,XAUUSD,BUY_closed,0.10,4700.20000,-4.00,0.00,0.00,-4.00,
2026.05.14 09:46:28,46484923,52004311,XAUUSD,BUY_closed,0.10,4699.96000,-4.80,0.00,0.00,-4.80,
2026.05.14 09:46:28,46484924,52004310,XAUUSD,BUY_closed,0.10,4700.04000,-4.00,0.00,0.00,-4.00,
2026.05.14 09:46:31,46484928,52004319,XAUUSD,BUY_closed,0.10,4699.98000,-2.90,0.00,0.00,-2.90,
2026.05.14 09:46:31,46484929,52004318,XAUUSD,BUY_closed,0.10,4700.04000,-2.30,0.00,0.00,-2.30,
2026.05.14 09:46:34,46484934,52004324,XAUUSD,BUY_closed,0.10,4699.71000,-4.00,0.00,0.00,-4.00,
2026.05.14 09:46:34,46484946,52004323,XAUUSD,BUY_closed,0.10,4699.29000,-9.70,0.00,0.00,-9.70,
2026.05.14 09:46:36,46484967,52004348,XAUUSD,BUY_closed,0.10,4699.65000,1.10,0.00,0.00,1.10,[sl 4699.71]
2026.05.14 09:46:36,46484968,52004347,XAUUSD,BUY_closed,0.10,4699.59000,0.50,0.00,0.00,0.50,[sl 4699.59]
2026.05.14 09:46:39,46484992,52004361,XAUUSD,BUY_closed,0.10,4699.32000,-3.10,0.00,0.00,-3.10,
2026.05.14 09:46:39,46484994,52004360,XAUUSD,BUY_closed,0.10,4699.33000,-3.00,0.00,0.00,-3.00,
2026.05.14 09:46:42,46485015,52004389,XAUUSD,BUY_closed,0.10,4699.43000,0.10,0.00,0.00,0.10,[sl 4699.49]
2026.05.14 09:46:43,46485018,52004387,XAUUSD,BUY_closed,0.10,4699.07000,-4.80,0.00,0.00,-4.80,
2026.05.14 09:46:46,46485020,52004409,XAUUSD,BUY_closed,0.10,4699.03000,-5.00,0.00,0.00,-5.00,
2026.05.14 09:46:46,46485022,52004408,XAUUSD,BUY_closed,0.10,4699.01000,-5.20,0.00,0.00,-5.20,
2026.05.14 09:46:50,46485028,52004417,XAUUSD,BUY_closed,0.10,4698.86000,-3.70,0.00,0.00,-3.70,
2026.05.14 09:46:50,46485034,52004416,XAUUSD,BUY_closed,0.10,4698.87000,-3.60,0.00,0.00,-3.60,
2026.05.14 09:46:53,46485049,52004430,XAUUSD,BUY_closed,0.10,4698.67000,-4.20,0.00,0.00,-4.20,
2026.05.14 09:46:53,46485051,52004429,XAUUSD,BUY_closed,0.10,4698.67000,-4.20,0.00,0.00,-4.20,
2026.05.14 09:46:57,46485067,52004445,XAUUSD,BUY_closed,0.10,4699.51000,6.20,0.00,0.00,6.20,[sl 4699.51]
2026.05.14 09:46:57,46485067,52004445,XAUUSD,BUY_closed,0.10,4699.51000,6.20,0.00,0.00,6.20,[sl 4699.51]
2026.05.14 09:46:57,46485068,52004446,XAUUSD,BUY_closed,0.10,4699.51000,6.20,0.00,0.00,6.20,[sl 4699.51]
2026.05.14 09:47:00,46485072,52004460,XAUUSD,BUY_closed,0.10,4699.28000,-4.40,0.00,0.00,-4.40,
2026.05.14 09:47:00,46485077,52004459,XAUUSD,BUY_closed,0.10,4699.27000,-4.50,0.00,0.00,-4.50,
2026.05.14 09:47:03,46485080,52004469,XAUUSD,SELL_closed,0.10,4699.46000,-2.20,0.00,0.00,-2.20,
2026.05.14 09:47:03,46485081,52004468,XAUUSD,SELL_closed,0.10,4699.34000,-1.00,0.00,0.00,-1.00,
2026.05.14 09:47:06,46485084,52004473,XAUUSD,SELL_closed,0.10,4699.43000,-3.20,0.00,0.00,-3.20,
2026.05.14 09:47:06,46485085,52004472,XAUUSD,SELL_closed,0.10,4699.41000,-3.00,0.00,0.00,-3.00,
2026.05.14 09:47:09,46485089,52004477,XAUUSD,SELL_closed,0.10,4699.66000,-4.70,0.00,0.00,-4.70,
2026.05.14 09:47:09,46485090,52004476,XAUUSD,SELL_closed,0.10,4699.66000,-4.70,0.00,0.00,-4.70,
2026.05.14 09:47:12,46485095,52004483,XAUUSD,SELL_closed,0.10,4699.14000,3.00,0.00,0.00,3.00,[sl 4699.13]
2026.05.14 09:47:15,46485103,52004482,XAUUSD,SELL_closed,0.10,4699.11000,3.30,0.00,0.00,3.30,[sl 4698.98]
2026.05.14 09:47:16,46485104,52004487,XAUUSD,SELL_closed,0.10,4699.08000,-3.70,0.00,0.00,-3.70,
2026.05.14 09:47:16,46485105,52004486,XAUUSD,SELL_closed,0.10,4699.15000,-4.40,0.00,0.00,-4.40,
2026.05.14 09:47:19,46485111,52004498,XAUUSD,SELL_closed,0.10,4699.22000,-2.80,0.00,0.00,-2.80,
2026.05.14 09:47:19,46485112,52004497,XAUUSD,SELL_closed,0.10,4699.22000,-2.90,0.00,0.00,-2.90,
2026.05.14 09:47:19,46485113,52004496,XAUUSD,SELL_closed,0.10,4699.23000,-3.00,0.00,0.00,-3.00,
2026.05.14 09:47:29,46485117,52004507,XAUUSD,SELL_closed,0.10,4699.23000,-2.10,0.00,0.00,-2.10,
2026.05.14 09:47:29,46485118,52004506,XAUUSD,SELL_closed,0.10,4699.23000,-2.10,0.00,0.00,-2.10,
2026.05.14 09:47:29,46485119,52004505,XAUUSD,SELL_closed,0.10,4699.22000,-2.00,0.00,0.00,-2.00,
2026.05.14 09:47:32,46485124,52004513,XAUUSD,SELL_closed,0.10,4699.23000,-2.20,0.00,0.00,-2.20,
2026.05.14 09:47:32,46485125,52004512,XAUUSD,SELL_closed,0.10,4699.23000,-2.20,0.00,0.00,-2.20,
2026.05.14 09:47:32,46485126,52004511,XAUUSD,SELL_closed,0.10,4699.23000,-2.20,0.00,0.00,-2.20,
2026.05.14 09:47:35,46485131,52004520,XAUUSD,SELL_closed,0.10,4699.73000,-6.90,0.00,0.00,-6.90,
2026.05.14 09:47:35,46485133,52004519,XAUUSD,SELL_closed,0.10,4699.60000,-5.60,0.00,0.00,-5.60,
2026.05.14 09:47:35,46485137,52004518,XAUUSD,SELL_closed,0.10,4699.96000,-9.20,0.00,0.00,-9.20,
2026.05.14 09:47:38,46485158,52004527,XAUUSD,SELL_closed,0.10,4700.48000,-7.80,0.00,0.00,-7.80,
2026.05.14 09:47:38,46485160,52004526,XAUUSD,SELL_closed,0.10,4700.55000,-8.50,0.00,0.00,-8.50,
2026.05.14 09:47:38,46485161,52004525,XAUUSD,SELL_closed,0.10,4700.55000,-8.50,0.00,0.00,-8.50,
2026.05.14 09:47:41,46485173,52004551,XAUUSD,SELL_closed,0.10,4700.65000,-3.20,0.00,0.00,-3.20,
2026.05.14 09:47:41,46485174,52004550,XAUUSD,SELL_closed,0.10,4700.62000,-2.90,0.00,0.00,-2.90,
2026.05.14 09:47:41,46485175,52004549,XAUUSD,SELL_closed,0.10,4700.61000,-2.80,0.00,0.00,-2.80,
2026.05.14 09:47:51,46485187,52004565,XAUUSD,SELL_closed,0.10,4700.04000,3.90,0.00,0.00,3.90,[sl 4700.03]
2026.05.14 09:47:53,46485188,52004563,XAUUSD,SELL_closed,0.10,4700.01000,4.30,0.00,0.00,4.30,[sl 4699.99]
2026.05.14 09:47:53,46485191,52004564,XAUUSD,SELL_closed,0.10,4700.54000,-1.00,0.00,0.00,-1.00,[sl 4700.02]
2026.05.14 09:47:56,46485197,52004579,XAUUSD,SELL_closed,0.10,4700.57000,-2.10,0.00,0.00,-2.10,
2026.05.14 09:47:56,46485198,52004577,XAUUSD,SELL_closed,0.10,4700.57000,-8.00,0.00,0.00,-8.00,
2026.05.14 09:47:56,46485200,52004576,XAUUSD,SELL_closed,0.10,4700.57000,-8.00,0.00,0.00,-8.00,
2026.05.14 09:48:00,46485206,52004589,XAUUSD,SELL_closed,0.10,4700.35000,-0.20,0.00,0.00,-0.20,[sl 4700.27]
2026.05.14 09:48:00,46485207,52004590,XAUUSD,SELL_closed,0.10,4700.35000,-0.20,0.00,0.00,-0.20,[sl 4700.28]
2026.05.14 09:48:03,46485217,52004602,XAUUSD,BUY_closed,0.10,4699.52000,-7.10,0.00,0.00,-7.10,
2026.05.14 09:48:04,46485219,52004601,XAUUSD,BUY_closed,0.10,4699.45000,-7.80,0.00,0.00,-7.80,
2026.05.14 09:48:04,46485221,52004600,XAUUSD,BUY_closed,0.10,4699.29000,-9.40,0.00,0.00,-9.40,
2026.05.14 09:48:08,46485233,52004588,XAUUSD,SELL_closed,0.10,4699.50000,8.30,0.00,0.00,8.30,[sl 4699.45]
2026.05.14 09:48:08,46485234,52004618,XAUUSD,BUY_closed,0.10,4699.31000,-2.20,0.00,0.00,-2.20,
2026.05.14 09:48:08,46485235,52004617,XAUUSD,BUY_closed,0.10,4699.33000,-2.00,0.00,0.00,-2.00,
2026.05.14 09:48:09,46485236,52004616,XAUUSD,BUY_closed,0.10,4699.42000,-1.10,0.00,0.00,-1.10,
2026.05.14 09:48:12,46485242,52004626,XAUUSD,BUY_closed,0.10,4699.60000,-0.40,0.00,0.00,-0.40,[sl 4699.71]
2026.05.14 09:48:14,46485243,52004625,XAUUSD,BUY_closed,0.10,4699.60000,-0.40,0.00,0.00,-0.40,
2026.05.14 09:48:16,46485247,52004624,XAUUSD,BUY_closed,0.10,4699.55000,-0.90,0.00,0.00,-0.90,
2026.05.14 09:48:18,46485249,52004631,XAUUSD,BUY_closed,0.10,4699.37000,-4.40,0.00,0.00,-4.40,
2026.05.14 09:48:18,46485250,52004633,XAUUSD,BUY_closed,0.10,4699.37000,-4.40,0.00,0.00,-4.40,
2026.05.14 09:48:19,46485251,52004632,XAUUSD,BUY_closed,0.10,4699.45000,-3.60,0.00,0.00,-3.60,
2026.05.14 09:48:23,46485255,52004641,XAUUSD,BUY_closed,0.10,4699.53000,-3.50,0.00,0.00,-3.50,
2026.05.14 09:48:23,46485256,52004640,XAUUSD,BUY_closed,0.10,4699.53000,-3.50,0.00,0.00,-3.50,
2026.05.14 09:48:23,46485257,52004639,XAUUSD,BUY_closed,0.10,4699.51000,-3.70,0.00,0.00,-3.70,
2026.05.14 09:48:26,46485263,52004647,XAUUSD,BUY_closed,0.10,4699.31000,-4.00,0.00,0.00,-4.00,
2026.05.14 09:48:26,46485264,52004646,XAUUSD,BUY_closed,0.10,4699.33000,-3.80,0.00,0.00,-3.80,
2026.05.14 09:48:26,46485266,52004645,XAUUSD,BUY_closed,0.10,4699.33000,-3.80,0.00,0.00,-3.80,
2026.05.14 09:48:26,46485266,52004645,XAUUSD,BUY_closed,0.10,4699.33000,-3.80,0.00,0.00,-3.80,
2026.05.14 09:48:29,46485269,52004654,XAUUSD,BUY_closed,0.10,4699.13000,-4.00,0.00,0.00,-4.00,
2026.05.14 09:48:29,46485270,52004652,XAUUSD,BUY_closed,0.10,4699.13000,-4.00,0.00,0.00,-4.00,
2026.05.14 09:48:30,46485274,52004655,XAUUSD,BUY_closed,0.10,4699.11000,-4.50,0.00,0.00,-4.50,
2026.05.14 09:48:34,46485275,52004658,XAUUSD,BUY_closed,0.10,4699.56000,2.50,0.00,0.00,2.50,[sl 4699.61]
2026.05.14 09:48:34,46485276,52004659,XAUUSD,BUY_closed,0.10,4699.56000,2.50,0.00,0.00,2.50,[sl 4699.73]
2026.05.14 09:48:34,46485276,52004659,XAUUSD,BUY_closed,0.10,4699.56000,2.50,0.00,0.00,2.50,[sl 4699.73]
2026.05.14 09:48:34,46485277,52004660,XAUUSD,BUY_closed,0.10,4699.56000,2.50,0.00,0.00,2.50,[sl 4699.70]
2026.05.14 09:48:38,46485282,52004667,XAUUSD,BUY_closed,0.10,4699.65000,-1.20,0.00,0.00,-1.20,
2026.05.14 09:48:42,46485284,52004665,XAUUSD,BUY_closed,0.10,4700.04000,2.70,0.00,0.00,2.70,[sl 4700.04]
2026.05.14 09:48:42,46485285,52004666,XAUUSD,BUY_closed,0.10,4700.04000,2.70,0.00,0.00,2.70,[sl 4700.05]
2026.05.14 09:48:45,46485296,52004675,XAUUSD,BUY_closed,0.10,4699.21000,-9.30,0.00,0.00,-9.30,
2026.05.14 09:48:45,46485297,52004674,XAUUSD,BUY_closed,0.10,4699.12000,-10.20,0.00,0.00,-10.20,
2026.05.14 09:48:45,46485299,52004673,XAUUSD,BUY_closed,0.10,4699.10000,-10.40,0.00,0.00,-10.40,
2026.05.14 09:48:49,46485304,52004689,XAUUSD,BUY_closed,0.10,4699.10000,-2.50,0.00,0.00,-2.50,
2026.05.14 09:48:49,46485305,52004688,XAUUSD,BUY_closed,0.10,4699.11000,-2.40,0.00,0.00,-2.40,
2026.05.14 09:48:49,46485306,52004687,XAUUSD,BUY_closed,0.10,4699.07000,-2.80,0.00,0.00,-2.80,
2026.05.14 09:48:52,46485312,52004696,XAUUSD,BUY_closed,0.10,4698.79000,-4.90,0.00,0.00,-4.90,
2026.05.14 09:48:52,46485314,52004695,XAUUSD,BUY_closed,0.10,4698.82000,-4.50,0.00,0.00,-4.50,
2026.05.14 09:48:52,46485315,52004694,XAUUSD,BUY_closed,0.10,4698.84000,-4.30,0.00,0.00,-4.30,
2026.05.14 09:48:59,46485326,52004705,XAUUSD,BUY_closed,0.10,4699.21000,1.80,0.00,0.00,1.80,
2026.05.14 09:49:00,46485329,52004704,XAUUSD,BUY_closed,0.10,4699.20000,1.70,0.00,0.00,1.70,
2026.05.14 09:49:01,46485338,52004703,XAUUSD,BUY_closed,0.10,4699.05000,0.20,0.00,0.00,0.20,
2026.05.14 09:49:06,46485339,52004721,XAUUSD,SELL_closed,0.10,4699.45000,-2.30,0.00,0.00,-2.30,
2026.05.14 09:49:06,46485340,52004720,XAUUSD,SELL_closed,0.10,4699.48000,-2.60,0.00,0.00,-2.60,
2026.05.14 09:49:06,46485341,52004719,XAUUSD,SELL_closed,0.10,4699.46000,-2.40,0.00,0.00,-2.40,
2026.05.14 09:49:08,46485346,52004732,XAUUSD,SELL_closed,0.10,4699.20000,0.60,0.00,0.00,0.60,[sl 4699.15]
2026.05.14 09:49:15,46485348,52004730,XAUUSD,SELL_closed,0.10,4699.17000,1.20,0.00,0.00,1.20,[sl 4699.17]
2026.05.14 09:49:15,46485349,52004731,XAUUSD,SELL_closed,0.10,4699.17000,1.20,0.00,0.00,1.20,[sl 4699.13]
2026.05.14 09:49:22,46485355,52004739,XAUUSD,SELL_closed,0.10,4698.90000,2.00,0.00,0.00,2.00,[sl 4698.90]
2026.05.14 09:49:23,46485357,52004738,XAUUSD,SELL_closed,0.10,4699.10000,0.00,0.00,0.00,0.00,[sl 4698.94]
2026.05.14 09:49:23,46485358,52004740,XAUUSD,SELL_closed,0.10,4699.10000,0.00,0.00,0.00,0.00,[sl 4698.91]
2026.05.14 09:49:27,46485367,52004747,XAUUSD,SELL_closed,0.10,4698.92000,0.00,0.00,0.00,0.00,[sl 4698.81]
2026.05.14 09:49:27,46485368,52004748,XAUUSD,SELL_closed,0.10,4698.92000,0.00,0.00,0.00,0.00,[sl 4698.81]
2026.05.14 09:49:27,46485369,52004749,XAUUSD,SELL_closed,0.10,4698.92000,0.00,0.00,0.00,0.00,[sl 4698.76]
2026.05.14 09:49:41,46485387,52004757,XAUUSD,SELL_closed,0.10,4698.49000,2.50,0.00,0.00,2.50,[sl 4698.38]
2026.05.14 09:49:41,46485400,52004758,XAUUSD,SELL_closed,0.10,4698.67000,0.70,0.00,0.00,0.70,[sl 4698.67]
2026.05.14 09:49:41,46485401,52004759,XAUUSD,SELL_closed,0.10,4698.67000,0.70,0.00,0.00,0.70,[sl 4698.67]
2026.05.14 09:49:44,46485435,52004790,XAUUSD,SELL_closed,0.10,4697.18000,13.70,0.00,0.00,13.70,[sl 4697.14]
2026.05.14 09:49:45,46485460,52004788,XAUUSD,SELL_closed,0.10,4697.29000,12.60,0.00,0.00,12.60,[sl 4697.27]
2026.05.14 09:49:45,46485466,52004789,XAUUSD,SELL_closed,0.10,4697.43000,11.20,0.00,0.00,11.20,
2026.05.14 09:49:49,46485503,52004852,XAUUSD,SELL_closed,0.10,4696.66000,5.10,0.00,0.00,5.10,[sl 4696.64]
2026.05.14 09:49:49,46485504,52004853,XAUUSD,SELL_closed,0.10,4696.66000,5.10,0.00,0.00,5.10,[sl 4696.66]
2026.05.14 09:49:50,46485509,52004851,XAUUSD,SELL_closed,0.10,4696.73000,4.40,0.00,0.00,4.40,[sl 4696.73]
2026.05.14 09:49:53,46485538,52004902,XAUUSD,SELL_closed,0.10,4696.20000,2.60,0.00,0.00,2.60,[sl 4696.18]
2026.05.14 09:49:54,46485552,52004903,XAUUSD,SELL_closed,0.10,4696.14000,3.20,0.00,0.00,3.20,[sl 4696.12]
2026.05.14 09:49:57,46485628,52004901,XAUUSD,SELL_closed,0.10,4695.29000,11.70,0.00,0.00,11.70,[sl 4695.22]
2026.05.14 09:49:57,46485629,52004955,XAUUSD,SELL_closed,0.10,4695.29000,6.30,0.00,0.00,6.30,[sl 4695.18]
2026.05.14 09:49:57,46485633,52004953,XAUUSD,SELL_closed,0.10,4695.32000,6.00,0.00,0.00,6.00,
2026.05.14 09:49:57,46485637,52004954,XAUUSD,SELL_closed,0.10,4695.38000,5.40,0.00,0.00,5.40,
2026.05.14 09:50:00,46485673,52005034,XAUUSD,SELL_closed,0.10,4695.67000,-4.40,0.00,0.00,-4.40,
2026.05.14 09:50:00,46485678,52005033,XAUUSD,SELL_closed,0.10,4695.66000,-4.30,0.00,0.00,-4.30,
2026.05.14 09:50:01,46485686,52005035,XAUUSD,SELL_closed,0.10,4695.70000,-4.70,0.00,0.00,-4.70,
2026.05.14 09:50:03,46485705,52005079,XAUUSD,SELL_closed,0.10,4696.57000,-11.00,0.00,0.00,-11.00,
2026.05.14 09:50:03,46485707,52005078,XAUUSD,SELL_closed,0.10,4696.59000,-11.20,0.00,0.00,-11.20,
2026.05.14 09:50:03,46485710,52005077,XAUUSD,SELL_closed,0.10,4696.60000,-11.30,0.00,0.00,-11.30,
2026.05.14 09:50:06,46485722,52005107,XAUUSD,SELL_closed,0.10,4697.14000,-7.90,0.00,0.00,-7.90,
2026.05.14 09:50:06,46485723,52005106,XAUUSD,SELL_closed,0.10,4697.09000,-7.40,0.00,0.00,-7.40,
2026.05.14 09:50:06,46485725,52005105,XAUUSD,SELL_closed,0.10,4697.01000,-6.60,0.00,0.00,-6.60,
2026.05.14 09:50:09,46485736,52005122,XAUUSD,SELL_closed,0.10,4697.15000,-4.20,0.00,0.00,-4.20,
2026.05.14 09:50:09,46485737,52005121,XAUUSD,SELL_closed,0.10,4697.24000,-5.10,0.00,0.00,-5.10,
2026.05.14 09:50:09,46485738,52005120,XAUUSD,SELL_closed,0.10,4697.20000,-4.70,0.00,0.00,-4.70,
2026.05.14 09:50:12,46485742,52005136,XAUUSD,SELL_closed,0.10,4697.16000,-2.10,0.00,0.00,-2.10,
2026.05.14 09:50:12,46485743,52005135,XAUUSD,SELL_closed,0.10,4697.16000,-2.10,0.00,0.00,-2.10,
2026.05.14 09:50:12,46485744,52005134,XAUUSD,SELL_closed,0.10,4697.16000,-2.10,0.00,0.00,-2.10,
2026.05.14 09:50:15,46485754,52005140,XAUUSD,SELL_closed,0.10,4697.53000,-4.00,0.00,0.00,-4.00,
2026.05.14 09:50:16,46485755,52005142,XAUUSD,SELL_closed,0.10,4697.48000,-3.50,0.00,0.00,-3.50,
2026.05.14 09:50:16,46485756,52005141,XAUUSD,SELL_closed,0.10,4697.49000,-3.60,0.00,0.00,-3.60,
2026.05.14 09:50:25,46485765,52005155,XAUUSD,SELL_closed,0.10,4697.54000,-2.90,0.00,0.00,-2.90,
2026.05.14 09:50:25,46485767,52005154,XAUUSD,SELL_closed,0.10,4697.56000,-3.10,0.00,0.00,-3.10,
2026.05.14 09:50:25,46485770,52005153,XAUUSD,SELL_closed,0.10,4697.57000,-3.20,0.00,0.00,-3.20,
2026.05.14 09:50:28,46485783,52005168,XAUUSD,SELL_closed,0.10,4697.74000,-3.90,0.00,0.00,-3.90,
2026.05.14 09:50:28,46485785,52005167,XAUUSD,SELL_closed,0.10,4697.75000,-4.00,0.00,0.00,-4.00,
2026.05.14 09:50:29,46485802,52005169,XAUUSD,SELL_closed,0.10,4697.68000,-2.70,0.00,0.00,-2.70,
2026.05.14 09:50:35,46485804,52005184,XAUUSD,SELL_closed,0.10,4697.77000,-2.50,0.00,0.00,-2.50,
2026.05.14 09:50:35,46485805,52005183,XAUUSD,SELL_closed,0.10,4697.77000,-2.50,0.00,0.00,-2.50,
2026.05.18 11:50:50,46986179,52523411,XAUUSD,BUY_closed,0.02,4554.66000,5.36,0.00,0.00,5.36,[tp 4554.66]
2026.05.18 17:21:47,47063958,52604818,XAUUSD,BUY_closed,0.02,4557.37000,-19.46,0.00,0.00,-19.46,[sl 4557.62]
2026.05.18 20:49:39,47097797,52642755,XAUUSD,BUY_closed,0.02,4546.97000,-0.98,0.00,0.00,-0.98,[sl 4547.03]
2026.05.18 20:52:07,47097983,52643084,XAUUSD,SELL_closed,0.02,4548.46000,-1.80,0.00,0.00,-1.80,[sl 4548.46]
2026.05.18 21:59:00,47103954,52646884,XAUUSD,BUY_closed,0.02,4534.46000,-15.50,0.00,0.00,-15.50,[sl 4534.69]
2026.05.19 01:01:00,47119442,52664076,XAUUSD,BUY_closed,0.02,4569.21000,8.70,0.00,-1.47,7.23,[tp 4566.65]
2026.05.19 01:39:01,47122648,52667463,XAUUSD,BUY_closed,0.02,4574.83000,3.26,0.00,0.00,3.26,[tp 4574.82]
2026.05.19 02:50:53,47129216,52679404,XAUUSD,BUY_closed,0.02,4582.67000,-1.88,0.00,0.00,-1.88,[sl 4582.88]
2026.05.19 02:56:01,47129772,52679883,XAUUSD,BUY_closed,0.02,4582.06000,-1.30,0.00,0.00,-1.30,[sl 4582.12]
2026.05.19 02:57:08,47129952,52677385,XAUUSD,BUY_closed,0.02,4580.76000,-11.16,0.00,0.00,-11.16,[sl 4580.78]
2026.05.19 03:15:37,47134953,52686459,XAUUSD,BUY_closed,0.02,4574.78000,-19.22,0.00,0.00,-19.22,[sl 4574.94]
2026.05.19 03:25:50,47137690,52689872,XAUUSD,BUY_closed,0.02,4572.78000,-15.12,0.00,0.00,-15.12,[sl 4572.78]
2026.05.19 10:09:13,47209436,52799627,XAUUSD,BUY_closed,0.02,4553.94000,6.96,0.00,0.00,6.96,[tp 4553.92]
2026.05.19 10:55:44,47217445,52812253,XAUUSD,BUY_closed,0.02,4555.71000,8.72,0.00,0.00,8.72,[tp 4555.27]
2026.05.19 11:23:22,47223289,52818288,XAUUSD,BUY_closed,0.02,4540.55000,-11.96,0.00,0.00,-11.96,[sl 4540.59]
2026.05.19 15:10:07,47256462,52853324,XAUUSD,BUY_closed,0.02,4543.16000,1.86,0.00,0.00,1.86,[tp 4543.15]
2026.05.19 19:26:15,47325066,52921052,XAUUSD,BUY_closed,0.02,4510.60000,19.02,0.00,0.00,19.02,[tp 4510.28]
2026.05.19 20:46:07,47331689,52928741,XAUUSD,BUY_closed,0.02,4501.46000,-11.48,0.00,0.00,-11.48,[sl 4501.62]
2026.05.19 20:46:50,47331868,52928291,XAUUSD,SELL_closed,0.02,4501.54000,12.06,0.00,0.00,12.06,[tp 4501.57]
2026.05.19 20:59:11,47332538,52930139,XAUUSD,SELL_closed,0.02,4501.31000,-1.16,0.00,0.00,-1.16,[sl 4501.31]
2026.05.19 21:26:00,47334154,52931851,XAUUSD,SELL_closed,0.02,4499.61000,-0.74,0.00,0.00,-0.74,[sl 4499.47]
2026.05.19 22:10:25,47337358,52935174,XAUUSD,SELL_closed,0.02,4496.36000,-1.78,0.00,0.00,-1.78,[sl 4496.36]
2026.05.19 22:22:05,47338597,52935430,XAUUSD,SELL_closed,0.02,4490.89000,12.06,0.00,0.00,12.06,[tp 4490.92]
2026.05.20 03:25:41,47359299,52954523,XAUUSD,BUY_closed,0.02,4496.47000,15.18,0.00,0.00,15.18,[tp 4496.44]
2026.05.20 03:25:41,47359300,52957598,XAUUSD,BUY_closed,0.02,4496.47000,8.68,0.00,0.00,8.68,[tp 4496.44]
2026.05.20 09:51:40,47443804,53040954,XAUUSD,BUY_closed,0.02,4478.37000,22.74,0.00,0.00,22.74,[tp 4478.32]
2026.05.20 11:24:13,47465011,53057815,XAUUSD,BUY_closed,0.02,4485.99000,13.54,0.00,0.00,13.54,[tp 4485.91]
2026.05.20 11:24:13,47465012,53059475,XAUUSD,BUY_closed,0.02,4485.99000,9.16,0.00,0.00,9.16,[tp 4485.91]
2026.05.20 11:29:58,47465807,53065071,XAUUSD,BUY_closed,0.02,4486.09000,3.12,0.00,0.00,3.12,[tp 4485.91]
2026.05.20 14:26:35,47492678,53089886,XAUUSD,BUY_closed,0.03,4496.99000,6.51,0.00,0.00,6.51,[tp 4496.95]
2026.05.20 15:30:04,47501548,53097372,XAUUSD,BUY_closed,0.03,4501.08000,8.25,0.00,0.00,8.25,[tp 4501.05]
2026.05.20 20:13:41,47566734,53165826,XAUUSD,BUY_closed,0.03,4537.87000,11.31,0.00,0.00,11.31,[tp 4537.87]
2026.05.20 21:55:37,47575455,53176463,XAUUSD,BUY_closed,0.03,4543.93000,11.97,0.00,0.00,11.97,[tp 4543.51]
2026.05.21 04:00:51,47602272,53202414,XAUUSD,BUY_closed,0.03,4540.00000,-13.62,0.00,0.00,-13.62,[sl 4540.02]
2026.05.21 04:10:37,47605951,53207654,XAUUSD,BUY_closed,0.03,4555.62000,17.43,0.00,0.00,17.43,[tp 4553.27]
2026.05.21 05:07:51,47616986,53218829,XAUUSD,BUY_closed,0.01,4556.62000,-2.60,0.00,0.00,-2.60,[sl 4556.70]
2026.05.21 05:10:14,47617389,53219355,XAUUSD,BUY_closed,0.01,4555.16000,-0.92,0.00,0.00,-0.92,[sl 4555.24]
2026.05.21 12:45:55,435913740,454289263,XAUUSD,BUY_closed,0.01,4528.30000,-4.73,-0.03,0.00,-4.76,[sl 4528.18]
2026.05.21 13:24:59,435933364,454355860,XAUUSD,SELL_closed,0.03,4534.68000,-3.66,-0.10,0.00,-3.76,[sl 4534.56]
2026.05.21 13:26:33,435942326,454363125,XAUUSD,SELL_closed,0.03,4519.98000,11.52,-0.09,0.00,11.43,[tp 4520.09]
2026.05.21 22:34:35,436562442,455003598,XAUUSD,SELL_closed,0.03,4540.68000,-4.56,-0.10,0.00,-4.66,[sl 4540.38]
2026.05.22 01:05:18,436589167,454989663,XAUUSD,BUY_closed,0.09,4543.20000,64.62,-0.29,-7.49,56.84,
2026.05.22 01:05:19,436589168,454984851,XAUUSD,BUY_closed,0.09,4543.22000,100.53,-0.29,-7.49,92.75,
2026.05.22 02:00:03,436600460,455043679,XAUUSD,BUY_closed,0.09,4544.79000,6.03,-0.29,0.00,5.74,[tp 4544.72]
2026.05.22 08:17:32,436763345,455206194,XAUUSD,BUY_closed,0.09,4523.32000,-54.00,-0.28,0.00,-54.28,[sl 4523.35]
2026.05.22 11:20:24,436885041,455341470,XAUUSD,BUY_closed,0.09,4530.29000,16.65,-0.29,0.00,16.36,[tp 4529.82]
2026.05.22 19:25:40,437355092,455814005,XAUUSD,BUY_closed,0.09,4522.68000,19.98,-0.28,0.00,19.70,[tp 4522.17]
2026.05.22 20:10:43,437389656,455856316,XAUUSD,BUY_closed,0.04,4520.18000,23.68,-0.13,0.00,23.55,
2026.05.22 20:19:59,437395363,455856316,XAUUSD,BUY_closed,0.05,4514.66000,2.00,-0.16,0.00,1.84,[sl 4514.56]
2026.05.22 22:49:28,437480680,455938313,XAUUSD,SELL_closed,0.02,4507.60000,1.50,-0.06,0.00,1.44,
2026.05.25 02:16:41,437707020,456197200,XAUUSD,BUY_closed,0.02,4575.23000,-0.02,-0.06,0.00,-0.08,[sl 4575.25]
2026.05.25 02:19:05,437708206,456200064,XAUUSD,BUY_closed,0.02,4573.49000,-7.74,-0.06,0.00,-7.80,[sl 4573.60]
2026.05.25 02:25:57,437710104,456203362,XAUUSD,BUY_closed,0.02,4574.41000,-6.28,-0.06,0.00,-6.34,[sl 4574.41]
2026.05.25 03:58:44,437760706,456244343,XAUUSD,BUY_closed,0.09,4567.69000,-64.53,-0.29,0.00,-64.82,[sl 4567.83]
2026.05.25 04:23:51,437776483,456270346,XAUUSD,SELL_closed,0.02,4572.92000,-18.48,-0.06,0.00,-18.54,[sl 4572.84]
2026.05.25 07:22:11,437842320,456350798,XAUUSD,BUY_closed,0.02,4562.64000,0.70,-0.06,0.00,0.64,[sl 4562.73]
2026.05.25 08:12:48,437858444,456365576,XAUUSD,BUY_closed,0.02,4563.22000,-4.32,-0.06,0.00,-4.38,[sl 4563.22]
2026.05.25 08:22:16,437862378,456366492,XAUUSD,BUY_closed,0.06,4558.01000,-47.34,-0.19,0.00,-47.53,[sl 4557.99]
2026.05.25 08:31:20,437868035,456376611,XAUUSD,SELL_closed,0.02,4555.02000,-0.12,-0.06,0.00,-0.18,[sl 4555.00]
2026.05.25 10:14:25,437918948,456425107,XAUUSD,BUY_closed,0.02,4561.05000,-7.02,-0.06,0.00,-7.08,[sl 4561.04]
2026.05.25 10:32:51,437937579,456442555,XAUUSD,SELL_closed,0.02,4558.81000,-11.94,-0.06,0.00,-12.00,[sl 4557.88]
2026.05.25 11:03:02,437958711,456463878,XAUUSD,BUY_closed,0.02,4562.64000,1.58,-0.06,0.00,1.52,[sl 4562.66]
2026.05.26 08:24:03,438584894,457131764,XAUUSD,SELL_closed,0.03,4531.45000,-7.02,-0.10,0.00,-7.12,[sl 4531.31]
2026.05.26 08:27:16,438585632,457132938,XAUUSD,SELL_closed,0.03,4531.01000,-4.35,-0.10,0.00,-4.45,[sl 4531.01]
2026.05.26 08:28:09,438585896,457133807,XAUUSD,SELL_closed,0.03,4530.92000,-3.69,-0.10,0.00,-3.79,[sl 4530.73]
2026.05.26 11:26:10,438711259,457245893,XAUUSD,BUY_closed,0.06,4525.19000,-81.24,-0.19,0.00,-81.43,[sl 4525.45]
2026.05.26 10:50:08,270822317,278893874,XAUUSDm,BUY_closed,0.09,4538.79300,9.11,0.00,0.00,9.11,[tp 4538.79300]
2026.05.26 14:18:53,438842564,457392789,XAUUSD,BUY_closed,0.09,4530.64000,-55.17,-0.29,0.00,-55.46,[sl 4530.82]
2026.05.26 11:18:53,270847835,278910296,XAUUSDm,BUY_closed,0.09,4530.69500,-48.80,0.00,0.00,-48.80,[sl 4530.69500]
2026.05.26 17:13:10,439055183,457608690,XAUUSD,BUY_closed,0.09,4509.25000,-76.41,-0.28,0.00,-76.69,[sl 4509.12]
2026.05.26 22:22:02,271445428,279522636,XAUUSDm,BUY_closed,0.01,4509.56300,1.30,0.00,0.00,1.30,
2026.05.26 22:33:00,271450943,279527282,XAUUSDm,SELL_closed,0.01,4503.28000,0.92,0.00,0.00,0.92,
2026.05.26 22:33:06,271451112,279528836,XAUUSDm,SELL_closed,0.02,4502.75200,0.57,0.00,0.00,0.57,
2026.05.26 22:33:13,271451341,279523697,XAUUSDm,BUY_closed,0.01,4501.88400,-8.02,0.00,0.00,-8.02,
2026.05.26 22:33:59,271452016,279529524,XAUUSDm,SELL_closed,0.01,4501.91100,0.03,0.00,0.00,0.03,
2026.05.26 22:35:02,271452770,279530137,XAUUSDm,SELL_closed,0.01,4500.89500,0.62,0.00,0.00,0.62,
2026.05.26 22:52:50,271463214,279540266,XAUUSDm,BUY_closed,0.01,4505.25600,1.12,0.00,0.00,1.12,
2026.05.26 22:56:41,271465687,279541800,XAUUSDm,BUY_closed,0.01,4508.94800,1.99,0.00,0.00,1.99,
2026.05.26 22:56:47,271466137,279543235,XAUUSDm,BUY_closed,0.05,4509.61400,1.93,0.00,0.00,1.93,
2026.05.26 22:58:36,271467802,279544305,XAUUSDm,BUY_closed,0.01,4511.72600,0.66,0.00,0.00,0.66,
2026.05.26 23:00:28,271469197,279545184,XAUUSDm,BUY_closed,0.05,4512.81100,4.29,0.00,0.00,4.29,
2026.05.26 23:12:29,271475985,279553062,XAUUSDm,SELL_closed,0.01,4508.27000,0.36,0.00,0.00,0.36,
2026.05.26 23:22:09,271480514,279531624,XAUUSDm,SELL_closed,0.01,4506.02100,-7.59,0.00,0.00,-7.59,
2026.05.26 23:34:03,271487090,279562101,XAUUSDm,BUY_closed,0.01,4513.69300,1.46,0.00,0.00,1.46,[tp 4513.69300]
2026.05.26 23:34:23,271487689,279546930,XAUUSDm,BUY_closed,0.05,4515.70800,10.89,0.00,0.00,10.89,
2026.05.27 00:37:01,271525846,279601960,XAUUSDm,BUY_closed,0.01,4520.26100,0.09,0.00,0.00,0.09,,0,Human
2026.05.27 00:45:47,271528398,279604376,XAUUSDm,BUY_closed,0.01,4520.87000,1.52,0.00,0.00,1.52,,0,Human
2026.05.27 01:10:52,271538716,279607634,XAUUSDm,BUY_closed,0.01,4519.34200,0.63,0.00,0.00,0.63,,0,Human
2026.05.27 01:38:46,271548330,279616213,XAUUSDm,BUY_closed,0.01,4512.56300,-7.34,0.00,0.00,-7.34,[sl 4512.56300],88004,S1
2026.05.27 01:46:15,271552747,279599569,XAUUSDm,BUY_closed,0.01,4508.82100,-9.56,0.00,0.00,-9.56,[sl 4508.82100],88003,S3
2026.05.27 01:46:54,271553345,279614128,XAUUSDm,BUY_closed,0.01,4507.75700,-9.17,0.00,0.00,-9.17,[sl 4507.75700],88003,S3
2026.05.27 02:16:31,271566228,279638215,XAUUSDm,SELL_closed,0.01,4502.05600,0.31,0.00,0.00,0.31,,0,Human
2026.05.27 02:17:25,271567368,279642043,XAUUSDm,SELL_closed,0.01,4499.48000,1.74,0.00,0.00,1.74,,0,Human
2026.05.27 02:19:45,271569071,279643046,XAUUSDm,SELL_closed,0.01,4500.03400,0.20,0.00,0.00,0.20,,0,Human
2026.05.27 02:44:12,271578604,279651904,XAUUSDm,SELL_closed,0.01,4498.96800,1.33,0.00,0.00,1.33,[tp 4498.96800],88003,S3
2026.05.27 02:46:07,271579307,279651905,XAUUSDm,SELL_closed,0.01,4498.35700,1.94,0.00,0.00,1.94,[tp 4498.35700],88007,S4
2026.05.27 03:55:17,271606280,279676822,XAUUSDm,SELL_closed,0.01,4501.03500,2.00,0.00,0.00,2.00,[tp 4501.03500],88007,S4
2026.05.27 06:18:45,271695001,279738304,XAUUSDm,SELL_closed,0.01,4489.32700,7.56,0.00,0.00,7.56,[tp 4489.32700],88004,S1
2026.05.27 06:31:23,271710520,279772822,XAUUSDm,SELL_closed,0.01,4481.96500,7.42,0.00,0.00,7.42,[tp 4481.96500],88004,S1
2026.05.27 13:00:04,272109135,280174497,XAUUSDm,SELL_closed,0.01,4436.66800,1.61,0.00,0.00,1.61,[tp 4436.66800],88007,S4
2026.05.27 13:25:25,272161006,280214194,XAUUSDm,SELL_closed,0.01,4418.76800,-8.76,0.00,0.00,-8.76,[sl 4418.76800],88004,S1
2026.05.27 14:00:00,272217547,280279561,XAUUSDm,SELL_closed,0.01,4429.34500,-2.79,0.00,0.00,-2.79,[sl 4428.39600],88006,NSND
2026.05.27 14:01:09,272218902,280281265,XAUUSDm,SELL_closed,0.01,4428.44200,0.30,0.00,0.00,0.30,[sl 4428.442],88006,NSND
2026.05.27 14:03:59,272222149,280271952,XAUUSDm,BUY_closed,0.01,4434.25800,3.05,0.00,0.00,3.05,[tp 4434.25800],88004,S1
2026.05.27 14:04:29,272223053,280282604,XAUUSDm,BUY_closed,0.01,4435.88500,2.59,0.00,0.00,2.59,[tp 4435.88500],88004,S1
2026.05.27 14:12:20,272237690,280296558,XAUUSDm,BUY_closed,0.01,4448.31800,3.40,0.00,0.00,3.40,[tp 4448.31800],88003,S3
2026.05.27 14:20:07,272248358,280307289,XAUUSDm,BUY_closed,0.01,4452.32500,2.82,0.00,0.00,2.82,[tp 4452.32500],88004,S1
2026.05.27 14:26:04,272257145,280307290,XAUUSDm,BUY_closed,0.01,4441.65600,-7.85,0.00,0.00,-7.85,[sl 4441.65600],88003,S3
2026.05.27 14:33:17,272266378,280302352,XAUUSDm,BUY_closed,0.01,4438.18300,-15.69,0.00,0.00,-15.69,[sl 4438.96100],88004,S1
2026.05.27 14:33:17,272266536,280324712,XAUUSDm,BUY_closed,0.01,4436.73400,-10.65,0.00,0.00,-10.65,[sl 4440.83000],88004,S1
2026.05.27 14:33:17,272266559,280324711,XAUUSDm,BUY_closed,0.01,4436.64300,-10.74,0.00,0.00,-10.74,[sl 4439.654],88003,S3
2026.05.27 14:48:17,272278975,280322281,XAUUSDm,BUY_closed,0.01,4443.90800,-0.27,0.00,0.00,-0.27,,88003,S3
2026.05.27 16:01:18,272332890,280389062,XAUUSDm,SELL_closed,0.01,4440.18500,-6.04,0.00,0.00,-6.04,[sl 4440.18500],88003,S3
2026.05.27 16:20:55,272343578,280402742,XAUUSDm,BUY_closed,0.01,4442.64500,-0.09,0.00,0.00,-0.09,,0,Human
2026.05.27 16:32:45,272351513,280410186,XAUUSDm,BUY_closed,0.01,4448.55900,0.30,0.00,0.00,0.30,[sl 4448.559],88004,S1
2026.05.27 17:05:37,272368411,280424205,XAUUSDm,BUY_closed,0.01,4451.19900,0.14,0.00,0.00,0.14,,88003,S3
2026.05.27 17:09:42,272372401,280431051,XAUUSDm,SELL_closed,0.01,4444.48700,0.45,0.00,0.00,0.45,,88004,S1
2026.05.27 17:25:28,272382546,280439090,XAUUSDm,SELL_closed,0.01,4445.92500,0.06,0.00,0.00,0.06,,88004,S1
2026.05.27 17:35:43,272388834,280446903,XAUUSDm,BUY_closed,0.01,4454.24800,2.00,0.00,0.00,2.00,[tp 4454.24800],88007,S4
2026.05.27 17:52:20,272395901,280454075,XAUUSDm,BUY_closed,0.01,4452.40500,0.20,0.00,0.00,0.20,,88004,S1
2026.05.27 18:00:04,272399874,280458211,XAUUSDm,SELL_closed,0.01,4450.30100,-0.12,0.00,0.00,-0.12,[sl 4450.181],88004,S1
2026.05.27 18:04:39,272402152,280460374,XAUUSDm,SELL_closed,0.01,4450.33600,0.46,0.00,0.00,0.46,,88004,S1
2026.05.27 18:17:52,272408680,280465519,XAUUSDm,BUY_closed,0.01,4452.43300,2.00,0.00,0.00,2.00,[tp 4452.43300],88007,S4
2026.05.27 18:20:12,272409967,280455714,XAUUSDm,BUY_closed,0.01,4454.99700,2.00,0.00,0.00,2.00,[tp 4454.99700],88007,S4
2026.05.27 19:19:29,272433411,280471648,XAUUSDm,BUY_closed,0.01,4449.86300,-6.38,0.00,0.00,-6.38,[sl 4449.86300],88003,S3
2026.05.27 20:15:15,272450563,280508517,XAUUSDm,BUY_closed,0.01,4456.65200,1.33,0.00,0.00,1.33,,88004,S1
2026.05.27 22:06:17,272471370,280535139,XAUUSDm,BUY_closed,0.01,4459.73300,0.35,0.00,0.00,0.35,,88003,S3
2026.05.27 22:23:25,272478457,280538233,XAUUSDm,BUY_closed,0.01,4460.71700,0.60,0.00,0.00,0.60,,88003,S3
2026.05.27 22:23:28,272478480,280542268,XAUUSDm,BUY_closed,0.01,4460.14400,0.39,0.00,0.00,0.39,,0,Human
2026.05.27 22:24:16,272478884,280542633,XAUUSDm,BUY_closed,0.01,4461.67700,0.85,0.00,0.00,0.85,,88004,S1
2026.05.27 22:27:28,272479882,280542844,XAUUSDm,BUY_closed,0.01,4461.59500,-0.10,0.00,0.00,-0.10,,0,Human
2026.05.27 22:37:02,272484352,280548111,XAUUSDm,BUY_closed,0.01,4460.42900,0.51,0.00,0.00,0.51,,0,Human
2026.05.27 22:37:21,272484487,280547933,XAUUSDm,BUY_closed,0.01,4460.32600,-0.44,0.00,0.00,-0.44,[sl 4460.77000],88004,S1
2026.05.27 22:50:45,272488794,280552508,XAUUSDm,SELL_closed,0.01,4456.10000,0.55,0.00,0.00,0.55,,88004,S1
2026.05.27 23:07:15,272492418,280554956,XAUUSDm,SELL_closed,0.01,4455.92200,0.11,0.00,0.00,0.11,,88003,S3
2026.05.27 23:07:38,272492737,280549216,XAUUSDm,BUY_closed,0.01,4454.13900,-7.66,0.00,0.00,-7.66,[sl 4454.13900],88007,S4
2026.05.27 23:08:04,272493395,280557155,XAUUSDm,SELL_closed,0.01,4453.27300,0.03,0.00,0.00,0.03,,88004,S1
2026.05.27 23:08:04,272493402,280549348,XAUUSDm,BUY_closed,0.01,4453.11700,-9.58,0.00,0.00,-9.58,,0,Human
2026.05.27 23:22:23,272499159,280562763,XAUUSDm,SELL_closed,0.01,4450.73800,-0.01,0.00,0.00,-0.01,[sl 4450.729],88004,S1
2026.05.27 23:27:27,272501178,280564739,XAUUSDm,SELL_closed,0.01,4449.78300,0.36,0.00,0.00,0.36,,88004,S1
2026.05.27 23:30:11,272501854,280565108,XAUUSDm,SELL_closed,0.01,4450.21200,-0.15,0.00,0.00,-0.15,[sl 4450.058],88003,S3
2026.05.27 23:35:16,272502949,280566668,XAUUSDm,SELL_closed,0.01,4450.66200,-0.28,0.00,0.00,-0.28,[sl 4450.38100],88003,S3
2026.05.27 23:46:42,272507405,280570670,XAUUSDm,SELL_closed,0.01,4448.34600,-0.05,0.00,0.00,-0.05,[sl 4448.29800],88004,S1
2026.05.27 23:51:11,272509349,280572761,XAUUSDm,SELL_closed,0.01,4447.55800,0.63,0.00,0.00,0.63,,88003,S3
2026.05.27 23:52:02,272510457,280573698,XAUUSDm,SELL_closed,0.01,4445.50600,-1.12,0.00,0.00,-1.12,,88004,S1
2026.05.28 00:18:52,272522908,280584230,XAUUSDm,SELL_closed,0.01,4452.21600,-7.50,0.00,0.00,-7.50,[sl 4452.216],88007,S4
2026.05.28 00:59:56,272538822,280601636,XAUUSDm,BUY_closed,0.01,4457.26100,0.71,0.00,0.00,0.71,,0,Human
2026.05.28 01:17:17,272551301,280601938,XAUUSDm,BUY_closed,0.01,4433.35600,-25.72,0.00,0.00,-25.72,,0,Human
2026.05.28 02:45:49,272607621,280667383,XAUUSDm,SELL_closed,0.01,4400.27900,2.00,0.00,0.00,2.00,[tp 4400.27900],88007,S4
2026.05.28 03:36:00,272646173,280703592,XAUUSDm,SELL_closed,0.01,4377.98800,1.76,0.00,0.00,1.76,[tp 4377.98800],88007,S4
2026.05.28 06:33:12,272758439,280814439,XAUUSDm,BUY_closed,0.01,4383.33500,0.00,0.00,0.00,0.00,[sl 4383.335],88004,S1
2026.05.28 07:09:46,272777525,280832567,XAUUSDm,BUY_closed,0.01,4392.04800,0.87,0.00,0.00,0.87,,88004,S1
2026.05.28 07:18:07,272782518,280838048,XAUUSDm,BUY_closed,0.01,4390.38100,0.05,0.00,0.00,0.05,,88004,S1
2026.05.28 07:18:07,272782519,280838049,XAUUSDm,BUY_closed,0.01,4390.38100,0.05,0.00,0.00,0.05,,88003,S3
2026.05.28 07:20:49,272785488,280840274,XAUUSDm,BUY_closed,0.01,4394.37000,-0.07,0.00,0.00,-0.07,[sl 4394.44200],88004,S1
2026.05.28 07:52:09,272806005,280850644,XAUUSDm,BUY_closed,0.01,4384.24500,-8.59,0.00,0.00,-8.59,[sl 4384.24500],88003,S3
2026.05.28 08:00:36,272812198,280862634,XAUUSDm,SELL_closed,0.01,4390.20100,-6.86,0.00,0.00,-6.86,[sl 4390.20100],88004,S1
2026.05.28 08:10:10,272821234,280876311,XAUUSDm,BUY_closed,0.01,4394.47800,0.77,0.00,0.00,0.77,,88004,S1
2026.05.28 08:33:30,272835787,280876312,XAUUSDm,BUY_closed,0.01,4386.32600,-7.38,0.00,0.00,-7.38,[sl 4386.32600],88007,S4
2026.05.28 08:56:46,272847054,280899046,XAUUSDm,SELL_closed,0.01,4387.50200,0.53,0.00,0.00,0.53,,88004,S1
2026.05.28 09:04:35,272851706,280908112,XAUUSDm,SELL_closed,0.01,4388.77800,0.30,0.00,0.00,0.30,,88004,S1
2026.05.28 09:21:11,272860123,280914459,XAUUSDm,SELL_closed,0.01,4395.20600,-6.40,0.00,0.00,-6.40,[sl 4395.20600],88003,S3
2026.05.28 15:11:07,273302799,281360538,XAUUSDm,BUY_closed,0.01,4473.28900,0.66,0.00,0.00,0.66,,0,Human
2026.05.28 15:20:15,273310159,281367713,XAUUSDm,BUY_closed,0.01,4473.60900,0.56,0.00,0.00,0.56,,0,Human
2026.05.28 15:31:43,273322399,281379370,XAUUSDm,BUY_closed,0.01,4480.41800,0.29,0.00,0.00,0.29,,0,Human
2026.05.28 19:05:26,441178896,459820584,XAUUSD,BUY_closed,0.01,4481.61000,0.75,-0.03,0.00,0.72,,88003,S3
2026.05.28 19:15:06,441185177,459822977,XAUUSD,BUY_closed,0.01,4485.00000,-0.09,-0.03,0.00,-0.12,,88004,S1
2026.05.28 19:42:15,441215870,459845482,XAUUSD,BUY_closed,0.01,4505.58000,2.81,-0.03,0.00,2.78,,88004,S1
2026.05.28 19:45:04,441218473,459861101,XAUUSD,BUY_closed,0.01,4505.26000,0.46,-0.03,0.00,0.43,,88004,S1
2026.05.28 19:45:20,441218811,459861106,XAUUSD,BUY_closed,0.01,4506.85000,2.05,-0.03,0.00,2.02,[tp 4506.62],88007,S4
2026.05.28 19:51:08,441223226,459865963,XAUUSD,BUY_closed,0.01,4508.49000,-0.10,-0.03,0.00,-0.13,,88004,S1
2026.05.28 19:55:15,441225173,459867904,XAUUSD,BUY_closed,0.01,4508.35000,-0.08,-0.03,0.00,-0.11,,88004,S1
2026.05.28 19:56:26,441225856,459868340,XAUUSD,BUY_closed,0.01,4509.93000,0.78,-0.03,0.00,0.75,,88004,S1
2026.05.28 20:09:30,441235986,459877902,XAUUSD,BUY_closed,0.01,4509.10000,1.03,-0.03,0.00,1.00,,88003,S3
2026.05.28 17:13:35,273430722,281487333,XAUUSDm,SELL_closed,0.01,4508.88200,0.01,0.00,0.00,0.01,,0,Human
2026.05.28 17:14:29,273431171,281487671,XAUUSDm,SELL_closed,0.01,4506.80800,1.08,0.00,0.00,1.08,,0,Human
2026.05.28 20:20:24,441242247,459882310,XAUUSD,SELL_closed,0.01,4503.63000,0.17,-0.03,0.00,0.14,,88004,S1
2026.05.28 20:45:56,441253272,459890546,XAUUSD,SELL_closed,0.01,4508.05000,-5.44,-0.03,0.00,-5.47,[sl 4507.87],88004,S1
2026.05.28 21:00:34,441259905,459899406,XAUUSD,BUY_closed,0.01,4510.63000,1.82,-0.03,0.00,1.79,[tp 4510.81],88007,S4
2026.05.28 21:02:46,441262044,459904412,XAUUSD,BUY_closed,0.01,4513.96000,2.91,-0.03,0.00,2.88,,88004,S1
2026.05.28 21:30:22,441275987,459914751,XAUUSD,BUY_closed,0.01,4503.97000,-8.49,-0.03,0.00,-8.52,[sl 4504.19],88004,S1
2026.05.28 21:32:17,441277246,459914752,XAUUSD,BUY_closed,0.01,4502.81000,-9.65,-0.03,0.00,-9.68,[sl 4502.98],88003,S3
2026.05.28 21:32:21,441277366,459920941,XAUUSD,SELL_closed,0.01,4503.24000,0.62,-0.03,0.00,0.59,,88004,S1
2026.05.28 21:59:27,441290620,459934897,XAUUSD,SELL_closed,0.01,4501.18000,0.79,-0.03,0.00,0.76,,88003,S3
2026.05.28 22:30:00,441302323,459943552,XAUUSD,SELL_closed,0.01,4500.88000,-0.53,-0.03,0.00,-0.56,[sl 4500.35],88003,S3
2026.05.28 22:59:29,273569129,281623683,XAUUSDm,SELL_closed,0.01,4491.81400,2.14,0.00,0.00,2.14,[tp 4491.81400],88003,S3
2026.05.28 23:40:46,273581727,281636498,XAUUSDm,SELL_closed,0.01,4490.76600,3.82,0.00,0.00,3.82,[tp 4490.76600],88003,S3
2026.05.29 05:30:14,273707731,281755801,XAUUSDm,BUY_closed,0.01,4508.39700,-6.00,0.00,0.00,-6.00,[sl 4508.39700],88007,S4
2026.05.29 06:40:54,273750061,281797317,XAUUSDm,BUY_closed,0.01,4512.60300,-5.86,0.00,0.00,-5.86,[sl 4512.60300],88007,S4
2026.05.29 07:44:53,273794273,281797318,XAUUSDm,BUY_closed,0.01,4526.04800,7.53,0.00,0.00,7.53,[tp 4526.04800],88004,S1
2026.05.29 07:49:58,273797061,281778860,XAUUSDm,BUY_closed,0.01,4524.35400,9.26,0.00,0.00,9.26,,88007,S4
2026.05.29 09:30:17,273868286,281929230,XAUUSDm,BUY_closed,0.01,4530.31300,1.01,0.00,0.00,1.01,[tp 4530.31300],88003,S3
2026.05.29 11:09:11,273947130,282004644,XAUUSDm,BUY_closed,0.01,4533.21900,-5.51,0.00,0.00,-5.51,[sl 4533.21900],88003,S3
2026.05.29 11:09:39,273947683,281982195,XAUUSDm,BUY_closed,0.01,4533.01000,-6.07,0.00,0.00,-6.07,[sl 4533.01000],88007,S4
2026.05.29 14:33:03,274172821,282248686,XAUUSDm,BUY_closed,0.01,4531.44200,1.53,0.00,0.00,1.53,,0,Human
2026.05.29 14:50:09,274193790,282252436,XAUUSDm,BUY_closed,0.01,4539.95900,3.55,0.00,0.00,3.55,,88004,S1
2026.05.29 17:43:41,274386427,282457515,XAUUSDm,SELL_closed,0.01,4553.78500,7.50,0.00,0.00,7.50,[tp 4553.78500],88004,S1
2026.05.29 18:24:01,274404264,282486103,XAUUSDm,SELL_closed,0.01,4558.90500,-0.61,0.00,0.00,-0.61,[sl 4558.888],88006,NSND
2026.05.29 18:25:12,274404454,282486310,XAUUSDm,SELL_closed,0.01,4559.00500,-0.57,0.00,0.00,-0.57,[sl 4559.00500],88006,NSND
2026.05.29 18:27:19,274405211,282487220,XAUUSDm,SELL_closed,0.01,4560.32300,-0.47,0.00,0.00,-0.47,[sl 4560.32300],88006,NSND
2026.05.29 18:58:03,274418614,282503855,XAUUSDm,BUY_closed,0.01,4554.40500,-0.77,0.00,0.00,-0.77,[sl 4554.468],88006,NSND
2026.05.29 20:56:40,274460262,282548362,XAUUSDm,SELL_closed,0.01,4540.99500,1.29,0.00,0.00,1.29,,88007,S4
2026.05.30 22:45:13,274546533,282645632,BTCUSDm,SELL_closed,0.01,73713.19000,-0.04,0.00,0.00,-0.04,,0,Human
2026.05.31 22:46:15,274666302,282764108,XAUUSDm,SELL_closed,0.01,4537.98900,-6.23,0.00,0.00,-6.23,[sl 4537.98900],88007,S4
2026.05.31 22:58:38,274674745,282777731,XAUUSDm,SELL_closed,0.01,4537.91800,-0.90,0.00,0.00,-0.90,[sl 4537.86500],88006,NSND
2026.06.01 18:50:57,275827473,283929742,XAUUSDm,BUY_closed,0.01,4487.60200,-1.75,0.00,0.00,-1.75,,88011,Feb11_MED
2026.06.01 19:03:32,275832931,283905491,XAUUSDm,BUY_closed,0.01,4487.58900,-4.84,0.00,0.00,-4.84,,0,Human
2026.06.01 19:36:14,275845456,283951111,XAUUSDm,SELL_closed,0.01,4484.11600,3.71,0.00,0.00,3.71,,88011,Feb11_MED
2026.06.01 20:16:23,275864293,283967027,XAUUSDm,SELL_closed,0.01,4483.96000,-0.09,0.00,0.00,-0.09,,88011,Feb11_MED
2026.06.01 23:10:36,275909745,284035028,XAUUSDm,SELL_closed,0.01,4486.13500,-0.93,0.00,0.00,-0.93,,0,Human
2026.06.01 23:31:32,275915786,284038362,XAUUSDm,SELL_closed,0.01,4485.84000,0.36,0.00,0.00,0.36,,0,Human
2026.06.01 23:35:38,275917278,284041529,XAUUSDm,SELL_closed,0.02,4485.08200,0.92,0.00,0.00,0.92,,0,Human
2026.06.01 23:35:56,275917805,284035012,XAUUSDm,SELL_closed,0.01,4482.77300,2.44,0.00,0.00,2.44,,0,Human
2026.06.02 01:00:24,275966163,284043783,XAUUSDm,SELL_closed,0.01,4480.62800,1.91,0.00,0.00,1.91,,0,Human
2026.06.02 01:02:05,275969493,284093693,XAUUSDm,SELL_closed,0.01,4476.71000,1.41,0.00,0.00,1.41,,0,Human
2026.06.02 01:37:07,275990937,284112175,XAUUSDm,SELL_closed,0.01,4486.79300,0.51,0.00,0.00,0.51,,0,Human
2026.06.02 01:37:21,275991052,284114966,XAUUSDm,SELL_closed,0.01,4486.07700,0.55,0.00,0.00,0.55,,0,Human
2026.06.02 01:38:07,275991350,284115197,XAUUSDm,SELL_closed,0.01,4485.58700,0.27,0.00,0.00,0.27,,0,Human
2026.06.02 01:38:54,275992182,284106034,XAUUSDm,SELL_closed,0.01,4482.00100,0.10,0.00,0.00,0.10,,0,Human
2026.06.02 01:39:39,275992541,284115366,XAUUSDm,SELL_closed,0.01,4482.70100,3.20,0.00,0.00,3.20,,0,Human
2026.06.02 01:45:45,275995751,284116498,XAUUSDm,SELL_closed,0.01,4480.86400,1.18,0.00,0.00,1.18,,0,Human
2026.06.02 01:45:58,275995843,284119643,XAUUSDm,BUY_closed,0.01,4481.23800,0.25,0.00,0.00,0.25,,0,Human
2026.06.02 01:48:56,275998662,284119873,XAUUSDm,BUY_closed,0.01,4472.15500,-10.19,0.00,0.00,-10.19,,88011,Feb11_MED
2026.06.02 02:21:02,276019610,284135158,XAUUSDm,SELL_closed,0.01,4483.73200,-9.66,0.00,0.00,-9.66,,88011,Feb11_MED
2026.06.02 03:00:52,276038074,284145103,XAUUSDm,SELL_closed,0.01,4489.46800,-6.87,0.00,0.00,-6.87,,88011,Feb11_MED
2026.06.02 10:30:37,5255845,5414523,XAUUSD,SELL_closed,0.01,4532.97000,0.36,0.00,0.00,0.36,,0,Human
2026.06.02 10:32:06,5256139,5414853,XAUUSD,BUY_closed,0.05,4534.79000,1.00,0.00,0.00,1.00,,0,Human
2026.06.02 10:43:55,5256650,5414809,XAUUSD,SELL_closed,0.02,4531.78000,0.32,0.00,0.00,0.32,,0,Human
2026.06.02 10:47:18,5256774,5415479,XAUUSD,SELL_closed,0.03,4531.23000,0.63,0.00,0.00,0.63,,0,Human
2026.06.02 10:49:03,5256875,5415006,XAUUSD,BUY_closed,0.05,4530.23000,-25.05,0.00,0.00,-25.05,[sl 4530.24],88011,Feb11_MED
2026.06.02 10:49:11,5256879,5415624,XAUUSD,SELL_closed,0.03,4530.64000,0.39,0.00,0.00,0.39,,0,Human
2026.06.02 11:00:18,5257456,5415757,XAUUSD,SELL_closed,0.05,4536.61000,-25.60,0.00,0.00,-25.60,[sl 4536.59],88011,Feb11_MED
2026.06.02 11:40:23,5259527,5416358,XAUUSD,SELL_closed,0.05,4530.23000,27.25,0.00,0.00,27.25,,88011,Feb11_MED
2026.06.02 12:20:34,5261897,5418466,XAUUSD,BUY_closed,0.05,4533.86000,20.80,0.00,0.00,20.80,,88011,Feb11_MED
2026.06.02 12:31:33,5262691,5420920,XAUUSD,SELL_closed,0.05,4523.87000,49.95,0.00,0.00,49.95,[tp 4523.91],88011,Feb11_MED
2026.06.02 13:36:18,5266000,5423390,XAUUSD,SELL_closed,0.05,4528.07000,14.70,0.00,0.00,14.70,,88011,Feb11_MED
2026.06.02 14:30:04,5267979,5425622,XAUUSD,BUY_closed,0.05,4530.15000,-4.50,0.00,0.00,-4.50,,88011,Feb11_MED
2026.06.02 15:15:13,5269193,5427343,XAUUSD,BUY_closed,0.05,4525.52000,-21.45,0.00,0.00,-21.45,,88011,Feb11_MED
2026.06.02 15:25:32,5269784,5428759,XAUUSD,SELL_closed,0.05,4533.54000,-25.25,0.00,0.00,-25.25,[sl 4533.49],88011,Feb11_MED
2026.06.02 16:29:29,5274583,5432176,XAUUSD,SELL_closed,0.05,4510.28000,49.95,0.00,0.00,49.95,[tp 4510.33],88011,Feb11_MED
2026.06.02 17:02:27,5277615,5436834,XAUUSD,SELL_closed,0.05,4504.27000,-15.75,0.00,0.00,-15.75,[sl 4504.16],88011,Feb11_MED
2026.06.02 17:18:15,5278911,5436970,XAUUSD,SELL_closed,0.05,4493.60000,55.65,0.00,0.00,55.65,[tp 4493.85],88011,Feb11_MED
2026.06.02 17:35:32,5280221,5438481,XAUUSD,SELL_closed,0.05,4501.94000,-24.45,0.00,0.00,-24.45,[sl 4501.79],88011,Feb11_MED
2026.06.02 17:46:23,5280888,5439649,XAUUSD,SELL_closed,0.05,4506.41000,-26.00,0.00,0.00,-26.00,[sl 4506.21],88011,Feb11_MED
2026.06.02 18:26:28,5282537,5440289,XAUUSD,SELL_closed,0.05,4504.89000,5.80,0.00,0.00,5.80,,88011,Feb11_MED
2026.06.02 19:38:27,5285386,5443749,XAUUSD,SELL_closed,0.05,4487.70000,49.90,0.00,0.00,49.90,[tp 4487.70],88011,Feb11_MED
2026.06.02 20:00:03,5285977,5444876,XAUUSD,SELL_closed,0.05,4492.55000,-26.40,0.00,0.00,-26.40,[sl 4492.25],88011,Feb11_MED
2026.06.02 20:37:16,5287101,5445518,XAUUSD,SELL_closed,0.05,4484.50000,38.65,0.00,0.00,38.65,,0,Human
2026.06.02 21:01:25,5287692,5446726,XAUUSD,SELL_closed,0.05,4487.76000,-24.60,0.00,0.00,-24.60,[sl 4487.72],88011,Feb11_MED
2026.06.02 21:41:28,5288784,5447287,XAUUSD,SELL_closed,0.05,4482.54000,24.40,0.00,0.00,24.40,,88011,Feb11_MED
2026.06.02 22:45:02,5290074,5449093,XAUUSD,SELL_closed,0.05,4488.01000,3.85,0.00,0.00,3.85,,88011,Feb11_MED
2026.06.02 23:40:06,5290473,5449855,XAUUSD,SELL_closed,0.05,4489.76000,-11.15,0.00,0.00,-11.15,,88011,Feb11_MED
2026.06.03 01:01:01,5290785,5450248,XAUUSD,BUY_closed,0.05,4491.70000,12.85,0.00,-3.23,9.62,,88011,Feb11_MED
2026.06.03 01:45:36,5291135,5450625,XAUUSD,BUY_closed,0.05,4485.91000,-24.10,0.00,0.00,-24.10,[sl 4485.73],88011,Feb11_MED
2026.06.03 02:10:55,5291775,5451049,XAUUSD,SELL_closed,0.05,4476.05000,62.00,0.00,0.00,62.00,[tp 4478.45],88011,Feb11_MED
2026.06.03 02:11:57,5291876,5451685,XAUUSD,SELL_closed,0.05,4480.56000,-25.90,0.00,0.00,-25.90,[sl 4480.38],88011,Feb11_MED
2026.06.03 02:22:07,5292318,5451740,XAUUSD,SELL_closed,0.05,4468.95000,47.10,0.00,0.00,47.10,,88011,Feb11_MED
2026.06.03 02:44:06,5293147,5452197,XAUUSD,SELL_closed,0.05,4472.97000,-25.10,0.00,0.00,-25.10,[sl 4473.00],88011,Feb11_MED
2026.06.03 03:00:30,5293545,5453085,XAUUSD,SELL_closed,0.05,4478.80000,-32.55,0.00,0.00,-32.55,[sl 4477.64],88011,Feb11_MED
2026.06.03 03:21:35,5294040,5453565,XAUUSD,SELL_closed,0.05,4482.53000,-24.35,0.00,0.00,-24.35,[sl 4482.58],88011,Feb11_MED
2026.06.03 03:33:04,5294256,5454147,XAUUSD,BUY_closed,0.05,4481.72000,11.65,0.00,0.00,11.65,,0,Human
2026.06.03 03:41:13,5294586,5454310,XAUUSD,BUY_closed,0.05,4495.42000,53.60,0.00,0.00,53.60,[tp 4494.39],88011,Feb11_MED
2026.06.03 03:48:04,5294868,5454638,XAUUSD,BUY_closed,0.05,4490.54000,-25.25,0.00,0.00,-25.25,[sl 4490.59],88011,Feb11_MED
2026.06.03 03:59:00,5295143,5454917,XAUUSD,BUY_closed,0.05,4486.46000,-21.40,0.00,0.00,-21.40,[sl 4485.74],88011,Feb11_MED
2026.06.03 04:00:09,5295193,5455254,XAUUSD,BUY_closed,0.05,4482.18000,-26.60,0.00,0.00,-26.60,[sl 4482.43],88011,Feb11_MED
2026.06.03 04:01:29,5295331,5455314,XAUUSD,BUY_closed,0.05,4478.19000,-27.30,0.00,0.00,-27.30,[sl 4478.38],88011,Feb11_MED
2026.06.03 04:05:13,5295566,5455471,XAUUSD,BUY_closed,0.05,4472.28000,-26.40,0.00,0.00,-26.40,[sl 4472.55],88011,Feb11_MED
2026.06.03 04:07:26,5295653,5455720,XAUUSD,BUY_closed,0.05,4469.48000,-25.20,0.00,0.00,-25.20,[sl 4469.42],88011,Feb11_MED
2026.06.03 04:25:15,5296368,5455787,XAUUSD,BUY_closed,0.05,4464.13000,-27.45,0.00,0.00,-27.45,[sl 4464.79],88011,Feb11_MED
2026.06.03 04:30:03,5296525,5456562,XAUUSD,SELL_closed,0.05,4468.70000,-23.90,0.00,0.00,-23.90,[sl 4468.85],88011,Feb11_MED
2026.06.03 04:30:40,5296563,5456725,XAUUSD,SELL_closed,0.05,4473.07000,-26.35,0.00,0.00,-26.35,[sl 4472.70],88011,Feb11_MED
2026.06.03 04:50:13,5296999,5456778,XAUUSD,SELL_closed,0.05,4476.61000,-26.55,0.00,0.00,-26.55,[sl 4476.38],88011,Feb11_MED
2026.06.03 05:02:22,5297245,5452279,XAUUSD,SELL_closed,0.01,4473.83000,-7.04,0.00,0.00,-7.04,,0,Human
2026.06.03 05:02:34,5297246,5457219,XAUUSD,SELL_closed,0.05,4473.92000,8.95,0.00,0.00,8.95,,0,Human
2026.06.03 20:01:05,5338919,5499825,XAUUSD,SELL_closed,0.05,4444.30000,-25.85,0.00,0.00,-25.85,[sl 4443.95],88011,Feb11_MED
2026.06.03 22:29:39,5342060,5503457,XAUUSD,SELL_closed,0.01,4448.40000,0.32,0.00,0.00,0.32,,0,Human
2026.06.04 22:02:13,446081113,464886401,XAUUSD,SELL_closed,0.01,4482.96000,-7.64,-0.03,0.00,-7.67,,88011,Feb11_MED
2026.06.08 02:55:17,49390893,55216249,XAUUSD,SELL_closed,0.01,4344.96000,-21.24,0.00,0.24,-21.00,[sl 4344.96],88004,S1
2026.06.08 14:14:55,49480109,55457086,XAUUSD,BUY_closed,0.01,4315.59000,9.18,0.00,0.00,9.18,[tp 4315.08],88004,S1
2026.06.09 05:01:59,49574315,55556733,XAUUSD,SELL_closed,0.10,4333.46000,4.70,0.00,0.00,4.70,,88005,BTC_S3
2026.06.09 05:03:19,49574452,55556485,XAUUSD,BUY_closed,0.10,4332.27000,-56.10,0.00,0.00,-56.10,[sl 4332.28],88005,BTC_S3
2026.06.09 06:03:31,49580642,55563423,XAUUSD,SELL_closed,0.10,4333.80000,16.00,0.00,0.00,16.00,[tp 4334.40],88005,BTC_S3
2026.06.09 06:20:04,49582707,55565582,XAUUSD,SELL_closed,0.10,4339.39000,-4.30,0.00,0.00,-4.30,[sl 4339.36],88005,BTC_S3
2026.06.09 07:11:41,49586360,55569435,XAUUSD,BUY_closed,0.10,4337.30000,-4.90,0.00,0.00,-4.90,[sl 4337.39],88005,BTC_S3
2026.06.09 07:28:36,49587965,55571166,XAUUSD,SELL_closed,0.10,4329.92000,-4.50,0.00,0.00,-4.50,[sl 4329.87],88005,BTC_S3
2026.06.09 11:43:08,49621059,55605430,XAUUSD,BUY_closed,0.10,4336.21000,1.10,0.00,0.00,1.10,,88005,BTC_S3
2026.06.09 11:59:15,49622925,55607444,XAUUSD,SELL_closed,0.10,4327.37000,-4.10,0.00,0.00,-4.10,[sl 4327.36],88005,BTC_S3
2026.06.09 12:13:42,49624516,55609064,XAUUSD,SELL_closed,0.10,4328.38000,10.30,0.00,0.00,10.30,[tp 4328.40],88005,BTC_S3
2026.06.09 12:27:41,49626135,55610787,XAUUSD,SELL_closed,0.10,4330.74000,-4.10,0.00,0.00,-4.10,[sl 4330.73],88005,BTC_S3
2026.06.09 12:43:37,49628455,55613096,XAUUSD,SELL_closed,0.10,4325.89000,14.10,0.00,0.00,14.10,[tp 4326.30],88005,BTC_S3
2026.06.09 12:51:51,49629287,55614027,XAUUSD,BUY_closed,0.10,4330.97000,-5.30,0.00,0.00,-5.30,[sl 4331.10],88005,BTC_S3
2026.06.09 16:35:00,49661466,55646840,XAUUSD,SELL_closed,0.10,4330.04000,2.90,0.00,0.00,2.90,,88005,BTC_S3
2026.06.09 16:45:39,49664189,55649620,XAUUSD,BUY_closed,0.10,4332.18000,-5.40,0.00,0.00,-5.40,[sl 4332.32],88005,BTC_S3
2026.06.09 16:50:59,49668720,55654114,XAUUSD,SELL_closed,0.10,4342.61000,10.10,0.00,0.00,10.10,[tp 4342.62],88005,BTC_S3
2026.06.09 19:06:19,49713692,55703904,XAUUSD,SELL_closed,0.10,4268.03000,-4.10,0.00,0.00,-4.10,[sl 4268.02],88005,BTC_S3
2026.06.09 20:43:10,49738988,55731676,XAUUSD,BUY_closed,0.10,4265.76000,-6.50,0.00,0.00,-6.50,[sl 4266.01],88005,BTC_S3
2026.06.09 20:46:31,49739325,55732088,XAUUSD,SELL_closed,0.10,4262.94000,-4.10,0.00,0.00,-4.10,[sl 4262.93],88005,BTC_S3
2026.06.09 20:51:54,49740376,55733155,XAUUSD,BUY_closed,0.10,4259.47000,0.50,0.00,0.00,0.50,,88005,BTC_S3
2026.06.09 21:03:19,49741650,55734449,XAUUSD,SELL_closed,0.10,4261.34000,3.60,0.00,0.00,3.60,,88005,BTC_S3
2026.06.09 21:26:00,49745352,55738398,XAUUSD,SELL_closed,0.10,4269.89000,3.80,0.00,0.00,3.80,,88005,BTC_S3
2026.06.09 21:51:31,49747738,55740997,XAUUSD,BUY_closed,0.10,4265.16000,-4.10,0.00,0.00,-4.10,[sl 4265.17],88005,BTC_S3
2026.06.09 22:00:42,49748817,55742121,XAUUSD,SELL_closed,0.10,4268.09000,-5.20,0.00,0.00,-5.20,[sl 4267.97],88005,BTC_S3
2026.06.09 22:00:42,49748818,55742080,XAUUSD,SELL_closed,0.10,4268.05000,2.90,0.00,0.00,2.90,,88005,BTC_S3
2026.06.09 22:01:01,49748834,55742119,XAUUSD,BUY_closed,0.10,4268.01000,1.70,0.00,0.00,1.70,,88005,BTC_S3
2026.06.09 22:06:13,49749406,55742745,XAUUSD,SELL_closed,0.80,4268.80000,-41.60,0.00,0.00,-41.60,[sl 4268.68],88005,BTC_S3
2026.06.09 22:09:31,49749683,55743022,XAUUSD,SELL_closed,0.80,4266.26000,-40.80,0.00,0.00,-40.80,[sl 4266.15],88005,BTC_S3
2026.06.09 22:24:36,49751446,55744956,XAUUSD,BUY_closed,0.80,4255.72000,-32.80,0.00,0.00,-32.80,[sl 4255.73],88005,BTC_S3
2026.06.09 22:50:05,49754153,55747823,XAUUSD,BUY_closed,0.80,4254.40000,28.80,0.00,0.00,28.80,,88005,BTC_S3
2026.06.09 23:24:16,49755809,55749601,XAUUSD,SELL_closed,0.80,4258.64000,-32.80,0.00,0.00,-32.80,[sl 4258.63],88005,BTC_S3
2026.06.09 23:37:16,49756022,55749835,XAUUSD,BUY_closed,0.80,4259.73000,20.00,0.00,0.00,20.00,,88005,BTC_S3
2026.06.09 23:50:00,49756247,55750102,XAUUSD,BUY_closed,0.80,4261.40000,-32.00,0.00,0.00,-32.00,[sl 4261.40],88005,BTC_S3
2026.06.10 01:11:52,49757968,55752055,XAUUSD,BUY_closed,0.80,4256.50000,-32.80,0.00,0.00,-32.80,[sl 4256.51],88005,BTC_S3
2026.06.10 01:17:33,49758086,55752212,XAUUSD,SELL_closed,0.80,4255.16000,-39.20,0.00,0.00,-39.20,[sl 4255.07],88005,BTC_S3
2026.06.10 01:31:02,49758808,55752991,XAUUSD,SELL_closed,0.80,4255.85000,-34.40,0.00,0.00,-34.40,[sl 4255.82],88005,BTC_S3
2026.06.10 01:40:47,49759484,55753646,XAUUSD,BUY_closed,0.80,4254.60000,70.40,0.00,0.00,70.40,[tp 4254.60],88005,BTC_S3
2026.06.10 01:41:08,49759642,55753798,XAUUSD,SELL_closed,0.80,4249.45000,96.80,0.00,0.00,96.80,[tp 4249.72],88005,BTC_S3
2026.06.10 04:05:16,49783785,55779986,XAUUSD,SELL_closed,0.80,4192.35000,45.60,0.00,0.00,45.60,[tp 4192.38],88005,BTC_S3
2026.06.10 04:24:27,49788526,55784984,XAUUSD,SELL_closed,0.80,4201.89000,86.40,0.00,0.00,86.40,[tp 4201.95],88005,BTC_S3
2026.06.10 04:40:57,49792238,55788863,XAUUSD,SELL_closed,0.80,4197.45000,40.80,0.00,0.00,40.80,,88005,BTC_S3
2026.06.10 04:48:31,49793936,55790692,XAUUSD,BUY_closed,0.80,4187.19000,-37.60,0.00,0.00,-37.60,[sl 4187.26],88005,BTC_S3
2026.06.10 04:52:17,49795309,55792118,XAUUSD,SELL_closed,0.80,4184.74000,-36.00,0.00,0.00,-36.00,[sl 4184.69],88005,BTC_S3
2026.06.10 05:38:59,49803260,55800517,XAUUSD,BUY_closed,0.80,4188.22000,34.40,0.00,0.00,34.40,,88005,BTC_S3
2026.06.10 05:48:44,49805347,55802741,XAUUSD,SELL_closed,0.80,4184.09000,-32.00,0.00,0.00,-32.00,[sl 4184.09],88005,BTC_S3
2026.06.10 05:50:15,49805577,55802946,XAUUSD,BUY_closed,0.80,4187.99000,-33.60,0.00,0.00,-33.60,[sl 4188.01],88005,BTC_S3
2026.06.10 06:05:24,49807688,55805253,XAUUSD,BUY_closed,0.80,4177.89000,-10.40,0.00,0.00,-10.40,,88005,BTC_S3
2026.06.10 06:16:35,49809221,55806893,XAUUSD,BUY_closed,0.80,4180.13000,-44.80,0.00,0.00,-44.80,[sl 4180.29],88005,BTC_S3
2026.06.10 06:26:45,49810125,55807857,XAUUSD,BUY_closed,0.80,4179.53000,82.40,0.00,0.00,82.40,[tp 4179.50],88005,BTC_S3
2026.06.10 06:55:32,49813536,55810871,XAUUSD,BUY_closed,0.80,4181.86000,-329.60,0.00,0.00,-329.60,[sl 4181.89],88005,BTC_S3
2026.06.10 07:20:07,49815636,55813699,XAUUSD,BUY_closed,0.80,4182.24000,-32.80,0.00,0.00,-32.80,[sl 4182.25],88005,BTC_S3
2026.06.10 07:45:41,49817378,55815537,XAUUSD,SELL_closed,0.80,4173.21000,-33.60,0.00,0.00,-33.60,[sl 4173.19],88005,BTC_S3
2026.06.10 07:46:36,49817468,55815692,XAUUSD,BUY_closed,0.80,4174.48000,-36.80,0.00,0.00,-36.80,[sl 4174.54],88005,BTC_S3
2026.06.15 01:38:42,50402307,56468654,XAUUSD,BUY_closed,0.80,4285.74000,-65.60,0.00,0.00,-65.60,[sl 4286.16],88005,BTC_S3
2026.06.15 01:43:02,50402335,56468291,XAUUSD,SELL_closed,0.80,4287.10000,-505.60,0.00,0.00,-505.60,[sl 4287.09],88005,BTC_S3
2026.06.15 22:47:59,50508054,56610659,XAUUSD,SELL_closed,0.80,4319.22000,-35.20,0.00,0.00,-35.20,[sl 4319.18],88005,S1_M1
2026.06.15 23:11:14,50508927,56611548,XAUUSD,SELL_closed,0.80,4317.71000,0.80,0.00,0.00,0.80,,88005,S1_M1
2026.06.15 23:22:00,50509718,56612381,XAUUSD,SELL_closed,0.80,4313.61000,-34.40,0.00,0.00,-34.40,[sl 4313.58],88005,S1_M1
2026.06.15 23:52:55,50510731,56613412,XAUUSD,SELL_closed,0.80,4307.64000,-39.20,0.00,0.00,-39.20,[sl 4307.55],88005,S1_M1
2026.06.15 23:55:28,50510833,56613542,XAUUSD,SELL_closed,0.80,4307.00000,-32.80,0.00,0.00,-32.80,[sl 4306.99],88005,S1_M1
2026.06.16 01:08:49,50511639,56614388,XAUUSD,SELL_closed,0.80,4312.82000,-32.00,0.00,0.00,-32.00,[sl 4312.82],88005,S1_M1
2026.06.16 01:19:17,50512295,56615013,XAUUSD,BUY_closed,0.80,4311.60000,78.40,0.00,0.00,78.40,[tp 4311.60],88005,S1_M1
2026.06.16 02:09:11,50514377,56617209,XAUUSD,SELL_closed,0.80,4314.69000,-37.60,0.00,0.00,-37.60,[sl 4314.62],88005,S1_M1
2026.06.16 02:43:32,50516046,56618835,XAUUSD,BUY_closed,0.80,4316.58000,37.60,0.00,0.00,37.60,,88005,S1_M1
2026.06.16 03:04:24,50517399,56620271,XAUUSD,SELL_closed,0.80,4313.99000,-46.40,0.00,0.00,-46.40,[sl 4313.81],88005,S1_M1
2026.06.16 03:22:43,50518597,56621455,XAUUSD,SELL_closed,0.80,4308.37000,98.40,0.00,0.00,98.40,[tp 4308.65],88005,S1_M1
2026.06.16 03:26:06,50518816,56621703,XAUUSD,SELL_closed,0.80,4308.09000,-32.80,0.00,0.00,-32.80,[sl 4308.08],88005,S1_M1
2026.06.16 04:00:03,50520934,56623850,XAUUSD,SELL_closed,0.80,4317.56000,-60.00,0.00,0.00,-60.00,[sl 4317.21],88005,S1_M1
2026.06.16 04:07:12,50522725,56625550,XAUUSD,SELL_closed,0.80,4316.16000,6.40,0.00,0.00,6.40,,88005,S1_M1
2026.06.16 04:08:35,50522985,56625842,XAUUSD,BUY_closed,0.80,4320.90000,47.20,0.00,0.00,47.20,,88005,S1_M1
2026.06.16 04:42:17,50526953,56630098,XAUUSD,SELL_closed,0.80,4314.05000,-58.40,0.00,0.00,-58.40,[sl 4313.72],88005,S1_M1
2026.06.16 04:52:01,50527653,56630742,XAUUSD,SELL_closed,0.80,4315.21000,29.60,0.00,0.00,29.60,,88005,S1_M1
2026.06.16 05:07:37,50528797,56632019,XAUUSD,BUY_closed,0.80,4310.75000,-16.80,0.00,0.00,-16.80,,88005,S1_M1
2026.06.16 05:16:35,50529542,56632874,XAUUSD,BUY_closed,0.80,4310.73000,-39.20,0.00,0.00,-39.20,[sl 4310.82],88005,S1_M1
2026.06.16 05:38:28,50530438,56633773,XAUUSD,SELL_closed,0.80,4315.74000,3.20,0.00,0.00,3.20,,88005,S1_M1
2026.06.16 05:57:16,50531695,56635033,XAUUSD,BUY_closed,0.80,4317.89000,81.60,0.00,0.00,81.60,[tp 4317.89],88005,S1_M1
2026.06.16 06:08:01,50532363,56635855,XAUUSD,SELL_closed,0.80,4318.55000,-4.00,0.00,0.00,-4.00,,88005,S1_M1
2026.06.16 06:12:32,50532519,56636045,XAUUSD,BUY_closed,0.80,4320.75000,-34.40,0.00,0.00,-34.40,[sl 4320.78],88005,S1_M1
2026.06.16 06:15:50,50532656,56636214,XAUUSD,SELL_closed,0.80,4317.68000,-36.80,0.00,0.00,-36.80,[sl 4317.62],88005,S1_M1
2026.06.16 06:21:28,50533111,56636683,XAUUSD,SELL_closed,0.80,4317.04000,-38.40,0.00,0.00,-38.40,[sl 4316.96],88005,S1_M1
2026.06.16 06:49:16,50535247,56638858,XAUUSD,SELL_closed,0.80,4331.31000,-37.60,0.00,0.00,-37.60,[sl 4331.24],88005,S1_M1
2026.06.16 06:54:59,50535391,56638994,XAUUSD,BUY_closed,0.80,4331.75000,4.00,0.00,0.00,4.00,,88005,S1_M1
2026.06.16 06:58:15,50535511,56639146,XAUUSD,SELL_closed,0.80,4330.58000,-4.80,0.00,0.00,-4.80,,88005,S1_M1
2026.06.16 07:20:03,50536735,56640429,XAUUSD,BUY_closed,0.80,4326.59000,-32.00,0.00,0.00,-32.00,[sl 4326.59],88005,S1_M1
2026.06.16 07:25:25,50537195,56640864,XAUUSD,SELL_closed,0.80,4324.23000,-1.60,0.00,0.00,-1.60,,88005,S1_M1
2026.06.16 07:31:47,50537668,56641395,XAUUSD,BUY_closed,0.80,4323.06000,-33.60,0.00,0.00,-33.60,[sl 4323.08],88005,S1_M1
2026.06.16 07:40:49,50537993,56641735,XAUUSD,BUY_closed,0.80,4324.79000,-48.80,0.00,0.00,-48.80,[sl 4325.00],88005,S1_M1
2026.06.16 07:48:15,50538193,56641911,XAUUSD,SELL_closed,0.80,4322.52000,-8.00,0.00,0.00,-8.00,,88005,S1_M1
2026.06.16 07:50:05,50538242,56641987,XAUUSD,BUY_closed,0.80,4323.43000,-36.00,0.00,0.00,-36.00,[sl 4323.48],88005,S1_M1
2026.06.16 07:50:36,50538289,56642030,XAUUSD,SELL_closed,0.80,4321.93000,-39.20,0.00,0.00,-39.20,[sl 4321.84],88005,S1_M1
2026.06.16 07:55:24,50538412,56642160,XAUUSD,BUY_closed,0.80,4322.30000,-32.80,0.00,0.00,-32.80,[sl 4322.31],88005,S1_M1
2026.06.16 08:02:27,50538554,56642340,XAUUSD,BUY_closed,0.80,4323.72000,-32.00,0.00,0.00,-32.00,[sl 4323.72],88005,S1_M1
2026.06.16 08:07:08,50538821,56642610,XAUUSD,BUY_closed,0.80,4326.26000,-34.40,0.00,0.00,-34.40,[sl 4326.29],88005,S1_M1
2026.06.16 08:13:04,50539470,56643062,XAUUSD,SELL_closed,0.80,4326.62000,10.40,0.00,0.00,10.40,,88005,S1_M1
2026.06.16 08:18:02,50539792,56643572,XAUUSD,SELL_closed,0.80,4326.32000,-32.00,0.00,0.00,-32.00,[sl 4326.32],88005,S1_M1
2026.06.16 08:20:51,50539875,56643619,XAUUSD,SELL_closed,0.80,4325.89000,-33.60,0.00,0.00,-33.60,[sl 4325.87],88005,S1_M1
2026.06.16 08:28:57,50540132,56643934,XAUUSD,BUY_closed,0.80,4326.60000,7.20,0.00,0.00,7.20,,88005,S1_M1
2026.06.16 09:00:50,50543250,56647203,XAUUSD,SELL_closed,0.80,4314.12000,-32.00,0.00,0.00,-32.00,[sl 4314.12],88005,S1_M1
2026.06.16 09:11:41,50543925,56647930,XAUUSD,BUY_closed,0.80,4318.72000,0.80,0.00,0.00,0.80,,88005,S1_M1
2026.06.16 09:27:22,50544672,56648761,XAUUSD,BUY_closed,0.80,4315.94000,-36.80,0.00,0.00,-36.80,[sl 4316.00],88005,S1_M1
2026.06.16 12:09:19,50556046,56660625,XAUUSD,BUY_closed,0.30,4347.91000,-12.00,0.00,0.00,-12.00,[sl 4347.91],88005,S1_M1
2026.06.16 12:18:55,50556447,56661059,XAUUSD,SELL_closed,0.30,4343.88000,8.10,0.00,0.00,8.10,,88005,S1_M1
2026.06.16 12:30:20,50557196,56661847,XAUUSD,BUY_closed,0.30,4340.81000,-13.50,0.00,0.00,-13.50,[sl 4340.86],88005,S1_M1
2026.06.16 12:50:07,50558625,56663236,XAUUSD,BUY_closed,0.30,4345.07000,30.60,0.00,0.00,30.60,[tp 4345.06],88005,S1_M1
2026.06.16 13:27:53,50560128,56664850,XAUUSD,SELL_closed,0.30,4345.26000,-12.90,0.00,0.00,-12.90,[sl 4345.23],88005,S1_M1
2026.06.16 13:37:13,50560558,56665282,XAUUSD,BUY_closed,0.30,4345.08000,-12.00,0.00,0.00,-12.00,[sl 4345.08],88005,S1_M1
2026.06.16 13:43:28,50560713,56665386,XAUUSD,BUY_closed,0.30,4346.12000,16.20,0.00,0.00,16.20,,88005,S1_M1
2026.06.16 13:51:05,50561033,56665700,XAUUSD,BUY_closed,0.30,4348.33000,12.90,0.00,0.00,12.90,,88005,S1_M1
2026.06.16 14:02:08,50561374,56666158,XAUUSD,SELL_closed,0.30,4347.99000,-12.90,0.00,0.00,-12.90,[sl 4347.96],88005,S1_M1
2026.06.16 14:14:50,50562411,56667236,XAUUSD,BUY_closed,0.30,4341.65000,-12.30,0.00,0.00,-12.30,[sl 4341.66],88005,S1_M1
2026.06.16 14:25:04,50562830,56667676,XAUUSD,BUY_closed,0.30,4341.04000,1.20,0.00,0.00,1.20,,88005,S1_M1
2026.06.16 14:32:40,50563303,56668156,XAUUSD,SELL_closed,0.30,4338.65000,-13.80,0.00,0.00,-13.80,[sl 4338.59],88005,S1_M1
2026.06.16 14:57:10,50565294,56670292,XAUUSD,SELL_closed,0.30,4338.68000,-8.10,0.00,0.00,-8.10,,88005,S1_M1
2026.06.16 15:05:00,50565867,56670908,XAUUSD,SELL_closed,0.30,4339.23000,-12.30,0.00,0.00,-12.30,[sl 4339.22],88005,S1_M1
2026.06.16 15:08:46,50566211,56671159,XAUUSD,BUY_closed,0.30,4343.54000,30.90,0.00,0.00,30.90,[tp 4343.51],88005,S1_M1
2026.06.16 15:20:45,50567300,56672376,XAUUSD,SELL_closed,0.30,4338.27000,-13.50,0.00,0.00,-13.50,[sl 4338.22],88005,S1_M1
2026.06.16 15:24:23,50567655,56672713,XAUUSD,BUY_closed,0.30,4342.24000,-12.00,0.00,0.00,-12.00,[sl 4342.24],88005,S1_M1
2026.06.16 15:28:40,50568033,56673070,XAUUSD,BUY_closed,0.30,4341.52000,4.80,0.00,0.00,4.80,,88005,S1_M1
2026.06.16 15:37:44,50569325,56674412,XAUUSD,BUY_closed,0.30,4345.51000,4.20,0.00,0.00,4.20,,88005,S1_M1
2026.06.16 15:50:33,50570384,56675461,XAUUSD,BUY_closed,0.30,4351.27000,12.30,0.00,0.00,12.30,,88005,S1_M1
2026.06.16 16:00:31,50571456,56676633,XAUUSD,SELL_closed,0.30,4351.51000,7.50,0.00,0.00,7.50,,88005,S1_M1
2026.06.16 16:31:04,50575177,56680446,XAUUSD,BUY_closed,0.30,4336.10000,-12.00,0.00,0.00,-12.00,[sl 4336.10],88005,S1_M1
2026.06.16 16:36:46,50575928,56681204,XAUUSD,BUY_closed,0.30,4338.93000,-13.80,0.00,0.00,-13.80,[sl 4338.99],88005,S1_M1
2026.06.16 16:43:17,50576671,56681968,XAUUSD,BUY_closed,0.30,4338.90000,-12.30,0.00,0.00,-12.30,[sl 4338.91],88005,S1_M1
2026.06.16 16:48:51,50577475,56682783,XAUUSD,BUY_closed,0.30,4340.14000,-12.00,0.00,0.00,-12.00,[sl 4340.14],88005,S1_M1
2026.06.16 16:52:39,50577989,56683377,XAUUSD,BUY_closed,0.30,4339.01000,-19.20,0.00,0.00,-19.20,[sl 4339.25],88005,S1_M1
2026.06.16 17:00:19,50579277,56684671,XAUUSD,BUY_closed,0.30,4335.12000,16.50,0.00,0.00,16.50,,88005,S1_M1
2026.06.16 17:27:11,50583415,56688933,XAUUSD,SELL_closed,0.30,4322.64000,-1.50,0.00,0.00,-1.50,,88005,S1_M1
2026.06.16 17:36:19,50585523,56691124,XAUUSD,BUY_closed,0.30,4321.34000,-12.30,0.00,0.00,-12.30,[sl 4321.35],88005,S1_M1
2026.06.16 17:55:19,50587929,56693577,XAUUSD,SELL_closed,0.30,4323.08000,-8.70,0.00,0.00,-8.70,,88005,S1_M1
2026.06.16 18:15:52,50590159,56695813,XAUUSD,BUY_closed,0.30,4327.19000,4.80,0.00,0.00,4.80,,88005,S1_M1
2026.06.16 18:50:44,50593333,56699091,XAUUSD,BUY_closed,0.30,4327.24000,3.60,0.00,0.00,3.60,,88005,S1_M1
2026.06.16 19:01:00,50596168,56702039,XAUUSD,BUY_closed,0.30,4338.46000,-19.50,0.00,0.00,-19.50,[sl 4338.71],88005,S1_M1
2026.06.16 19:11:16,50596960,56702869,XAUUSD,SELL_closed,0.30,4341.53000,-12.30,0.00,0.00,-12.30,[sl 4341.52],88005,S1_M1
2026.06.16 19:34:05,50598664,56704645,XAUUSD,SELL_closed,0.30,4341.97000,0.60,0.00,0.00,0.60,,88005,S1_M1
2026.06.16 19:43:50,50599301,56705308,XAUUSD,BUY_closed,0.30,4345.11000,3.00,0.00,0.00,3.00,,88005,S1_M1
2026.06.16 19:52:14,50599755,56705762,XAUUSD,SELL_closed,0.30,4343.32000,1.20,0.00,0.00,1.20,,88005,S1_M1
2026.06.16 20:12:57,50600721,56706859,XAUUSD,BUY_closed,0.30,4337.60000,-13.80,0.00,0.00,-13.80,[sl 4337.66],88005,S1_M1
2026.06.16 20:25:02,50602393,56708549,XAUUSD,BUY_closed,0.30,4328.57000,17.40,0.00,0.00,17.40,,88005,S1_M1
2026.06.16 20:57:02,50604942,56711132,XAUUSD,BUY_closed,0.30,4340.09000,-12.60,0.00,0.00,-12.60,[sl 4340.11],88005,S1_M1
2026.06.16 21:01:09,50605105,56711267,XAUUSD,BUY_closed,0.30,4340.95000,8.40,0.00,0.00,8.40,,88005,S1_M1
2026.06.16 21:05:26,50605490,56711673,XAUUSD,SELL_closed,0.30,4340.11000,-3.60,0.00,0.00,-3.60,,88005,S1_M1
2026.06.16 21:26:15,50606023,56712229,XAUUSD,BUY_closed,0.30,4340.10000,-12.90,0.00,0.00,-12.90,[sl 4340.13],88005,S1_M1
2026.06.16 21:35:06,50606293,56712502,XAUUSD,SELL_closed,0.30,4340.22000,5.40,0.00,0.00,5.40,,88005,S1_M1
2026.06.16 21:39:28,50606386,56712585,XAUUSD,SELL_closed,0.30,4339.08000,9.30,0.00,0.00,9.30,,88005,S1_M1
2026.06.16 22:08:28,50607732,56713995,XAUUSD,SELL_closed,0.30,4341.41000,-12.90,0.00,0.00,-12.90,[sl 4341.38],88005,S1_M1
2026.06.16 22:51:10,50609618,56715912,XAUUSD,SELL_closed,0.30,4336.84000,-12.30,0.00,0.00,-12.30,[sl 4336.83],88005,S1_M1
2026.06.16 22:59:08,50610320,56716627,XAUUSD,BUY_closed,0.30,4332.80000,-12.00,0.00,0.00,-12.00,[sl 4332.80],88005,S1_M1
2026.06.16 23:07:40,50610614,56716936,XAUUSD,SELL_closed,0.30,4332.62000,-19.50,0.00,0.00,-19.50,[sl 4332.37],88005,S1_M1
2026.06.16 23:16:42,50610763,56717098,XAUUSD,BUY_closed,0.30,4331.64000,-8.40,0.00,0.00,-8.40,,88005,S1_M1
2026.06.16 23:19:11,50610874,56717194,XAUUSD,BUY_closed,0.30,4332.80000,9.00,0.00,0.00,9.00,,88005,S1_M1
2026.06.16 23:32:48,50611042,56717368,XAUUSD,SELL_closed,0.30,4332.16000,4.50,0.00,0.00,4.50,,88005,S1_M1
2026.06.17 01:54:22,50613011,56719472,XAUUSD,SELL_closed,0.30,4332.58000,6.60,0.00,0.00,6.60,,88005,S1_M1
2026.06.17 01:55:06,50613060,56719538,XAUUSD,BUY_closed,0.30,4333.83000,-12.90,0.00,0.00,-12.90,[sl 4333.86],88005,S1_M1
2026.06.17 02:12:03,50613575,56720031,XAUUSD,BUY_closed,0.30,4336.91000,3.30,0.00,0.00,3.30,,88005,S1_M1
2026.06.17 02:43:39,50614498,56720981,XAUUSD,BUY_closed,0.30,4334.38000,3.90,0.00,0.00,3.90,,88005,S1_M1
2026.06.17 03:00:07,50615234,56721762,XAUUSD,BUY_closed,0.30,4331.84000,-21.60,0.00,0.00,-21.60,[sl 4332.16],88005,S1_M1
2026.06.17 03:28:08,50617183,56723700,XAUUSD,SELL_closed,0.30,4337.54000,0.30,0.00,0.00,0.30,,88005,S1_M1
2026.06.17 04:00:08,50619048,56725607,XAUUSD,SELL_closed,0.30,4335.34000,-20.40,0.00,0.00,-20.40,[sl 4335.06],88005,S1_M1
2026.06.17 04:17:51,50621385,56728008,XAUUSD,SELL_closed,0.30,4344.31000,-12.90,0.00,0.00,-12.90,[sl 4344.28],88005,S1_M1
2026.06.17 04:31:33,50622739,56729378,XAUUSD,SELL_closed,0.30,4340.23000,9.60,0.00,0.00,9.60,,88005,S1_M1
2026.06.17 05:05:58,50626519,56733407,XAUUSD,BUY_closed,0.30,4342.51000,-0.60,0.00,0.00,-0.60,,88005,S1_M1
2026.06.17 05:17:04,50627282,56734237,XAUUSD,BUY_closed,0.30,4344.07000,-12.60,0.00,0.00,-12.60,[sl 4344.09],88005,S1_M1
2026.06.17 05:22:11,50627546,56734543,XAUUSD,SELL_closed,0.30,4341.11000,-15.60,0.00,0.00,-15.60,[sl 4340.99],88005,S1_M1
2026.06.17 05:54:05,50629813,56736963,XAUUSD,SELL_closed,0.30,4332.51000,33.30,0.00,0.00,33.30,[tp 4332.63],88005,S1_M1
2026.06.17 06:06:19,50630603,56737787,XAUUSD,BUY_closed,0.30,4333.61000,11.40,0.00,0.00,11.40,,88005,S1_M1
2026.06.17 06:42:24,50632084,56739326,XAUUSD,BUY_closed,0.30,4332.26000,-12.00,0.00,0.00,-12.00,[sl 4332.26],88005,S1_M1
2026.06.17 07:06:57,50632817,56740064,XAUUSD,BUY_closed,0.30,4330.18000,-12.00,0.00,0.00,-12.00,[sl 4330.18],88005,S1_M1
2026.06.17 07:23:05,50633602,56740856,XAUUSD,SELL_closed,0.30,4328.45000,30.30,0.00,0.00,30.30,[tp 4328.51],88005,S1_M1
2026.06.17 08:02:01,50636193,56743609,XAUUSD,BUY_closed,0.30,4326.89000,-22.20,0.00,0.00,-22.20,[sl 4327.23],88005,S1_M1
2026.06.17 08:08:22,50636487,56743909,XAUUSD,BUY_closed,0.30,4326.20000,3.00,0.00,0.00,3.00,,88005,S1_M1
2026.06.17 08:17:56,50637144,56744551,XAUUSD,BUY_closed,0.30,4324.71000,10.80,0.00,0.00,10.80,[tp 4324.60],88005,S1_M1
2026.06.17 08:52:16,50640090,56747602,XAUUSD,SELL_closed,0.30,4331.44000,-4.50,0.00,0.00,-4.50,,88005,S1_M1
2026.06.17 08:54:46,50640194,56747724,XAUUSD,SELL_closed,0.30,4330.54000,-12.60,0.00,0.00,-12.60,[sl 4330.52],88005,S1_M1
2026.06.17 09:27:03,50643314,56750905,XAUUSD,BUY_closed,0.30,4325.85000,1.80,0.00,0.00,1.80,,88005,S1_M1
2026.06.17 10:05:11,50646659,56754423,XAUUSD,SELL_closed,0.30,4330.31000,-12.30,0.00,0.00,-12.30,[sl 4330.30],88005,S1_M1
2026.06.17 10:16:08,50648001,56755876,XAUUSD,BUY_closed,0.30,4332.32000,-0.30,0.00,0.00,-0.30,,88005,S1_M1
2026.06.17 10:16:16,50648006,56755885,XAUUSD,BUY_closed,0.30,4331.97000,-12.00,0.00,0.00,-12.00,[sl 4331.97],88005,S1_M1
2026.06.17 10:19:46,50648528,56756360,XAUUSD,SELL_closed,0.30,4327.21000,-16.20,0.00,0.00,-16.20,[sl 4327.07],88005,S1_M1
2026.06.17 10:39:05,50650008,56757852,XAUUSD,BUY_closed,0.30,4329.39000,11.40,0.00,0.00,11.40,,88005,S1_M1
2026.06.17 10:54:32,50651198,56759176,XAUUSD,SELL_closed,0.30,4326.24000,-12.00,0.00,0.00,-12.00,[sl 4326.24],88005,S1_M1
2026.06.17 12:11:27,50657675,56765858,XAUUSD,BUY_closed,0.30,4323.63000,20.40,0.00,0.00,20.40,,88005,S1_M1
2026.06.17 12:32:30,50660185,56768381,XAUUSD,SELL_closed,0.30,4329.01000,2.40,0.00,0.00,2.40,,88005,S1_M1
2026.06.17 12:43:02,50660612,56768867,XAUUSD,BUY_closed,0.30,4330.23000,-12.30,0.00,0.00,-12.30,[sl 4330.24],88005,S1_M1
2026.06.17 12:57:36,50661480,56769747,XAUUSD,BUY_closed,0.30,4328.86000,16.50,0.00,0.00,16.50,,88005,S1_M1
2026.06.17 13:13:35,50662006,56770322,XAUUSD,BUY_closed,0.30,4329.57000,-12.00,0.00,0.00,-12.00,[sl 4329.57],88005,S1_M1
2026.06.17 13:27:37,50662528,56770897,XAUUSD,BUY_closed,0.30,4328.74000,-12.00,0.00,0.00,-12.00,[sl 4328.74],88005,S1_M1
2026.06.17 13:38:24,50663015,56771405,XAUUSD,BUY_closed,0.30,4330.49000,0.60,0.00,0.00,0.60,,88005,S1_M1
2026.06.17 13:45:15,50663299,56771679,XAUUSD,BUY_closed,0.30,4331.25000,3.30,0.00,0.00,3.30,,88005,S1_M1
2026.06.17 13:50:32,50663919,56772382,XAUUSD,BUY_closed,0.30,4334.22000,-13.20,0.00,0.00,-13.20,[sl 4334.26],88005,S1_M1
2026.06.17 13:54:02,50664136,56772620,XAUUSD,SELL_closed,0.30,4332.30000,-13.50,0.00,0.00,-13.50,[sl 4332.25],88005,S1_M1
2026.06.17 14:02:08,50664430,56772900,XAUUSD,SELL_closed,0.30,4330.77000,-12.90,0.00,0.00,-12.90,[sl 4330.74],88005,S1_M1
2026.06.17 14:16:37,50665505,56774025,XAUUSD,BUY_closed,0.30,4329.90000,-13.20,0.00,0.00,-13.20,[sl 4329.94],88005,S1_M1
2026.06.17 14:44:09,50666759,56775325,XAUUSD,SELL_closed,0.30,4324.79000,-12.00,0.00,0.00,-12.00,[sl 4324.79],88005,S1_M1
2026.06.17 14:51:17,50667279,56775921,XAUUSD,SELL_closed,0.30,4324.20000,-12.60,0.00,0.00,-12.60,[sl 4324.18],88005,S1_M1
2026.06.17 15:15:02,50669236,56777955,XAUUSD,BUY_closed,0.30,4323.76000,3.00,0.00,0.00,3.00,,88005,S1_M1
2026.06.17 15:52:09,50672572,56781454,XAUUSD,SELL_closed,0.30,4333.59000,-12.00,0.00,0.00,-12.00,[sl 4333.59],88005,S1_M1
2026.06.17 16:02:07,50673283,56782201,XAUUSD,SELL_closed,0.30,4331.31000,-12.00,0.00,0.00,-12.00,[sl 4331.31],88005,S1_M1
2026.06.17 16:12:01,50675614,56784549,XAUUSD,BUY_closed,0.30,4330.91000,-16.50,0.00,0.00,-16.50,[sl 4331.06],88005,S1_M1
2026.06.17 16:37:14,50678450,56787353,XAUUSD,BUY_closed,0.30,4338.37000,-16.20,0.00,0.00,-16.20,[sl 4338.51],88005,S1_M1
2026.06.18 01:35:43,50772585,56885493,XAUUSD,SELL_closed,0.30,4266.19000,-12.30,0.00,0.00,-12.30,[sl 4266.18],88005,S1_M1
2026.06.18 01:37:27,50772605,56885554,XAUUSD,BUY_closed,0.30,4265.83000,-16.80,0.00,0.00,-16.80,[sl 4265.99],88005,S1_M1
2026.06.18 01:39:10,50772923,56885854,XAUUSD,BUY_closed,0.30,4266.36000,-13.50,0.00,0.00,-13.50,[sl 4266.41],88005,S1_M1
2026.06.18 01:46:12,50773330,56886314,XAUUSD,BUY_closed,0.30,4264.77000,-12.30,0.00,0.00,-12.30,[sl 4264.78],88005,S1_M1
2026.06.18 01:47:02,50773428,56886429,XAUUSD,SELL_closed,0.30,4263.31000,-12.90,0.00,0.00,-12.90,[sl 4263.28],88005,S1_M1
2026.06.18 02:20:29,50777273,56890435,XAUUSD,BUY_closed,0.30,4278.80000,3.00,0.00,0.00,3.00,,88005,S1_M1
2026.06.18 02:24:47,50777749,56890888,XAUUSD,SELL_closed,0.30,4278.60000,46.20,0.00,0.00,46.20,,88005,S1_M1
2026.06.18 02:48:36,50780231,56893569,XAUUSD,SELL_closed,0.30,4274.72000,-15.00,0.00,0.00,-15.00,[sl 4274.62],88005,S1_M1
2026.06.18 02:59:40,50781055,56894351,XAUUSD,BUY_closed,0.30,4277.79000,20.70,0.00,0.00,20.70,,88005,S1_M1
2026.06.18 03:25:11,50784959,56898659,XAUUSD,SELL_closed,0.30,4295.82000,-12.00,0.00,0.00,-12.00,[sl 4295.82],88005,S1_M1
2026.06.18 03:26:33,50785175,56898881,XAUUSD,BUY_closed,0.30,4296.83000,-12.30,0.00,0.00,-12.30,[sl 4296.84],88005,S1_M1
2026.06.18 04:01:01,50788994,56902914,XAUUSD,BUY_closed,0.30,4321.34000,-27.60,0.00,0.00,-27.60,[sl 4321.86],88005,S1_M1
2026.06.18 04:17:08,50791503,56904918,XAUUSD,BUY_closed,0.30,4319.18000,-286.50,0.00,0.00,-286.50,[sl 4319.33],88005,S1_M1
2026.06.18 19:59:11,50901732,57017958,XAUUSD,BUY_closed,0.30,4217.77000,-7.20,0.00,0.00,-7.20,,88005,S1_M1
2026.06.18 20:27:13,50903862,57020113,XAUUSD,SELL_closed,0.30,4227.20000,0.30,0.00,0.00,0.30,,88005,S1_M1
2026.06.18 20:42:44,50905047,57021301,XAUUSD,BUY_closed,0.30,4227.35000,-21.60,0.00,0.00,-21.60,,88005,S1_M1
2026.06.18 21:55:21,50908938,57025258,XAUUSD,BUY_closed,0.30,4221.24000,-9.90,0.00,0.00,-9.90,,88005,S1_M1
2026.08.04 16:04:12,55160220,61732398,XAUUSD,SELL_closed,0.10,4066.13000,6.00,0.00,0.00,6.00,
2026.08.04 16:04:29,55160400,61732628,XAUUSD,SELL_closed,0.10,4063.23000,0.60,0.00,0.00,0.60,
2026.08.04 16:05:45,55160633,61732756,XAUUSD,SELL_closed,0.10,4063.10000,5.60,0.00,0.00,5.60,
2026.08.04 16:20:40,55161496,61733716,XAUUSD,BUY_closed,0.10,4065.55000,10.10,0.00,0.00,10.10,
2026.08.04 16:28:51,55164866,61737085,XAUUSD,SELL_closed,0.10,4078.36000,0.90,0.00,0.00,0.90,
2026.08.04 16:30:50,55165281,61737412,XAUUSD,BUY_closed,0.10,4084.07000,13.80,0.00,0.00,13.80,
2026.08.04 16:34:45,55166508,61738743,XAUUSD,BUY_closed,0.30,4082.54000,-31.50,0.00,0.00,-31.50,[sl 4082.59]
2026.08.04 16:48:01,55169420,61741510,XAUUSD,SELL_closed,0.10,4086.48000,-29.70,0.00,0.00,-29.70,[sl 4086.45]
2026.08.04 16:48:54,55169986,61742200,XAUUSD,BUY_closed,0.10,4092.38000,2.60,0.00,0.00,2.60,
2026.08.04 16:55:59,55171078,61743345,XAUUSD,SELL_closed,0.10,4084.68000,6.70,0.00,0.00,6.70,
2026.08.04 16:57:30,55171220,61743487,XAUUSD,SELL_closed,0.10,4084.89000,4.00,0.00,0.00,4.00,
2026.08.04 16:58:54,55171298,61743575,XAUUSD,SELL_closed,0.10,4085.35000,-10.40,0.00,0.00,-10.40,
2026.08.04 17:06:38,55172341,61744613,XAUUSD,SELL_closed,0.10,4086.14000,0.60,0.00,0.00,0.60,
2026.08.04 17:06:46,55172369,61744673,XAUUSD,SELL_closed,0.10,4086.86000,-11.90,0.00,0.00,-11.90,
2026.08.04 17:17:12,55173448,61745750,XAUUSD,SELL_closed,0.10,4086.62000,-0.20,0.00,0.00,-0.20,
2026.08.04 17:17:25,55173520,61745805,XAUUSD,SELL_closed,0.10,4085.96000,5.30,0.00,0.00,5.30,
2026.08.04 17:19:35,55173883,61746180,XAUUSD,SELL_closed,0.10,4084.19000,5.30,0.00,0.00,5.30,
2026.08.04 17:27:39,55174547,61746816,XAUUSD,BUY_closed,0.30,4084.61000,-30.90,0.00,0.00,-30.90,
2026.08.04 17:28:18,55174712,61747046,XAUUSD,BUY_closed,0.30,4085.19000,-32.10,0.00,0.00,-32.10,
2026.08.04 17:30:38,55175092,61747428,XAUUSD,SELL_closed,0.10,4082.45000,-11.90,0.00,0.00,-11.90,
2026.08.04 17:31:25,55175204,61747553,XAUUSD,SELL_closed,0.10,4083.67000,-11.90,0.00,0.00,-11.90,
2026.08.04 17:31:55,55175353,61747679,XAUUSD,BUY_closed,0.10,4085.11000,5.60,0.00,0.00,5.60,
2026.08.04 17:32:08,55175402,61747736,XAUUSD,BUY_closed,0.10,4085.42000,5.80,0.00,0.00,5.80,
2026.08.04 17:37:15,55176340,61748663,XAUUSD,SELL_closed,0.10,4076.42000,0.80,0.00,0.00,0.80,
2026.08.04 17:37:58,55176441,61748811,XAUUSD,SELL_closed,0.10,4076.48000,-10.00,0.00,0.00,-10.00,
2026.08.04 18:08:06,55179201,61751493,XAUUSD,SELL_closed,0.10,4080.22000,6.40,0.00,0.00,6.40,
2026.08.04 18:08:33,55179239,61751642,XAUUSD,SELL_closed,0.10,4081.25000,-11.00,0.00,0.00,-11.00,
2026.08.04 18:16:37,55180068,61752418,XAUUSD,SELL_closed,0.10,4080.19000,5.10,0.00,0.00,5.10,
2026.08.04 18:17:12,55180233,61752618,XAUUSD,SELL_closed,0.10,4079.25000,3.50,0.00,0.00,3.50,
2026.08.04 19:02:20,55183649,61756165,XAUUSD,SELL_closed,0.10,4087.00000,-11.00,0.00,0.00,-11.00,
2026.08.04 19:05:08,55183701,61756224,XAUUSD,SELL_closed,0.10,4086.94000,-10.10,0.00,0.00,-10.10,
2026.08.04 19:06:21,55183821,61756364,XAUUSD,SELL_closed,0.10,4084.91000,-0.10,0.00,0.00,-0.10,
2026.08.04 19:26:01,55184657,61757201,XAUUSD,SELL_closed,0.30,4087.32000,-30.00,0.00,0.00,-30.00,
2026.08.04 19:57:00,55186241,61758864,XAUUSD,BUY_closed,0.10,4092.72000,4.70,0.00,0.00,4.70,
2026.08.04 19:58:24,55186296,61758908,XAUUSD,BUY_closed,0.10,4093.32000,1.50,0.00,0.00,1.50,
2026.08.04 20:17:19,55188509,61761138,XAUUSD,BUY_closed,0.02,4100.00000,0.64,0.00,0.00,0.64,
2026.08.04 20:17:19,55188510,61761140,XAUUSD,BUY_closed,0.02,4100.00000,0.66,0.00,0.00,0.66,
2026.08.04 20:17:19,55188511,61761141,XAUUSD,BUY_closed,0.02,4100.00000,0.86,0.00,0.00,0.86,
2026.08.04 20:17:19,55188512,61761142,XAUUSD,BUY_closed,0.02,4100.00000,0.84,0.00,0.00,0.84,
2026.08.04 20:17:19,55188512,61761142,XAUUSD,BUY_closed,0.02,4100.00000,0.84,0.00,0.00,0.84,
2026.08.04 20:17:19,55188513,61761144,XAUUSD,BUY_closed,0.02,4100.00000,1.00,0.00,0.00,1.00,
2026.08.04 20:17:19,55188514,61761145,XAUUSD,BUY_closed,0.02,4100.00000,1.02,0.00,0.00,1.02,
2026.08.04 20:17:19,55188515,61761146,XAUUSD,BUY_closed,0.02,4100.00000,0.94,0.00,0.00,0.94,
2026.08.04 20:17:19,55188516,61761147,XAUUSD,BUY_closed,0.02,4100.00000,0.68,0.00,0.00,0.68,
2026.08.04 20:17:19,55188517,61761148,XAUUSD,BUY_closed,0.02,4100.00000,0.76,0.00,0.00,0.76,
2026.08.04 20:17:19,55188518,61761149,XAUUSD,BUY_closed,0.02,4100.00000,0.98,0.00,0.00,0.98,
2026.08.04 20:17:19,55188519,61761150,XAUUSD,BUY_closed,0.02,4100.00000,1.04,0.00,0.00,1.04,
2026.08.04 20:51:31,55190556,61763104,XAUUSD,SELL_closed,0.10,4091.65000,11.00,0.00,0.00,11.00,
2026.08.04 20:52:46,55190630,61763269,XAUUSD,SELL_closed,0.10,4090.96000,2.00,0.00,0.00,2.00,
2026.08.04 21:11:13,55191901,61764673,XAUUSD,SELL_closed,0.10,4087.09000,2.30,0.00,0.00,2.30,
2026.08.04 21:16:35,55191992,61764770,XAUUSD,SELL_closed,0.10,4087.59000,1.80,0.00,0.00,1.80,
2026.08.04 22:08:06,55194449,61767271,XAUUSD,BUY_closed,0.10,4082.37000,7.70,0.00,0.00,7.70,
2026.08.04 22:13:16,55194729,61767575,XAUUSD,BUY_closed,0.10,4082.97000,-13.80,0.00,0.00,-13.80,
2026.08.04 22:19:51,55194899,61767671,XAUUSD,BUY_closed,0.30,4084.48000,14.40,0.00,0.00,14.40,
2026.08.04 22:20:35,55194910,61767698,XAUUSD,BUY_closed,0.30,4083.67000,-30.00,0.00,0.00,-30.00,
2026.08.04 22:32:05,55195210,61768066,XAUUSD,BUY_closed,0.10,4079.30000,-11.10,0.00,0.00,-11.10,
2026.08.04 22:47:07,55195425,61768277,XAUUSD,BUY_closed,0.30,4081.18000,-30.00,0.00,0.00,-30.00,
2026.08.04 23:11:29,55196016,61768919,XAUUSD,SELL_closed,0.10,4079.86000,-11.40,0.00,0.00,-11.40,
2026.08.04 23:13:39,55196024,61768928,XAUUSD,SELL_closed,0.60,4079.23000,-32.40,0.00,0.00,-32.40,
2026.08.04 23:15:01,55196034,61768930,XAUUSD,SELL_closed,0.10,4078.60000,4.70,0.00,0.00,4.70,
2026.08.04 23:52:40,55196572,61769489,XAUUSD,BUY_closed,0.30,4076.62000,-37.50,0.00,0.00,-37.50,
2026.08.05 01:24:59,55197070,61770061,XAUUSD,SELL_closed,0.10,4077.94000,-16.10,0.00,0.00,-16.10,
2026.08.05 07:48:11,55222993,61796818,XAUUSD,SELL_closed,0.10,4134.50000,3.90,0.00,0.00,3.90,
2026.08.05 08:03:40,55223583,61797378,XAUUSD,SELL_closed,0.10,4136.66000,-12.30,0.00,0.00,-12.30,
2026.08.05 08:18:46,55224183,61798007,XAUUSD,BUY_closed,0.10,4136.47000,-10.30,0.00,0.00,-10.30,
2026.08.05 08:20:52,55224306,61798078,XAUUSD,BUY_closed,0.10,4138.67000,7.10,0.00,0.00,7.10,
2026.08.05 08:30:12,55225137,61798989,XAUUSD,BUY_closed,0.10,4143.22000,-10.50,0.00,0.00,-10.50,
2026.08.05 08:52:05,55229648,61803573,XAUUSD,BUY_closed,0.10,4171.73000,0.80,0.00,0.00,0.80,
2026.08.05 08:52:15,55229717,61803687,XAUUSD,BUY_closed,0.10,4171.56000,-9.60,0.00,0.00,-9.60,
2026.08.05 09:09:13,55231298,61805306,XAUUSD,BUY_closed,0.10,4166.96000,1.90,0.00,0.00,1.90,
2026.08.05 09:34:58,55234155,61808263,XAUUSD,BUY_closed,0.10,4173.43000,0.10,0.00,0.00,0.10,
2026.08.05 09:35:05,55234189,61808292,XAUUSD,BUY_closed,0.10,4173.79000,1.40,0.00,0.00,1.40,
2026.08.05 09:35:17,55234297,61808327,XAUUSD,BUY_closed,0.10,4176.38000,17.30,0.00,0.00,17.30,
2026.08.05 09:36:55,55234495,61808598,XAUUSD,BUY_closed,0.10,4177.51000,2.80,0.00,0.00,2.80,
2026.08.05 09:37:11,55234616,61808714,XAUUSD,BUY_closed,0.10,4177.02000,-10.50,0.00,0.00,-10.50,
2026.08.05 10:00:14,55235842,61810061,XAUUSD,BUY_closed,0.10,4177.82000,-12.10,0.00,0.00,-12.10,
2026.08.05 10:23:37,55237241,61811515,XAUUSD,SELL_closed,0.10,4167.77000,2.80,0.00,0.00,2.80,
2026.08.05 10:54:39,55238608,61812988,XAUUSD,SELL_closed,0.10,4165.23000,3.30,0.00,0.00,3.30,
2026.08.05 10:57:24,55238891,61813063,XAUUSD,BUY_closed,0.10,4169.83000,13.20,0.00,0.00,13.20,
2026.08.05 11:38:46,55240354,61814853,XAUUSD,SELL_closed,0.10,4164.41000,1.30,0.00,0.00,1.30,
2026.08.05 11:40:09,55240384,61814857,XAUUSD,SELL_closed,0.10,4163.93000,1.70,0.00,0.00,1.70,
2026.08.05 11:40:51,55240436,61814918,XAUUSD,SELL_closed,0.10,4163.60000,-9.40,0.00,0.00,-9.40,
2026.08.05 11:45:33,55240814,61815315,XAUUSD,SELL_closed,0.10,4163.84000,3.50,0.00,0.00,3.50,
2026.08.05 11:46:11,55240835,61815355,XAUUSD,SELL_closed,0.10,4164.43000,-9.90,0.00,0.00,-9.90,
2026.08.05 12:02:55,55241708,61816250,XAUUSD,SELL_closed,0.10,4163.29000,-10.10,0.00,0.00,-10.10,
2026.08.05 12:30:27,55243111,61817676,XAUUSD,SELL_closed,0.10,4155.32000,9.70,0.00,0.00,9.70,
2026.08.05 12:36:18,55243313,61817910,XAUUSD,SELL_closed,0.10,4155.64000,2.10,0.00,0.00,2.10,
2026.08.05 13:48:50,55246205,61821041,XAUUSD,SELL_closed,0.10,4154.83000,3.60,0.00,0.00,3.60,
2026.08.05 14:27:10,55248319,61823288,XAUUSD,BUY_closed,0.10,4173.29000,4.20,0.00,0.00,4.20,
2026.08.05 14:27:47,55248479,61823423,XAUUSD,BUY_closed,0.10,4175.64000,6.10,0.00,0.00,6.10,
2026.08.05 14:43:00,55250325,61825315,XAUUSD,BUY_closed,0.10,4187.66000,0.20,0.00,0.00,0.20,
2026.08.05 14:43:29,55250379,61825381,XAUUSD,BUY_closed,0.10,4187.76000,7.70,0.00,0.00,7.70,
2026.08.05 14:46:59,55250549,61825556,XAUUSD,BUY_closed,0.10,4185.99000,5.10,0.00,0.00,5.10,
2026.08.05 14:47:16,55250558,61825577,XAUUSD,BUY_closed,0.10,4184.07000,-13.90,0.00,0.00,-13.90,
2026.08.05 15:04:14,55251555,61826624,XAUUSD,BUY_closed,0.30,4194.38000,17.70,0.00,0.00,17.70,
2026.08.05 15:04:44,55251689,61826794,XAUUSD,BUY_closed,0.10,4193.77000,-13.30,0.00,0.00,-13.30,
2026.08.05 15:15:25,55252591,61827795,XAUUSD,BUY_closed,0.10,4199.82000,-1.90,0.00,0.00,-1.90,
2026.08.05 15:15:28,55252604,61827803,XAUUSD,BUY_closed,0.10,4199.67000,-9.30,0.00,0.00,-9.30,
2026.08.05 15:20:36,55253561,61828750,XAUUSD,BUY_closed,0.10,4209.51000,12.30,0.00,0.00,12.30,
2026.08.05 15:36:02,55255248,61830672,XAUUSD,BUY_closed,0.10,4199.87000,-11.20,0.00,0.00,-11.20,
2026.08.05 15:52:17,55256725,61832232,XAUUSD,SELL_closed,0.10,4191.74000,-7.40,0.00,0.00,-7.40,
2026.08.05 15:53:08,55256821,61832389,XAUUSD,SELL_closed,0.10,4189.39000,1.40,0.00,0.00,1.40,
2026.08.05 16:20:50,55259406,61835118,XAUUSD,BUY_closed,0.30,4191.86000,3.00,0.00,0.00,3.00,
2026.08.05 16:21:12,55259457,61835173,XAUUSD,BUY_closed,0.30,4192.21000,8.70,0.00,0.00,8.70,
2026.08.05 17:18:31,55267858,61844138,XAUUSD,BUY_closed,0.10,4232.83000,3.00,0.00,0.00,3.00,
2026.08.05 17:19:19,55268099,61844315,XAUUSD,BUY_closed,0.10,4237.73000,17.20,0.00,0.00,17.20,
2026.08.05 17:25:35,55268684,61845090,XAUUSD,BUY_closed,0.10,4236.89000,2.10,0.00,0.00,2.10,
2026.08.05 17:25:45,55268708,61845130,XAUUSD,BUY_closed,0.10,4236.55000,5.60,0.00,0.00,5.60,
2026.08.05 17:25:53,55268715,61845142,XAUUSD,BUY_closed,0.10,4236.43000,9.40,0.00,0.00,9.40,
2026.08.05 17:26:13,55268739,61845146,XAUUSD,BUY_closed,0.10,4237.16000,4.70,0.00,0.00,4.70,
2026.08.05 17:57:47,55272354,61849141,XAUUSD,BUY_closed,0.30,4244.76000,-30.90,0.00,0.00,-30.90,
2026.08.05 18:00:59,55272697,61849444,XAUUSD,BUY_closed,0.10,4249.12000,5.40,0.00,0.00,5.40,
2026.08.05 18:10:59,55273884,61850742,XAUUSD,BUY_closed,0.10,4260.02000,6.10,0.00,0.00,6.10,
2026.08.05 18:11:14,55273939,61850828,XAUUSD,BUY_closed,0.10,4260.33000,5.20,0.00,0.00,5.20,
2026.08.05 18:19:27,55274625,61851579,XAUUSD,BUY_closed,0.10,4254.43000,-9.90,0.00,0.00,-9.90,
2026.08.05 18:19:51,55274704,61851660,XAUUSD,BUY_closed,0.10,4257.37000,1.30,0.00,0.00,1.30,
2026.08.05 18:40:35,55276692,61853668,XAUUSD,SELL_closed,0.10,4256.41000,-9.90,0.00,0.00,-9.90,
2026.08.05 18:43:26,55276849,61853838,XAUUSD,SELL_closed,0.10,4254.54000,7.10,0.00,0.00,7.10,
2026.08.05 18:44:09,55276937,61853873,XAUUSD,SELL_closed,0.10,4253.41000,7.10,0.00,0.00,7.10,
2026.08.05 18:49:33,55277615,61854677,XAUUSD,SELL_closed,0.10,4249.89000,0.00,0.00,0.00,0.00,
2026.08.05 18:50:19,55277682,61854705,XAUUSD,SELL_closed,0.10,4249.37000,3.40,0.00,0.00,3.40,
2026.08.05 18:59:56,55279478,61856627,XAUUSD,SELL_closed,0.10,4232.74000,3.10,0.00,0.00,3.10,
2026.08.05 19:35:21,55282829,61860196,XAUUSD,BUY_closed,0.10,4241.15000,-0.40,0.00,0.00,-0.40,
2026.08.05 19:36:10,55282847,61860225,XAUUSD,BUY_closed,0.10,4241.49000,3.10,0.00,0.00,3.10,
2026.08.05 19:41:07,55283278,61860603,XAUUSD,BUY_closed,0.10,4246.17000,6.00,0.00,0.00,6.00,
2026.08.05 19:52:48,55283847,61861215,XAUUSD,BUY_closed,0.10,4244.10000,1.10,0.00,0.00,1.10,
2026.08.05 19:53:40,55283956,61861251,XAUUSD,BUY_closed,0.10,4245.98000,15.40,0.00,0.00,15.40,
2026.08.05 20:34:51,55286918,61864546,XAUUSD,BUY_closed,0.10,4247.18000,4.70,0.00,0.00,4.70,
2026.08.05 20:35:05,55287003,61864676,XAUUSD,BUY_closed,0.10,4247.98000,2.70,0.00,0.00,2.70,
2026.08.05 20:49:35,55287674,61865366,XAUUSD,BUY_closed,0.10,4249.38000,-15.80,0.00,0.00,-15.80,
2026.08.05 20:57:40,55287974,61865684,XAUUSD,BUY_closed,0.10,4251.20000,-11.70,0.00,0.00,-11.70,
2026.08.05 21:01:59,55288272,61865987,XAUUSD,BUY_closed,0.10,4252.55000,1.50,0.00,0.00,1.50,
2026.08.05 21:02:12,55288317,61866032,XAUUSD,BUY_closed,0.10,4253.41000,7.70,0.00,0.00,7.70,
2026.08.05 21:05:30,55288524,61866247,XAUUSD,BUY_closed,0.10,4253.52000,2.50,0.00,0.00,2.50,
2026.08.05 21:05:42,55288531,61866303,XAUUSD,BUY_closed,0.10,4253.38000,1.50,0.00,0.00,1.50,
2026.08.05 21:19:18,55289304,61867110,XAUUSD,BUY_closed,0.10,4256.97000,4.70,0.00,0.00,4.70,
2026.08.05 21:53:33,55291374,61869407,XAUUSD,BUY_closed,0.60,4261.79000,-39.00,0.00,0.00,-39.00,
2026.08.05 22:07:42,55291893,61869995,XAUUSD,SELL_closed,0.30,4260.37000,-30.30,0.00,0.00,-30.30,
2026.08.05 22:09:53,55292043,61870081,XAUUSD,SELL_closed,0.10,4258.23000,10.60,0.00,0.00,10.60,
2026.08.06 01:11:34,55296487,61875203,XAUUSD,BUY_closed,0.30,4247.43000,-29.10,0.00,0.00,-29.10,
2026.08.06 01:30:05,55296716,61875459,XAUUSD,BUY_closed,0.30,4247.85000,-12.90,0.00,0.00,-12.90,
2026.08.06 01:30:36,55296742,61875495,XAUUSD,BUY_closed,0.30,4248.92000,8.40,0.00,0.00,8.40,
2026.08.06 01:35:50,55296871,61875549,XAUUSD,BUY_closed,0.10,4250.03000,5.10,0.00,0.00,5.10,
2026.08.06 01:37:26,55296889,61875602,XAUUSD,BUY_closed,0.10,4250.12000,1.10,0.00,0.00,1.10,
2026.08.06 02:13:07,55297952,61876639,XAUUSD,BUY_closed,0.10,4256.87000,32.30,0.00,0.00,32.30,
2026.08.06 02:28:50,55299024,61877972,XAUUSD,BUY_closed,0.10,4262.78000,4.70,0.00,0.00,4.70,
2026.08.06 02:34:55,55299312,61878243,XAUUSD,BUY_closed,0.10,4264.48000,1.00,0.00,0.00,1.00,
2026.08.06 02:37:10,55300058,61878344,XAUUSD,BUY_closed,0.10,4273.26000,76.10,0.00,0.00,76.10,
2026.08.06 02:39:58,55300537,61879636,XAUUSD,BUY_closed,0.10,4278.34000,-13.60,0.00,0.00,-13.60,
2026.08.06 02:40:55,55300625,61879724,XAUUSD,BUY_closed,0.10,4279.82000,-2.50,0.00,0.00,-2.50,
2026.08.06 02:41:14,55300645,61879760,XAUUSD,BUY_closed,0.10,4278.02000,-20.20,0.00,0.00,-20.20,
2026.08.06 02:43:16,55300832,61879966,XAUUSD,BUY_closed,0.10,4281.40000,5.70,0.00,0.00,5.70,
2026.08.06 02:44:14,55300920,61880081,XAUUSD,BUY_closed,0.10,4280.48000,-10.70,0.00,0.00,-10.70,
2026.08.06 02:49:50,55301752,61880975,XAUUSD,BUY_closed,0.10,4274.89000,-9.30,0.00,0.00,-9.30,
2026.08.06 02:52:25,55301896,61881150,XAUUSD,BUY_closed,0.10,4276.36000,-0.40,0.00,0.00,-0.40,
2026.08.06 03:19:56,55305421,61885089,XAUUSD,SELL_closed,0.10,4274.39000,-14.90,0.00,0.00,-14.90,
2026.08.06 03:21:30,55305939,61885621,XAUUSD,SELL_closed,0.10,4276.52000,-23.70,0.00,0.00,-23.70,
2026.08.06 03:34:00,55307761,61887604,XAUUSD,BUY_closed,0.10,4284.75000,13.10,0.00,0.00,13.10,
2026.08.06 03:34:11,55307868,61887787,XAUUSD,BUY_closed,0.10,4286.18000,1.00,0.00,0.00,1.00,
2026.08.06 03:48:01,55309683,61889925,XAUUSD,BUY_closed,0.10,4290.99000,-10.70,0.00,0.00,-10.70,
2026.08.06 03:50:47,55310193,61890526,XAUUSD,BUY_closed,0.10,4291.17000,3.00,0.00,0.00,3.00,
2026.08.06 03:51:03,55310284,61890546,XAUUSD,BUY_closed,0.10,4294.09000,13.20,0.00,0.00,13.20,
2026.08.06 03:51:34,55310346,61890648,XAUUSD,BUY_closed,0.10,4291.57000,-33.50,0.00,0.00,-33.50,
2026.08.06 03:55:02,55310623,61890990,XAUUSD,BUY_closed,0.10,4296.10000,2.40,0.00,0.00,2.40,
2026.08.06 04:01:49,55312026,61892641,XAUUSD,BUY_closed,0.10,4301.66000,-5.00,0.00,0.00,-5.00,
2026.08.06 04:01:58,55312129,61892714,XAUUSD,BUY_closed,0.10,4301.90000,8.20,0.00,0.00,8.20,
2026.08.06 04:20:48,55316304,61897585,XAUUSD,SELL_closed,0.10,4281.16000,0.80,0.00,0.00,0.80,
2026.08.06 04:21:15,55316408,61897702,XAUUSD,SELL_closed,0.10,4279.60000,0.90,0.00,0.00,0.90,
2026.08.06 04:29:10,55318038,61899573,XAUUSD,SELL_closed,0.10,4275.64000,-15.50,0.00,0.00,-15.50,
2026.08.06 04:49:20,55321551,61903647,XAUUSD,BUY_closed,0.10,4294.82000,-1.20,0.00,0.00,-1.20,
2026.08.06 05:04:51,55323481,61905826,XAUUSD,BUY_closed,0.10,4296.39000,7.30,0.00,0.00,7.30,
2026.08.06 05:05:27,55323663,61906054,XAUUSD,BUY_closed,0.10,4297.85000,-9.80,0.00,0.00,-9.80,
2026.08.06 05:17:42,55325095,61907562,XAUUSD,BUY_closed,0.10,4298.88000,-11.60,0.00,0.00,-11.60,
2026.08.06 05:32:19,55325982,61908538,XAUUSD,SELL_closed,0.10,4284.29000,-11.70,0.00,0.00,-11.70,
2026.08.06 05:33:05,55326021,61908574,XAUUSD,SELL_closed,0.10,4284.90000,-10.10,0.00,0.00,-10.10,
2026.08.06 05:40:42,55326456,61909017,XAUUSD,SELL_closed,0.10,4283.57000,-10.20,0.00,0.00,-10.20,
2026.08.06 05:41:10,55326485,61909083,XAUUSD,SELL_closed,0.10,4281.82000,0.20,0.00,0.00,0.20,
2026.08.06 05:46:47,55326812,61909451,XAUUSD,SELL_closed,0.10,4282.33000,-12.00,0.00,0.00,-12.00,
2026.08.06 05:48:44,55326904,61909511,XAUUSD,SELL_closed,0.10,4280.38000,8.20,0.00,0.00,8.20,
2026.08.06 05:49:12,55327054,61909703,XAUUSD,SELL_closed,0.10,4275.51000,0.70,0.00,0.00,0.70,
2026.08.06 05:59:36,55327571,61910282,XAUUSD,SELL_closed,0.10,4277.82000,1.90,0.00,0.00,1.90,
2026.08.06 06:00:35,55327647,61910405,XAUUSD,SELL_closed,0.10,4276.21000,2.30,0.00,0.00,2.30,
2026.08.06 07:08:46,55330851,61913623,XAUUSD,BUY_closed,0.10,4266.98000,2.50,0.00,0.00,2.50,
2026.08.06 07:09:43,55330877,61913640,XAUUSD,BUY_closed,0.10,4265.95000,-10.00,0.00,0.00,-10.00,
2026.08.06 07:09:46,55330879,61913631,XAUUSD,BUY_closed,0.10,4265.72000,-10.30,0.00,0.00,-10.30,
2026.08.06 07:10:45,55330888,61913716,XAUUSD,BUY_closed,0.10,4265.69000,-10.80,0.00,0.00,-10.80,
2026.08.06 07:10:45,55330889,61913714,XAUUSD,BUY_closed,0.10,4265.81000,-9.30,0.00,0.00,-9.30,
2026.08.06 07:23:54,55331320,61914153,XAUUSD,SELL_closed,0.10,4262.80000,-12.50,0.00,0.00,-12.50,
2026.08.06 07:24:06,55331350,61914171,XAUUSD,SELL_closed,0.10,4262.13000,6.70,0.00,0.00,6.70,
2026.08.06 07:50:35,55332730,61915560,XAUUSD,BUY_closed,0.10,4261.69000,6.10,0.00,0.00,6.10,
2026.08.06 07:50:58,55332742,61915567,XAUUSD,BUY_closed,0.10,4262.33000,10.10,0.00,0.00,10.10,
2026.08.06 07:51:27,55332763,61915585,XAUUSD,BUY_closed,0.10,4262.58000,10.30,0.00,0.00,10.30,
2026.08.06 07:51:27,55332764,61915581,XAUUSD,BUY_closed,0.10,4262.58000,10.00,0.00,0.00,10.00,
2026.08.06 07:51:45,55332768,61915591,XAUUSD,BUY_closed,0.10,4262.84000,10.30,0.00,0.00,10.30,
2026.08.06 07:51:45,55332771,61915590,XAUUSD,BUY_closed,0.10,4262.86000,11.20,0.00,0.00,11.20,
2026.08.06 07:55:18,55332950,61915801,XAUUSD,BUY_closed,0.10,4260.92000,-8.90,0.00,0.00,-8.90,
2026.08.06 08:02:27,55333126,61915972,XAUUSD,BUY_closed,0.10,4262.88000,-10.80,0.00,0.00,-10.80,
2026.08.06 08:34:47,55335108,61917994,XAUUSD,SELL_closed,0.10,4256.91000,-6.40,0.00,0.00,-6.40,
2026.08.06 08:51:23,55336356,61919286,XAUUSD,BUY_closed,0.10,4266.52000,0.90,0.00,0.00,0.90,
2026.08.06 08:51:24,55336357,61919259,XAUUSD,BUY_closed,0.10,4266.37000,4.90,0.00,0.00,4.90,
2026.08.06 08:51:44,55336367,61919305,XAUUSD,BUY_closed,0.10,4266.54000,3.30,0.00,0.00,3.30,
2026.08.06 08:58:54,55336748,61919692,XAUUSD,BUY_closed,0.10,4266.08000,-10.50,0.00,0.00,-10.50,
2026.08.06 08:59:43,55336800,61919737,XAUUSD,BUY_closed,0.10,4267.62000,4.50,0.00,0.00,4.50,
2026.08.06 09:02:30,55336977,61919914,XAUUSD,BUY_closed,0.10,4268.04000,2.60,0.00,0.00,2.60,
2026.08.06 09:06:58,55337041,61919917,XAUUSD,BUY_closed,0.10,4266.59000,-10.50,0.00,0.00,-10.50,
2026.08.06 09:32:13,55338729,61921704,XAUUSD,SELL_closed,0.10,4255.85000,-9.90,0.00,0.00,-9.90,
2026.08.06 09:32:14,55338731,61921712,XAUUSD,SELL_closed,0.10,4255.85000,-9.40,0.00,0.00,-9.40,
2026.08.06 09:32:17,55338732,61921715,XAUUSD,SELL_closed,0.10,4256.00000,-10.20,0.00,0.00,-10.20,
2026.08.06 09:35:05,55338850,61921818,XAUUSD,SELL_closed,0.10,4254.33000,4.70,0.00,0.00,4.70,
2026.08.06 09:37:11,55338976,61921939,XAUUSD,SELL_closed,0.10,4253.42000,1.60,0.00,0.00,1.60,
2026.08.06 10:06:11,55340490,61923461,XAUUSD,BUY_closed,0.10,4257.10000,9.80,0.00,0.00,9.80,
2026.08.06 10:06:12,55340499,61923446,XAUUSD,BUY_closed,0.10,4256.89000,0.90,0.00,0.00,0.90,
2026.08.06 10:07:20,55340548,61923470,XAUUSD,BUY_closed,0.10,4257.42000,10.10,0.00,0.00,10.10,
2026.08.06 10:07:21,55340549,61923472,XAUUSD,BUY_closed,0.10,4257.50000,10.60,0.00,0.00,10.60,
2026.08.06 10:07:22,55340558,61923467,XAUUSD,BUY_closed,0.10,4257.78000,12.20,0.00,0.00,12.20,
2026.08.06 10:07:22,55340562,61923465,XAUUSD,BUY_closed,0.10,4258.16000,16.20,0.00,0.00,16.20,
2026.08.06 10:19:57,55341336,61924347,XAUUSD,BUY_closed,0.10,4264.68000,7.50,0.00,0.00,7.50,
2026.08.06 10:19:58,55341340,61924344,XAUUSD,BUY_closed,0.10,4264.36000,5.30,0.00,0.00,5.30,
2026.08.06 10:19:59,55341348,61924342,XAUUSD,BUY_closed,0.10,4264.21000,10.20,0.00,0.00,10.20,
2026.08.06 10:20:10,55341364,61924431,XAUUSD,BUY_closed,0.10,4263.91000,-11.30,0.00,0.00,-11.30,
2026.08.06 10:20:29,55341376,61924354,XAUUSD,BUY_closed,0.10,4263.12000,-10.80,0.00,0.00,-10.80,
2026.08.06 10:20:30,55341381,61924348,XAUUSD,BUY_closed,0.10,4262.94000,-11.20,0.00,0.00,-11.20,
2026.08.06 10:51:32,55343141,61926295,XAUUSD,SELL_closed,0.10,4255.83000,-10.40,0.00,0.00,-10.40,
2026.08.06 10:52:36,55343202,61926349,XAUUSD,SELL_closed,0.10,4253.33000,1.40,0.00,0.00,1.40,
2026.08.06 10:52:55,55343220,61926385,XAUUSD,SELL_closed,0.10,4253.74000,-10.30,0.00,0.00,-10.30,
2026.08.06 11:19:31,55345261,61928386,XAUUSD,BUY_closed,0.10,4270.22000,-0.30,0.00,0.00,-0.30,
2026.08.06 11:20:14,55345292,61928439,XAUUSD,BUY_closed,0.10,4267.89000,-17.20,0.00,0.00,-17.20,
2026.08.06 11:25:07,55345795,61928934,XAUUSD,BUY_closed,0.10,4266.94000,6.90,0.00,0.00,6.90,
2026.08.06 11:25:13,55345798,61928950,XAUUSD,BUY_closed,0.10,4265.97000,-10.40,0.00,0.00,-10.40,
2026.08.06 11:29:09,55346121,61929171,XAUUSD,BUY_closed,0.10,4268.99000,10.60,0.00,0.00,10.60,
2026.08.06 11:33:45,55346644,61929796,XAUUSD,BUY_closed,0.10,4272.53000,-10.50,0.00,0.00,-10.50,
2026.08.06 11:35:22,55346769,61929897,XAUUSD,BUY_closed,0.10,4274.41000,6.10,0.00,0.00,6.10,
2026.08.06 11:36:27,55346798,61929963,XAUUSD,BUY_closed,0.10,4273.56000,-10.50,0.00,0.00,-10.50,
2026.08.06 11:40:50,55347074,61930313,XAUUSD,BUY_closed,0.10,4272.75000,-12.00,0.00,0.00,-12.00,
2026.08.06 11:50:15,55347621,61930861,XAUUSD,BUY_closed,0.10,4275.22000,5.10,0.00,0.00,5.10,
2026.08.06 11:50:15,55347624,61930849,XAUUSD,BUY_closed,0.10,4275.26000,3.30,0.00,0.00,3.30,
2026.08.06 11:50:42,55347795,61931051,XAUUSD,BUY_closed,0.10,4274.09000,-8.50,0.00,0.00,-8.50,
2026.08.06 11:50:50,55347807,61931054,XAUUSD,BUY_closed,0.10,4273.58000,-10.50,0.00,0.00,-10.50,
2026.08.06 11:50:58,55347813,61931063,XAUUSD,BUY_closed,0.10,4273.44000,-10.90,0.00,0.00,-10.90,
2026.08.06 11:59:27,55348185,61931350,XAUUSD,BUY_closed,0.10,4278.42000,7.10,0.00,0.00,7.10,
2026.08.06 12:14:53,55350466,61933785,XAUUSD,BUY_closed,0.10,4279.50000,2.70,0.00,0.00,2.70,
2026.08.06 12:14:54,55350469,61933781,XAUUSD,BUY_closed,0.10,4279.55000,6.00,0.00,0.00,6.00,
2026.08.06 12:14:54,55350474,61933778,XAUUSD,BUY_closed,0.10,4279.49000,4.10,0.00,0.00,4.10,
2026.08.06 12:15:35,55350617,61933886,XAUUSD,BUY_closed,0.10,4280.76000,1.20,0.00,0.00,1.20,
2026.08.06 12:22:00,55350915,61934247,XAUUSD,BUY_closed,0.10,4282.99000,0.20,0.00,0.00,0.20,
2026.08.06 12:29:31,55351436,61934772,XAUUSD,BUY_closed,0.10,4282.50000,3.20,0.00,0.00,3.20,
2026.08.06 12:29:31,55351442,61934771,XAUUSD,BUY_closed,0.10,4282.51000,3.60,0.00,0.00,3.60,
2026.08.06 12:29:31,55351446,61934760,XAUUSD,BUY_closed,0.10,4282.51000,2.70,0.00,0.00,2.70,
2026.08.06 12:37:11,55351984,61935327,XAUUSD,SELL_closed,0.10,4277.56000,5.10,0.00,0.00,5.10,
2026.08.06 12:41:38,55352311,61935653,XAUUSD,SELL_closed,0.10,4275.29000,4.30,0.00,0.00,4.30,
2026.08.06 12:55:11,55353229,61936584,XAUUSD,SELL_closed,0.10,4272.40000,-8.50,0.00,0.00,-8.50,
2026.08.06 12:55:18,55353232,61936598,XAUUSD,SELL_closed,0.10,4272.66000,-10.00,0.00,0.00,-10.00,
2026.08.06 12:55:25,55353233,61936611,XAUUSD,SELL_closed,0.10,4272.69000,-9.60,0.00,0.00,-9.60,
2026.08.06 12:55:26,55353234,61936605,XAUUSD,SELL_closed,0.10,4272.74000,-10.30,0.00,0.00,-10.30,
2026.08.06 12:55:26,55353235,61936610,XAUUSD,SELL_closed,0.10,4272.78000,-10.20,0.00,0.00,-10.20,
2026.08.06 12:55:27,55353237,61936608,XAUUSD,SELL_closed,0.10,4272.78000,-10.40,0.00,0.00,-10.40,
2026.08.06 13:01:09,55353379,61936780,XAUUSD,SELL_closed,0.10,4271.67000,0.90,0.00,0.00,0.90,
2026.08.06 13:01:37,55353428,61936847,XAUUSD,SELL_closed,0.10,4271.75000,-9.50,0.00,0.00,-9.50,
2026.08.06 13:04:09,55353558,61936976,XAUUSD,SELL_closed,0.10,4271.54000,0.90,0.00,0.00,0.90,
2026.08.06 13:04:30,55353562,61936989,XAUUSD,SELL_closed,0.10,4272.41000,-9.70,0.00,0.00,-9.70,
2026.08.06 13:05:53,55353681,61937061,XAUUSD,SELL_closed,0.10,4270.17000,0.20,0.00,0.00,0.20,
2026.08.06 13:12:34,55353958,61937381,XAUUSD,SELL_closed,0.10,4270.11000,-12.50,0.00,0.00,-12.50,
2026.08.06 13:21:49,55354355,61937835,XAUUSD,SELL_closed,0.10,4268.92000,-7.80,0.00,0.00,-7.80,
2026.08.06 13:23:47,55354426,61937914,XAUUSD,SELL_closed,0.10,4269.81000,-9.50,0.00,0.00,-9.50,
2026.08.06 13:32:48,55354900,61938423,XAUUSD,BUY_closed,0.10,4268.95000,1.10,0.00,0.00,1.10,
2026.08.06 13:58:45,55355933,61939473,XAUUSD,BUY_closed,0.10,4270.29000,-9.90,0.00,0.00,-9.90,
2026.08.06 14:00:31,55356097,61939552,XAUUSD,BUY_closed,0.10,4271.63000,2.00,0.00,0.00,2.00,
2026.08.06 14:03:26,55356336,61939881,XAUUSD,BUY_closed,0.10,4272.07000,-10.40,0.00,0.00,-10.40,
2026.08.06 14:18:56,55357512,61941074,XAUUSD,SELL_closed,0.10,4265.97000,3.60,0.00,0.00,3.60,
2026.08.06 14:18:56,55357514,61941069,XAUUSD,SELL_closed,0.10,4266.01000,0.40,0.00,0.00,0.40,
2026.08.06 14:18:56,55357515,61941062,XAUUSD,SELL_closed,0.10,4266.03000,-0.10,0.00,0.00,-0.10,
2026.08.06 14:18:56,55357516,61941045,XAUUSD,SELL_closed,0.10,4266.03000,0.60,0.00,0.00,0.60,
2026.08.06 14:18:57,55357517,61941030,XAUUSD,SELL_closed,0.10,4266.03000,0.20,0.00,0.00,0.20,
2026.08.06 14:18:57,55357518,61940992,XAUUSD,SELL_closed,0.10,4266.03000,1.20,0.00,0.00,1.20,
2026.08.06 14:41:26,55359214,61942782,XAUUSD,SELL_closed,0.10,4260.42000,-0.70,0.00,0.00,-0.70,
2026.08.06 14:43:15,55359299,61942900,XAUUSD,SELL_closed,0.10,4260.24000,1.00,0.00,0.00,1.00,
2026.08.06 14:44:05,55359319,61942933,XAUUSD,SELL_closed,0.10,4261.26000,-10.10,0.00,0.00,-10.10,
2026.08.06 15:10:25,55361958,61945633,XAUUSD,BUY_closed,0.10,4258.48000,-10.80,0.00,0.00,-10.80,
2026.08.06 16:05:44,55367570,61951291,XAUUSD,SELL_closed,0.10,4248.16000,-11.10,0.00,0.00,-11.10,
2026.08.06 16:40:46,55373757,61957580,XAUUSD,BUY_closed,0.10,4264.74000,1.50,0.00,0.00,1.50,
2026.08.06 17:08:01,55377977,61961872,XAUUSD,BUY_closed,0.10,4269.82000,-9.50,0.00,0.00,-9.50,
2026.08.06 17:11:47,55378623,61962516,XAUUSD,BUY_closed,0.10,4273.94000,-10.60,0.00,0.00,-10.60,
2026.08.06 17:14:29,55378972,61962889,XAUUSD,BUY_closed,0.10,4269.96000,1.90,0.00,0.00,1.90,
2026.08.06 17:19:26,55379739,61963642,XAUUSD,BUY_closed,0.10,4265.50000,-10.20,0.00,0.00,-10.20,
2026.08.06 17:19:27,55379744,61963650,XAUUSD,BUY_closed,0.10,4265.13000,-11.60,0.00,0.00,-11.60,
2026.08.06 17:43:58,55382128,61966093,XAUUSD,BUY_closed,0.10,4273.70000,-8.60,0.00,0.00,-8.60,
2026.08.06 17:43:58,55382129,61966086,XAUUSD,BUY_closed,0.10,4273.68000,-11.60,0.00,0.00,-11.60,
2026.08.06 18:28:14,55386882,61970969,XAUUSD,SELL_closed,0.10,4255.20000,5.10,0.00,0.00,5.10,
2026.08.06 18:28:37,55386902,61970992,XAUUSD,SELL_closed,0.10,4254.79000,2.60,0.00,0.00,2.60,
2026.08.06 18:33:37,55387367,61971487,XAUUSD,SELL_closed,0.10,4253.24000,-1.40,0.00,0.00,-1.40,
2026.08.06 18:51:22,55389023,61973236,XAUUSD,SELL_closed,0.10,4246.86000,4.60,0.00,0.00,4.60,
2026.08.06 19:02:08,55390913,61975218,XAUUSD,SELL_closed,0.10,4233.72000,-14.40,0.00,0.00,-14.40,
2026.08.06 19:23:55,55393884,61978246,XAUUSD,SELL_closed,0.10,4225.03000,2.80,0.00,0.00,2.80,
2026.08.06 19:24:41,55393948,61978314,XAUUSD,SELL_closed,0.10,4224.14000,6.30,0.00,0.00,6.30,
2026.08.06 19:28:24,55394250,61978675,XAUUSD,SELL_closed,0.10,4228.00000,-13.80,0.00,0.00,-13.80,
2026.08.06 20:07:01,55395973,61980675,XAUUSD,BUY_closed,0.10,4241.67000,-10.70,0.00,0.00,-10.70,
2026.08.06 21:07:03,55398021,61983385,XAUUSD,BUY_closed,0.10,4246.97000,-12.30,0.00,0.00,-12.30,
2026.08.06 23:39:19,55404093,61989569,XAUUSD,SELL_closed,0.10,4240.56000,5.80,0.00,0.00,5.80,
2026.08.07 01:24:51,55405710,61991260,XAUUSD,BUY_closed,0.10,4242.12000,2.30,0.00,0.00,2.30,
2026.08.07 01:45:15,55406242,61991869,XAUUSD,SELL_closed,0.10,4239.30000,1.10,0.00,0.00,1.10,
2026.08.07 02:04:30,55406678,61992429,XAUUSD,BUY_closed,0.10,4240.65000,-24.70,0.00,0.00,-24.70,
2026.08.07 03:00:00,55408542,61994383,XAUUSD,BUY_closed,0.10,4251.66000,-10.40,0.00,0.00,-10.40,
2026.08.07 03:35:56,55410786,61996567,XAUUSD,SELL_closed,0.10,4239.89000,5.90,0.00,0.00,5.90,
2026.08.07 03:38:45,55411337,61997147,XAUUSD,SELL_closed,0.10,4236.39000,10.80,0.00,0.00,10.80,
2026.08.07 03:59:58,55412791,61998668,XAUUSD,SELL_closed,0.10,4232.95000,-30.50,0.00,0.00,-30.50,[sl 4232.95]
2026.08.07 04:07:20,55414267,62000167,XAUUSD,BUY_closed,0.10,4243.91000,2.50,0.00,0.00,2.50,
2026.08.07 04:27:57,55416567,62002534,XAUUSD,BUY_closed,0.10,4245.34000,1.10,0.00,0.00,1.10,
2026.08.07 09:04:35,55434520,62020835,XAUUSD,BUY_closed,0.10,4281.57000,2.90,0.00,0.00,2.90,
2026.08.07 09:11:37,55435208,62021859,XAUUSD,BUY_closed,0.10,4285.44000,2.50,0.00,0.00,2.50,
2026.08.07 09:48:24,55438952,62026192,XAUUSD,BUY_closed,0.10,4294.24000,2.70,0.00,0.00,2.70,
2026.08.07 10:16:31,55441208,62028630,XAUUSD,SELL_closed,0.10,4289.56000,4.60,0.00,0.00,4.60,
2026.08.07 10:21:00,55441398,62028884,XAUUSD,SELL_closed,0.10,4291.75000,-9.70,0.00,0.00,-9.70,
2026.08.07 10:23:22,55441445,62028926,XAUUSD,SELL_closed,0.10,4290.67000,1.00,0.00,0.00,1.00,
2026.08.07 10:38:00,55442311,62029837,XAUUSD,SELL_closed,0.10,4287.75000,-4.90,0.00,0.00,-4.90,
2026.08.07 10:39:42,55442347,62029863,XAUUSD,SELL_closed,0.10,4286.74000,1.90,0.00,0.00,1.90,
2026.08.07 10:49:13,55442988,62030588,XAUUSD,SELL_closed,0.10,4283.21000,3.40,0.00,0.00,3.40,
2026.08.07 12:33:24,55451354,62039181,XAUUSD,BUY_closed,0.10,4305.34000,3.40,0.00,0.00,3.40,
2026.08.07 12:36:00,55451478,62039293,XAUUSD,SELL_closed,0.10,4304.69000,-17.10,0.00,0.00,-17.10,
2026.08.07 12:52:41,55453382,62041281,XAUUSD,BUY_closed,0.10,4319.49000,5.20,0.00,0.00,5.20,
2026.08.07 13:19:23,55455302,62043383,XAUUSD,SELL_closed,0.10,4311.18000,-21.00,0.00,0.00,-21.00,[sl 4311.12]
2026.08.07 13:36:30,55456504,62044642,XAUUSD,BUY_closed,0.10,4317.34000,3.40,0.00,0.00,3.40,
2026.08.07 13:42:26,55456749,62044906,XAUUSD,BUY_closed,0.10,4317.84000,4.30,0.00,0.00,4.30,
2026.08.07 14:13:48,55458701,62046903,XAUUSD,BUY_closed,0.10,4322.66000,-30.20,0.00,0.00,-30.20,[sl 4322.68]
2026.08.07 14:43:00,55461263,62049786,XAUUSD,BUY_closed,0.10,4323.45000,-19.30,0.00,0.00,-19.30,
2026.08.07 15:15:17,55464387,62053071,XAUUSD,SELL_closed,0.10,4314.42000,4.90,0.00,0.00,4.90,
2026.08.07 19:03:34,55508118,62098818,XAUUSD,SELL_closed,0.10,4339.44000,4.70,0.00,0.00,4.70,
2026.08.07 20:15:10,55513857,62104717,XAUUSD,SELL_closed,0.10,4335.23000,1.30,0.00,0.00,1.30,
2026.08.07 20:16:00,55513897,62104758,XAUUSD,SELL_closed,0.10,4336.32000,-14.70,0.00,0.00,-14.70,
2026.08.07 20:17:06,55513970,62104811,XAUUSD,SELL_closed,0.10,4334.14000,4.90,0.00,0.00,4.90,
2026.08.07 22:00:00,55518090,62109032,XAUUSD,SELL_closed,0.10,4335.53000,-21.90,0.00,0.00,-21.90,
2026.08.07 22:00:00,55518095,62109022,XAUUSD,SELL_closed,0.10,4335.93000,-24.50,0.00,0.00,-24.50,
2026.08.07 22:00:00,55518101,62109020,XAUUSD,SELL_closed,0.10,4335.87000,-24.00,0.00,0.00,-24.00,
2026.08.07 22:10:03,55518878,62109864,XAUUSD,BUY_closed,0.10,4345.14000,3.00,0.00,0.00,3.00,
2026.08.07 22:10:03,55518882,62109853,XAUUSD,BUY_closed,0.10,4345.18000,3.10,0.00,0.00,3.10,
2026.08.07 23:03:37,55520883,62111873,XAUUSD,BUY_closed,0.02,4343.51000,-1.38,0.00,0.00,-1.38,
2026.08.07 23:11:27,55521232,62112210,XAUUSD,SELL_closed,0.10,4338.39000,2.60,0.00,0.00,2.60,
2026.08.08 11:44:17,55522653,62113669,BTCUSD,BUY_closed,0.10,64966.00000,-2.30,0.00,0.00,-2.30,[sl 64966.80]
2026.08.08 12:30:23,55522732,62113745,BTCUSD,BUY_closed,0.10,64989.00000,0.20,0.00,0.00,0.20,
2026.08.08 13:15:30,55522747,62113758,BTCUSD,SELL_closed,0.20,64979.00000,-6.40,0.00,0.00,-6.40,
2026.08.08 13:29:44,55522753,62113767,BTCUSD,BUY_closed,0.20,64975.00000,0.20,0.00,0.00,0.20,
2026.08.08 14:11:15,55522778,62113782,BTCUSD,SELL_closed,0.20,64991.00000,-6.80,0.00,0.00,-6.80,[sl 64989.57]
2026.08.08 23:49:43,55523243,62114234,BTCUSD,BUY_closed,0.20,65040.00000,0.60,0.00,0.00,0.60,
2026.08.09 00:29:29,55523254,62114241,BTCUSD,SELL_closed,0.20,64983.00000,1.80,0.00,0.00,1.80,[tp 64986.88]
2026.08.09 01:02:53,55523312,62114296,BTCUSD,SELL_closed,0.10,65007.00000,-4.60,0.00,0.00,-4.60,[sl 65003.82]
2026.08.09 02:16:35,55523353,62114351,BTCUSD,SELL_closed,0.10,64915.00000,-3.40,0.00,0.00,-3.40,[sl 64906.22]
2026.08.09 22:48:55,55524119,62115056,BTCUSD,SELL_closed,0.20,65136.00000,1.40,0.00,0.00,1.40,
2026.08.09 22:55:30,55524123,62115062,BTCUSD,SELL_closed,0.10,65153.00000,-2.40,0.00,0.00,-2.40,[sl 65152.58]
2026.08.10 14:05:38,55575200,62167777,XAUUSD,SELL_closed,0.10,4334.84000,0.40,0.00,0.00,0.40,[sl 4334.83]
2026.08.10 14:05:40,55575201,62167776,XAUUSD,SELL_closed,0.10,4334.85000,0.00,0.00,0.00,0.00,[sl 4334.80]
2026.08.10 14:06:56,55575277,62167778,XAUUSD,SELL_closed,0.10,4334.79000,-0.40,0.00,0.00,-0.40,[sl 4334.70]
2026.08.10 15:49:31,55582420,62175481,XAUUSD,BUY_closed,0.10,4332.35000,0.70,0.00,0.00,0.70,
2026.08.10 15:49:31,55582421,62175480,XAUUSD,BUY_closed,0.10,4332.36000,4.00,0.00,0.00,4.00,
2026.08.10 15:49:41,55582424,62175486,XAUUSD,BUY_closed,0.10,4332.48000,0.20,0.00,0.00,0.20,[sl 4332.51]
2026.08.10 17:23:13,55596067,62189466,XAUUSD,BUY_closed,0.10,4338.42000,0.10,0.00,0.00,0.10,[sl 4338.46]
2026.08.10 17:23:19,55596079,62189474,XAUUSD,BUY_closed,0.10,4337.80000,-10.10,0.00,0.00,-10.10,
2026.08.10 20:00:42,55609053,62203770,XAUUSD,BUY_closed,0.10,4356.95000,-0.50,0.00,0.00,-0.50,[sl 4357.05]
2026.08.10 20:01:08,55609066,62203766,XAUUSD,BUY_closed,0.10,4356.30000,-10.00,0.00,0.00,-10.00,
2026.08.10 20:01:16,55609082,62203769,XAUUSD,BUY_closed,0.10,4357.30000,0.50,0.00,0.00,0.50,[sl 4357.30]
2026.08.10 20:14:29,55609670,62204384,XAUUSD,BUY_closed,0.10,4357.07000,-0.60,0.00,0.00,-0.60,[sl 4357.18]
2026.08.10 20:14:29,55609671,62204383,XAUUSD,BUY_closed,0.10,4357.06000,0.50,0.00,0.00,0.50,[sl 4357.06]
2026.08.10 20:14:50,55609678,62204386,XAUUSD,BUY_closed,0.10,4357.40000,0.50,0.00,0.00,0.50,[sl 4357.40]
2026.08.10 22:34:23,55616596,62210927,XAUUSD,BUY_closed,0.10,4386.79000,0.20,0.00,0.00,0.20,[sl 4386.82]
2026.08.11 01:51:44,55619864,62215791,XAUUSD,BUY_closed,0.10,4399.44000,10.00,0.00,0.00,10.00,[tp 4399.44]
2026.08.11 01:51:44,55619865,62215792,XAUUSD,BUY_closed,0.10,4399.44000,10.20,0.00,0.00,10.20,[tp 4399.44]
2026.08.11 01:51:44,55619865,62215792,XAUUSD,BUY_closed,0.10,4399.44000,10.20,0.00,0.00,10.20,[tp 4399.44]
2026.08.11 01:51:44,55619866,62215793,XAUUSD,BUY_closed,0.10,4399.44000,10.20,0.00,0.00,10.20,[tp 4399.44]
2026.08.11 01:51:44,55619867,62215794,XAUUSD,BUY_closed,0.10,4399.44000,10.20,0.00,0.00,10.20,[tp 4399.44]
2026.08.11 07:32:25,55643926,62242058,XAUUSD,BUY_closed,0.10,4417.39000,10.70,0.00,0.00,10.70,[tp 4417.34]
2026.08.11 07:32:25,55643927,62242059,XAUUSD,BUY_closed,0.10,4417.39000,10.60,0.00,0.00,10.60,[tp 4417.34]
2026.08.11 07:32:25,55643929,62242061,XAUUSD,BUY_closed,0.10,4417.39000,10.30,0.00,0.00,10.30,[tp 4417.34]
2026.08.11 07:32:25,55643929,62242061,XAUUSD,BUY_closed,0.10,4417.39000,10.30,0.00,0.00,10.30,[tp 4417.34]
2026.08.11 07:32:25,55643930,62242062,XAUUSD,BUY_closed,0.10,4417.39000,10.30,0.00,0.00,10.30,[tp 4417.34]
2026.08.11 08:50:11,55652113,62250918,XAUUSD,SELL_closed,0.10,4370.86000,13.60,0.00,0.00,13.60,[tp 4371.21]
2026.08.11 08:50:11,55652115,62250925,XAUUSD,SELL_closed,0.10,4370.86000,11.30,0.00,0.00,11.30,[tp 4371.21]
2026.08.11 08:50:11,55652116,62250931,XAUUSD,SELL_closed,0.10,4370.86000,11.40,0.00,0.00,11.40,[tp 4371.21]
2026.08.11 08:50:11,55652116,62250931,XAUUSD,SELL_closed,0.10,4370.86000,11.40,0.00,0.00,11.40,[tp 4371.21]
2026.08.11 08:50:11,55652117,62250934,XAUUSD,SELL_closed,0.10,4370.86000,11.20,0.00,0.00,11.20,[tp 4371.21]
