1790546640,21
1790546700,346
1790546760,231
1790546820,241
1790546880,253
1790546940,219
1790547000,217
1790547060,189
1790547120,142
1790547180,379
1790547240,466
1790547300,209
1790547360,197
1790547420,201
1790547480,318
1790547540,128
1790547600,338
1790547660,170
1790547720,220
1790547780,84
1790547840,194
1790547900,308
1790547960,236
1790548020,144
1790548080,238
1790548140,218
1790548200,283
1790548260,273
1790548320,184
1790548380,254
1790548440,342
1790548500,399
1790548560,238
1790548620,297
1790548680,242
1790548740,234
1790548800,257
1790548860,224
1790548920,149
1790548980,160
1790549040,200
1790549100,418
1790549160,411
1790549220,212
1790549280,191
1790549340,158
1790549400,315
1790549460,320
1790549520,264
1790549580,183
1790549640,359
1790549700,321
1790549760,358
1790549820,342
1790549880,198
1790549940,187
1790550000,460
1790550060,329
1790550120,681
1790550180,472
1790550240,356
1790550300,332
1790550360,386
1790550420,245
1790550480,267
1790550540,127
1790550600,151
1790550660,156
1790550720,186
1790550780,103
1790550840,53
1790550900,113
1790550960,92
1790551020,46
1790551080,57
1790551140,96
1790551200,81
1790551260,44
1790551320,83
1790551380,68
1790551440,102
1790551500,47
1790551560,74
1790551620,110
1790551680,54
1790551740,167
1790551800,117
1790551860,178
1790551920,166
1790551980,135
1790552040,190
1790552100,187
1790552160,119
1790552220,119
1790552280,160
1790552340,113
1790552400,169
1790552460,211
1790552520,174
1790552580,278
1790552640,171
1790552700,564
1790552760,339
1790552820,429
1790552880,487
1790552940,354
1790553000,443
1790553060,420
1790553120,599
1790553180,455
1790553240,348
1790553300,315
1790553360,266
1790553420,308
1790553480,446
1790553540,352
1790553600,1214
1790553660,1075
1790553720,1246
1790553780,661
1790553840,471
1790553900,571
1790553960,654
1790554020,620
1790554080,406
1790554140,520
1790554200,386
1790554260,391
1790554320,494
1790554380,579
1790554440,523
1790554500,644
1790554560,666
1790554620,334
1790554680,287
1790554740,505
1790554800,603
1790554860,478
1790554920,690
1790554980,415
1790555040,372
1790555100,559
1790555160,501
1790555220,409
1790555280,554
1790555340,738
1790555400,744
1790555460,2244
1790555520,1305
1790555580,1343
1790555640,1237
1790555700,1315
1790555760,1285
1790555820,772
1790555880,735
1790555940,1148
1790556000,1244
1790556060,940
1790556120,1116
1790556180,979
1790556240,996
1790556300,898
1790556360,1016
1790556420,1109
1790556480,820
1790556540,1030
1790556600,1189
1790556660,1115
1790556720,1197
1790556780,888
1790556840,1011
1790556900,1619
1790556960,1118
1790557020,1657
1790557080,1225
1790557140,1461
1790557200,2937
1790557260,2275
1790557320,1999
1790557380,1905
1790557440,1520
1790557500,1821
1790557560,1616
1790557620,1330
1790557680,1453
1790557740,1576
1790557800,1550
1790557860,1084
1790557920,1417
1790557980,1458
1790558040,1105
1790558100,1467
1790558160,1294
1790558220,1233
1790558280,860
1790558340,844
1790558400,863
1790558460,1047
1790558520,1077
1790558580,1204
1790558640,857
1790558700,745
1790558760,786
1790558820,808
1790558880,1004
1790558940,617
1790559000,1007
1790559060,674
1790559120,1199
1790559180,1006
1790559240,873
1790559300,1051
1790559360,789
1790559420,586
1790559480,814
1790559540,628
1790559600,675
1790559660,721
1790559720,808
1790559780,498
1790559840,1028
1790559900,769
1790559960,618
1790560020,548
1790560080,793
1790560140,585
1790560200,717
1790560260,514
1790560320,462
1790560380,406
1790560440,566
1790560500,596
1790560560,592
1790560620,593
1790560680,503
1790560740,434
1790560800,692
1790560860,648
1790560920,620
1790560980,958
1790561040,608
1790561100,592
1790561160,724
1790561220,1098
1790561280,937
1790561340,839
1790561400,681
1790561460,625
1790561520,787
1790561580,677
1790561640,657
1790561700,673
1790561760,697
1790561820,483
1790561880,551
1790561940,598
1790562000,578
1790562060,583
1790562120,513
1790562180,454
1790562240,370
1790562300,422
1790562360,443
1790562420,371
1790562480,367
1790562540,327
1790562600,1207
1790562660,765
1790562720,889
1790562780,1005
1790562840,557
1790562900,756
1790562960,545
1790563020,702
1790563080,662
1790563140,618
1790563200,640
1790563260,694
1790563320,598
1790563380,616
1790563440,571
1790563500,567
1790563560,647
1790563620,492
1790563680,685
1790563740,491
1790563800,478
1790563860,830
1790563920,573
1790563980,560
1790564040,693
1790564100,1126
1790564160,676
1790564220,626
1790564280,816
1790564340,413
1790564400,666
1790564460,752
1790564520,793
1790564580,647
1790564640,585
1790564700,572
1790564760,408
1790564820,384
1790564880,598
1790564940,379
1790565000,382
1790565060,406
1790565120,373
1790565180,487
1790565240,476
1790565300,603
1790565360,623
1790565420,405
1790565480,360
1790565540,449
1790565600,475
1790565660,338
1790565720,477
1790565780,403
1790565840,451
1790565900,436
1790565960,419
1790566020,466
1790566080,372
1790566140,373
1790566200,436
1790566260,504
1790566320,509
1790566380,453
1790566440,616
1790566500,607
1790566560,641
1790566620,567
1790566680,424
1790566740,513
1790566800,445
1790566860,477
1790566920,481
1790566980,416
1790567040,375
1790567100,370
1790567160,566
1790567220,661
1790567280,454
1790567340,482
1790567400,488
1790567460,465
1790567520,515
1790567580,480
1790567640,698
1790567700,432
1790567760,277
1790567820,165
1790567880,321
1790567940,259
1790568000,381
1790568060,446
1790568120,278
1790568180,343
1790568240,339
1790568300,358
1790568360,347
1790568420,344
1790568480,315
1790568540,354
1790568600,259
1790568660,300
1790568720,260
1790568780,198
1790568840,248
1790568900,359
1790568960,385
1790569020,358
1790569080,262
1790569140,355
1790569200,343
1790569260,352
1790569320,255
1790569380,388
1790569440,252
1790569500,311
1790569560,406
1790569620,230
1790569680,191
1790569740,249
1790569800,220
1790569860,226
1790569920,237
1790569980,206
1790570040,326
1790570100,216
1790570160,227
1790570220,250
1790570280,294
1790570340,152
1790570400,230
1790570460,169
1790570520,203
1790570580,220
1790570640,234
1790570700,256
1790570760,228
1790570820,211
1790570880,285
1790570940,213
1790571000,293
1790571060,209
1790571120,247
1790571180,175
1790571240,312
1790571300,224
1790571360,160
1790571420,131
1790571480,172
1790571540,479
1790571600,491
1790571660,428
1790571720,434
1790571780,222
1790571840,269
1790571900,556
1790571960,359
1790572020,482
1790572080,388
1790572140,523
1790572200,681
1790572260,369
1790572320,400
1790572380,373
1790572440,506
1790572500,353
1790572560,541
1790572620,621
1790572680,508
1790572740,479
1790572800,339
1790572860,430
1790572920,662
1790572980,373
1790573040,355
1790573100,464
1790573160,306
1790573220,314
1790573280,559
1790573340,689
1790573400,1508
1790573460,1215
1790573520,1417
1790573580,1322
1790573640,689
1790573700,630
1790573760,567
1790573820,407
1790573880,548
1790573940,785
1790574000,498
1790574060,545
1790574120,671
1790574180,457
1790574240,735
1790574300,616
1790574360,601
1790574420,643
1790574480,643
1790574540,692
1790574600,678
1790574660,543
1790574720,335
1790574780,372
1790574840,431
1790574900,676
1790574960,510
1790575020,640
1790575080,601
1790575140,453
1790575200,870
1790575260,701
1790575320,464
1790575380,529
1790575440,424
1790575500,511
1790575560,748
1790575620,539
1790575680,550
1790575740,552
1790575800,468
1790575860,565
1790575920,430
1790575980,497
1790576040,688
1790576100,656
1790576160,587
1790576220,450
1790576280,434
1790576340,651
1790576400,619
1790576460,726
1790576520,808
1790576580,526
1790576640,392
1790576700,392
1790576760,729
1790576820,567
1790576880,609
1790576940,488
1790577000,753
1790577060,869
1790577120,509
1790577180,840
1790577240,576
1790577300,785
1790577360,561
1790577420,726
1790577480,510
1790577540,597
1790577600,732
1790577660,765
1790577720,690
1790577780,603
1790577840,658
1790577900,595
1790577960,326
1790578020,436
1790578080,537
1790578140,501
1790578200,523
1790578260,409
1790578320,462
1790578380,381
1790578440,652
1790578500,805
1790578560,791
1790578620,740
1790578680,643
1790578740,764
1790578800,1368
1790578860,907
1790578920,927
1790578980,1424
1790579040,856
1790579100,1266
1790579160,1225
1790579220,704
1790579280,625
1790579340,945
1790579400,809
1790579460,591
1790579520,453
1790579580,718
1790579640,751
1790579700,617
1790579760,658
1790579820,507
1790579880,646
1790579940,564
1790580000,738
1790580060,910
1790580120,715
1790580180,689
1790580240,893
1790580300,674
1790580360,720
1790580420,501
1790580480,650
1790580540,533
1790580600,359
1790580660,464
1790580720,512
1790580780,576
1790580840,473
1790580900,462
1790580960,502
1790581020,789
1790581080,866
1790581140,589
1790581200,868
1790581260,701
1790581320,491
1790581380,441
1790581440,524
1790581500,420
1790581560,619
1790581620,514
1790581680,442
1790581740,619
1790581800,595
1790581860,488
1790581920,597
1790581980,515
1790582040,794
1790582100,1010
1790582160,921
1790582220,996
1790582280,987
1790582340,687
1790582400,1250
1790582460,1076
1790582520,1123
1790582580,885
1790582640,738
1790582700,683
1790582760,788
1790582820,814
1790582880,775
1790582940,571
1790583000,631
1790583060,553
1790583120,510
1790583180,785
1790583240,448
1790583300,814
1790583360,537
1790583420,465
1790583480,749
1790583540,853
1790583600,651
1790583660,1023
1790583720,946
1790583780,857
1790583840,1104
1790583900,964
1790583960,705
1790584020,953
1790584080,846
1790584140,1195
1790584200,1002
1790584260,908
1790584320,721
1790584380,624
1790584440,573
1790584500,653
1790584560,902
1790584620,573
1790584680,497
1790584740,430
1790584800,630
1790584860,736
1790584920,650
1790584980,658
1790585040,479
1790585100,672
1790585160,852
1790585220,718
1790585280,474
1790585340,385
1790585400,487
1790585460,486
1790585520,448
1790585580,412
1790585640,465
1790585700,463
1790585760,379
1790585820,474
1790585880,550
1790585940,430
1790586000,1508
1790586060,814
1790586120,525
1790586180,528
1790586240,542
1790586300,681
1790586360,558
1790586420,612
1790586480,727
1790586540,550
1790586600,589
1790586660,849
1790586720,760
1790586780,435
1790586840,571
1790586900,883
1790586960,701
1790587020,519
1790587080,447
1790587140,419
1790587200,453
1790587260,321
1790587320,313
1790587380,570
1790587440,422
1790587500,481
1790587560,468
1790587620,429
1790587680,269
1790587740,519
1790587800,916
1790587860,760
1790587920,570
1790587980,368
1790588040,566
1790588100,574
1790588160,594
1790588220,352
1790588280,553
1790588340,549
1790588400,583
1790588460,571
1790588520,358
1790588580,433
1790588640,414
1790588700,605
1790588760,532
1790588820,615
1790588880,622
1790588940,564
1790589000,698
1790589060,502
1790589120,516
1790589180,363
1790589240,465
1790589300,521
1790589360,511
1790589420,670
1790589480,406
1790589540,414
1790589600,520
1790589660,581
1790589720,682
1790589780,483
1790589840,351
1790589900,455
1790589960,481
1790590020,431
1790590080,443
1790590140,321
1790590200,324
1790590260,553
1790590320,707
1790590380,553
1790590440,412
1790590500,649
1790590560,607
1790590620,394
1790590680,373
1790590740,409
1790590800,618
1790590860,560
1790590920,456
1790590980,388
1790591040,333
1790591100,536
1790591160,439
1790591220,394
1790591280,239
1790591340,297
1790591400,294
1790591460,495
1790591520,299
1790591580,323
1790591640,233
1790591700,494
1790591760,473
1790591820,378
1790591880,392
1790591940,464
1790592000,381
1790592060,290
1790592120,470
1790592180,538
1790592240,199
1790592300,368
1790592360,301
1790592420,165
1790592480,301
1790592540,221
1790592600,176
1790592660,257
1790592720,552
1790592780,805
1790592840,245
1790592900,272
1790592960,393
1790593020,396
1790593080,348
1790593140,360
1790593200,1621
1790593260,706
1790593320,452
1790593380,332
1790593440,457
1790593500,599
1790593560,377
1790593620,541
1790593680,569
1790593740,518
1790593800,532
1790593860,378
1790593920,479
1790593980,544
1790594040,432
1790594100,471
1790594160,1491
1790594220,1461
1790594280,956
1790594340,754
1790594400,481
1790594460,561
1790594520,608
1790594580,616
1790594640,543
1790594700,419
1790594760,456
1790594820,290
1790594880,372
1790594940,238
1790595000,353
1790595060,336
1790595120,328
1790595180,281
1790595240,404
1790595300,422
1790595360,493
1790595420,362
1790595480,405
1790595540,410
1790595600,387
1790595660,532
1790595720,475
1790595780,481
1790595840,413
1790595900,585
1790595960,518
1790596020,400
1790596080,228
1790596140,341
1790596200,419
1790596260,333
1790596320,367
1790596380,319
1790596440,269
1790596500,294
1790596560,367
1790596620,428
1790596680,295
1790596740,267
1790596800,498
1790596860,692
1790596920,334
1790596980,391
1790597040,2492
1790597100,1993
1790597160,1322
1790597220,960
1790597280,1006
1790597340,707
1790597400,781
1790597460,923
1790597520,691
1790597580,618
1790597640,643
1790597700,525
1790597760,502
1790597820,488
1790597880,381
1790597940,719
1790598000,1075
1790598060,613
1790598120,509
1790598180,713
1790598240,720
1790598300,853
1790598360,1126
1790598420,1036
1790598480,805
1790598540,556
1790598600,1227
1790598660,834
1790598720,791
1790598780,784
1790598840,802
1790598900,649
1790598960,748
1790599020,587
1790599080,579
1790599140,372
1790599200,666
1790599260,558
1790599320,496
1790599380,674
1790599440,584
1790599500,818
1790599560,562
1790599620,729
1790599680,885
1790599740,633
1790599800,731
1790599860,492
1790599920,813
1790599980,543
1790600040,627
1790600100,735
1790600160,713
1790600220,676
1790600280,739
1790600340,981
1790600400,1845
1790600460,1009
1790600520,789
1790600580,698
1790600640,545
1790600700,554
1790600760,937
1790600820,764
1790600880,659
1790600940,607
1790601000,862
1790601060,522
1790601120,492
1790601180,619
1790601240,647
1790601300,729
1790601360,528
1790601420,641
1790601480,1127
1790601540,662
1790601600,528
1790601660,743
1790601720,487
1790601780,532
1790601840,670
1790601900,987
1790601960,683
1790602020,525
1790602080,603
1790602140,675
1790602200,1600
1790602260,2083
1790602320,1389
1790602380,1434
1790602440,1931
1790602500,1682
1790602560,1589
1790602620,1867
1790602680,1821
1790602740,1928
1790602800,1614
1790602860,896
1790602920,1643
1790602980,1061
1790603040,1014
1790603100,1280
1790603160,962
1790603220,2025
1790603280,1462
1790603340,1569
1790603400,1405
1790603460,1583
1790603520,1421
1790603580,1456
1790603640,1774
1790603700,2170
1790603760,1797
1790603820,1522
1790603880,1161
1790603940,1118
1790604000,1482
1790604060,1249
1790604120,1036
1790604180,1142
1790604240,1274
1790604300,1047
1790604360,1239
1790604420,1125
1790604480,983
1790604540,1070
1790604600,1020
1790604660,906
1790604720,1140
1790604780,747
1790604840,718
1790604900,761
1790604960,883
1790605020,585
1790605080,540
1790605140,501
1790605200,556
1790605260,622
1790605320,761
1790605380,868
1790605440,518
1790605500,736
1790605560,704
1790605620,678
1790605680,579
1790605740,658
1790605800,715
1790605860,1047
1790605920,1070
1790605980,774
1790606040,800
1790606100,868
1790606160,1107
1790606220,807
1790606280,1080
1790606340,786
1790606400,966
1790606460,1220
1790606520,822
1790606580,1070
1790606640,594
1790606700,1083
1790606760,1060
1790606820,918
1790606880,1340
1790606940,1141
1790607000,2248
1790607060,2303
1790607120,1276
1790607180,1312
1790607240,1043
1790607300,1070
1790607360,868
1790607420,1432
1790607480,940
1790607540,896
1790607600,870
1790607660,975
1790607720,1147
1790607780,773
1790607840,1277
1790607900,998
1790607960,730
1790608020,1027
1790608080,892
1790608140,1091
1790608200,1058
1790608260,866
1790608320,795
1790608380,667
1790608440,815
1790608500,858
1790608560,805
1790608620,640
1790608680,665
1790608740,547
1790608800,584
1790608860,612
1790608920,488
1790608980,533
1790609040,678
1790609100,941
1790609160,810
1790609220,530
1790609280,594
1790609340,824
1790609400,1051
1790609460,1126
1790609520,565
1790609580,609
1790609640,553
1790609700,541
1790609760,651
1790609820,521
1790609880,1009
1790609940,1098
1790610000,1194
1790610060,738
1790610120,710
1790610180,496
1790610240,334
1790610300,633
1790610360,602
1790610420,811
1790610480,799
1790610540,651
1790610600,607
1790610660,424
1790610720,485
1790610780,402
1790610840,397
1790610900,397
1790610960,442
1790611020,501
1790611080,397
1790611140,417
1790611200,654
1790611260,589
1790611320,580
1790611380,522
1790611440,464
1790611500,539
1790611560,549
1790611620,600
1790611680,661
1790611740,554
1790611800,693
1790611860,513
1790611920,459
1790611980,439
1790612040,672
1790612100,863
1790612160,2433
1790612220,1935
1790612280,1167
1790612340,1212
1790612400,1792
1790612460,1525
1790612520,1455
1790612580,1486
1790612640,1819
1790612700,1168
1790612760,1882
1790612820,2546
1790612880,2321
1790612940,1902
1790613000,1815
1790613060,1542
1790613120,1732
1790613180,1758
1790613240,963
1790613300,1086
1790613360,860
1790613420,1278
1790613480,941
1790613540,878
1790613600,709
1790613660,619
1790613720,694
1790613780,544
1790613840,682
1790613900,1260
1790613960,767
1790614020,670
1790614080,653
1790614140,465
1790614200,471
1790614260,556
1790614320,559
1790614380,590
1790614440,634
1790614500,621
1790614560,695
1790614620,468
1790614680,526
1790614740,683
1790614800,654
1790614860,530
1790614920,442
1790614980,557
1790615040,567
1790615100,688
1790615160,792
1790615220,813
1790615280,748
1790615340,622
1790615400,703
1790615460,2985
1790615520,3995
1790615580,3065
1790615640,2589
1790615700,2132
1790615760,1545
1790615820,1918
1790615880,977
1790615940,737
1790616000,609
1790616060,619
1790616120,823
1790616180,818
1790616240,890
1790616300,742
1790616360,521
1790616420,565
1790616480,414
1790616540,728
1790616600,702
1790616660,528
1790616720,577
1790616780,429
1790616840,658
1790616900,363
1790616960,415
1790617020,447
1790617080,460
1790617140,439
1790617200,496
1790617260,406
1790617320,665
1790617380,893
1790617440,674
1790617500,583
1790617560,501
1790617620,379
1790617680,530
1790617740,439
1790617800,501
1790617860,579
1790617920,380
1790617980,547
1790618040,504
1790618100,1151
1790618160,668
1790618220,659
1790618280,694
1790618340,432
1790618400,531
1790618460,520
1790618520,425
1790618580,540
1790618640,617
1790618700,534
1790618760,404
1790618820,297
1790618880,281
1790618940,306
1790619000,338
1790619060,271
1790619120,240
1790619180,274
1790619240,237
1790619300,376
1790619360,330
1790619420,275
1790619480,378
1790619540,313
1790619600,261
1790619660,235
1790619720,244
1790619780,260
1790619840,292
1790619900,379
1790619960,286
1790620020,303
1790620080,481
1790620140,310
1790620200,678
1790620260,344
1790620320,548
1790620380,793
1790620440,612
1790620500,535
1790620560,446
1790620620,384
1790620680,430
1790620740,423
1790620800,557
1790620860,541
1790620920,343
1790620980,499
1790621040,291
1790621100,663
1790621160,756
1790621220,605
1790621280,1262
1790621340,1151
1790621400,977
1790621460,886
1790621520,380
1790621580,1065
1790621640,709
1790621700,772
1790621760,594
1790621820,505
1790621880,542
1790621940,651
1790622000,770
1790622060,840
1790622120,1042
1790622180,947
1790622240,462
1790622300,401
1790622360,393
1790622420,521
1790622480,508
1790622540,483
1790622600,673
1790622660,680
1790622720,606
1790622780,761
1790622840,640
1790622900,580
1790622960,572
1790623020,415
1790623080,401
1790623140,465
1790623200,861
1790623260,518
1790623320,526
1790623380,498
1790623440,387
1790623500,721
1790623560,492
1790623620,454
1790623680,424
1790623740,423
1790623800,484
1790623860,383
1790623920,628
1790623980,856
1790624040,689
1790624100,511
1790624160,318
1790624220,284
1790624280,307
1790624340,427
1790624400,679
1790624460,588
1790624520,538
1790624580,278
1790624640,291
1790624700,573
1790624760,532
1790624820,346
1790624880,422
1790624940,561
1790625000,1004
1790625060,713
1790625120,562
1790625180,575
1790625240,653
1790625300,601
1790625360,443
1790625420,387
1790625480,431
1790625540,1034
1790625600,649
1790625660,626
1790625720,307
1790625780,374
1790625840,256
1790625900,367
1790625960,354
1790626020,346
1790626080,258
1790626140,215
1790626200,157
1790626260,151
1790626320,141
1790626380,310
1790626440,264
1790626500,134
1790626560,167
1790626620,207
1790626680,165
1790626740,140
1790626800,64
1790626860,104
1790626920,105
1790626980,107
1790627040,174
1790627100,179
1790627160,116
1790627220,251
1790627280,196
1790627340,155
1790627400,173
1790627460,264
1790627520,242
1790627580,226
1790627640,261
1790627700,194
1790627760,105
1790627820,93
1790627880,55
1790627940,137
1790628000,126
1790628060,109
1790628120,216
1790628180,293
1790628240,217
1790628300,199
1790628360,159
1790628420,328
1790628480,293
1790628540,141
1790628600,202
1790628660,166
1790628720,97
1790628780,98
1790628840,142
1790628900,164
1790628960,206
1790629020,115
1790629080,103
1790629140,34
1790633040,8
1790633100,83
1790633160,202
1790633220,158
1790633280,162
1790633340,144
1790633400,166
1790633460,166
1790633520,149
1790633580,116
1790633640,164
1790633700,190
1790633760,115
1790633820,195
1790633880,172
1790633940,98
1790634000,86
1790634060,145
1790634120,134
1790634180,191
1790634240,120
1790634300,123
1790634360,203
1790634420,130
1790634480,157
1790634540,101
1790634600,370
1790634660,169
1790634720,218
1790634780,165
1790634840,105
1790634900,76
1790634960,158
1790635020,172
1790635080,103
1790635140,124
1790635200,158
1790635260,119
1790635320,115
1790635380,121
1790635440,115
1790635500,162
1790635560,134
1790635620,77
1790635680,124
1790635740,78
1790635800,83
1790635860,185
1790635920,144
1790635980,158
1790636040,186
1790636100,181
1790636160,114
1790636220,116
1790636280,104
1790636340,170
1790636400,263
1790636460,157
1790636520,182
1790636580,84
1790636640,131
1790636700,174
1790636760,185
1790636820,130
1790636880,116
1790636940,90
1790637000,164
1790637060,187
1790637120,181
1790637180,210
1790637240,203
1790637300,104
1790637360,115
1790637420,130
1790637480,70
1790637540,92
1790637600,93
1790637660,64
1790637720,68
1790637780,112
1790637840,111
1790637900,111
1790637960,124
1790638020,108
1790638080,46
1790638140,66
1790638200,154
1790638260,79
1790638320,72
1790638380,71
1790638440,133
1790638500,110
1790638560,71
1790638620,104
1790638680,64
1790638740,83
1790638800,94
1790638860,147
1790638920,122
1790638980,79
1790639040,67
1790639100,263
1790639160,250
1790639220,139
1790639280,154
1790639340,161
1790639400,255
1790639460,181
1790639520,169
1790639580,176
1790639640,188
1790639700,213
1790639760,171
1790639820,226
1790639880,215
1790639940,254
1790640000,685
1790640060,643
1790640120,421
1790640180,580
1790640240,576
1790640300,453
1790640360,691
1790640420,411
1790640480,352
1790640540,562
1790640600,902
1790640660,698
1790640720,567
1790640780,589
1790640840,550
1790640900,1141
1790640960,478
1790641020,774
1790641080,805
1790641140,557
1790641200,948
1790641260,806
1790641320,528
1790641380,575
1790641440,379
1790641500,462
1790641560,530
1790641620,631
1790641680,998
1790641740,833
1790641800,789
1790641860,963
1790641920,804
1790641980,688
1790642040,1040
1790642100,772
1790642160,645
1790642220,506
1790642280,743
1790642340,728
1790642400,424
1790642460,406
1790642520,511
1790642580,411
1790642640,504
1790642700,830
1790642760,691
1790642820,677
1790642880,654
1790642940,710
1790643000,730
1790643060,894
1790643120,682
1790643180,408
1790643240,554
1790643300,842
1790643360,641
1790643420,599
1790643480,720
1790643540,1096
1790643600,1901
1790643660,1771
1790643720,1511
1790643780,1794
1790643840,1585
1790643900,796
1790643960,807
1790644020,1018
1790644080,944
1790644140,1203
1790644200,1229
1790644260,774
1790644320,1286
1790644380,1255
1790644440,916
1790644500,898
1790644560,602
1790644620,1159
1790644680,812
1790644740,760
1790644800,993
1790644860,1018
1790644920,687
1790644980,810
1790645040,550
1790645100,895
1790645160,723
1790645220,1003
1790645280,541
1790645340,786
1790645400,953
1790645460,798
1790645520,940
1790645580,659
1790645640,575
1790645700,572
1790645760,821
1790645820,780
1790645880,780
1790645940,720
1790646000,955
1790646060,613
1790646120,676
1790646180,689
1790646240,593
1790646300,584
1790646360,403
1790646420,638
1790646480,606
1790646540,777
1790646600,876
1790646660,696
1790646720,795
1790646780,540
1790646840,477
1790646900,360
1790646960,437
1790647020,345
1790647080,230
1790647140,271
1790647200,590
1790647260,568
1790647320,514
1790647380,530
1790647440,572
1790647500,612
1790647560,455
1790647620,509
1790647680,598
1790647740,428
1790647800,625
1790647860,363
1790647920,450
1790647980,441
1790648040,357
1790648100,359
1790648160,386
1790648220,321
1790648280,337
1790648340,428
1790648400,650
1790648460,555
1790648520,686
1790648580,529
1790648640,450
1790648700,466
1790648760,475
1790648820,338
1790648880,416
1790648940,361
1790649000,824
1790649060,534
1790649120,540
1790649180,669
1790649240,594
1790649300,607
1790649360,609
1790649420,391
1790649480,405
1790649540,389
1790649600,572
1790649660,526
1790649720,349
1790649780,449
1790649840,358
1790649900,450
1790649960,375
1790650020,299
1790650080,414
1790650140,360
1790650200,344
1790650260,401
1790650320,481
1790650380,397
1790650440,232
1790650500,331
1790650560,279
1790650620,265
1790650680,317
1790650740,495
1790650800,535
1790650860,343
1790650920,487
1790650980,472
1790651040,631
1790651100,524
1790651160,464
1790651220,304
1790651280,571
1790651340,612
1790651400,562
1790651460,460
1790651520,440
1790651580,387
1790651640,501
1790651700,457
1790651760,377
1790651820,381
1790651880,446
1790651940,457
1790652000,312
1790652060,337
1790652120,246
1790652180,333
1790652240,226
1790652300,339
1790652360,214
1790652420,231
1790652480,298
1790652540,383
1790652600,393
1790652660,242
1790652720,224
1790652780,192
1790652840,183
1790652900,267
1790652960,266
1790653020,246
1790653080,185
1790653140,245
1790653200,406
1790653260,263
1790653320,280
1790653380,339
1790653440,334
1790653500,491
1790653560,281
1790653620,231
1790653680,212
1790653740,144
1790653800,219
1790653860,326
1790653920,290
1790653980,319
1790654040,293
1790654100,440
1790654160,347
1790654220,284
1790654280,325
1790654340,214
1790654400,304
1790654460,260
1790654520,217
1790654580,195
1790654640,205
1790654700,206
1790654760,174
1790654820,154
1790654880,165
1790654940,123
1790655000,205
1790655060,156
1790655120,286
1790655180,210
1790655240,140
1790655300,425
1790655360,211
1790655420,215
1790655480,183
1790655540,246
1790655600,370
1790655660,254
1790655720,240
1790655780,182
1790655840,207
1790655900,267
1790655960,128
1790656020,123
1790656080,132
1790656140,209
1790656200,485
1790656260,516
1790656320,365
1790656380,221
1790656440,236
1790656500,233
1790656560,259
1790656620,291
1790656680,282
1790656740,184
1790656800,215
1790656860,181
1790656920,230
1790656980,174
1790657040,144
1790657100,172
1790657160,160
1790657220,142
1790657280,82
1790657340,136
1790657400,96
1790657460,128
1790657520,136
1790657580,142
1790657640,121
1790657700,138
1790657760,191
1790657820,180
1790657880,160
1790657940,145
1790658000,262
1790658060,303
1790658120,267
1790658180,144
1790658240,177
1790658300,317
1790658360,310
1790658420,328
1790658480,256
1790658540,207
1790658600,415
1790658660,252
1790658720,310
1790658780,305
1790658840,276
1790658900,278
1790658960,269
1790659020,309
1790659080,318
1790659140,240
1790659200,291
1790659260,260
1790659320,308
1790659380,351
1790659440,393
1790659500,225
1790659560,285
1790659620,181
1790659680,438
1790659740,260
1790659800,1309
1790659860,912
1790659920,722
1790659980,734
1790660040,583
1790660100,861
1790660160,1095
1790660220,578
1790660280,589
1790660340,842
1790660400,825
1790660460,470
1790660520,550
1790660580,473
1790660640,677
1790660700,757
1790660760,515
1790660820,398
1790660880,333
1790660940,380
1790661000,499
1790661060,388
1790661120,490
1790661180,784
1790661240,762
1790661300,713
1790661360,569
1790661420,525
1790661480,475
1790661540,506
1790661600,874
1790661660,833
1790661720,699
1790661780,696
1790661840,658
1790661900,557
1790661960,560
1790662020,673
1790662080,740
1790662140,638
1790662200,668
1790662260,782
1790662320,610
1790662380,733
1790662440,538
1790662500,666
1790662560,793
1790662620,763
1790662680,910
1790662740,560
1790662800,643
1790662860,598
1790662920,1008
1790662980,537
1790663040,668
1790663100,621
1790663160,322
1790663220,346
1790663280,626
1790663340,806
1790663400,1112
1790663460,848
1790663520,452
1790663580,306
1790663640,275
1790663700,394
1790663760,426
1790663820,487
1790663880,537
1790663940,505
1790664000,435
1790664060,371
1790664120,385
1790664180,279
1790664240,501
1790664300,451
1790664360,379
1790664420,376
1790664480,232
1790664540,129
1790664600,307
1790664660,344
1790664720,309
1790664780,184
1790664840,218
1790664900,257
1790664960,196
1790665020,187
1790665080,403
1790665140,479
1790665200,967
1790665260,791
1790665320,605
1790665380,425
1790665440,303
1790665500,390
1790665560,235
1790665620,504
1790665680,577
1790665740,461
1790665800,496
1790665860,402
1790665920,346
1790665980,384
1790666040,269
1790666100,372
1790666160,343
1790666220,294
1790666280,344
1790666340,397
1790666400,459
1790666460,412
1790666520,447
1790666580,431
1790666640,322
1790666700,498
1790666760,322
1790666820,298
1790666880,353
1790666940,356
1790667000,547
1790667060,720
1790667120,546
1790667180,349
1790667240,499
1790667300,401
1790667360,494
1790667420,516
1790667480,450
1790667540,1235
1790667600,854
1790667660,583
1790667720,550
1790667780,529
1790667840,693
1790667900,655
1790667960,618
1790668020,526
1790668080,499
1790668140,416
1790668200,671
1790668260,547
1790668320,506
1790668380,390
1790668440,210
1790668500,497
1790668560,359
1790668620,260
1790668680,383
1790668740,349
1790668800,670
1790668860,448
1790668920,386
1790668980,287
1790669040,326
1790669100,406
1790669160,580
1790669220,523
1790669280,412
1790669340,318
1790669400,372
1790669460,361
1790669520,293
1790669580,299
1790669640,333
1790669700,362
1790669760,243
1790669820,436
1790669880,291
1790669940,242
1790670000,304
1790670060,625
1790670120,445
1790670180,380
1790670240,402
1790670300,415
1790670360,396
1790670420,370
1790670480,348
1790670540,537
1790670600,510
1790670660,377
1790670720,376
1790670780,368
1790670840,290
1790670900,354
1790670960,348
1790671020,301
1790671080,287
1790671140,394
1790671200,373
1790671260,336
1790671320,317
1790671380,209
1790671440,250
1790671500,378
1790671560,341
1790671620,326
1790671680,456
1790671740,439
1790671800,463
1790671860,464
1790671920,409
1790671980,452
1790672040,386
1790672100,515
1790672160,371
1790672220,412
1790672280,347
1790672340,634
1790672400,632
1790672460,503
1790672520,528
1790672580,331
1790672640,317
1790672700,265
1790672760,238
1790672820,302
1790672880,263
1790672940,223
1790673000,402
1790673060,229
1790673120,332
1790673180,436
1790673240,580
1790673300,482
1790673360,384
1790673420,292
1790673480,317
1790673540,284
1790673600,237
1790673660,210
1790673720,149
1790673780,207
1790673840,234
1790673900,304
1790673960,312
1790674020,362
1790674080,223
1790674140,382
1790674200,556
1790674260,456
1790674320,569
1790674380,377
1790674440,467
1790674500,438
1790674560,574
1790674620,416
1790674680,372
1790674740,376
1790674800,458
1790674860,438
1790674920,530
1790674980,600
1790675040,484
1790675100,469
1790675160,428
1790675220,657
1790675280,766
1790675340,531
1790675400,347
1790675460,358
1790675520,481
1790675580,393
1790675640,897
1790675700,1132
1790675760,536
1790675820,464
1790675880,429
1790675940,511
1790676000,628
1790676060,627
1790676120,635
1790676180,579
1790676240,394
1790676300,358
1790676360,381
1790676420,297
1790676480,446
1790676540,526
1790676600,391
1790676660,234
1790676720,314
1790676780,288
1790676840,231
1790676900,459
1790676960,330
1790677020,433
1790677080,485
1790677140,535
1790677200,308
1790677260,494
1790677320,424
1790677380,383
1790677440,308
1790677500,321
1790677560,330
1790677620,297
1790677680,240
1790677740,410
1790677800,429
1790677860,281
1790677920,771
1790677980,356
1790678040,213
1790678100,467
1790678160,436
1790678220,613
1790678280,440
1790678340,481
1790678400,470
1790678460,324
1790678520,267
1790678580,249
1790678640,189
1790678700,283
1790678760,595
1790678820,463
1790678880,514
1790678940,614
1790679000,399
1790679060,341
1790679120,347
1790679180,413
1790679240,339
1790679300,513
1790679360,514
1790679420,300
1790679480,234
1790679540,295
1790679600,595
1790679660,536
1790679720,400
1790679780,522
1790679840,586
1790679900,477
1790679960,482
1790680020,346
1790680080,457
1790680140,529
1790680200,641
1790680260,477
1790680320,392
1790680380,397
1790680440,367
1790680500,396
1790680560,524
1790680620,257
1790680680,248
1790680740,429
1790680800,395
1790680860,347
1790680920,445
1790680980,349
1790681040,280
1790681100,267
1790681160,224
1790681220,333
1790681280,279
1790681340,212
1790681400,196
1790681460,213
1790681520,360
1790681580,306
1790681640,221
1790681700,265
1790681760,181
1790681820,241
1790681880,151
1790681940,332
1790682000,441
1790682060,307
1790682120,384
1790682180,367
1790682240,327
1790682300,404
1790682360,448
1790682420,491
1790682480,413
1790682540,1636
1790682600,1661
1790682660,1190
1790682720,739
1790682780,508
1790682840,632
1790682900,471
1790682960,263
1790683020,289
1790683080,336
1790683140,342
1790683200,483
1790683260,739
1790683320,423
1790683380,405
1790683440,467
1790683500,349
1790683560,377
1790683620,408
1790683680,472
1790683740,627
1790683800,449
1790683860,484
1790683920,564
1790683980,612
1790684040,677
1790684100,1164
1790684160,701
1790684220,487
1790684280,512
1790684340,639
1790684400,779
1790684460,605
1790684520,601
1790684580,735
1790684640,621
1790684700,794
1790684760,674
1790684820,487
1790684880,420
1790684940,319
1790685000,539
1790685060,429
1790685120,642
1790685180,515
1790685240,398
1790685300,374
1790685360,351
1790685420,340
1790685480,433
1790685540,384
1790685600,478
1790685660,467
1790685720,359
1790685780,317
1790685840,551
1790685900,392
1790685960,366
1790686020,394
1790686080,445
1790686140,733
1790686200,730
1790686260,684
1790686320,628
1790686380,631
1790686440,408
1790686500,419
1790686560,417
1790686620,485
1790686680,335
1790686740,585
1790686800,1456
1790686860,877
1790686920,835
1790686980,738
1790687040,741
1790687100,576
1790687160,600
1790687220,641
1790687280,537
1790687340,461
1790687400,443
1790687460,351
1790687520,351
1790687580,444
1790687640,673
1790687700,586
1790687760,386
1790687820,429
1790687880,711
1790687940,592
1790688000,698
1790688060,742
1790688120,668
1790688180,418
1790688240,443
1790688300,489
1790688360,585
1790688420,612
1790688480,583
1790688540,524
1790688600,1226
1790688660,1128
1790688720,1228
1790688780,1402
1790688840,1468
1790688900,1117
1790688960,739
1790689020,1227
1790689080,1677
1790689140,1384
1790689200,914
1790689260,1044
1790689320,1115
1790689380,1569
1790689440,1232
1790689500,1070
1790689560,1117
1790689620,1179
1790689680,805
1790689740,612
1790689800,962
1790689860,993
1790689920,767
1790689980,823
1790690040,453
1790690100,461
1790690160,361
1790690220,456
1790690280,355
1790690340,464
1790690400,2157
1790690460,1219
1790690520,1084
1790690580,934
1790690640,684
1790690700,786
1790690760,787
1790690820,576
1790690880,842
1790690940,988
1790691000,927
1790691060,465
1790691120,521
1790691180,704
1790691240,727
1790691300,955
1790691360,999
1790691420,703
1790691480,600
1790691540,518
1790691600,1003
1790691660,922
1790691720,894
1790691780,743
1790691840,698
1790691900,681
1790691960,449
1790692020,570
1790692080,584
1790692140,428
1790692200,878
1790692260,761
1790692320,643
1790692380,449
1790692440,501
1790692500,823
1790692560,643
1790692620,722
1790692680,749
1790692740,915
1790692800,1617
1790692860,834
1790692920,1034
1790692980,794
1790693040,628
1790693100,601
1790693160,634
1790693220,744
1790693280,1185
1790693340,529
1790693400,719
1790693460,576
1790693520,520
1790693580,600
1790693640,715
1790693700,880
1790693760,759
1790693820,990
1790693880,760
1790693940,698
1790694000,1061
1790694060,628
1790694120,631
1790694180,730
1790694240,729
1790694300,685
1790694360,627
1790694420,523
1790694480,701
1790694540,625
1790694600,582
1790694660,682
1790694720,502
1790694780,520
1790694840,577
1790694900,409
1790694960,366
1790695020,397
1790695080,605
1790695140,474
1790695200,323
1790695260,411
1790695320,617
1790695380,540
1790695440,581
1790695500,903
1790695560,490
1790695620,690
1790695680,763
1790695740,730
1790695800,792
1790695860,576
1790695920,585
1790695980,585
1790696040,478
1790696100,449
1790696160,437
1790696220,363
1790696280,413
1790696340,372
1790696400,304
1790696460,437
1790696520,326
1790696580,310
1790696640,351
1790696700,385
1790696760,475
1790696820,2181
1790696880,1280
1790696940,850
1790697000,603
1790697060,643
1790697120,653
1790697180,486
1790697240,591
1790697300,479
1790697360,380
1790697420,357
1790697480,394
1790697540,390
1790697600,510
1790697660,366
1790697720,376
1790697780,383
1790697840,483
1790697900,497
1790697960,566
1790698020,470
1790698080,286
1790698140,365
1790698200,454
1790698260,387
1790698320,558
1790698380,379
1790698440,564
1790698500,476
1790698560,700
1790698620,575
1790698680,592
1790698740,726
1790698800,594
1790698860,838
1790698920,613
1790698980,604
1790699040,559
1790699100,473
1790699160,318
1790699220,335
1790699280,340
1790699340,246
1790699400,372
1790699460,469
1790699520,448
1790699580,446
1790699640,388
1790699700,409
1790699760,464
1790699820,377
1790699880,346
1790699940,417
1790700000,500
1790700060,426
1790700120,463
1790700180,554
1790700240,588
1790700300,1027
1790700360,969
1790700420,526
1790700480,569
1790700540,560
1790700600,491
1790700660,506
1790700720,287
1790700780,329
1790700840,283
1790700900,462
1790700960,561
1790701020,414
1790701080,476
1790701140,405
1790701200,421
1790701260,517
1790701320,448
1790701380,426
1790701440,389
1790701500,438
1790701560,485
1790701620,608
1790701680,460
1790701740,461
1790701800,449
1790701860,484
1790701920,395
1790701980,245
1790702040,419
1790702100,463
1790702160,454
1790702220,394
1790702280,392
1790702340,448
1790702400,548
1790702460,370
1790702520,367
1790702580,403
1790702640,344
1790702700,302
1790702760,414
1790702820,522
1790702880,461
1790702940,521
1790703000,425
1790703060,391
1790703120,350
1790703180,292
1790703240,284
1790703300,257
1790703360,266
1790703420,274
1790703480,333
1790703540,373
1790703600,464
1790703660,403
1790703720,405
1790703780,308
1790703840,369
1790703900,343
1790703960,632
1790704020,379
1790704080,413
1790704140,411
1790704200,287
1790704260,312
1790704320,335
1790704380,290
1790704440,312
1790704500,309
1790704560,276
1790704620,301
1790704680,405
1790704740,527
1790704800,3085
1790704860,2585
1790704920,2261
1790704980,1780
1790705040,2034
1790705100,1808
1790705160,1296
1790705220,1078
1790705280,1039
1790705340,1520
1790705400,1231
1790705460,990
1790705520,1005
1790705580,1144
1790705640,1003
1790705700,740
1790705760,839
1790705820,774
1790705880,754
1790705940,659
1790706000,523
1790706060,481
1790706120,529
1790706180,845
1790706240,825
1790706300,798
1790706360,736
1790706420,791
1790706480,1153
1790706540,935
1790706600,1751
1790706660,891
1790706720,732
1790706780,835
1790706840,383
1790706900,592
1790706960,740
1790707020,516
1790707080,1250
1790707140,1330
1790707200,1070
1790707260,727
1790707320,560
1790707380,431
1790707440,583
1790707500,505
1790707560,398
1790707620,538
1790707680,503
1790707740,480
1790707800,692
1790707860,609
1790707920,635
1790707980,532
1790708040,580
1790708100,420
1790708160,364
1790708220,420
1790708280,448
1790708340,785
1790708400,814
1790708460,691
1790708520,340
1790708580,345
1790708640,504
1790708700,324
1790708760,320
1790708820,234
1790708880,306
1790708940,477
1790709000,535
1790709060,439
1790709120,261
1790709180,184
1790709240,152
1790709300,215
1790709360,301
1790709420,247
1790709480,381
1790709540,271
1790709600,212
1790709660,211
1790709720,227
1790709780,240
1790709840,201
1790709900,238
1790709960,248
1790710020,282
1790710080,380
1790710140,341
1790710200,296
1790710260,300
1790710320,355
1790710380,337
1790710440,367
1790710500,503
1790710560,517
1790710620,486
1790710680,472
1790710740,672
1790710800,820
1790710860,515
1790710920,360
1790710980,434
1790711040,425
1790711100,407
1790711160,464
1790711220,276
1790711280,416
1790711340,295
1790711400,515
1790711460,627
1790711520,541
1790711580,609
1790711640,511
1790711700,804
1790711760,598
1790711820,517
1790711880,451
1790711940,973
1790712000,633
1790712060,485
1790712120,308
1790712180,229
1790712240,195
1790712300,205
1790712360,189
1790712420,184
1790712480,148
1790712540,124
1790712600,271
1790712660,158
1790712720,260
1790712780,170
1790712840,187
1790712900,135
1790712960,112
1790713020,150
1790713080,139
1790713140,177
1790713200,151
1790713260,140
1790713320,270
1790713380,126
1790713440,194
1790713500,208
1790713560,126
1790713620,147
1790713680,233
1790713740,317
1790713800,342
1790713860,199
1790713920,223
1790713980,278
1790714040,215
1790714100,222
1790714160,234
1790714220,217
1790714280,309
1790714340,370
1790714400,293
1790714460,163
1790714520,206
1790714580,179
1790714640,274
1790714700,264
1790714760,221
1790714820,146
1790714880,120
1790714940,98
1790715000,139
1790715060,116
1790715120,72
1790715180,63
1790715240,112
1790715300,118
1790715360,73
1790715420,120
1790715480,86
1790715540,9
1790719440,2
1790719500,327
1790719560,231
1790719620,148
1790719680,88
1790719740,182
1790719800,257
1790719860,143
1790719920,92
1790719980,167
1790720040,182
1790720100,156
1790720160,249
1790720220,191
1790720280,189
1790720340,182
1790720400,186
1790720460,150
1790720520,98
1790720580,35
1790720640,15
1790720700,29
1790720760,26
1790720820,177
1790720880,140
1790720940,137
1790721000,212
1790721060,156
1790721120,182
1790721180,298
1790721240,139
1790721300,299
1790721360,140
1790721420,57
1790721480,54
1790721540,111
1790721600,55
1790721660,40
1790721720,88
1790721780,40
1790721840,39
1790721900,48
1790721960,47
1790722020,50
1790722080,52
1790722140,36
1790722200,13
1790722260,46
1790722320,56
1790722380,103
1790722440,97
1790722500,46
1790722560,87
1790722620,64
1790722680,27
1790722740,24
1790722800,162
1790722860,66
1790722920,34
1790722980,30
1790723040,92
1790723100,38
1790723160,127
1790723220,53
1790723280,35
1790723340,24
1790723400,56
1790723460,41
1790723520,53
1790723580,23
1790723640,29
1790723700,68
1790723760,71
1790723820,87
1790723880,67
1790723940,61
1790724000,75
1790724060,136
1790724120,118
1790724180,96
1790724240,68
1790724300,30
1790724360,31
1790724420,30
1790724480,33
1790724540,47
1790724600,67
1790724660,108
1790724720,98
1790724780,98
1790724840,89
1790724900,90
1790724960,45
1790725020,86
1790725080,60
1790725140,123
1790725200,79
1790725260,172
1790725320,94
1790725380,187
1790725440,190
1790725500,433
1790725560,243
1790725620,169
1790725680,198
1790725740,248
1790725800,100
1790725860,76
1790725920,51
1790725980,178
1790726040,178
1790726100,240
1790726160,153
1790726220,170
1790726280,186
1790726340,392
1790726400,750
1790726460,301
1790726520,228
1790726580,323
1790726640,203
1790726700,349
1790726760,321
1790726820,179
1790726880,204
1790726940,273
1790727000,260
1790727060,330
1790727120,194
1790727180,402
1790727240,381
1790727300,563
1790727360,309
1790727420,351
1790727480,535
1790727540,363
1790727600,429
1790727660,337
1790727720,375
1790727780,261
1790727840,140
1790727900,417
1790727960,291
1790728020,214
1790728080,274
1790728140,334
1790728200,369
1790728260,256
1790728320,457
1790728380,484
1790728440,304
1790728500,556
1790728560,509
1790728620,505
1790728680,386
1790728740,458
1790728800,423
1790728860,615
1790728920,407
1790728980,295
1790729040,213
1790729100,233
1790729160,325
1790729220,540
1790729280,529
1790729340,590
1790729400,540
1790729460,369
1790729520,298
1790729580,276
1790729640,432
1790729700,525
1790729760,377
1790729820,394
1790729880,398
1790729940,260
1790730000,664
1790730060,837
1790730120,836
1790730180,759
1790730240,729
1790730300,500
1790730360,459
1790730420,488
1790730480,659
1790730540,329
1790730600,489
1790730660,394
1790730720,336
1790730780,406
1790730840,256
1790730900,475
1790730960,267
1790731020,381
1790731080,423
1790731140,324
1790731200,358
1790731260,308
1790731320,245
1790731380,254
1790731440,286
1790731500,230
1790731560,216
1790731620,257
1790731680,277
1790731740,491
1790731800,932
1790731860,799
1790731920,461
1790731980,542
1790732040,266
1790732100,314
1790732160,283
1790732220,769
1790732280,517
1790732340,250
1790732400,265
1790732460,231
1790732520,220
1790732580,375
1790732640,493
1790732700,319
1790732760,222
1790732820,287
1790732880,414
1790732940,460
1790733000,413
1790733060,355
1790733120,276
1790733180,189
1790733240,383
1790733300,426
1790733360,526
1790733420,541
1790733480,520
1790733540,479
1790733600,497
1790733660,353
1790733720,226
1790733780,200
1790733840,299
1790733900,222
1790733960,225
1790734020,206
1790734080,311
1790734140,391
1790734200,540
1790734260,652
1790734320,841
1790734380,296
1790734440,287
1790734500,179
1790734560,326
1790734620,273
1790734680,469
1790734740,412
1790734800,364
1790734860,406
1790734920,382
1790734980,325
1790735040,242
1790735100,262
1790735160,353
1790735220,346
1790735280,450
1790735340,262
1790735400,836
1790735460,503
1790735520,459
1790735580,522
1790735640,453
1790735700,363
1790735760,471
1790735820,401
1790735880,510
1790735940,358
1790736000,388
1790736060,429
1790736120,201
1790736180,250
1790736240,539
1790736300,368
1790736360,578
1790736420,460
1790736480,392
1790736540,494
1790736600,514
1790736660,384
1790736720,465
1790736780,679
1790736840,595
1790736900,482
1790736960,715
1790737020,549
1790737080,813
1790737140,678
1790737200,689
1790737260,325
1790737320,438
1790737380,382
1790737440,444
1790737500,610
1790737560,456
1790737620,654
1790737680,575
1790737740,352
1790737800,487
1790737860,366
1790737920,389
1790737980,707
1790738040,488
1790738100,416
1790738160,393
1790738220,261
1790738280,308
1790738340,201
1790738400,359
1790738460,413
1790738520,510
1790738580,373
1790738640,375
1790738700,304
1790738760,235
1790738820,228
1790738880,291
1790738940,404
1790739000,303
1790739060,305
1790739120,424
1790739180,371
1790739240,258
1790739300,341
1790739360,333
1790739420,261
1790739480,229
1790739540,324
1790739600,214
1790739660,299
1790739720,259
1790739780,228
1790739840,196
1790739900,360
1790739960,334
1790740020,350
1790740080,114
1790740140,92
1790740200,123
1790740260,155
1790740320,240
1790740380,135
1790740440,169
1790740500,139
1790740560,168
1790740620,186
1790740680,84
1790740740,153
1790740800,254
1790740860,265
1790740920,234
1790740980,237
1790741040,285
1790741100,131
1790741160,130
1790741220,116
1790741280,78
1790741340,165
1790741400,172
1790741460,109
1790741520,96
1790741580,132
1790741640,277
1790741700,326
1790741760,406
1790741820,313
1790741880,485
1790741940,268
1790742000,209
1790742060,281
1790742120,206
1790742180,235
1790742240,187
1790742300,324
1790742360,314
1790742420,256
1790742480,209
1790742540,141
1790742600,121
1790742660,214
1790742720,139
1790742780,222
1790742840,168
1790742900,192
1790742960,116
1790743020,144
1790743080,177
1790743140,236
1790743200,303
1790743260,174
1790743320,194
1790743380,223
1790743440,322
1790743500,339
1790743560,398
1790743620,250
1790743680,214
1790743740,488
1790743800,362
1790743860,329
1790743920,261
1790743980,203
1790744040,258
1790744100,282
1790744160,167
1790744220,185
1790744280,194
1790744340,317
1790744400,332
1790744460,362
1790744520,304
1790744580,334
1790744640,245
1790744700,353
1790744760,372
1790744820,310
1790744880,334
1790744940,385
1790745000,319
1790745060,494
1790745120,318
1790745180,396
1790745240,198
1790745300,471
1790745360,624
1790745420,541
1790745480,643
1790745540,733
1790745600,422
1790745660,230
1790745720,246
1790745780,225
1790745840,348
1790745900,270
1790745960,225
1790746020,236
1790746080,491
1790746140,468
1790746200,1177
1790746260,782
1790746320,618
1790746380,391
1790746440,403
1790746500,451
1790746560,519
1790746620,416
1790746680,418
1790746740,558
1790746800,730
1790746860,612
1790746920,419
1790746980,241
1790747040,461
1790747100,603
1790747160,494
1790747220,524
1790747280,288
1790747340,253
1790747400,361
1790747460,333
1790747520,420
1790747580,465
1790747640,591
1790747700,409
1790747760,394
1790747820,348
1790747880,929
1790747940,972
1790748000,1055
1790748060,851
1790748120,548
1790748180,653
1790748240,732
1790748300,732
1790748360,693
1790748420,600
1790748480,887
1790748540,721
1790748600,688
1790748660,518
1790748720,611
1790748780,401
1790748840,194
1790748900,236
1790748960,370
1790749020,318
1790749080,262
1790749140,324
1790749200,359
1790749260,245
1790749320,612
1790749380,461
1790749440,420
1790749500,424
1790749560,358
1790749620,334
1790749680,375
1790749740,304
1790749800,339
1790749860,600
1790749920,419
1790749980,327
1790750040,364
1790750100,316
1790750160,261
1790750220,335
1790750280,570
1790750340,370
1790750400,350
1790750460,317
1790750520,330
1790750580,395
1790750640,417
1790750700,669
1790750760,499
1790750820,615
1790750880,543
1790750940,588
1790751000,467
1790751060,698
1790751120,664
1790751180,782
1790751240,572
1790751300,413
1790751360,416
1790751420,437
1790751480,507
1790751540,780
1790751600,966
1790751660,780
1790751720,780
1790751780,521
1790751840,640
1790751900,451
1790751960,608
1790752020,528
1790752080,599
1790752140,550
1790752200,468
1790752260,593
1790752320,585
1790752380,625
1790752440,438
1790752500,562
1790752560,584
1790752620,591
1790752680,454
1790752740,424
1790752800,583
1790752860,388
1790752920,362
1790752980,368
1790753040,190
1790753100,302
1790753160,316
1790753220,371
1790753280,367
1790753340,337
1790753400,429
1790753460,375
1790753520,370
1790753580,495
1790753640,579
1790753700,723
1790753760,342
1790753820,281
1790753880,365
1790753940,313
1790754000,499
1790754060,279
1790754120,293
1790754180,602
1790754240,369
1790754300,433
1790754360,408
1790754420,192
1790754480,261
1790754540,460
1790754600,245
1790754660,365
1790754720,279
1790754780,212
1790754840,224
1790754900,301
1790754960,230
1790755020,299
1790755080,254
1790755140,270
1790755200,580
1790755260,831
1790755320,943
1790755380,932
1790755440,653
1790755500,759
1790755560,434
1790755620,341
1790755680,525
1790755740,486
1790755800,455
1790755860,602
1790755920,580
1790755980,543
1790756040,607
1790756100,759
1790756160,548
1790756220,669
1790756280,375
1790756340,345
1790756400,326
1790756460,382
1790756520,319
1790756580,235
1790756640,290
1790756700,251
1790756760,252
1790756820,328
1790756880,381
1790756940,540
1790757000,996
1790757060,450
1790757120,283
1790757180,302
1790757240,488
1790757300,468
1790757360,456
1790757420,564
1790757480,605
1790757540,375
1790757600,492
1790757660,492
1790757720,761
1790757780,218
1790757840,316
1790757900,356
1790757960,330
1790758020,270
1790758080,299
1790758140,237
1790758200,322
1790758260,378
1790758320,376
1790758380,395
1790758440,545
1790758500,801
1790758560,396
1790758620,353
1790758680,278
1790758740,331
1790758800,420
1790758860,258
1790758920,327
1790758980,224
1790759040,230
1790759100,291
1790759160,411
1790759220,363
1790759280,807
1790759340,416
1790759400,402
1790759460,462
1790759520,311
1790759580,332
1790759640,300
1790759700,405
1790759760,453
1790759820,375
1790759880,365
1790759940,378
1790760000,224
1790760060,226
1790760120,276
1790760180,359
1790760240,357
1790760300,388
1790760360,367
1790760420,425
1790760480,408
1790760540,548
1790760600,716
1790760660,485
1790760720,428
1790760780,294
1790760840,292
1790760900,283
1790760960,181
1790761020,157
1790761080,158
1790761140,237
1790761200,214
1790761260,208
1790761320,201
1790761380,168
1790761440,207
1790761500,212
1790761560,181
1790761620,260
1790761680,306
1790761740,363
1790761800,530
1790761860,422
1790761920,240
1790761980,154
1790762040,143
1790762100,190
1790762160,183
1790762220,164
1790762280,264
1790762340,257
1790762400,580
1790762460,423
1790762520,230
1790762580,296
1790762640,232
1790762700,316
1790762760,328
1790762820,394
1790762880,181
1790762940,193
1790763000,297
1790763060,426
1790763120,442
1790763180,247
1790763240,195
1790763300,519
1790763360,362
1790763420,342
1790763480,563
1790763540,814
1790763600,383
1790763660,337
1790763720,284
1790763780,276
1790763840,498
1790763900,488
1790763960,375
1790764020,313
1790764080,298
1790764140,377
1790764200,319
1790764260,424
1790764320,421
1790764380,265
1790764440,608
1790764500,613
1790764560,346
1790764620,327
1790764680,205
1790764740,374
1790764800,259
1790764860,302
1790764920,275
1790764980,288
1790765040,300
1790765100,237
1790765160,374
1790765220,519
1790765280,429
1790765340,266
1790765400,311
1790765460,325
1790765520,406
1790765580,379
1790765640,252
1790765700,358
1790765760,544
1790765820,438
1790765880,387
1790765940,577
1790766000,770
1790766060,537
1790766120,407
1790766180,364
1790766240,330
1790766300,541
1790766360,345
1790766420,455
1790766480,471
1790766540,429
1790766600,422
1790766660,643
1790766720,390
1790766780,399
1790766840,474
1790766900,332
1790766960,331
1790767020,266
1790767080,443
1790767140,286
1790767200,375
1790767260,340
1790767320,385
1790767380,247
1790767440,307
1790767500,256
1790767560,363
1790767620,356
1790767680,364
1790767740,452
1790767800,540
1790767860,476
1790767920,531
1790767980,356
1790768040,342
1790768100,318
1790768160,340
1790768220,419
1790768280,291
1790768340,327
1790768400,488
1790768460,474
1790768520,372
1790768580,424
1790768640,195
1790768700,234
1790768760,1022
1790768820,697
1790768880,349
1790768940,527
1790769000,513
1790769060,524
1790769120,365
1790769180,388
1790769240,632
1790769300,477
1790769360,378
1790769420,377
1790769480,395
1790769540,523
1790769600,961
1790769660,641
1790769720,651
1790769780,677
1790769840,412
1790769900,526
1790769960,506
1790770020,644
1790770080,740
1790770140,530
1790770200,512
1790770260,782
1790770320,568
1790770380,352
1790770440,272
1790770500,875
1790770560,588
1790770620,490
1790770680,510
1790770740,707
1790770800,875
1790770860,760
1790770920,891
1790770980,870
1790771040,1018
1790771100,729
1790771160,580
1790771220,480
1790771280,513
1790771340,602
1790771400,2951
1790771460,2778
1790771520,2389
1790771580,2198
1790771640,2476
1790771700,2002
1790771760,2079
1790771820,1749
1790771880,1369
1790771940,1328
1790772000,1827
1790772060,1738
1790772120,1377
1790772180,1753
1790772240,1475
1790772300,1465
1790772360,2186
1790772420,1903
1790772480,2080
1790772540,1401
1790772600,991
1790772660,1610
1790772720,690
1790772780,773
1790772840,710
1790772900,1467
1790772960,1211
1790773020,1317
1790773080,1266
1790773140,1410
1790773200,1884
1790773260,1338
1790773320,1138
1790773380,895
1790773440,1134
1790773500,953
1790773560,923
1790773620,956
1790773680,1028
1790773740,763
1790773800,934
1790773860,1221
1790773920,959
1790773980,887
1790774040,1061
1790774100,956
1790774160,793
1790774220,863
1790774280,682
1790774340,721
1790774400,1144
1790774460,1077
1790774520,1474
1790774580,1075
1790774640,1166
1790774700,1012
1790774760,809
1790774820,535
1790774880,669
1790774940,862
1790775000,1891
1790775060,1417
1790775120,1413
1790775180,1406
1790775240,890
1790775300,1294
1790775360,1092
1790775420,1284
1790775480,1374
1790775540,1045
1790775600,999
1790775660,973
1790775720,1059
1790775780,1452
1790775840,1073
1790775900,1080
1790775960,1052
1790776020,1062
1790776080,1559
1790776140,1662
1790776200,1738
1790776260,1247
1790776320,1757
1790776380,1430
1790776440,971
1790776500,886
1790776560,926
1790776620,1022
1790776680,908
1790776740,1001
1790776800,1322
1790776860,1333
1790776920,1442
1790776980,1379
1790777040,846
1790777100,724
1790777160,630
1790777220,882
1790777280,992
1790777340,1053
1790777400,1010
1790777460,1012
1790777520,882
1790777580,1197
1790777640,1069
1790777700,1394
1790777760,1174
1790777820,1034
1790777880,944
1790777940,1270
1790778000,863
1790778060,915
1790778120,1238
1790778180,962
1790778240,592
1790778300,925
1790778360,609
1790778420,676
1790778480,694
1790778540,575
1790778600,1246
1790778660,1002
1790778720,906
1790778780,1141
1790778840,1003
1790778900,1018
1790778960,850
1790779020,1253
1790779080,1481
1790779140,913
1790779200,756
1790779260,895
1790779320,831
1790779380,1390
1790779440,1039
1790779500,1186
1790779560,1079
1790779620,1001
1790779680,1260
1790779740,876
1790779800,1054
1790779860,1094
1790779920,789
1790779980,1072
1790780040,1289
1790780100,773
1790780160,978
1790780220,1113
1790780280,873
1790780340,843
1790780400,1274
1790780460,1114
1790780520,1239
1790780580,942
1790780640,968
1790780700,944
1790780760,910
1790780820,1075
1790780880,851
1790780940,809
1790781000,677
1790781060,825
1790781120,1145
1790781180,1309
1790781240,1053
1790781300,879
1790781360,777
1790781420,861
1790781480,427
1790781540,482
1790781600,742
1790781660,666
1790781720,555
1790781780,666
1790781840,641
1790781900,637
1790781960,777
1790782020,527
1790782080,722
1790782140,773
1790782200,923
1790782260,943
1790782320,897
1790782380,650
1790782440,801
1790782500,813
1790782560,592
1790782620,361
1790782680,343
1790782740,313
1790782800,413
1790782860,525
1790782920,390
1790782980,420
1790783040,740
1790783100,933
1790783160,577
1790783220,558
1790783280,603
1790783340,579
1790783400,380
1790783460,331
1790783520,415
1790783580,423
1790783640,350
1790783700,504
1790783760,668
1790783820,772
1790783880,389
1790783940,359
1790784000,883
1790784060,551
1790784120,401
1790784180,618
1790784240,866
1790784300,506
1790784360,876
1790784420,509
1790784480,364
1790784540,617
1790784600,862
1790784660,782
1790784720,816
1790784780,783
1790784840,602
1790784900,741
1790784960,690
1790785020,662
1790785080,435
1790785140,437
1790785200,511
1790785260,550
1790785320,461
1790785380,442
1790785440,425
1790785500,448
1790785560,506
1790785620,543
1790785680,462
1790785740,446
1790785800,544
1790785860,433
1790785920,346
1790785980,382
1790786040,265
1790786100,386
1790786160,574
1790786220,400
1790786280,474
1790786340,606
1790786400,485
1790786460,415
1790786520,257
1790786580,174
1790786640,204
1790786700,312
1790786760,283
1790786820,460
1790786880,226
1790786940,486
1790787000,573
1790787060,430
1790787120,500
1790787180,543
1790787240,577
1790787300,583
1790787360,595
1790787420,449
1790787480,580
1790787540,514
1790787600,864
1790787660,756
1790787720,630
1790787780,424
1790787840,300
1790787900,221
1790787960,290
1790788020,566
1790788080,427
1790788140,538
1790788200,345
1790788260,364
1790788320,668
1790788380,427
1790788440,570
1790788500,336
1790788560,646
1790788620,253
1790788680,301
1790788740,206
1790788800,275
1790788860,282
1790788920,593
1790788980,567
1790789040,578
1790789100,305
1790789160,688
1790789220,689
1790789280,507
1790789340,1135
1790789400,462
1790789460,281
1790789520,219
1790789580,159
1790789640,323
1790789700,482
1790789760,421
1790789820,416
1790789880,306
1790789940,289
1790790000,259
1790790060,230
1790790120,186
1790790180,194
1790790240,139
1790790300,645
1790790360,564
1790790420,755
1790790480,689
1790790540,403
1790790600,268
1790790660,387
1790790720,296
1790790780,222
1790790840,232
1790790900,333
1790790960,250
1790791020,407
1790791080,426
1790791140,332
1790791200,323
1790791260,333
1790791320,168
1790791380,288
1790791440,308
1790791500,469
1790791560,337
1790791620,514
1790791680,276
1790791740,421
1790791800,560
1790791860,500
1790791920,318
1790791980,427
1790792040,349
1790792100,288
1790792160,295
1790792220,336
1790792280,478
1790792340,373
1790792400,196
1790792460,126
1790792520,155
1790792580,156
1790792640,339
1790792700,331
1790792760,213
1790792820,232
1790792880,564
1790792940,386
1790793000,401
1790793060,633
1790793120,604
1790793180,513
1790793240,466
1790793300,506
1790793360,642
1790793420,534
1790793480,467
1790793540,235
1790793600,190
1790793660,193
1790793720,331
1790793780,375
1790793840,456
1790793900,488
1790793960,389
1790794020,222
1790794080,260
1790794140,201
1790794200,283
1790794260,296
1790794320,420
1790794380,375
1790794440,252
1790794500,231
1790794560,395
1790794620,240
1790794680,300
1790794740,458
1790794800,688
1790794860,395
1790794920,224
1790794980,368
1790795040,250
1790795100,353
1790795160,420
1790795220,249
1790795280,171
1790795340,196
1790795400,115
1790795460,136
1790795520,140
1790795580,362
1790795640,639
1790795700,434
1790795760,270
1790795820,286
1790795880,190
1790795940,158
1790796000,278
1790796060,347
1790796120,317
1790796180,258
1790796240,204
1790796300,143
1790796360,170
1790796420,160
1790796480,154
1790796540,147
1790796600,235
1790796660,131
1790796720,137
1790796780,168
1790796840,210
1790796900,255
1790796960,264
1790797020,373
1790797080,471
1790797140,545
1790797200,674
1790797260,425
1790797320,273
1790797380,243
1790797440,307
1790797500,770
1790797560,303
1790797620,307
1790797680,1114
1790797740,529
1790797800,798
1790797860,666
1790797920,828
1790797980,658
1790798040,723
1790798100,920
1790798160,802
1790798220,785
1790798280,1146
1790798340,2398
1790798400,1481
1790798460,997
1790798520,361
1790798580,440
1790798640,387
1790798700,339
1790798760,225
1790798820,189
1790798880,279
1790798940,196
1790799000,163
1790799060,216
1790799120,357
1790799180,132
1790799240,70
1790799300,160
1790799360,123
1790799420,94
1790799480,141
1790799540,177
1790799600,139
1790799660,155
1790799720,144
1790799780,100
1790799840,71
1790799900,77
1790799960,58
1790800020,80
1790800080,141
1790800140,93
1790800200,184
1790800260,150
1790800320,129
1790800380,194
1790800440,107
1790800500,227
1790800560,74
1790800620,77
1790800680,106
1790800740,105
1790800800,87
1790800860,58
1790800920,135
1790800980,123
1790801040,78
1790801100,210
1790801160,145
1790801220,76
1790801280,101
1790801340,140
1790801400,191
1790801460,122
1790801520,103
1790801580,129
1790801640,143
1790801700,201
1790801760,178
1790801820,234
1790801880,174
1790801940,6
1790805840,21
1790805900,290
1790805960,299
1790806020,330
1790806080,412
1790806140,514
1790806200,462
1790806260,281
1790806320,379
1790806380,270
1790806440,279
1790806500,211
1790806560,183
1790806620,118
1790806680,123
1790806740,79
1790806800,94
1790806860,87
1790806920,91
1790806980,61
1790807040,85
1790807100,143
1790807160,37
1790807220,44
1790807280,43
1790807340,87
1790807400,62
1790807460,72
1790807520,88
1790807580,62
1790807640,177
1790807700,119
1790807760,34
1790807820,64
1790807880,55
1790807940,39
1790808000,34
1790808060,54
1790808120,38
1790808180,62
1790808240,111
1790808300,57
1790808360,36
1790808420,36
1790808480,57
1790808540,69
1790808600,35
1790808660,65
1790808720,41
1790808780,47
1790808840,45
1790808900,46
1790808960,49
1790809020,41
1790809080,91
1790809140,51
1790809200,47
1790809260,32
1790809320,24
1790809380,10
1790809440,49
1790809500,10
1790809560,32
1790809620,30
1790809680,47
1790809740,67
1790809800,52
1790809860,88
1790809920,74
1790809980,18
1790810040,32
1790810100,63
1790810160,41
1790810220,37
1790810280,35
1790810340,19
1790810400,44
1790810460,84
1790810520,62
1790810580,32
1790810640,36
1790810700,81
1790810760,16
1790810820,49
1790810880,44
1790810940,12
1790811000,45
1790811060,43
1790811120,48
1790811180,17
1790811240,40
1790811300,25
1790811360,60
1790811420,86
1790811480,79
1790811540,56
1790811600,40
1790811660,42
1790811720,29
1790811780,36
1790811840,19
1790811900,128
1790811960,44
1790812020,52
1790812080,61
1790812140,55
1790812200,61
1790812260,76
1790812320,38
1790812380,53
1790812440,123
1790812500,247
1790812560,279
1790812620,162
1790812680,132
1790812740,307
1790812800,489
1790812860,438
1790812920,232
1790812980,282
1790813040,247
1790813100,280
1790813160,257
1790813220,198
1790813280,194
1790813340,464
1790813400,343
1790813460,448
1790813520,407
1790813580,351
1790813640,267
1790813700,550
1790813760,687
1790813820,358
1790813880,564
1790813940,732
1790814000,398
1790814060,347
1790814120,238
1790814180,282
1790814240,408
1790814300,474
1790814360,497
1790814420,515
1790814480,513
1790814540,635
1790814600,838
1790814660,430
1790814720,345
1790814780,351
1790814840,357
1790814900,248
1790814960,236
1790815020,215
1790815080,217
1790815140,417
1790815200,358
1790815260,588
1790815320,590
1790815380,637
1790815440,766
1790815500,416
1790815560,356
1790815620,339
1790815680,321
1790815740,264
1790815800,370
1790815860,464
1790815920,328
1790815980,366
1790816040,372
1790816100,444
1790816160,376
1790816220,245
1790816280,258
1790816340,259
1790816400,447
1790816460,341
1790816520,509
1790816580,289
1790816640,501
1790816700,455
1790816760,662
1790816820,650
1790816880,538
1790816940,638
1790817000,721
1790817060,654
1790817120,676
1790817180,734
1790817240,504
1790817300,461
1790817360,472
1790817420,400
1790817480,332
1790817540,355
1790817600,251
1790817660,395
1790817720,278
1790817780,392
1790817840,308
1790817900,292
1790817960,292
1790818020,274
1790818080,282
1790818140,267
1790818200,397
1790818260,418
1790818320,417
1790818380,471
1790818440,349
1790818500,373
1790818560,176
1790818620,290
1790818680,182
1790818740,202
1790818800,196
1790818860,254
1790818920,235
1790818980,194
1790819040,184
1790819100,199
1790819160,173
1790819220,204
1790819280,186
1790819340,257
1790819400,333
1790819460,159
1790819520,275
1790819580,379
1790819640,222
1790819700,287
1790819760,266
1790819820,324
1790819880,467
1790819940,419
1790820000,434
1790820060,433
1790820120,304
1790820180,209
1790820240,184
1790820300,186
1790820360,282
1790820420,384
1790820480,298
1790820540,345
1790820600,426
1790820660,486
1790820720,379
1790820780,297
1790820840,412
1790820900,385
1790820960,436
1790821020,262
1790821080,233
1790821140,424
1790821200,358
1790821260,411
1790821320,362
1790821380,548
1790821440,290
1790821500,499
1790821560,438
1790821620,209
1790821680,238
1790821740,369
1790821800,427
1790821860,530
1790821920,536
1790821980,346
1790822040,269
1790822100,226
1790822160,295
1790822220,396
1790822280,284
1790822340,184
1790822400,329
1790822460,224
1790822520,262
1790822580,232
1790822640,314
1790822700,270
1790822760,293
1790822820,228
1790822880,273
1790822940,316
1790823000,223
1790823060,675
1790823120,501
1790823180,441
1790823240,335
1790823300,293
1790823360,331
1790823420,341
1790823480,320
1790823540,431
1790823600,498
1790823660,307
1790823720,255
1790823780,494
1790823840,539
1790823900,550
1790823960,381
1790824020,245
1790824080,265
1790824140,197
1790824200,171
1790824260,468
1790824320,372
1790824380,287
1790824440,228
1790824500,327
1790824560,299
1790824620,228
1790824680,241
1790824740,186
1790824800,187
1790824860,289
1790824920,201
1790824980,155
1790825040,207
1790825100,205
1790825160,272
1790825220,239
1790825280,200
1790825340,242
1790825400,355
1790825460,344
1790825520,264
1790825580,252
1790825640,215
1790825700,211
1790825760,353
1790825820,163
1790825880,135
1790825940,177
1790826000,203
1790826060,263
1790826120,154
1790826180,221
1790826240,236
1790826300,301
1790826360,177
1790826420,355
1790826480,356
1790826540,366
1790826600,431
1790826660,348
1790826720,196
1790826780,265
1790826840,474
1790826900,374
1790826960,311
1790827020,339
1790827080,286
1790827140,216
1790827200,304
1790827260,270
1790827320,328
1790827380,177
1790827440,221
1790827500,305
1790827560,208
1790827620,189
1790827680,170
1790827740,233
1790827800,156
1790827860,197
1790827920,289
1790827980,306
1790828040,283
1790828100,598
1790828160,558
1790828220,413
1790828280,229
1790828340,231
1790828400,175
1790828460,287
1790828520,191
1790828580,170
1790828640,190
1790828700,245
1790828760,246
1790828820,217
1790828880,368
1790828940,205
1790829000,246
1790829060,336
1790829120,263
1790829180,292
1790829240,310
1790829300,392
1790829360,266
1790829420,266
1790829480,200
1790829540,243
1790829600,231
1790829660,198
1790829720,183
1790829780,138
1790829840,227
1790829900,225
1790829960,270
1790830020,183
1790830080,138
1790830140,192
1790830200,141
1790830260,190
1790830320,185
1790830380,172
1790830440,198
1790830500,163
1790830560,294
1790830620,165
1790830680,121
1790830740,305
1790830800,190
1790830860,146
1790830920,196
1790830980,341
1790831040,173
1790831100,281
1790831160,228
1790831220,212
1790831280,235
1790831340,171
1790831400,219
1790831460,152
1790831520,217
1790831580,133
1790831640,142
1790831700,208
1790831760,138
1790831820,156
1790831880,135
1790831940,210
1790832000,165
1790832060,184
1790832120,256
1790832180,281
1790832240,124
1790832300,184
1790832360,303
1790832420,293
1790832480,225
1790832540,318
1790832600,493
1790832660,432
1790832720,400
1790832780,367
1790832840,214
1790832900,366
1790832960,333
1790833020,435
1790833080,698
1790833140,546
1790833200,456
1790833260,445
1790833320,236
1790833380,225
1790833440,372
1790833500,745
1790833560,728
1790833620,520
1790833680,426
1790833740,314
1790833800,334
1790833860,287
1790833920,314
1790833980,246
1790834040,252
1790834100,323
1790834160,286
1790834220,354
1790834280,359
1790834340,319
1790834400,625
1790834460,497
1790834520,354
1790834580,341
1790834640,281
1790834700,241
1790834760,160
1790834820,182
1790834880,193
1790834940,135
1790835000,107
1790835060,160
1790835120,165
1790835180,191
1790835240,184
1790835300,198
1790835360,196
1790835420,167
1790835480,117
1790835540,164
1790835600,279
1790835660,262
1790835720,240
1790835780,137
1790835840,197
1790835900,391
1790835960,221
1790836020,337
1790836080,370
1790836140,376
1790836200,430
1790836260,396
1790836320,368
1790836380,374
1790836440,358
1790836500,460
1790836560,432
1790836620,416
1790836680,288
1790836740,477
1790836800,649
1790836860,763
1790836920,693
1790836980,620
1790837040,597
1790837100,626
1790837160,488
1790837220,548
1790837280,610
1790837340,604
1790837400,543
1790837460,576
1790837520,447
1790837580,450
1790837640,472
1790837700,389
1790837760,413
1790837820,435
1790837880,497
1790837940,571
1790838000,1024
1790838060,757
1790838120,613
1790838180,478
1790838240,434
1790838300,358
1790838360,614
1790838420,486
1790838480,316
1790838540,266
1790838600,357
1790838660,288
1790838720,253
1790838780,452
1790838840,397
1790838900,809
1790838960,673
1790839020,582
1790839080,567
1790839140,610
1790839200,970
1790839260,763
1790839320,976
1790839380,728
1790839440,910
1790839500,1042
1790839560,988
1790839620,932
1790839680,633
1790839740,1141
1790839800,1210
1790839860,892
1790839920,926
1790839980,841
1790840040,698
1790840100,571
1790840160,675
1790840220,571
1790840280,1066
1790840340,1141
1790840400,1178
1790840460,928
1790840520,817
1790840580,623
1790840640,1792
1790840700,1390
1790840760,1186
1790840820,768
1790840880,575
1790840940,734
1790841000,750
1790841060,561
1790841120,611
1790841180,493
1790841240,563
1790841300,651
1790841360,722
1790841420,778
1790841480,729
1790841540,670
1790841600,981
1790841660,867
1790841720,1129
1790841780,872
1790841840,669
1790841900,606
1790841960,635
1790842020,584
1790842080,796
1790842140,1071
1790842200,1148
1790842260,1126
1790842320,1309
1790842380,986
1790842440,863
1790842500,731
1790842560,737
1790842620,1092
1790842680,869
1790842740,1198
1790842800,967
1790842860,900
1790842920,915
1790842980,838
1790843040,745
1790843100,996
1790843160,944
1790843220,761
1790843280,929
1790843340,758
1790843400,1274
1790843460,837
1790843520,847
1790843580,894
1790843640,872
1790843700,707
1790843760,1098
1790843820,1121
1790843880,903
1790843940,1016
1790844000,965
1790844060,893
1790844120,701
1790844180,958
1790844240,706
1790844300,801
1790844360,579
1790844420,694
1790844480,675
1790844540,655
1790844600,772
1790844660,1018
1790844720,1214
1790844780,1168
1790844840,1116
1790844900,1117
1790844960,741
1790845020,634
1790845080,631
1790845140,621
1790845200,612
1790845260,557
1790845320,589
1790845380,564
1790845440,642
1790845500,429
1790845560,604
1790845620,423
1790845680,768
1790845740,486
1790845800,587
1790845860,510
1790845920,511
1790845980,509
1790846040,572
1790846100,575
1790846160,502
1790846220,451
1790846280,380
1790846340,348
1790846400,515
1790846460,1013
1790846520,668
1790846580,355
1790846640,495
1790846700,564
1790846760,736
1790846820,605
1790846880,687
1790846940,449
1790847000,542
1790847060,459
1790847120,430
1790847180,370
1790847240,457
1790847300,471
1790847360,569
1790847420,521
1790847480,430
1790847540,416
1790847600,341
1790847660,287
1790847720,163
1790847780,270
1790847840,339
1790847900,428
1790847960,415
1790848020,293
1790848080,267
1790848140,287
1790848200,365
1790848260,371
1790848320,244
1790848380,331
1790848440,339
1790848500,737
1790848560,702
1790848620,712
1790848680,630
1790848740,682
1790848800,1229
1790848860,975
1790848920,815
1790848980,1096
1790849040,698
1790849100,608
1790849160,515
1790849220,656
1790849280,690
1790849340,377
1790849400,742
1790849460,631
1790849520,412
1790849580,296
1790849640,306
1790849700,446
1790849760,410
1790849820,582
1790849880,975
1790849940,476
1790850000,796
1790850060,851
1790850120,639
1790850180,592
1790850240,582
1790850300,499
1790850360,521
1790850420,530
1790850480,554
1790850540,589
1790850600,369
1790850660,327
1790850720,313
1790850780,322
1790850840,469
1790850900,412
1790850960,325
1790851020,370
1790851080,352
1790851140,424
1790851200,241
1790851260,215
1790851320,1170
1790851380,905
1790851440,817
1790851500,537
1790851560,472
1790851620,630
1790851680,503
1790851740,701
1790851800,446
1790851860,390
1790851920,510
1790851980,665
1790852040,775
1790852100,511
1790852160,385
1790852220,404
1790852280,369
1790852340,472
1790852400,613
1790852460,419
1790852520,353
1790852580,364
1790852640,400
1790852700,961
1790852760,647
1790852820,562
1790852880,431
1790852940,439
1790853000,702
1790853060,525
1790853120,435
1790853180,473
1790853240,591
1790853300,530
1790853360,382
1790853420,301
1790853480,305
1790853540,271
1790853600,353
1790853660,365
1790853720,633
1790853780,433
1790853840,361
1790853900,388
1790853960,431
1790854020,432
1790854080,490
1790854140,267
1790854200,283
1790854260,332
1790854320,403
1790854380,370
1790854440,250
1790854500,337
1790854560,558
1790854620,497
1790854680,399
1790854740,569
1790854800,361
1790854860,521
1790854920,627
1790854980,648
1790855040,513
1790855100,562
1790855160,693
1790855220,595
1790855280,520
1790855340,410
1790855400,333
1790855460,284
1790855520,381
1790855580,339
1790855640,368
1790855700,405
1790855760,563
1790855820,270
1790855880,252
1790855940,512
1790856000,1152
1790856060,619
1790856120,570
1790856180,786
1790856240,875
1790856300,718
1790856360,523
1790856420,711
1790856480,631
1790856540,572
1790856600,459
1790856660,323
1790856720,353
1790856780,344
1790856840,265
1790856900,259
1790856960,608
1790857020,876
1790857080,574
1790857140,409
1790857200,1014
1790857260,987
1790857320,838
1790857380,450
1790857440,481
1790857500,734
1790857560,1774
1790857620,776
1790857680,701
1790857740,478
1790857800,938
1790857860,1097
1790857920,836
1790857980,718
1790858040,767
1790858100,544
1790858160,565
1790858220,699
1790858280,718
1790858340,519
1790858400,540
1790858460,595
1790858520,663
1790858580,580
1790858640,748
1790858700,806
1790858760,907
1790858820,633
1790858880,726
1790858940,563
1790859000,513
1790859060,679
1790859120,569
1790859180,667
1790859240,612
1790859300,526
1790859360,475
1790859420,513
1790859480,479
1790859540,457
1790859600,1086
1790859660,939
1790859720,543
1790859780,413
1790859840,504
1790859900,665
1790859960,600
1790860020,450
1790860080,729
1790860140,599
1790860200,430
1790860260,352
1790860320,454
1790860380,613
1790860440,379
1790860500,410
1790860560,483
1790860620,291
1790860680,307
1790860740,324
1790860800,416
1790860860,408
1790860920,474
1790860980,491
1790861040,401
1790861100,407
1790861160,367
1790861220,304
1790861280,321
1790861340,421
1790861400,1068
1790861460,1527
1790861520,1212
1790861580,1164
1790861640,1178
1790861700,687
1790861760,804
1790861820,487
1790861880,682
1790861940,798
1790862000,702
1790862060,984
1790862120,1143
1790862180,648
1790862240,771
1790862300,1734
1790862360,1410
1790862420,1552
1790862480,1174
1790862540,1246
1790862600,1019
1790862660,941
1790862720,903
1790862780,928
1790862840,1419
1790862900,1237
1790862960,1024
1790863020,1055
1790863080,514
1790863140,622
1790863200,2525
1790863260,2035
1790863320,2003
1790863380,1418
1790863440,1359
1790863500,1465
1790863560,1708
1790863620,1628
1790863680,1837
1790863740,1753
1790863800,1164
1790863860,779
1790863920,1265
1790863980,1257
1790864040,1223
1790864100,1491
1790864160,994
1790864220,938
1790864280,1024
1790864340,1340
1790864400,1500
1790864460,1117
1790864520,1261
1790864580,1659
1790864640,976
1790864700,1053
1790864760,1391
1790864820,1105
1790864880,1078
1790864940,728
1790865000,1523
1790865060,1181
1790865120,1686
1790865180,1517
1790865240,1821
1790865300,1719
1790865360,1299
1790865420,1119
1790865480,1015
1790865540,1000
1790865600,958
1790865660,1188
1790865720,1198
1790865780,1249
1790865840,1004
1790865900,1026
1790865960,1095
1790866020,1226
1790866080,758
1790866140,1026
1790866200,1276
1790866260,1240
1790866320,1055
1790866380,1172
1790866440,1005
1790866500,890
1790866560,880
1790866620,1132
1790866680,1658
1790866740,1048
1790866800,1666
1790866860,1211
1790866920,797
1790866980,1156
1790867040,878
1790867100,995
1790867160,655
1790867220,1042
1790867280,1157
1790867340,958
1790867400,686
1790867460,820
1790867520,851
1790867580,609
1790867640,928
1790867700,956
1790867760,831
1790867820,1108
1790867880,974
1790867940,961
1790868000,1831
1790868060,1120
1790868120,1044
1790868180,1377
1790868240,907
1790868300,581
1790868360,653
1790868420,894
1790868480,1046
1790868540,736
1790868600,1954
1790868660,1854
1790868720,1648
1790868780,1750
1790868840,1689
1790868900,1198
1790868960,1447
1790869020,1355
1790869080,1696
1790869140,1350
1790869200,1261
1790869260,866
1790869320,1153
1790869380,979
1790869440,1431
1790869500,1007
1790869560,1245
1790869620,963
1790869680,1505
1790869740,1454
1790869800,1417
1790869860,1074
1790869920,1004
1790869980,1179
1790870040,1143
1790870100,972
1790870160,1606
1790870220,1248
1790870280,955
1790870340,739
1790870400,1623
1790870460,1562
1790870520,1113
1790870580,846
1790870640,747
1790870700,1111
1790870760,911
1790870820,790
1790870880,795
1790870940,883
1790871000,976
1790871060,898
1790871120,781
1790871180,507
1790871240,452
1790871300,524
1790871360,686
1790871420,552
1790871480,599
1790871540,539
1790871600,609
1790871660,616
1790871720,477
1790871780,505
1790871840,456
1790871900,468
1790871960,447
1790872020,610
1790872080,666
1790872140,671
1790872200,692
1790872260,496
1790872320,444
1790872380,558
1790872440,558
1790872500,401
1790872560,881
1790872620,696
1790872680,602
1790872740,402
1790872800,528
1790872860,606
1790872920,483
1790872980,417
1790873040,430
1790873100,340
1790873160,605
1790873220,435
1790873280,455
1790873340,589
1790873400,716
1790873460,750
1790873520,760
1790873580,605
1790873640,495
1790873700,490
1790873760,495
1790873820,543
1790873880,414
1790873940,358
1790874000,479
1790874060,721
1790874120,690
1790874180,604
1790874240,673
1790874300,524
1790874360,694
1790874420,834
1790874480,755
1790874540,684
1790874600,617
1790874660,360
1790874720,460
1790874780,353
1790874840,453
1790874900,597
1790874960,455
1790875020,371
1790875080,610
1790875140,600
1790875200,697
1790875260,517
1790875320,1033
1790875380,1430
1790875440,1341
1790875500,1195
1790875560,801
1790875620,516
1790875680,738
1790875740,875
1790875800,3281
1790875860,2248
1790875920,1695
1790875980,1003
1790876040,849
1790876100,830
1790876160,762
1790876220,626
1790876280,557
1790876340,446
1790876400,576
1790876460,440
1790876520,497
1790876580,520
1790876640,520
1790876700,582
1790876760,553
1790876820,529
1790876880,555
1790876940,449
1790877000,484
1790877060,460
1790877120,453
1790877180,328
1790877240,2163
1790877300,2146
1790877360,1202
1790877420,1253
1790877480,790
1790877540,1090
1790877600,1128
1790877660,1149
1790877720,873
1790877780,712
1790877840,841
1790877900,688
1790877960,596
1790878020,632
1790878080,720
1790878140,728
1790878200,564
1790878260,530
1790878320,650
1790878380,920
1790878440,562
1790878500,577
1790878560,765
1790878620,570
1790878680,651
1790878740,542
1790878800,348
1790878860,293
1790878920,506
1790878980,1479
1790879040,887
1790879100,699
1790879160,739
1790879220,409
1790879280,724
1790879340,728
1790879400,502
1790879460,364
1790879520,383
1790879580,379
1790879640,632
1790879700,969
1790879760,662
1790879820,526
1790879880,485
1790879940,365
1790880000,280
1790880060,333
1790880120,433
1790880180,339
1790880240,335
1790880300,581
1790880360,309
1790880420,345
1790880480,181
1790880540,312
1790880600,487
1790880660,358
1790880720,464
1790880780,390
1790880840,419
1790880900,582
1790880960,279
1790881020,427
1790881080,459
1790881140,790
1790881200,668
1790881260,466
1790881320,384
1790881380,483
1790881440,587
1790881500,504
1790881560,599
1790881620,294
1790881680,554
1790881740,663
1790881800,555
1790881860,330
1790881920,309
1790881980,298
1790882040,333
1790882100,425
1790882160,244
1790882220,465
1790882280,350
1790882340,290
1790882400,357
1790882460,492
1790882520,532
1790882580,503
1790882640,461
1790882700,380
1790882760,352
1790882820,316
1790882880,309
1790882940,323
1790883000,672
1790883060,712
1790883120,411
1790883180,294
1790883240,513
1790883300,445
1790883360,360
1790883420,299
1790883480,511
1790883540,303
1790883600,439
1790883660,386
1790883720,407
1790883780,371
1790883840,474
1790883900,348
1790883960,452
1790884020,364
1790884080,341
1790884140,444
1790884200,1248
1790884260,858
1790884320,834
1790884380,562
1790884440,450
1790884500,703
1790884560,647
1790884620,503
1790884680,563
1790884740,935
1790884800,612
1790884860,394
1790884920,442
1790884980,237
1790885040,515
1790885100,416
1790885160,338
1790885220,215
1790885280,334
1790885340,247
1790885400,267
1790885460,225
1790885520,221
1790885580,181
1790885640,226
1790885700,259
1790885760,274
1790885820,223
1790885880,150
1790885940,193
1790886000,206
1790886060,189
1790886120,221
1790886180,164
1790886240,132
1790886300,212
1790886360,196
1790886420,166
1790886480,115
1790886540,137
1790886600,124
1790886660,34
1790886720,141
1790886780,109
1790886840,143
1790886900,120
1790886960,89
1790887020,136
1790887080,194
1790887140,143
1790887200,192
1790887260,78
1790887320,109
1790887380,91
1790887440,111
1790887500,121
1790887560,102
1790887620,74
1790887680,126
1790887740,68
1790887800,144
1790887860,128
1790887920,44
1790887980,42
1790888040,96
1790888100,147
1790888160,80
1790888220,119
1790888280,93
1790888340,9
1790892240,21
1790892300,186
1790892360,51
1790892420,237
1790892480,87
1790892540,117
1790892600,103
1790892660,181
1790892720,148
1790892780,291
1790892840,240
1790892900,352
1790892960,173
1790893020,126
1790893080,74
1790893140,94
1790893200,153
1790893260,63
1790893320,41
1790893380,110
1790893440,24
1790893500,66
1790893560,67
1790893620,46
1790893680,56
1790893740,50
1790893800,80
1790893860,175
1790893920,165
1790893980,186
1790894040,45
1790894100,91
1790894160,43
1790894220,70
1790894280,69
1790894340,71
1790894400,29
1790894460,86
1790894520,63
1790894580,60
1790894640,33
1790894700,40
1790894760,74
1790894820,48
1790894880,48
1790894940,40
1790895000,133
1790895060,33
1790895120,72
1790895180,67
1790895240,25
1790895300,37
1790895360,69
1790895420,64
1790895480,86
1790895540,79
1790895600,174
1790895660,91
1790895720,53
1790895780,83
1790895840,76
1790895900,125
1790895960,96
1790896020,89
1790896080,67
1790896140,49
1790896200,138
1790896260,123
1790896320,112
1790896380,53
1790896440,99
1790896500,65
1790896560,110
1790896620,64
1790896680,125
1790896740,126
1790896800,103
1790896860,157
1790896920,133
1790896980,97
1790897040,109
1790897100,100
1790897160,110
1790897220,144
1790897280,156
1790897340,83
1790897400,212
1790897460,193
1790897520,94
1790897580,125
1790897640,87
1790897700,122
1790897760,108
1790897820,114
1790897880,130
1790897940,205
1790898000,153
1790898060,194
1790898120,121
1790898180,68
1790898240,124
1790898300,201
1790898360,180
1790898420,121
1790898480,75
1790898540,353
1790898600,309
1790898660,248
1790898720,220
1790898780,106
1790898840,226
1790898900,298
1790898960,112
1790899020,172
1790899080,75
1790899140,191
1790899200,633
1790899260,484
1790899320,450
1790899380,373
1790899440,304
1790899500,386
1790899560,279
1790899620,286
1790899680,268
1790899740,247
1790899800,438
1790899860,389
1790899920,528
1790899980,526
1790900040,268
1790900100,425
1790900160,422
1790900220,397
1790900280,236
1790900340,492
1790900400,331
1790900460,429
1790900520,301
1790900580,278
1790900640,301
1790900700,324
1790900760,400
1790900820,528
1790900880,486
1790900940,529
1790901000,610
1790901060,488
1790901120,584
1790901180,730
1790901240,408
1790901300,391
1790901360,241
1790901420,422
1790901480,509
1790901540,416
1790901600,245
1790901660,371
1790901720,269
1790901780,354
1790901840,407
1790901900,506
1790901960,563
1790902020,726
1790902080,468
1790902140,289
1790902200,332
1790902260,397
1790902320,549
1790902380,596
1790902440,565
1790902500,629
1790902560,563
1790902620,496
1790902680,677
1790902740,1061
1790902800,827
1790902860,733
1790902920,960
1790902980,719
1790903040,562
1790903100,610
1790903160,742
1790903220,673
1790903280,600
1790903340,1046
1790903400,1223
1790903460,870
1790903520,756
1790903580,796
1790903640,600
1790903700,822
1790903760,763
1790903820,769
1790903880,631
1790903940,600
1790904000,539
1790904060,587
1790904120,498
1790904180,535
1790904240,487
1790904300,700
1790904360,662
1790904420,691
1790904480,497
1790904540,903
1790904600,982
1790904660,651
1790904720,421
1790904780,448
1790904840,450
1790904900,507
1790904960,536
1790905020,568
1790905080,381
1790905140,441
1790905200,553
1790905260,474
1790905320,452
1790905380,519
1790905440,493
1790905500,422
1790905560,365
1790905620,532
1790905680,512
1790905740,492
1790905800,501
1790905860,490
1790905920,574
1790905980,689
1790906040,443
1790906100,478
1790906160,424
1790906220,597
1790906280,509
1790906340,405
1790906400,593
1790906460,566
1790906520,455
1790906580,296
1790906640,623
1790906700,519
1790906760,388
1790906820,436
1790906880,471
1790906940,385
1790907000,355
1790907060,437
1790907120,409
1790907180,303
1790907240,360
1790907300,385
1790907360,415
1790907420,414
1790907480,452
1790907540,465
1790907600,398
1790907660,416
1790907720,304
1790907780,317
1790907840,372
1790907900,347
1790907960,276
1790908020,346
1790908080,297
1790908140,483
1790908200,419
1790908260,513
1790908320,488
1790908380,581
1790908440,434
1790908500,391
1790908560,252
1790908620,328
1790908680,370
1790908740,467
1790908800,331
1790908860,300
1790908920,341
1790908980,251
1790909040,203
1790909100,195
1790909160,163
1790909220,235
1790909280,395
1790909340,361
1790909400,318
1790909460,337
1790909520,523
1790909580,332
1790909640,332
1790909700,327
1790909760,268
1790909820,388
1790909880,385
1790909940,366
1790910000,401
1790910060,1134
1790910120,594
1790910180,381
1790910240,396
1790910300,361
1790910360,263
1790910420,265
1790910480,273
1790910540,243
1790910600,340
1790910660,203
1790910720,190
1790910780,270
1790910840,204
1790910900,328
1790910960,280
1790911020,436
1790911080,350
1790911140,210
1790911200,179
1790911260,302
1790911320,416
1790911380,374
1790911440,214
1790911500,438
1790911560,262
1790911620,214
1790911680,314
1790911740,300
1790911800,622
1790911860,414
1790911920,445
1790911980,470
1790912040,275
1790912100,268
1790912160,242
1790912220,252
1790912280,217
1790912340,271
1790912400,289
1790912460,206
1790912520,165
1790912580,243
1790912640,222
1790912700,430
1790912760,477
1790912820,470
1790912880,281
1790912940,142
1790913000,216
1790913060,407
1790913120,232
1790913180,203
1790913240,278
1790913300,331
1790913360,231
1790913420,300
1790913480,252
1790913540,533
1790913600,685
1790913660,574
1790913720,457
1790913780,402
1790913840,270
1790913900,449
1790913960,443
1790914020,435
1790914080,433
1790914140,281
1790914200,495
1790914260,380
1790914320,257
1790914380,611
1790914440,406
1790914500,351
1790914560,412
1790914620,210
1790914680,256
1790914740,219
1790914800,238
1790914860,219
1790914920,198
1790914980,143
1790915040,174
1790915100,297
1790915160,298
1790915220,221
1790915280,240
1790915340,143
1790915400,240
1790915460,249
1790915520,432
1790915580,394
1790915640,371
1790915700,343
1790915760,399
1790915820,386
1790915880,376
1790915940,296
1790916000,414
1790916060,404
1790916120,226
1790916180,141
1790916240,191
1790916300,293
1790916360,297
1790916420,201
1790916480,179
1790916540,127
1790916600,102
1790916660,295
1790916720,400
1790916780,216
1790916840,133
1790916900,198
1790916960,260
1790917020,176
1790917080,190
1790917140,275
1790917200,284
1790917260,293
1790917320,421
1790917380,465
1790917440,383
1790917500,370
1790917560,366
1790917620,421
1790917680,713
1790917740,283
1790917800,405
1790917860,706
1790917920,443
1790917980,353
1790918040,415
1790918100,260
1790918160,183
1790918220,339
1790918280,313
1790918340,264
1790918400,161
1790918460,374
1790918520,360
1790918580,180
1790918640,245
1790918700,304
1790918760,187
1790918820,166
1790918880,224
1790918940,316
1790919000,391
1790919060,332
1790919120,193
1790919180,361
1790919240,372
1790919300,527
1790919360,504
1790919420,310
1790919480,325
1790919540,309
1790919600,289
1790919660,296
1790919720,168
1790919780,444
1790919840,394
1790919900,421
1790919960,345
1790920020,237
1790920080,202
1790920140,261
1790920200,274
1790920260,326
1790920320,307
1790920380,405
1790920440,395
1790920500,365
1790920560,351
1790920620,443
1790920680,294
1790920740,403
1790920800,1291
1790920860,807
1790920920,737
1790920980,711
1790921040,1111
1790921100,993
1790921160,665
1790921220,819
1790921280,619
1790921340,718
1790921400,707
1790921460,708
1790921520,659
1790921580,428
1790921640,395
1790921700,966
1790921760,588
1790921820,565
1790921880,578
1790921940,472
1790922000,641
1790922060,701
1790922120,719
1790922180,468
1790922240,633
1790922300,632
1790922360,618
1790922420,620
1790922480,558
1790922540,667
1790922600,724
1790922660,723
1790922720,535
1790922780,442
1790922840,435
1790922900,832
1790922960,929
1790923020,665
1790923080,719
1790923140,798
1790923200,635
1790923260,625
1790923320,552
1790923380,473
1790923440,528
1790923500,533
1790923560,412
1790923620,378
1790923680,568
1790923740,518
1790923800,498
1790923860,428
1790923920,399
1790923980,376
1790924040,388
1790924100,432
1790924160,470
1790924220,522
1790924280,517
1790924340,483
1790924400,984
1790924460,774
1790924520,654
1790924580,523
1790924640,548
1790924700,575
1790924760,853
1790924820,661
1790924880,491
1790924940,524
1790925000,539
1790925060,535
1790925120,412
1790925180,743
1790925240,614
1790925300,843
1790925360,673
1790925420,681
1790925480,806
1790925540,498
1790925600,383
1790925660,368
1790925720,460
1790925780,661
1790925840,547
1790925900,656
1790925960,408
1790926020,465
1790926080,587
1790926140,569
1790926200,595
1790926260,724
1790926320,651
1790926380,416
1790926440,534
1790926500,604
1790926560,556
1790926620,578
1790926680,466
1790926740,426
1790926800,430
1790926860,555
1790926920,475
1790926980,505
1790927040,508
1790927100,693
1790927160,585
1790927220,463
1790927280,367
1790927340,426
1790927400,534
1790927460,425
1790927520,474
1790927580,499
1790927640,629
1790927700,423
1790927760,537
1790927820,1510
1790927880,1800
1790927940,792
1790928000,821
1790928060,485
1790928120,537
1790928180,982
1790928240,661
1790928300,603
1790928360,588
1790928420,1090
1790928480,1124
1790928540,722
1790928600,970
1790928660,1304
1790928720,874
1790928780,679
1790928840,686
1790928900,712
1790928960,639
1790929020,518
1790929080,602
1790929140,611
1790929200,552
1790929260,875
1790929320,769
1790929380,415
1790929440,498
1790929500,578
1790929560,394
1790929620,457
1790929680,465
1790929740,654
1790929800,1179
1790929860,659
1790929920,617
1790929980,614
1790930040,451
1790930100,465
1790930160,447
1790930220,436
1790930280,332
1790930340,458
1790930400,721
1790930460,416
1790930520,292
1790930580,387
1790930640,397
1790930700,584
1790930760,618
1790930820,681
1790930880,721
1790930940,347
1790931000,543
1790931060,369
1790931120,318
1790931180,274
1790931240,310
1790931300,280
1790931360,248
1790931420,321
1790931480,269
1790931540,241
1790931600,453
1790931660,378
1790931720,628
1790931780,841
1790931840,534
1790931900,565
1790931960,417
1790932020,346
1790932080,211
1790932140,266
1790932200,443
1790932260,373
1790932320,347
1790932380,573
1790932440,543
1790932500,558
1790932560,957
1790932620,502
1790932680,388
1790932740,366
1790932800,403
1790932860,385
1790932920,278
1790932980,294
1790933040,245
1790933100,304
1790933160,299
1790933220,324
1790933280,457
1790933340,337
1790933400,519
1790933460,630
1790933520,457
1790933580,499
1790933640,362
1790933700,325
1790933760,329
1790933820,358
1790933880,306
1790933940,175
1790934000,513
1790934060,309
1790934120,322
1790934180,282
1790934240,271
1790934300,431
1790934360,879
1790934420,1277
1790934480,609
1790934540,1397
1790934600,645
1790934660,454
1790934720,455
1790934780,642
1790934840,428
1790934900,371
1790934960,281
1790935020,317
1790935080,245
1790935140,245
1790935200,394
1790935260,349
1790935320,414
1790935380,565
1790935440,720
1790935500,519
1790935560,633
1790935620,434
1790935680,468
1790935740,231
1790935800,388
1790935860,326
1790935920,696
1790935980,588
1790936040,344
1790936100,618
1790936160,622
1790936220,505
1790936280,407
1790936340,496
1790936400,674
1790936460,1430
1790936520,633
1790936580,698
1790936640,937
1790936700,900
1790936760,514
1790936820,495
1790936880,514
1790936940,385
1790937000,658
1790937060,478
1790937120,372
1790937180,381
1790937240,379
1790937300,304
1790937360,326
1790937420,403
1790937480,428
1790937540,348
1790937600,305
1790937660,258
1790937720,294
1790937780,318
1790937840,450
1790937900,635
1790937960,646
1790938020,504
1790938080,504
1790938140,417
1790938200,509
1790938260,434
1790938320,403
1790938380,278
1790938440,316
1790938500,323
1790938560,529
1790938620,303
1790938680,380
1790938740,444
1790938800,736
1790938860,469
1790938920,622
1790938980,575
1790939040,578
1790939100,539
1790939160,315
1790939220,499
1790939280,410
1790939340,647
1790939400,489
1790939460,549
1790939520,712
1790939580,458
1790939640,539
1790939700,523
1790939760,516
1790939820,558
1790939880,368
1790939940,505
1790940000,344
1790940060,311
1790940120,410
1790940180,342
1790940240,301
1790940300,407
1790940360,478
1790940420,393
1790940480,309
1790940540,312
1790940600,476
1790940660,377
1790940720,743
1790940780,594
1790940840,417
1790940900,281
1790940960,369
1790941020,476
1790941080,487
1790941140,332
1790941200,510
1790941260,336
1790941320,473
1790941380,406
1790941440,379
1790941500,425
1790941560,669
1790941620,724
1790941680,767
1790941740,917
1790941800,801
1790941860,492
1790941920,721
1790941980,377
1790942040,581
1790942100,514
1790942160,679
1790942220,858
1790942280,394
1790942340,445
1790942400,895
1790942460,785
1790942520,814
1790942580,471
1790942640,571
1790942700,470
1790942760,679
1790942820,572
1790942880,606
1790942940,616
1790943000,431
1790943060,476
1790943120,578
1790943180,413
1790943240,751
1790943300,599
1790943360,589
1790943420,749
1790943480,463
1790943540,1295
1790943600,946
1790943660,614
1790943720,670
1790943780,725
1790943840,833
1790943900,784
1790943960,365
1790944020,467
1790944080,1009
1790944140,974
1790944200,3657
1790944260,3379
1790944320,3216
1790944380,3184
1790944440,2839
1790944500,2695
1790944560,2516
1790944620,2373
1790944680,2213
1790944740,2247
1790944800,2101
1790944860,2021
1790944920,1778
1790944980,1792
1790945040,2087
1790945100,1867
1790945160,1681
1790945220,1590
1790945280,1372
1790945340,1561
1790945400,1502
1790945460,1618
1790945520,1781
1790945580,1686
1790945640,1606
1790945700,1510
1790945760,1722
1790945820,1914
1790945880,1600
1790945940,1453
1790946000,2004
1790946060,2134
1790946120,1747
1790946180,1794
1790946240,1634
1790946300,2090
1790946360,2199
1790946420,1894
1790946480,1660
1790946540,2016
1790946600,1732
1790946660,1708
1790946720,1625
1790946780,1537
1790946840,1676
1790946900,1284
1790946960,1275
1790947020,1404
1790947080,1213
1790947140,1192
1790947200,1504
1790947260,1610
1790947320,1399
1790947380,1668
1790947440,1405
1790947500,1457
1790947560,1263
1790947620,1029
1790947680,1062
1790947740,1153
1790947800,2032
1790947860,2054
1790947920,1788
1790947980,1953
1790948040,1553
1790948100,1746
1790948160,1583
1790948220,2025
1790948280,1767
1790948340,1826
1790948400,1888
1790948460,1965
1790948520,1612
1790948580,1674
1790948640,1986
1790948700,2030
1790948760,1754
1790948820,1649
1790948880,1412
1790948940,1491
1790949000,1568
1790949060,1333
1790949120,1441
1790949180,1589
1790949240,1251
1790949300,1654
1790949360,1654
1790949420,1931
1790949480,2309
1790949540,1111
1790949600,1657
1790949660,1977
1790949720,1841
1790949780,1442
1790949840,1820
1790949900,2059
1790949960,1655
1790950020,1530
1790950080,1443
1790950140,1834
1790950200,1829
1790950260,1778
1790950320,1437
1790950380,1107
1790950440,1377
1790950500,1585
1790950560,1475
1790950620,1346
1790950680,1175
1790950740,1215
1790950800,1306
1790950860,1179
1790950920,1226
1790950980,1479
1790951040,1143
1790951100,1419
1790951160,1724
1790951220,1389
1790951280,1351
1790951340,1295
1790951400,2064
1790951460,1383
1790951520,1282
1790951580,1311
1790951640,1701
1790951700,1368
1790951760,1682
1790951820,1318
1790951880,1113
1790951940,1160
1790952000,811
1790952060,959
1790952120,1149
1790952180,1049
1790952240,970
1790952300,906
1790952360,1742
1790952420,1284
1790952480,1230
1790952540,602
1790952600,1129
1790952660,833
1790952720,1129
1790952780,1631
1790952840,1801
1790952900,1402
1790952960,1376
1790953020,1893
1790953080,1823
1790953140,996
1790953200,1501
1790953260,1813
1790953320,1868
1790953380,1382
1790953440,1498
1790953500,1452
1790953560,1810
1790953620,1976
1790953680,1640
1790953740,1693
1790953800,1598
1790953860,1685
1790953920,1358
1790953980,1314
1790954040,1305
1790954100,1933
1790954160,1718
1790954220,1468
1790954280,1714
1790954340,1412
1790954400,1682
1790954460,1521
1790954520,1865
1790954580,1632
1790954640,1733
1790954700,2068
1790954760,1738
1790954820,1639
1790954880,1234
1790954940,1626
1790955000,1564
1790955060,1405
1790955120,1277
1790955180,1190
1790955240,878
1790955300,1019
1790955360,1108
1790955420,797
1790955480,1024
1790955540,784
1790955600,878
1790955660,938
1790955720,823
1790955780,818
1790955840,835
1790955900,1241
1790955960,1204
1790956020,640
1790956080,824
1790956140,776
1790956200,830
1790956260,702
1790956320,1034
1790956380,1008
1790956440,1046
1790956500,783
1790956560,713
1790956620,1054
1790956680,846
1790956740,716
1790956800,1176
1790956860,1122
1790956920,1472
1790956980,1210
1790957040,1138
1790957100,1241
1790957160,1156
1790957220,812
1790957280,842
1790957340,695
1790957400,878
1790957460,845
1790957520,1041
1790957580,949
1790957640,710
1790957700,557
1790957760,730
1790957820,610
1790957880,497
1790957940,519
1790958000,611
1790958060,691
1790958120,794
1790958180,1103
1790958240,1875
1790958300,1536
1790958360,899
1790958420,1070
1790958480,910
1790958540,784
1790958600,919
1790958660,766
1790958720,641
1790958780,789
1790958840,826
1790958900,690
1790958960,714
1790959020,680
1790959080,576
1790959140,610
1790959200,697
1790959260,784
1790959320,572
1790959380,628
1790959440,655
1790959500,623
1790959560,675
1790959620,643
1790959680,527
1790959740,542
1790959800,698
1790959860,662
1790959920,579
1790959980,604
1790960040,532
1790960100,545
1790960160,540
1790960220,515
1790960280,474
1790960340,574
1790960400,691
1790960460,741
1790960520,538
1790960580,537
1790960640,516
1790960700,376
1790960760,634
1790960820,583
1790960880,521
1790960940,435
1790961000,368
1790961060,339
1790961120,319
1790961180,474
1790961240,663
1790961300,541
1790961360,468
1790961420,394
1790961480,419
1790961540,371
1790961600,483
1790961660,435
1790961720,460
1790961780,608
1790961840,603
1790961900,529
1790961960,774
1790962020,769
1790962080,908
1790962140,787
1790962200,925
1790962260,745
1790962320,694
1790962380,556
1790962440,558
1790962500,552
1790962560,632
1790962620,524
1790962680,464
1790962740,446
1790962800,608
1790962860,367
1790962920,473
1790962980,343
1790963040,662
1790963100,433
1790963160,420
1790963220,410
1790963280,396
1790963340,454
1790963400,931
1790963460,439
1790963520,364
1790963580,354
1790963640,491
1790963700,474
1790963760,396
1790963820,406
1790963880,679
1790963940,423
1790964000,644
1790964060,509
1790964120,398
1790964180,410
1790964240,402
1790964300,478
1790964360,347
1790964420,498
1790964480,415
1790964540,419
1790964600,348
1790964660,467
1790964720,417
1790964780,466
1790964840,395
1790964900,428
1790964960,609
1790965020,424
1790965080,609
1790965140,542
1790965200,456
1790965260,584
1790965320,484
1790965380,795
1790965440,343
1790965500,528
1790965560,343
1790965620,478
1790965680,902
1790965740,437
1790965800,414
1790965860,624
1790965920,541
1790965980,521
1790966040,559
1790966100,540
1790966160,401
1790966220,252
1790966280,382
1790966340,420
1790966400,366
1790966460,351
1790966520,425
1790966580,408
1790966640,387
1790966700,355
1790966760,224
1790966820,300
1790966880,358
1790966940,352
1790967000,386
1790967060,356
1790967120,233
1790967180,296
1790967240,514
1790967300,544
1790967360,397
1790967420,361
1790967480,310
1790967540,562
1790967600,661
1790967660,551
1790967720,481
1790967780,531
1790967840,512
1790967900,547
1790967960,233
1790968020,400
1790968080,262
1790968140,306
1790968200,1079
1790968260,869
1790968320,903
1790968380,1105
1790968440,799
1790968500,781
1790968560,995
1790968620,832
1790968680,922
1790968740,764
1790968800,919
1790968860,754
1790968920,861
1790968980,595
1790969040,733
1790969100,596
1790969160,709
1790969220,691
1790969280,556
1790969340,588
1790969400,972
1790969460,931
1790969520,718
1790969580,601
1790969640,746
1790969700,806
1790969760,435
1790969820,512
1790969880,607
1790969940,499
1790970000,441
1790970060,426
1790970120,671
1790970180,560
1790970240,522
1790970300,966
1790970360,530
1790970420,493
1790970480,449
1790970540,413
1790970600,504
1790970660,509
1790970720,451
1790970780,630
1790970840,422
1790970900,403
1790970960,461
1790971020,280
1790971080,473
1790971140,838
1790971200,647
1790971260,439
1790971320,348
1790971380,423
1790971440,342
1790971500,543
1790971560,383
1790971620,153
1790971680,257
1790971740,187
1790971800,344
1790971860,344
1790971920,184
1790971980,263
1790972040,249
1790972100,311
1790972160,301
1790972220,237
1790972280,257
1790972340,199
1790972400,167
1790972460,159
1790972520,124
1790972580,99
1790972640,127
1790972700,109
1790972760,99
1790972820,149
1790972880,163
1790972940,150
1790973000,195
1790973060,69
1790973120,105
1790973180,272
1790973240,198
1790973300,243
1790973360,235
1790973420,189
1790973480,145
1790973540,120
1790973600,237
1790973660,137
1790973720,95
1790973780,75
1790973840,90
1790973900,214
1790973960,150
1790974020,174
1790974080,138
1790974140,239
1790974200,226
1790974260,220
1790974320,197
1790974380,235
1790974440,191
1790974500,237
1790974560,187
1790974620,184
1790974680,189
1790974740,24
1791151440,40
1791151500,649
1791151560,263
1791151620,175
1791151680,127
1791151740,112
1791151800,231
1791151860,139
1791151920,178
1791151980,117
1791152040,257
1791152100,273
1791152160,291
1791152220,228
1791152280,141
1791152340,178
1791152400,158
1791152460,133
1791152520,123
1791152580,101
1791152640,183
1791152700,170
1791152760,186
1791152820,195
1791152880,148
1791152940,178
1791153000,252
1791153060,308
1791153120,170
1791153180,149
1791153240,170
1791153300,160
1791153360,72
1791153420,53
1791153480,39
1791153540,83
1791153600,71
1791153660,68
1791153720,58
1791153780,134
1791153840,54
1791153900,150
1791153960,67
1791154020,39
1791154080,172
1791154140,80
1791154200,96
1791154260,131
1791154320,61
1791154380,54
1791154440,75
1791154500,77
1791154560,88
1791154620,76
1791154680,49
1791154740,68
1791154800,170
1791154860,174
1791154920,153
1791154980,164
1791155040,132
1791155100,136
1791155160,63
1791155220,69
1791155280,81
1791155340,91
1791155400,108
1791155460,103
1791155520,153
1791155580,179
1791155640,103
1791155700,194
1791155760,139
1791155820,103
1791155880,135
1791155940,157
1791156000,92
1791156060,58
1791156120,107
1791156180,197
1791156240,176
1791156300,120
1791156360,101
1791156420,141
1791156480,122
1791156540,75
1791156600,146
1791156660,104
1791156720,71
1791156780,103
1791156840,103
1791156900,135
1791156960,134
1791157020,93
1791157080,102
1791157140,123
1791157200,122
1791157260,105
1791157320,103
1791157380,120
1791157440,140
1791157500,258
1791157560,185
1791157620,201
1791157680,153
1791157740,349
1791157800,190
1791157860,276
1791157920,204
1791157980,245
1791158040,269
1791158100,306
1791158160,268
1791158220,224
1791158280,257
1791158340,335
1791158400,1142
1791158460,426
1791158520,512
1791158580,360
1791158640,420
1791158700,405
1791158760,434
1791158820,447
1791158880,448
1791158940,268
1791159000,299
1791159060,612
1791159120,528
1791159180,341
1791159240,440
1791159300,1259
1791159360,924
1791159420,790
1791159480,711
1791159540,780
1791159600,600
1791159660,591
1791159720,540
1791159780,516
1791159840,612
1791159900,484
1791159960,609
1791160020,365
1791160080,363
1791160140,317
1791160200,305
1791160260,234
1791160320,210
1791160380,156
1791160440,238
1791160500,304
1791160560,180
1791160620,331
1791160680,431
1791160740,206
1791160800,146
1791160860,159
1791160920,149
1791160980,306
1791161040,399
1791161100,394
1791161160,395
1791161220,512
1791161280,461
1791161340,450
1791161400,467
1791161460,293
1791161520,195
1791161580,273
1791161640,428
1791161700,276
1791161760,207
1791161820,309
1791161880,479
1791161940,269
1791162000,896
1791162060,972
1791162120,527
1791162180,275
1791162240,295
1791162300,377
1791162360,356
1791162420,259
1791162480,591
1791162540,481
1791162600,479
1791162660,519
1791162720,383
1791162780,409
1791162840,461
1791162900,684
1791162960,690
1791163020,320
1791163080,376
1791163140,494
1791163200,555
1791163260,498
1791163320,442
1791163380,628
1791163440,726
1791163500,538
1791163560,398
1791163620,320
1791163680,233
1791163740,399
1791163800,856
1791163860,498
1791163920,539
1791163980,651
1791164040,477
1791164100,583
1791164160,488
1791164220,402
1791164280,487
1791164340,499
1791164400,409
1791164460,309
1791164520,489
1791164580,549
1791164640,480
1791164700,809
1791164760,699
1791164820,592
1791164880,471
1791164940,334
1791165000,363
1791165060,373
1791165120,274
1791165180,350
1791165240,232
1791165300,288
1791165360,348
1791165420,344
1791165480,277
1791165540,343
1791165600,348
1791165660,407
1791165720,368
1791165780,398
1791165840,711
1791165900,444
1791165960,439
1791166020,435
1791166080,455
1791166140,470
1791166200,318
1791166260,360
1791166320,414
1791166380,509
1791166440,385
1791166500,241
1791166560,338
1791166620,461
1791166680,324
1791166740,811
1791166800,665
1791166860,656
1791166920,281
1791166980,461
1791167040,417
1791167100,249
1791167160,305
1791167220,252
1791167280,336
1791167340,524
1791167400,458
1791167460,463
1791167520,344
1791167580,399
1791167640,312
1791167700,398
1791167760,209
1791167820,481
1791167880,506
1791167940,633
1791168000,525
1791168060,495
1791168120,380
1791168180,580
1791168240,457
1791168300,483
1791168360,664
1791168420,731
1791168480,473
1791168540,1220
1791168600,853
1791168660,772
1791168720,852
1791168780,660
1791168840,762
1791168900,1281
1791168960,568
1791169020,705
1791169080,767
1791169140,723
1791169200,700
1791169260,756
1791169320,831
1791169380,762
1791169440,741
1791169500,838
1791169560,1033
1791169620,1073
1791169680,987
1791169740,861
1791169800,905
1791169860,843
1791169920,1097
1791169980,473
1791170040,417
1791170100,461
1791170160,428
1791170220,574
1791170280,342
1791170340,369
1791170400,342
1791170460,293
1791170520,311
1791170580,373
1791170640,328
1791170700,370
1791170760,328
1791170820,453
1791170880,399
1791170940,307
1791171000,461
1791171060,357
1791171120,370
1791171180,375
1791171240,268
1791171300,233
1791171360,218
1791171420,208
1791171480,336
1791171540,361
1791171600,374
1791171660,231
1791171720,242
1791171780,281
1791171840,279
1791171900,384
1791171960,313
1791172020,201
1791172080,210
1791172140,322
1791172200,257
1791172260,188
1791172320,237
1791172380,225
1791172440,182
1791172500,306
1791172560,317
1791172620,203
1791172680,219
1791172740,265
1791172800,334
1791172860,336
1791172920,210
1791172980,349
1791173040,251
1791173100,283
1791173160,374
1791173220,252
1791173280,408
1791173340,168
1791173400,219
1791173460,179
1791173520,213
1791173580,146
1791173640,496
1791173700,443
1791173760,388
1791173820,463
1791173880,427
1791173940,331
1791174000,311
1791174060,429
1791174120,329
1791174180,434
1791174240,276
1791174300,276
1791174360,341
1791174420,315
1791174480,365
1791174540,742
1791174600,926
1791174660,494
1791174720,674
1791174780,430
1791174840,445
1791174900,332
1791174960,457
1791175020,314
1791175080,154
1791175140,286
1791175200,439
1791175260,327
1791175320,158
1791175380,180
1791175440,277
1791175500,256
1791175560,283
1791175620,210
1791175680,326
1791175740,321
1791175800,233
1791175860,221
1791175920,174
1791175980,231
1791176040,367
1791176100,325
1791176160,266
1791176220,129
1791176280,175
1791176340,190
1791176400,323
1791176460,328
1791176520,359
1791176580,227
1791176640,325
1791176700,212
1791176760,282
1791176820,615
1791176880,402
1791176940,156
1791177000,227
1791177060,124
1791177120,176
1791177180,251
1791177240,362
1791177300,218
1791177360,202
1791177420,165
1791177480,216
1791177540,287
1791177600,246
1791177660,158
1791177720,263
1791177780,554
1791177840,315
1791177900,331
1791177960,280
1791178020,130
1791178080,265
1791178140,177
1791178200,319
1791178260,201
1791178320,254
1791178380,267
1791178440,188
1791178500,312
1791178560,414
1791178620,307
1791178680,188
1791178740,159
1791178800,248
1791178860,252
1791178920,220
1791178980,168
1791179040,285
1791179100,233
1791179160,265
1791179220,172
1791179280,340
1791179340,253
1791179400,299
1791179460,308
1791179520,314
1791179580,214
1791179640,411
1791179700,459
1791179760,645
1791179820,682
1791179880,467
1791179940,397
1791180000,1074
1791180060,937
1791180120,858
1791180180,679
1791180240,559
1791180300,586
1791180360,623
1791180420,350
1791180480,451
1791180540,480
1791180600,792
1791180660,808
1791180720,862
1791180780,492
1791180840,803
1791180900,868
1791180960,722
1791181020,800
1791181080,399
1791181140,663
1791181200,1036
1791181260,744
1791181320,625
1791181380,537
1791181440,415
1791181500,618
1791181560,465
1791181620,452
1791181680,514
1791181740,522
1791181800,1038
1791181860,834
1791181920,1072
1791181980,833
1791182040,913
1791182100,1065
1791182160,1223
1791182220,830
1791182280,715
1791182340,818
1791182400,694
1791182460,631
1791182520,576
1791182580,862
1791182640,551
1791182700,489
1791182760,688
1791182820,632
1791182880,903
1791182940,939
1791183000,848
1791183060,626
1791183120,517
1791183180,569
1791183240,956
1791183300,783
1791183360,497
1791183420,476
1791183480,456
1791183540,657
1791183600,1290
1791183660,964
1791183720,999
1791183780,768
1791183840,838
1791183900,625
1791183960,637
1791184020,565
1791184080,471
1791184140,462
1791184200,512
1791184260,678
1791184320,609
1791184380,754
1791184440,521
1791184500,443
1791184560,476
1791184620,450
1791184680,305
1791184740,314
1791184800,469
1791184860,603
1791184920,593
1791184980,646
1791185040,612
1791185100,749
1791185160,661
1791185220,592
1791185280,530
1791185340,442
1791185400,496
1791185460,473
1791185520,500
1791185580,562
1791185640,433
1791185700,347
1791185760,466
1791185820,428
1791185880,436
1791185940,301
1791186000,328
1791186060,727
1791186120,719
1791186180,617
1791186240,326
1791186300,1441
1791186360,768
1791186420,591
1791186480,451
1791186540,297
1791186600,319
1791186660,582
1791186720,645
1791186780,332
1791186840,324
1791186900,340
1791186960,352
1791187020,356
1791187080,308
1791187140,289
1791187200,1270
1791187260,910
1791187320,542
1791187380,689
1791187440,538
1791187500,637
1791187560,463
1791187620,647
1791187680,519
1791187740,343
1791187800,439
1791187860,639
1791187920,622
1791187980,452
1791188040,413
1791188100,365
1791188160,285
1791188220,492
1791188280,386
1791188340,311
1791188400,494
1791188460,397
1791188520,521
1791188580,691
1791188640,537
1791188700,924
1791188760,927
1791188820,548
1791188880,701
1791188940,414
1791189000,513
1791189060,366
1791189120,371
1791189180,493
1791189240,2051
1791189300,1065
1791189360,715
1791189420,710
1791189480,552
1791189540,454
1791189600,652
1791189660,369
1791189720,343
1791189780,488
1791189840,636
1791189900,495
1791189960,263
1791190020,488
1791190080,394
1791190140,1977
1791190200,1509
1791190260,1024
1791190320,721
1791190380,359
1791190440,347
1791190500,403
1791190560,326
1791190620,253
1791190680,598
1791190740,439
1791190800,399
1791190860,414
1791190920,570
1791190980,388
1791191040,397
1791191100,351
1791191160,431
1791191220,442
1791191280,317
1791191340,182
1791191400,227
1791191460,178
1791191520,156
1791191580,117
1791191640,192
1791191700,273
1791191760,353
1791191820,591
1791191880,800
1791191940,611
1791192000,315
1791192060,389
1791192120,299
1791192180,490
1791192240,612
1791192300,564
1791192360,220
1791192420,304
1791192480,355
1791192540,302
1791192600,435
1791192660,283
1791192720,363
1791192780,275
1791192840,336
1791192900,401
1791192960,540
1791193020,443
1791193080,318
1791193140,321
1791193200,411
1791193260,484
1791193320,247
1791193380,411
1791193440,270
1791193500,426
1791193560,505
1791193620,517
1791193680,384
1791193740,270
1791193800,223
1791193860,343
1791193920,389
1791193980,283
1791194040,418
1791194100,393
1791194160,495
1791194220,297
1791194280,235
1791194340,223
1791194400,447
1791194460,221
1791194520,435
1791194580,543
1791194640,316
1791194700,260
1791194760,333
1791194820,335
1791194880,512
1791194940,573
1791195000,487
1791195060,367
1791195120,291
1791195180,308
1791195240,358
1791195300,326
1791195360,348
1791195420,285
1791195480,303
1791195540,362
1791195600,316
1791195660,268
1791195720,250
1791195780,418
1791195840,416
1791195900,331
1791195960,279
1791196020,397
1791196080,310
1791196140,327
1791196200,241
1791196260,213
1791196320,241
1791196380,184
1791196440,226
1791196500,298
1791196560,241
1791196620,171
1791196680,296
1791196740,176
1791196800,197
1791196860,276
1791196920,228
1791196980,214
1791197040,294
1791197100,242
1791197160,274
1791197220,432
1791197280,287
1791197340,266
1791197400,308
1791197460,379
1791197520,177
1791197580,212
1791197640,883
1791197700,1499
1791197760,965
1791197820,359
1791197880,448
1791197940,379
1791198000,929
1791198060,602
1791198120,459
1791198180,385
1791198240,194
1791198300,277
1791198360,209
1791198420,178
1791198480,196
1791198540,178
1791198600,237
1791198660,222
1791198720,275
1791198780,267
1791198840,291
1791198900,259
1791198960,429
1791199020,407
1791199080,293
1791199140,282
1791199200,294
1791199260,177
1791199320,376
1791199380,262
1791199440,189
1791199500,267
1791199560,303
1791199620,1547
1791199680,528
1791199740,783
1791199800,792
1791199860,416
1791199920,603
1791199980,518
1791200040,537
1791200100,371
1791200160,278
1791200220,225
1791200280,344
1791200340,384
1791200400,318
1791200460,422
1791200520,750
1791200580,385
1791200640,312
1791200700,538
1791200760,547
1791200820,391
1791200880,302
1791200940,281
1791201000,244
1791201060,479
1791201120,349
1791201180,355
1791201240,508
1791201300,262
1791201360,290
1791201420,337
1791201480,440
1791201540,277
1791201600,555
1791201660,574
1791201720,540
1791201780,445
1791201840,238
1791201900,289
1791201960,307
1791202020,315
1791202080,303
1791202140,546
1791202200,800
1791202260,348
1791202320,337
1791202380,351
1791202440,452
1791202500,324
1791202560,728
1791202620,685
1791202680,675
1791202740,887
1791202800,540
1791202860,505
1791202920,437
1791202980,458
1791203040,485
1791203100,686
1791203160,477
1791203220,502
1791203280,530
1791203340,600
1791203400,1067
1791203460,716
1791203520,619
1791203580,760
1791203640,489
1791203700,565
1791203760,459
1791203820,590
1791203880,343
1791203940,398
1791204000,789
1791204060,504
1791204120,369
1791204180,477
1791204240,411
1791204300,372
1791204360,456
1791204420,675
1791204480,483
1791204540,340
1791204600,375
1791204660,430
1791204720,748
1791204780,417
1791204840,276
1791204900,466
1791204960,392
1791205020,414
1791205080,271
1791205140,228
1791205200,526
1791205260,327
1791205320,385
1791205380,320
1791205440,320
1791205500,364
1791205560,783
1791205620,427
1791205680,586
1791205740,435
1791205800,517
1791205860,450
1791205920,491
1791205980,340
1791206040,503
1791206100,332
1791206160,456
1791206220,657
1791206280,567
1791206340,473
1791206400,463
1791206460,275
1791206520,344
1791206580,326
1791206640,735
1791206700,738
1791206760,605
1791206820,398
1791206880,437
1791206940,530
1791207000,1032
1791207060,801
1791207120,1400
1791207180,1229
1791207240,921
1791207300,972
1791207360,757
1791207420,698
1791207480,733
1791207540,682
1791207600,835
1791207660,768
1791207720,811
1791207780,825
1791207840,526
1791207900,1042
1791207960,1237
1791208020,864
1791208080,1136
1791208140,1226
1791208200,1153
1791208260,1072
1791208320,844
1791208380,928
1791208440,1262
1791208500,924
1791208560,1024
1791208620,759
1791208680,497
1791208740,398
1791208800,1650
1791208860,1503
1791208920,928
1791208980,778
1791209040,1153
1791209100,914
1791209160,946
1791209220,588
1791209280,1463
1791209340,2032
1791209400,1110
1791209460,562
1791209520,649
1791209580,958
1791209640,602
1791209700,758
1791209760,1032
1791209820,878
1791209880,425
1791209940,478
1791210000,475
1791210060,534
1791210120,1084
1791210180,509
1791210240,444
1791210300,626
1791210360,536
1791210420,524
1791210480,612
1791210540,459
1791210600,684
1791210660,765
1791210720,774
1791210780,566
1791210840,546
1791210900,503
1791210960,664
1791211020,659
1791211080,465
1791211140,512
1791211200,584
1791211260,596
1791211320,695
1791211380,627
1791211440,689
1791211500,430
1791211560,490
1791211620,547
1791211680,689
1791211740,702
1791211800,1005
1791211860,1112
1791211920,932
1791211980,488
1791212040,861
1791212100,911
1791212160,689
1791212220,1338
1791212280,961
1791212340,753
1791212400,1213
1791212460,1277
1791212520,978
1791212580,1339
1791212640,676
1791212700,380
1791212760,423
1791212820,412
1791212880,323
1791212940,347
1791213000,395
1791213060,351
1791213120,320
1791213180,308
1791213240,327
1791213300,463
1791213360,536
1791213420,509
1791213480,288
1791213540,243
1791213600,453
1791213660,640
1791213720,1189
1791213780,763
1791213840,889
1791213900,634
1791213960,507
1791214020,521
1791214080,628
1791214140,755
1791214200,517
1791214260,451
1791214320,513
1791214380,580
1791214440,471
1791214500,400
1791214560,546
1791214620,536
1791214680,475
1791214740,373
1791214800,530
1791214860,439
1791214920,318
1791214980,271
1791215040,308
1791215100,313
1791215160,279
1791215220,202
1791215280,314
1791215340,377
1791215400,479
1791215460,380
1791215520,265
1791215580,228
1791215640,343
1791215700,334
1791215760,375
1791215820,256
1791215880,496
1791215940,313
1791216000,350
1791216060,362
1791216120,252
1791216180,269
1791216240,309
1791216300,287
1791216360,321
1791216420,454
1791216480,268
1791216540,188
1791216600,282
1791216660,285
1791216720,245
1791216780,214
1791216840,215
1791216900,423
1791216960,342
1791217020,254
1791217080,381
1791217140,253
1791217200,253
1791217260,373
1791217320,247
1791217380,200
1791217440,502
1791217500,472
1791217560,401
1791217620,511
1791217680,653
1791217740,678
1791217800,546
1791217860,256
1791217920,460
1791217980,336
1791218040,459
1791218100,364
1791218160,336
1791218220,230
1791218280,213
1791218340,278
1791218400,269
1791218460,264
1791218520,319
1791218580,272
1791218640,115
1791218700,269
1791218760,246
1791218820,309
1791218880,285
1791218940,223
1791219000,274
1791219060,208
1791219120,345
1791219180,359
1791219240,171
1791219300,301
1791219360,503
1791219420,366
1791219480,347
1791219540,646
1791219600,514
1791219660,364
1791219720,328
1791219780,321
1791219840,360
1791219900,295
1791219960,299
1791220020,389
1791220080,286
1791220140,399
1791220200,319
1791220260,485
1791220320,270
1791220380,217
1791220440,339
1791220500,320
1791220560,262
1791220620,279
1791220680,551
1791220740,308
1791220800,210
1791220860,246
1791220920,283
1791220980,259
1791221040,294
1791221100,287
1791221160,208
1791221220,248
1791221280,236
1791221340,422
1791221400,398
1791221460,298
1791221520,448
1791221580,258
1791221640,153
1791221700,206
1791221760,317
1791221820,224
1791221880,253
1791221940,310
1791222000,148
1791222060,279
1791222120,310
1791222180,188
1791222240,280
1791222300,393
1791222360,205
1791222420,162
1791222480,274
1791222540,171
1791222600,307
1791222660,245
1791222720,294
1791222780,181
1791222840,136
1791222900,338
1791222960,162
1791223020,253
1791223080,247
1791223140,182
1791223200,366
1791223260,286
1791223320,176
1791223380,301
1791223440,150
1791223500,421
1791223560,409
1791223620,249
1791223680,187
1791223740,168
1791223800,186
1791223860,220
1791223920,271
1791223980,249
1791224040,182
1791224100,224
1791224160,186
1791224220,242
1791224280,221
1791224340,202
1791224400,227
1791224460,193
1791224520,107
1791224580,135
1791224640,171
1791224700,171
1791224760,130
1791224820,184
1791224880,545
1791224940,317
1791225000,448
1791225060,301
1791225120,232
1791225180,305
1791225240,219
1791225300,385
1791225360,290
1791225420,186
1791225480,177
1791225540,166
1791225600,162
1791225660,185
1791225720,185
1791225780,209
1791225840,141
1791225900,214
1791225960,200
1791226020,171
1791226080,302
1791226140,148
1791226200,172
1791226260,165
1791226320,184
1791226380,129
1791226440,172
1791226500,202
1791226560,109
1791226620,150
1791226680,283
1791226740,296
1791226800,280
1791226860,317
1791226920,269
1791226980,241
1791227040,327
1791227100,351
1791227160,221
1791227220,144
1791227280,148
1791227340,162
1791227400,168
1791227460,151
1791227520,281
1791227580,184
1791227640,198
1791227700,165
1791227760,135
1791227820,218
1791227880,150
1791227940,176
1791228000,155
1791228060,284
1791228120,294
1791228180,164
1791228240,247
1791228300,388
1791228360,385
1791228420,213
1791228480,213
1791228540,218
1791228600,214
1791228660,196
1791228720,209
1791228780,105
1791228840,168
1791228900,193
1791228960,228
1791229020,138
1791229080,154
1791229140,107
1791229200,135
1791229260,211
1791229320,168
1791229380,180
1791229440,218
1791229500,347
1791229560,203
1791229620,179
1791229680,178
1791229740,223
1791229800,292
1791229860,171
1791229920,222
1791229980,256
1791230040,232
1791230100,314
1791230160,218
1791230220,272
1791230280,321
1791230340,413
1791230400,286
1791230460,151
1791230520,197
1791230580,262
1791230640,192
1791230700,175
1791230760,148
1791230820,76
1791230880,95
1791230940,108
1791231000,79
1791231060,71
1791231120,70
1791231180,48
1791231240,53
1791231300,137
1791231360,75
1791231420,72
1791231480,42
1791231540,83
1791231600,83
1791231660,120
1791231720,111
1791231780,55
1791231840,85
1791231900,79
1791231960,89
1791232020,79
1791232080,63
1791232140,63
1791232200,56
1791232260,83
1791232320,71
1791232380,63
1791232440,37
1791232500,64
1791232560,61
1791232620,50
1791232680,70
1791232740,64
1791232800,75
1791232860,79
1791232920,37
1791232980,58
1791233040,60
1791233100,116
1791233160,74
1791233220,58
1791233280,122
1791233340,85
1791233400,127
1791233460,103
1791233520,126
1791233580,106
1791233640,170
1791233700,125
1791233760,119
1791233820,134
1791233880,61
1791233940,17
1791237840,16
1791237900,224
1791237960,141
1791238020,76
1791238080,144
1791238140,153
1791238200,234
1791238260,172
1791238320,182
1791238380,19
1791238440,50
1791238500,133
1791238560,147
1791238620,93
1791238680,99
1791238740,101
1791238800,89
1791238860,45
1791238920,64
1791238980,74
1791239040,84
1791239100,37
1791239160,35
1791239220,32
1791239280,58
1791239340,37
1791239400,55
1791239460,31
1791239520,69
1791239580,45
1791239640,59
1791239700,106
1791239760,105
1791239820,63
1791239880,36
1791239940,31
1791240000,62
1791240060,62
1791240120,59
1791240180,29
1791240240,36
1791240300,43
1791240360,72
1791240420,58
1791240480,58
1791240540,30
1791240600,24
1791240660,45
1791240720,19
1791240780,33
1791240840,56
1791240900,85
1791240960,34
1791241020,44
1791241080,52
1791241140,7
1791241200,274
1791241260,73
1791241320,54
1791241380,75
1791241440,130
1791241500,73
1791241560,56
1791241620,88
1791241680,43
1791241740,35
1791241800,49
1791241860,59
1791241920,129
1791241980,60
1791242040,30
1791242100,117
1791242160,53
1791242220,172
1791242280,102
1791242340,171
1791242400,233
1791242460,68
1791242520,180
1791242580,201
1791242640,98
1791242700,55
1791242760,79
1791242820,89
1791242880,158
1791242940,202
1791243000,124
1791243060,176
1791243120,106
1791243180,57
1791243240,66
1791243300,124
1791243360,114
1791243420,90
1791243480,136
1791243540,81
1791243600,99
1791243660,93
1791243720,66
1791243780,47
1791243840,161
1791243900,230
1791243960,149
1791244020,184
1791244080,119
1791244140,273
1791244200,293
1791244260,132
1791244320,186
1791244380,139
1791244440,131
1791244500,130
1791244560,220
1791244620,108
1791244680,159
1791244740,192
1791244800,597
1791244860,260
1791244920,331
1791244980,239
1791245040,163
1791245100,195
1791245160,317
1791245220,195
1791245280,206
1791245340,143
1791245400,294
1791245460,227
1791245520,342
1791245580,213
1791245640,187
1791245700,712
1791245760,515
1791245820,476
1791245880,470
1791245940,375
1791246000,288
1791246060,182
1791246120,232
1791246180,195
1791246240,270
1791246300,478
1791246360,477
1791246420,411
1791246480,238
1791246540,271
1791246600,472
1791246660,462
1791246720,340
1791246780,534
1791246840,737
1791246900,530
1791246960,465
1791247020,454
1791247080,383
1791247140,357
1791247200,355
1791247260,221
1791247320,201
1791247380,450
1791247440,319
1791247500,515
1791247560,475
1791247620,545
1791247680,377
1791247740,474
1791247800,417
1791247860,430
1791247920,458
1791247980,279
1791248040,279
1791248100,246
1791248160,355
1791248220,198
1791248280,328
1791248340,700
1791248400,965
1791248460,729
1791248520,655
1791248580,576
1791248640,606
1791248700,505
1791248760,317
1791248820,294
1791248880,351
1791248940,516
1791249000,505
1791249060,541
1791249120,584
1791249180,446
1791249240,396
1791249300,712
1791249360,446
1791249420,462
1791249480,508
1791249540,513
1791249600,417
1791249660,402
1791249720,371
1791249780,567
1791249840,474
1791249900,429
1791249960,665
1791250020,678
1791250080,527
1791250140,429
1791250200,745
1791250260,740
1791250320,580
1791250380,497
1791250440,537
1791250500,642
1791250560,607
1791250620,476
1791250680,554
1791250740,414
1791250800,399
1791250860,529
1791250920,279
1791250980,198
1791251040,244
1791251100,318
1791251160,494
1791251220,482
1791251280,520
1791251340,517
1791251400,715
1791251460,425
1791251520,217
1791251580,270
1791251640,256
1791251700,345
1791251760,238
1791251820,422
1791251880,380
1791251940,487
1791252000,484
1791252060,269
1791252120,181
1791252180,125
1791252240,169
1791252300,370
1791252360,305
1791252420,284
1791252480,269
1791252540,472
1791252600,191
1791252660,229
1791252720,227
1791252780,293
1791252840,387
1791252900,416
1791252960,338
1791253020,335
1791253080,285
1791253140,375
1791253200,305
1791253260,208
1791253320,270
1791253380,184
1791253440,158
1791253500,161
1791253560,264
1791253620,189
1791253680,251
1791253740,244
1791253800,418
1791253860,314
1791253920,348
1791253980,237
1791254040,788
1791254100,2544
1791254160,1160
1791254220,1039
1791254280,1420
1791254340,746
1791254400,849
1791254460,594
1791254520,434
1791254580,241
1791254640,249
1791254700,343
1791254760,227
1791254820,237
1791254880,409
1791254940,583
1791255000,587
1791255060,796
1791255120,555
1791255180,705
1791255240,368
1791255300,339
1791255360,340
1791255420,654
1791255480,801
1791255540,656
1791255600,741
1791255660,598
1791255720,576
1791255780,463
1791255840,414
1791255900,354
1791255960,296
1791256020,202
1791256080,305
1791256140,408
1791256200,300
1791256260,268
1791256320,273
1791256380,193
1791256440,171
1791256500,384
1791256560,275
1791256620,193
1791256680,195
1791256740,301
1791256800,307
1791256860,279
1791256920,328
1791256980,389
1791257040,275
1791257100,157
1791257160,342
1791257220,198
1791257280,214
1791257340,272
1791257400,465
1791257460,249
1791257520,234
1791257580,175
1791257640,262
1791257700,269
1791257760,175
1791257820,387
1791257880,332
1791257940,276
1791258000,470
1791258060,281
1791258120,262
1791258180,380
1791258240,499
1791258300,297
1791258360,365
1791258420,420
1791258480,555
1791258540,422
1791258600,347
1791258660,273
1791258720,384
1791258780,520
1791258840,487
1791258900,617
1791258960,319
1791259020,338
1791259080,263
1791259140,352
1791259200,291
1791259260,325
1791259320,242
1791259380,251
1791259440,235
1791259500,218
1791259560,185
1791259620,167
1791259680,117
1791259740,146
1791259800,245
1791259860,269
1791259920,254
1791259980,296
1791260040,280
1791260100,321
1791260160,251
1791260220,156
1791260280,267
1791260340,172
1791260400,115
1791260460,105
1791260520,110
1791260580,145
1791260640,157
1791260700,182
1791260760,70
1791260820,86
1791260880,126
1791260940,413
1791261000,351
1791261060,175
1791261120,166
1791261180,247
1791261240,270
1791261300,224
1791261360,322
1791261420,224
1791261480,339
1791261540,199
1791261600,426
1791261660,258
1791261720,295
1791261780,305
1791261840,234
1791261900,249
1791261960,268
1791262020,197
1791262080,213
1791262140,267
1791262200,296
1791262260,250
1791262320,265
1791262380,396
1791262440,307
1791262500,399
1791262560,326
1791262620,273
1791262680,216
1791262740,278
1791262800,285
1791262860,297
1791262920,245
1791262980,185
1791263040,209
1791263100,208
1791263160,163
1791263220,143
1791263280,140
1791263340,208
1791263400,365
1791263460,262
1791263520,229
1791263580,226
1791263640,176
1791263700,210
1791263760,275
1791263820,404
1791263880,266
1791263940,150
1791264000,157
1791264060,272
1791264120,267
1791264180,145
1791264240,161
1791264300,278
1791264360,262
1791264420,569
1791264480,300
1791264540,194
1791264600,282
1791264660,195
1791264720,195
1791264780,240
1791264840,297
1791264900,194
1791264960,275
1791265020,291
1791265080,178
1791265140,192
1791265200,207
1791265260,234
1791265320,247
1791265380,208
1791265440,232
1791265500,226
1791265560,107
1791265620,215
1791265680,275
1791265740,196
1791265800,340
1791265860,203
1791265920,195
1791265980,282
1791266040,361
1791266100,304
1791266160,230
1791266220,420
1791266280,699
1791266340,450
1791266400,682
1791266460,556
1791266520,852
1791266580,780
1791266640,834
1791266700,785
1791266760,517
1791266820,422
1791266880,553
1791266940,307
1791267000,404
1791267060,305
1791267120,375
1791267180,544
1791267240,318
1791267300,613
1791267360,891
1791267420,473
1791267480,427
1791267540,315
1791267600,450
1791267660,679
1791267720,616
1791267780,364
1791267840,450
1791267900,460
1791267960,317
1791268020,468
1791268080,517
1791268140,515
1791268200,1032
1791268260,713
1791268320,468
1791268380,479
1791268440,449
1791268500,531
1791268560,305
1791268620,263
1791268680,331
1791268740,482
1791268800,256
1791268860,297
1791268920,226
1791268980,292
1791269040,266
1791269100,559
1791269160,458
1791269220,568
1791269280,322
1791269340,253
1791269400,250
1791269460,354
1791269520,240
1791269580,252
1791269640,256
1791269700,236
1791269760,248
1791269820,275
1791269880,184
1791269940,193
1791270000,705
1791270060,437
1791270120,363
1791270180,650
1791270240,450
1791270300,512
1791270360,429
1791270420,536
1791270480,442
1791270540,324
1791270600,440
1791270660,337
1791270720,455
1791270780,527
1791270840,1022
1791270900,1447
1791270960,910
1791271020,706
1791271080,493
1791271140,502
1791271200,372
1791271260,549
1791271320,386
1791271380,405
1791271440,459
1791271500,365
1791271560,424
1791271620,393
1791271680,320
1791271740,337
1791271800,436
1791271860,536
1791271920,493
1791271980,350
1791272040,384
1791272100,440
1791272160,400
1791272220,369
1791272280,710
1791272340,566
1791272400,529
1791272460,340
1791272520,434
1791272580,360
1791272640,465
1791272700,638
1791272760,493
1791272820,305
1791272880,215
1791272940,350
1791273000,420
1791273060,508
1791273120,488
1791273180,372
1791273240,265
1791273300,265
1791273360,449
1791273420,405
1791273480,311
1791273540,500
1791273600,797
1791273660,401
1791273720,380
1791273780,467
1791273840,404
1791273900,402
1791273960,464
1791274020,610
1791274080,800
1791274140,630
1791274200,510
1791274260,213
1791274320,362
1791274380,537
1791274440,412
1791274500,608
1791274560,540
1791274620,378
1791274680,326
1791274740,346
1791274800,558
1791274860,470
1791274920,351
1791274980,259
1791275040,478
1791275100,337
1791275160,277
1791275220,173
1791275280,248
1791275340,434
1791275400,437
1791275460,553
1791275520,376
1791275580,400
1791275640,327
1791275700,254
1791275760,370
1791275820,674
1791275880,267
1791275940,278
1791276000,339
1791276060,284
1791276120,329
1791276180,404
1791276240,247
1791276300,307
1791276360,561
1791276420,455
1791276480,342
1791276540,393
1791276600,646
1791276660,490
1791276720,306
1791276780,226
1791276840,246
1791276900,494
1791276960,312
1791277020,212
1791277080,323
1791277140,436
1791277200,360
1791277260,385
1791277320,431
1791277380,598
1791277440,394
1791277500,357
1791277560,313
1791277620,285
1791277680,298
1791277740,312
1791277800,365
1791277860,576
1791277920,538
1791277980,508
1791278040,372
1791278100,261
1791278160,488
1791278220,381
1791278280,599
1791278340,433
1791278400,266
1791278460,275
1791278520,278
1791278580,285
1791278640,271
1791278700,201
1791278760,146
1791278820,132
1791278880,245
1791278940,431
1791279000,378
1791279060,385
1791279120,341
1791279180,412
1791279240,962
1791279300,461
1791279360,423
1791279420,250
1791279480,186
1791279540,277
1791279600,224
1791279660,238
1791279720,266
1791279780,232
1791279840,395
1791279900,498
1791279960,525
1791280020,328
1791280080,352
1791280140,389
1791280200,281
1791280260,268
1791280320,452
1791280380,422
1791280440,269
1791280500,315
1791280560,401
1791280620,503
1791280680,305
1791280740,366
1791280800,317
1791280860,158
1791280920,387
1791280980,324
1791281040,252
1791281100,257
1791281160,202
1791281220,149
1791281280,141
1791281340,194
1791281400,154
1791281460,140
1791281520,443
1791281580,158
1791281640,175
1791281700,226
1791281760,271
1791281820,222
1791281880,445
1791281940,219
1791282000,218
1791282060,314
1791282120,188
1791282180,298
1791282240,353
1791282300,244
1791282360,171
1791282420,309
1791282480,320
1791282540,213
1791282600,185
1791282660,190
1791282720,180
1791282780,345
1791282840,277
1791282900,409
1791282960,271
1791283020,170
1791283080,111
1791283140,256
1791283200,187
1791283260,358
1791283320,241
1791283380,513
1791283440,453
1791283500,195
1791283560,232
1791283620,323
1791283680,246
1791283740,152
1791283800,134
1791283860,164
1791283920,205
1791283980,84
1791284040,153
1791284100,176
1791284160,159
1791284220,134
1791284280,195
1791284340,202
1791284400,380
1791284460,223
1791284520,172
1791284580,148
1791284640,253
1791284700,145
1791284760,258
1791284820,127
1791284880,110
1791284940,128
1791285000,213
1791285060,267
1791285120,255
1791285180,363
1791285240,218
1791285300,310
1791285360,327
1791285420,296
1791285480,629
1791285540,368
1791285600,271
1791285660,377
1791285720,558
1791285780,430
1791285840,518
1791285900,350
1791285960,409
1791286020,429
1791286080,376
1791286140,313
1791286200,573
1791286260,384
1791286320,494
1791286380,401
1791286440,510
1791286500,332
1791286560,331
1791286620,634
1791286680,409
1791286740,713
1791286800,399
1791286860,556
1791286920,440
1791286980,682
1791287040,510
1791287100,462
1791287160,687
1791287220,561
1791287280,427
1791287340,361
1791287400,367
1791287460,537
1791287520,324
1791287580,395
1791287640,399
1791287700,285
1791287760,357
1791287820,453
1791287880,251
1791287940,352
1791288000,610
1791288060,652
1791288120,395
1791288180,385
1791288240,263
1791288300,469
1791288360,360
1791288420,315
1791288480,354
1791288540,319
1791288600,331
1791288660,367
1791288720,525
1791288780,455
1791288840,376
1791288900,422
1791288960,570
1791289020,432
1791289080,679
1791289140,462
1791289200,798
1791289260,485
1791289320,543
1791289380,410
1791289440,481
1791289500,406
1791289560,792
1791289620,638
1791289680,337
1791289740,274
1791289800,481
1791289860,569
1791289920,527
1791289980,474
1791290040,650
1791290100,496
1791290160,558
1791290220,807
1791290280,454
1791290340,341
1791290400,425
1791290460,501
1791290520,584
1791290580,442
1791290640,405
1791290700,438
1791290760,330
1791290820,513
1791290880,525
1791290940,470
1791291000,1568
1791291060,1317
1791291120,1088
1791291180,695
1791291240,587
1791291300,670
1791291360,534
1791291420,575
1791291480,305
1791291540,277
1791291600,516
1791291660,550
1791291720,568
1791291780,673
1791291840,472
1791291900,540
1791291960,505
1791292020,424
1791292080,319
1791292140,463
1791292200,463
1791292260,336
1791292320,621
1791292380,389
1791292440,299
1791292500,326
1791292560,433
1791292620,489
1791292680,321
1791292740,389
1791292800,480
1791292860,328
1791292920,394
1791292980,504
1791293040,453
1791293100,551
1791293160,531
1791293220,440
1791293280,363
1791293340,365
1791293400,1119
1791293460,1030
1791293520,1312
1791293580,1190
1791293640,907
1791293700,1066
1791293760,860
1791293820,475
1791293880,772
1791293940,446
1791294000,475
1791294060,799
1791294120,715
1791294180,503
1791294240,459
1791294300,846
1791294360,571
1791294420,820
1791294480,703
1791294540,686
1791294600,548
1791294660,497
1791294720,724
1791294780,611
1791294840,590
1791294900,978
1791294960,528
1791295020,680
1791295080,939
1791295140,1002
1791295200,990
1791295260,849
1791295320,804
1791295380,491
1791295440,791
1791295500,823
1791295560,990
1791295620,908
1791295680,573
1791295740,1115
1791295800,1001
1791295860,798
1791295920,773
1791295980,692
1791296040,603
1791296100,626
1791296160,451
1791296220,317
1791296280,510
1791296340,624
1791296400,491
1791296460,574
1791296520,539
1791296580,538
1791296640,854
1791296700,425
1791296760,491
1791296820,429
1791296880,388
1791296940,569
1791297000,548
1791297060,533
1791297120,1054
1791297180,473
1791297240,555
1791297300,463
1791297360,443
1791297420,522
1791297480,666
1791297540,705
1791297600,690
1791297660,608
1791297720,556
1791297780,617
1791297840,524
1791297900,863
1791297960,734
1791298020,559
1791298080,465
1791298140,390
1791298200,344
1791298260,419
1791298320,551
1791298380,475
1791298440,535
1791298500,368
1791298560,307
1791298620,297
1791298680,348
1791298740,302
1791298800,558
1791298860,652
1791298920,990
1791298980,1204
1791299040,834
1791299100,406
1791299160,823
1791299220,542
1791299280,495
1791299340,528
1791299400,530
1791299460,462
1791299520,293
1791299580,279
1791299640,298
1791299700,462
1791299760,411
1791299820,531
1791299880,357
1791299940,421
1791300000,619
1791300060,486
1791300120,350
1791300180,282
1791300240,387
1791300300,335
1791300360,315
1791300420,326
1791300480,473
1791300540,606
1791300600,542
1791300660,456
1791300720,401
1791300780,346
1791300840,370
1791300900,531
1791300960,411
1791301020,279
1791301080,363
1791301140,289
1791301200,455
1791301260,283
1791301320,316
1791301380,234
1791301440,460
1791301500,515
1791301560,1122
1791301620,901
1791301680,807
1791301740,704
1791301800,667
1791301860,861
1791301920,820
1791301980,795
1791302040,515
1791302100,537
1791302160,492
1791302220,324
1791302280,390
1791302340,445
1791302400,613
1791302460,595
1791302520,433
1791302580,595
1791302640,620
1791302700,523
1791302760,630
1791302820,468
1791302880,564
1791302940,408
1791303000,432
1791303060,417
1791303120,371
1791303180,486
1791303240,653
1791303300,404
1791303360,505
1791303420,551
1791303480,376
1791303540,438
1791303600,513
1791303660,421
1791303720,335
1791303780,288
1791303840,377
1791303900,398
1791303960,446
1791304020,381
1791304080,545
1791304140,429
1791304200,406
1791304260,407
1791304320,412
1791304380,479
1791304440,306
1791304500,389
1791304560,378
1791304620,359
1791304680,363
1791304740,329
1791304800,329
1791304860,346
1791304920,332
1791304980,277
1791305040,443
1791305100,358
1791305160,276
1791305220,290
1791305280,526
1791305340,379
1791305400,332
1791305460,235
1791305520,297
1791305580,345
1791305640,401
1791305700,580
1791305760,325
1791305820,381
1791305880,295
1791305940,359
1791306000,411
1791306060,286
1791306120,463
1791306180,425
1791306240,380
1791306300,289
1791306360,226
1791306420,221
1791306480,288
1791306540,345
1791306600,455
1791306660,311
1791306720,395
1791306780,508
1791306840,293
1791306900,294
1791306960,414
1791307020,294
1791307080,306
1791307140,315
1791307200,602
1791307260,652
1791307320,602
1791307380,607
1791307440,700
1791307500,438
1791307560,319
1791307620,500
1791307680,348
1791307740,770
1791307800,445
1791307860,482
1791307920,383
1791307980,354
1791308040,343
1791308100,430
1791308160,323
1791308220,328
1791308280,252
1791308340,324
1791308400,346
1791308460,248
1791308520,301
1791308580,513
1791308640,430
1791308700,482
1791308760,393
1791308820,231
1791308880,251
1791308940,297
1791309000,330
1791309060,343
1791309120,333
1791309180,223
1791309240,548
1791309300,387
1791309360,266
1791309420,317
1791309480,238
1791309540,389
1791309600,348
1791309660,475
1791309720,343
1791309780,404
1791309840,358
1791309900,312
1791309960,365
1791310020,460
1791310080,320
1791310140,359
1791310200,314
1791310260,267
1791310320,288
1791310380,382
1791310440,383
1791310500,458
1791310560,485
1791310620,455
1791310680,543
1791310740,465
1791310800,523
1791310860,377
1791310920,423
1791310980,513
1791311040,461
1791311100,386
1791311160,446
1791311220,451
1791311280,675
1791311340,551
1791311400,494
1791311460,507
1791311520,466
1791311580,343
1791311640,311
1791311700,467
1791311760,429
1791311820,410
1791311880,415
1791311940,345
1791312000,277
1791312060,442
1791312120,464
1791312180,387
1791312240,329
1791312300,412
1791312360,380
1791312420,413
1791312480,348
1791312540,241
1791312600,355
1791312660,276
1791312720,347
1791312780,240
1791312840,221
1791312900,444
1791312960,354
1791313020,351
1791313080,277
1791313140,318
1791313200,941
1791313260,599
1791313320,1221
1791313380,765
1791313440,673
1791313500,460
1791313560,412
1791313620,317
1791313680,426
1791313740,390
1791313800,437
1791313860,350
1791313920,345
1791313980,351
1791314040,343
1791314100,308
1791314160,345
1791314220,351
1791314280,477
1791314340,315
1791314400,415
1791314460,365
1791314520,249
1791314580,260
1791314640,300
1791314700,289
1791314760,352
1791314820,312
1791314880,467
1791314940,521
1791315000,411
1791315060,433
1791315120,306
1791315180,325
1791315240,337
1791315300,352
1791315360,322
1791315420,262
1791315480,303
1791315540,257
1791315600,362
1791315660,167
1791315720,330
1791315780,452
1791315840,423
1791315900,433
1791315960,481
1791316020,329
1791316080,232
1791316140,381
1791316200,454
1791316260,402
1791316320,503
1791316380,444
1791316440,426
1791316500,633
1791316560,369
1791316620,403
1791316680,724
1791316740,1122
1791316800,414
1791316860,270
1791316920,231
1791316980,173
1791317040,116
1791317100,137
1791317160,152
1791317220,117
1791317280,132
1791317340,206
1791317400,237
1791317460,172
1791317520,115
1791317580,148
1791317640,112
1791317700,54
1791317760,234
1791317820,107
1791317880,124
1791317940,199
1791318000,237
1791318060,110
1791318120,138
1791318180,119
1791318240,155
1791318300,168
1791318360,142
1791318420,154
1791318480,104
1791318540,143
1791318600,195
1791318660,77
1791318720,53
1791318780,73
1791318840,101
1791318900,115
1791318960,120
1791319020,110
1791319080,75
1791319140,77
1791319200,190
1791319260,130
1791319320,104
1791319380,49
1791319440,100
1791319500,108
1791319560,81
1791319620,67
1791319680,101
1791319740,146
1791319800,110
1791319860,100
1791319920,115
1791319980,114
1791320040,104
1791320100,171
1791320160,139
1791320220,92
1791320280,112
1791320340,1
1791324240,4
1791324300,195
1791324360,161
1791324420,180
1791324480,162
1791324540,166
1791324600,129
1791324660,172
1791324720,77
1791324780,104
1791324840,133
1791324900,46
1791324960,42
1791325020,34
1791325080,36
1791325140,17
1791325200,34
1791325260,23
1791325320,33
1791325380,19
1791325440,33
1791325500,121
1791325560,101
1791325620,67
1791325680,23
1791325740,42
1791325800,114
1791325860,126
1791325920,90
1791325980,148
1791326040,109
1791326100,135
1791326160,90
1791326220,39
1791326280,81
1791326340,29
1791326400,67
1791326460,47
1791326520,52
1791326580,57
1791326640,31
1791326700,178
1791326760,168
1791326820,79
1791326880,94
1791326940,89
1791327000,53
1791327060,36
1791327120,113
1791327180,75
1791327240,82
1791327300,63
1791327360,89
1791327420,34
1791327480,62
1791327540,104
1791327600,181
1791327660,126
1791327720,99
1791327780,158
1791327840,38
1791327900,210
1791327960,109
1791328020,93
1791328080,63
1791328140,41
1791328200,78
1791328260,48
1791328320,28
1791328380,33
1791328440,18
1791328500,66
1791328560,35
1791328620,49
1791328680,66
1791328740,45
1791328800,60
1791328860,42
1791328920,37
1791328980,42
1791329040,78
1791329100,186
1791329160,100
1791329220,142
1791329280,266
1791329340,215
1791329400,261
1791329460,239
1791329520,136
1791329580,234
1791329640,253
1791329700,213
1791329760,197
1791329820,117
1791329880,151
1791329940,141
1791330000,66
1791330060,96
1791330120,97
1791330180,123
1791330240,51
1791330300,201
1791330360,127
1791330420,125
1791330480,143
1791330540,98
1791330600,129
1791330660,93
1791330720,131
1791330780,163
1791330840,134
1791330900,197
1791330960,126
1791331020,331
1791331080,208
1791331140,119
1791331200,954
1791331260,886
1791331320,668
1791331380,367
1791331440,411
1791331500,322
1791331560,210
1791331620,165
1791331680,314
1791331740,331
1791331800,326
1791331860,298
1791331920,480
1791331980,393
1791332040,233
1791332100,527
1791332160,447
1791332220,594
1791332280,562
1791332340,499
1791332400,438
1791332460,311
1791332520,290
1791332580,250
1791332640,374
1791332700,371
1791332760,386
1791332820,217
1791332880,335
1791332940,423
1791333000,579
1791333060,446
1791333120,484
1791333180,469
1791333240,417
1791333300,538
1791333360,442
1791333420,474
1791333480,443
1791333540,364
1791333600,254
1791333660,394
1791333720,326
1791333780,527
1791333840,357
1791333900,434
1791333960,434
1791334020,284
1791334080,332
1791334140,161
1791334200,228
1791334260,206
1791334320,237
1791334380,192
1791334440,171
1791334500,210
1791334560,220
1791334620,273
1791334680,306
1791334740,334
1791334800,592
1791334860,413
1791334920,398
1791334980,331
1791335040,389
1791335100,385
1791335160,362
1791335220,256
1791335280,210
1791335340,237
1791335400,257
1791335460,213
1791335520,227
1791335580,162
1791335640,211
1791335700,301
1791335760,235
1791335820,164
1791335880,151
1791335940,175
1791336000,305
1791336060,273
1791336120,204
1791336180,370
1791336240,324
1791336300,523
1791336360,565
1791336420,281
1791336480,227
1791336540,330
1791336600,726
1791336660,423
1791336720,300
1791336780,308
1791336840,533
1791336900,334
1791336960,190
1791337020,308
1791337080,395
1791337140,414
1791337200,273
1791337260,287
1791337320,284
1791337380,265
1791337440,312
1791337500,234
1791337560,292
1791337620,226
1791337680,217
1791337740,245
1791337800,284
1791337860,228
1791337920,238
1791337980,290
1791338040,227
1791338100,325
1791338160,237
1791338220,172
1791338280,178
1791338340,213
1791338400,289
1791338460,207
1791338520,223
1791338580,311
1791338640,489
1791338700,453
1791338760,521
1791338820,467
1791338880,371
1791338940,377
1791339000,460
1791339060,396
1791339120,399
1791339180,338
1791339240,578
1791339300,560
1791339360,504
1791339420,479
1791339480,461
1791339540,474
1791339600,428
1791339660,557
1791339720,527
1791339780,499
1791339840,296
1791339900,483
1791339960,366
1791340020,303
1791340080,318
1791340140,408
1791340200,438
1791340260,354
1791340320,234
1791340380,259
1791340440,265
1791340500,234
1791340560,174
1791340620,211
1791340680,261
1791340740,247
1791340800,372
1791340860,420
1791340920,289
1791340980,202
1791341040,277
1791341100,450
1791341160,215
1791341220,228
1791341280,232
1791341340,307
1791341400,269
1791341460,366
1791341520,448
1791341580,371
1791341640,246
1791341700,266
1791341760,333
1791341820,263
1791341880,165
1791341940,195
1791342000,253
1791342060,192
1791342120,171
1791342180,156
1791342240,118
1791342300,257
1791342360,249
1791342420,271
1791342480,293
1791342540,195
1791342600,278
1791342660,287
1791342720,321
1791342780,227
1791342840,348
1791342900,245
1791342960,537
1791343020,438
1791343080,316
1791343140,353
1791343200,394
1791343260,313
1791343320,356
1791343380,151
1791343440,121
1791343500,252
1791343560,202
1791343620,138
1791343680,181
1791343740,160
1791343800,173
1791343860,203
1791343920,141
1791343980,218
1791344040,253
1791344100,304
1791344160,214
1791344220,251
1791344280,191
1791344340,240
1791344400,150
1791344460,123
1791344520,151
1791344580,328
1791344640,283
1791344700,233
1791344760,247
1791344820,138
1791344880,330
1791344940,266
1791345000,319
1791345060,283
1791345120,269
1791345180,223
1791345240,368
1791345300,264
1791345360,155
1791345420,192
1791345480,62
1791345540,141
1791345600,266
1791345660,210
1791345720,173
1791345780,149
1791345840,116
1791345900,127
1791345960,103
1791346020,164
1791346080,81
1791346140,133
1791346200,176
1791346260,118
1791346320,61
1791346380,144
1791346440,101
1791346500,114
1791346560,153
1791346620,180
1791346680,96
1791346740,108
1791346800,258
1791346860,119
1791346920,132
1791346980,86
1791347040,79
1791347100,135
1791347160,117
1791347220,151
1791347280,72
1791347340,135
1791347400,81
1791347460,122
1791347520,191
1791347580,124
1791347640,133
1791347700,158
1791347760,154
1791347820,80
1791347880,195
1791347940,124
1791348000,94
1791348060,131
1791348120,103
1791348180,125
1791348240,206
1791348300,145
1791348360,111
1791348420,148
1791348480,65
1791348540,152
1791348600,146
1791348660,234
1791348720,129
1791348780,254
1791348840,244
1791348900,161
1791348960,108
1791349020,135
1791349080,307
1791349140,247
1791349200,267
1791349260,248
1791349320,369
1791349380,173
1791349440,386
1791349500,360
1791349560,255
1791349620,289
1791349680,339
1791349740,247
1791349800,685
1791349860,267
1791349920,421
1791349980,182
1791350040,375
1791350100,233
1791350160,184
1791350220,234
1791350280,203
1791350340,138
1791350400,162
1791350460,273
1791350520,192
1791350580,201
1791350640,155
1791350700,235
1791350760,234
1791350820,182
1791350880,170
1791350940,149
1791351000,232
1791351060,224
1791351120,162
1791351180,203
1791351240,199
1791351300,213
1791351360,240
1791351420,237
1791351480,317
1791351540,269
1791351600,184
1791351660,170
1791351720,235
1791351780,251
1791351840,180
1791351900,250
1791351960,236
1791352020,188
1791352080,252
1791352140,255
1791352200,153
1791352260,171
1791352320,194
1791352380,237
1791352440,198
1791352500,361
1791352560,242
1791352620,350
1791352680,541
1791352740,363
1791352800,502
1791352860,487
1791352920,624
1791352980,426
1791353040,545
1791353100,478
1791353160,426
1791353220,371
1791353280,472
1791353340,368
1791353400,452
1791353460,333
1791353520,347
1791353580,459
1791353640,298
1791353700,268
1791353760,350
1791353820,158
1791353880,307
1791353940,248
1791354000,202
1791354060,243
1791354120,371
1791354180,356
1791354240,248
1791354300,488
1791354360,425
1791354420,361
1791354480,248
1791354540,516
1791354600,770
1791354660,518
1791354720,547
1791354780,481
1791354840,676
1791354900,588
1791354960,542
1791355020,316
1791355080,519
1791355140,312
1791355200,255
1791355260,253
1791355320,306
1791355380,345
1791355440,287
1791355500,320
1791355560,259
1791355620,232
1791355680,307
1791355740,268
1791355800,206
1791355860,246
1791355920,179
1791355980,174
1791356040,259
1791356100,357
1791356160,227
1791356220,195
1791356280,366
1791356340,366
1791356400,527
1791356460,538
1791356520,539
1791356580,642
1791356640,764
1791356700,502
1791356760,337
1791356820,218
1791356880,340
1791356940,419
1791357000,459
1791357060,434
1791357120,385
1791357180,229
1791357240,215
1791357300,326
1791357360,376
1791357420,506
1791357480,246
1791357540,317
1791357600,373
1791357660,574
1791357720,342
1791357780,247
1791357840,320
1791357900,576
1791357960,495
1791358020,413
1791358080,497
1791358140,305
1791358200,440
1791358260,549
1791358320,403
1791358380,502
1791358440,445
1791358500,387
1791358560,464
1791358620,296
1791358680,323
1791358740,337
1791358800,292
1791358860,431
1791358920,465
1791358980,315
1791359040,499
1791359100,188
1791359160,487
1791359220,342
1791359280,274
1791359340,337
1791359400,418
1791359460,711
1791359520,437
1791359580,799
1791359640,753
1791359700,738
1791359760,832
1791359820,462
1791359880,493
1791359940,680
1791360000,496
1791360060,401
1791360120,487
1791360180,686
1791360240,413
1791360300,367
1791360360,411
1791360420,482
1791360480,306
1791360540,350
1791360600,353
1791360660,515
1791360720,377
1791360780,431
1791360840,360
1791360900,268
1791360960,312
1791361020,472
1791361080,219
1791361140,314
1791361200,264
1791361260,306
1791361320,236
1791361380,333
1791361440,522
1791361500,561
1791361560,378
1791361620,720
1791361680,432
1791361740,546
1791361800,401
1791361860,350
1791361920,284
1791361980,253
1791362040,268
1791362100,308
1791362160,345
1791362220,284
1791362280,206
1791362340,229
1791362400,268
1791362460,290
1791362520,179
1791362580,243
1791362640,217
1791362700,266
1791362760,311
1791362820,260
1791362880,253
1791362940,211
1791363000,455
1791363060,327
1791363120,199
1791363180,196
1791363240,195
1791363300,247
1791363360,139
1791363420,182
1791363480,393
1791363540,268
1791363600,340
1791363660,334
1791363720,279
1791363780,227
1791363840,323
1791363900,290
1791363960,455
1791364020,324
1791364080,384
1791364140,415
1791364200,511
1791364260,285
1791364320,329
1791364380,303
1791364440,202
1791364500,259
1791364560,227
1791364620,320
1791364680,217
1791364740,291
1791364800,234
1791364860,268
1791364920,253
1791364980,265
1791365040,204
1791365100,221
1791365160,286
1791365220,199
1791365280,270
1791365340,442
1791365400,523
1791365460,313
1791365520,305
1791365580,199
1791365640,259
1791365700,212
1791365760,189
1791365820,169
1791365880,234
1791365940,264
1791366000,263
1791366060,280
1791366120,257
1791366180,187
1791366240,241
1791366300,206
1791366360,244
1791366420,241
1791366480,203
1791366540,184
1791366600,276
1791366660,220
1791366720,242
1791366780,315
1791366840,221
1791366900,304
1791366960,212
1791367020,253
1791367080,231
1791367140,455
1791367200,528
1791367260,306
1791367320,340
1791367380,445
1791367440,508
1791367500,342
1791367560,413
1791367620,563
1791367680,648
1791367740,407
1791367800,536
1791367860,517
1791367920,274
1791367980,378
1791368040,600
1791368100,595
1791368160,582
1791368220,469
1791368280,367
1791368340,238
1791368400,617
1791368460,466
1791368520,591
1791368580,663
1791368640,571
1791368700,674
1791368760,432
1791368820,524
1791368880,375
1791368940,441
1791369000,596
1791369060,436
1791369120,571
1791369180,649
1791369240,664
1791369300,571
1791369360,472
1791369420,634
1791369480,456
1791369540,346
1791369600,286
1791369660,387
1791369720,623
1791369780,628
1791369840,595
1791369900,489
1791369960,432
1791370020,317
1791370080,288
1791370140,362
1791370200,376
1791370260,273
1791370320,293
1791370380,356
1791370440,317
1791370500,501
1791370560,474
1791370620,453
1791370680,428
1791370740,239
1791370800,607
1791370860,371
1791370920,371
1791370980,373
1791371040,431
1791371100,453
1791371160,590
1791371220,398
1791371280,359
1791371340,400
1791371400,322
1791371460,309
1791371520,486
1791371580,326
1791371640,248
1791371700,313
1791371760,218
1791371820,284
1791371880,345
1791371940,330
1791372000,112
1791372060,126
1791372120,148
1791372180,195
1791372240,137
1791372300,526
1791372360,452
1791372420,319
1791372480,271
1791372540,492
1791372600,1186
1791372660,1137
1791372720,601
1791372780,419
1791372840,457
1791372900,237
1791372960,299
1791373020,369
1791373080,244
1791373140,243
1791373200,370
1791373260,359
1791373320,305
1791373380,383
1791373440,341
1791373500,248
1791373560,255
1791373620,225
1791373680,323
1791373740,562
1791373800,399
1791373860,465
1791373920,349
1791373980,417
1791374040,373
1791374100,338
1791374160,494
1791374220,651
1791374280,545
1791374340,594
1791374400,476
1791374460,466
1791374520,386
1791374580,351
1791374640,289
1791374700,305
1791374760,380
1791374820,444
1791374880,289
1791374940,360
1791375000,277
1791375060,538
1791375120,456
1791375180,394
1791375240,365
1791375300,455
1791375360,606
1791375420,436
1791375480,410
1791375540,450
1791375600,921
1791375660,384
1791375720,535
1791375780,1022
1791375840,988
1791375900,1265
1791375960,2358
1791376020,2357
1791376080,2183
1791376140,2136
1791376200,2376
1791376260,2258
1791376320,2263
1791376380,2027
1791376440,1389
1791376500,1343
1791376560,1500
1791376620,1403
1791376680,1313
1791376740,1325
1791376800,1615
1791376860,1186
1791376920,1151
1791376980,1053
1791377040,985
1791377100,1287
1791377160,1233
1791377220,1553
1791377280,1479
1791377340,1461
1791377400,1629
1791377460,1506
1791377520,1569
1791377580,1066
1791377640,1126
1791377700,1048
1791377760,919
1791377820,997
1791377880,997
1791377940,866
1791378000,1275
1791378060,1578
1791378120,1380
1791378180,951
1791378240,1322
1791378300,780
1791378360,807
1791378420,1114
1791378480,810
1791378540,799
1791378600,642
1791378660,546
1791378720,572
1791378780,645
1791378840,590
1791378900,625
1791378960,813
1791379020,668
1791379080,478
1791379140,438
1791379200,516
1791379260,447
1791379320,365
1791379380,560
1791379440,839
1791379500,687
1791379560,860
1791379620,620
1791379680,658
1791379740,974
1791379800,1592
1791379860,1467
1791379920,1065
1791379980,1000
1791380040,919
1791380100,705
1791380160,731
1791380220,714
1791380280,1114
1791380340,1043
1791380400,1002
1791380460,821
1791380520,1198
1791380580,1036
1791380640,872
1791380700,1662
1791380760,1104
1791380820,1166
1791380880,1254
1791380940,1067
1791381000,1247
1791381060,1300
1791381120,964
1791381180,973
1791381240,1036
1791381300,997
1791381360,984
1791381420,913
1791381480,878
1791381540,722
1791381600,1701
1791381660,1208
1791381720,1019
1791381780,988
1791381840,898
1791381900,947
1791381960,878
1791382020,714
1791382080,550
1791382140,601
1791382200,761
1791382260,786
1791382320,712
1791382380,657
1791382440,789
1791382500,1142
1791382560,731
1791382620,588
1791382680,981
1791382740,1027
1791382800,896
1791382860,716
1791382920,786
1791382980,1001
1791383040,607
1791383100,740
1791383160,606
1791383220,588
1791383280,605
1791383340,809
1791383400,1075
1791383460,856
1791383520,938
1791383580,700
1791383640,639
1791383700,807
1791383760,743
1791383820,669
1791383880,772
1791383940,658
1791384000,626
1791384060,569
1791384120,546
1791384180,632
1791384240,522
1791384300,523
1791384360,544
1791384420,684
1791384480,487
1791384540,666
1791384600,632
1791384660,581
1791384720,491
1791384780,414
1791384840,533
1791384900,489
1791384960,783
1791385020,744
1791385080,610
1791385140,436
1791385200,858
1791385260,824
1791385320,660
1791385380,885
1791385440,394
1791385500,631
1791385560,750
1791385620,541
1791385680,558
1791385740,632
1791385800,500
1791385860,283
1791385920,533
1791385980,2384
1791386040,1056
1791386100,553
1791386160,946
1791386220,642
1791386280,517
1791386340,589
1791386400,447
1791386460,815
1791386520,441
1791386580,368
1791386640,409
1791386700,429
1791386760,467
1791386820,479
1791386880,355
1791386940,573
1791387000,561
1791387060,1007
1791387120,812
1791387180,493
1791387240,389
1791387300,405
1791387360,353
1791387420,616
1791387480,826
1791387540,791
1791387600,536
1791387660,439
1791387720,351
1791387780,423
1791387840,313
1791387900,344
1791387960,508
1791388020,377
1791388080,320
1791388140,334
1791388200,241
1791388260,313
1791388320,478
1791388380,652
1791388440,425
1791388500,297
1791388560,287
1791388620,297
1791388680,232
1791388740,502
1791388800,572
1791388860,854
1791388920,885
1791388980,651
1791389040,591
1791389100,422
1791389160,749
1791389220,508
1791389280,416
1791389340,299
1791389400,335
1791389460,233
1791389520,309
1791389580,281
1791389640,331
1791389700,261
1791389760,320
1791389820,453
1791389880,274
1791389940,274
1791390000,362
1791390060,269
1791390120,390
1791390180,287
1791390240,245
1791390300,219
1791390360,315
1791390420,252
1791390480,244
1791390540,356
1791390600,386
1791390660,277
1791390720,241
1791390780,212
1791390840,231
1791390900,302
1791390960,366
1791391020,298
1791391080,397
1791391140,268
1791391200,268
1791391260,298
1791391320,218
1791391380,395
1791391440,425
1791391500,443
1791391560,966
1791391620,448
1791391680,409
1791391740,410
1791391800,268
1791391860,227
1791391920,297
1791391980,261
1791392040,210
1791392100,297
1791392160,312
1791392220,644
1791392280,312
1791392340,230
1791392400,375
1791392460,278
1791392520,1799
1791392580,686
1791392640,542
1791392700,388
1791392760,563
1791392820,471
1791392880,1003
1791392940,823
1791393000,853
1791393060,1216
1791393120,685
1791393180,500
1791393240,574
1791393300,663
1791393360,764
1791393420,452
1791393480,545
1791393540,480
1791393600,819
1791393660,644
1791393720,466
1791393780,527
1791393840,674
1791393900,509
1791393960,425
1791394020,431
1791394080,478
1791394140,491
1791394200,426
1791394260,301
1791394320,300
1791394380,294
1791394440,257
1791394500,308
1791394560,242
1791394620,229
1791394680,291
1791394740,237
1791394800,322
1791394860,321
1791394920,547
1791394980,374
1791395040,246
1791395100,453
1791395160,646
1791395220,652
1791395280,556
1791395340,379
1791395400,398
1791395460,356
1791395520,297
1791395580,300
1791395640,328
1791395700,357
1791395760,316
1791395820,202
1791395880,194
1791395940,254
1791396000,542
1791396060,328
1791396120,361
1791396180,200
1791396240,504
1791396300,761
1791396360,448
1791396420,607
1791396480,379
1791396540,401
1791396600,803
1791396660,641
1791396720,643
1791396780,527
1791396840,541
1791396900,673
1791396960,467
1791397020,156
1791397080,375
1791397140,267
1791397200,323
1791397260,193
1791397320,245
1791397380,176
1791397440,273
1791397500,282
1791397560,260
1791397620,297
1791397680,412
1791397740,314
1791397800,240
1791397860,256
1791397920,150
1791397980,158
1791398040,133
1791398100,245
1791398160,378
1791398220,537
1791398280,773
1791398340,387
1791398400,197
1791398460,278
1791398520,229
1791398580,410
1791398640,200
1791398700,171
1791398760,253
1791398820,180
1791398880,198
1791398940,227
1791399000,283
1791399060,170
1791399120,125
1791399180,128
1791399240,114
1791399300,231
1791399360,182
1791399420,211
1791399480,174
1791399540,238
1791399600,218
1791399660,110
1791399720,344
1791399780,699
1791399840,628
1791399900,456
1791399960,947
1791400020,591
1791400080,399
1791400140,302
1791400200,396
1791400260,283
1791400320,300
1791400380,250
1791400440,228
1791400500,277
1791400560,295
1791400620,280
1791400680,237
1791400740,190
1791400800,222
1791400860,173
1791400920,321
1791400980,184
1791401040,127
1791401100,163
1791401160,288
1791401220,208
1791401280,285
1791401340,204
1791401400,351
1791401460,333
1791401520,425
1791401580,127
1791401640,191
1791401700,330
1791401760,336
1791401820,342
1791401880,296
1791401940,240
1791402000,438
1791402060,336
1791402120,309
1791402180,233
1791402240,379
1791402300,322
1791402360,229
1791402420,234
1791402480,131
1791402540,235
1791402600,382
1791402660,262
1791402720,242
1791402780,239
1791402840,406
1791402900,525
1791402960,399
1791403020,627
1791403080,522
1791403140,813
1791403200,387
1791403260,226
1791403320,203
1791403380,174
1791403440,154
1791403500,264
1791403560,253
1791403620,215
1791403680,104
1791403740,157
1791403800,185
1791403860,162
1791403920,145
1791403980,163
1791404040,80
1791404100,127
1791404160,137
1791404220,112
1791404280,103
1791404340,77
1791404400,69
1791404460,83
1791404520,100
1791404580,87
1791404640,83
1791404700,95
1791404760,106
1791404820,62
1791404880,103
1791404940,224
1791405000,92
1791405060,76
1791405120,62
1791405180,102
1791405240,72
1791405300,73
1791405360,59
1791405420,98
1791405480,88
1791405540,66
1791405600,60
1791405660,80
1791405720,89
1791405780,55
1791405840,67
1791405900,90
1791405960,82
1791406020,65
1791406080,62
1791406140,82
1791406200,260
1791406260,148
1791406320,90
1791406380,110
1791406440,150
1791406500,293
1791406560,134
1791406620,255
1791406680,170
1791406740,41
1791410640,14
1791410700,355
1791410760,217
1791410820,252
1791410880,178
1791410940,89
1791411000,197
1791411060,191
1791411120,131
1791411180,171
1791411240,221
1791411300,133
1791411360,132
1791411420,149
1791411480,94
1791411540,169
1791411600,285
1791411660,93
1791411720,114
1791411780,75
1791411840,71
1791411900,93
1791411960,62
1791412020,81
1791412080,155
1791412140,111
1791412200,137
1791412260,122
1791412320,99
1791412380,99
1791412440,108
1791412500,194
1791412560,100
1791412620,75
1791412680,55
1791412740,30
1791412800,65
1791412860,104
1791412920,76
1791412980,160
1791413040,101
1791413100,170
1791413160,54
1791413220,37
1791413280,117
1791413340,74
1791413400,94
1791413460,44
1791413520,39
1791413580,91
1791413640,58
1791413700,83
1791413760,70
1791413820,68
1791413880,86
1791413940,122
1791414000,269
1791414060,135
1791414120,35
1791414180,80
1791414240,215
1791414300,117
1791414360,72
1791414420,201
1791414480,254
1791414540,200
1791414600,85
1791414660,76
1791414720,54
1791414780,40
1791414840,43
1791414900,88
1791414960,158
1791415020,35
1791415080,39
1791415140,30
1791415200,57
1791415260,162
1791415320,210
1791415380,280
1791415440,205
1791415500,182
1791415560,78
1791415620,138
1791415680,151
1791415740,213
1791415800,130
1791415860,198
1791415920,127
1791415980,244
1791416040,443
1791416100,153
1791416160,253
1791416220,370
1791416280,246
1791416340,197
1791416400,150
1791416460,165
1791416520,165
1791416580,163
1791416640,184
1791416700,313
1791416760,226
1791416820,136
1791416880,128
1791416940,197
1791417000,157
1791417060,164
1791417120,154
1791417180,255
1791417240,193
1791417300,223
1791417360,154
1791417420,265
1791417480,187
1791417540,219
1791417600,601
1791417660,465
1791417720,283
1791417780,310
1791417840,437
1791417900,681
1791417960,1224
1791418020,658
1791418080,519
1791418140,551
1791418200,528
1791418260,270
1791418320,573
1791418380,678
1791418440,378
1791418500,432
1791418560,343
1791418620,321
1791418680,257
1791418740,226
1791418800,373
1791418860,422
1791418920,395
1791418980,491
1791419040,493
1791419100,392
1791419160,454
1791419220,345
1791419280,344
1791419340,362
1791419400,429
1791419460,342
1791419520,336
1791419580,269
1791419640,244
1791419700,389
1791419760,459
1791419820,302
1791419880,223
1791419940,442
1791420000,495
1791420060,537
1791420120,433
1791420180,292
1791420240,312
1791420300,237
1791420360,399
1791420420,744
1791420480,684
1791420540,909
1791420600,918
1791420660,670
1791420720,780
1791420780,866
1791420840,592
1791420900,610
1791420960,544
1791421020,520
1791421080,700
1791421140,999
1791421200,2538
1791421260,1683
1791421320,1700
1791421380,1507
1791421440,1178
1791421500,1322
1791421560,882
1791421620,948
1791421680,1045
1791421740,655
1791421800,977
1791421860,824
1791421920,834
1791421980,579
1791422040,712
1791422100,901
1791422160,935
1791422220,861
1791422280,573
1791422340,580
1791422400,605
1791422460,559
1791422520,563
1791422580,689
1791422640,747
1791422700,699
1791422760,431
1791422820,549
1791422880,439
1791422940,464
1791423000,678
1791423060,579
1791423120,595
1791423180,675
1791423240,586
1791423300,484
1791423360,650
1791423420,424
1791423480,357
1791423540,481
1791423600,545
1791423660,376
1791423720,458
1791423780,303
1791423840,479
1791423900,807
1791423960,470
1791424020,553
1791424080,417
1791424140,369
1791424200,383
1791424260,405
1791424320,397
1791424380,400
1791424440,594
1791424500,584
1791424560,352
1791424620,499
1791424680,671
1791424740,708
1791424800,820
1791424860,511
1791424920,433
1791424980,747
1791425040,565
1791425100,645
1791425160,289
1791425220,399
1791425280,318
1791425340,325
1791425400,496
1791425460,230
1791425520,256
1791425580,341
1791425640,283
1791425700,249
1791425760,372
1791425820,208
1791425880,266
1791425940,196
1791426000,191
1791426060,259
1791426120,285
1791426180,260
1791426240,613
1791426300,270
1791426360,306
1791426420,218
1791426480,188
1791426540,231
1791426600,918
1791426660,658
1791426720,681
1791426780,782
1791426840,636
1791426900,692
1791426960,672
1791427020,524
1791427080,258
1791427140,375
1791427200,396
1791427260,405
1791427320,342
1791427380,249
1791427440,348
1791427500,263
1791427560,460
1791427620,565
1791427680,567
1791427740,672
1791427800,614
1791427860,442
1791427920,331
1791427980,373
1791428040,277
1791428100,455
1791428160,548
1791428220,531
1791428280,618
1791428340,621
1791428400,672
1791428460,453
1791428520,396
1791428580,388
1791428640,571
1791428700,443
1791428760,698
1791428820,508
1791428880,521
1791428940,466
1791429000,451
1791429060,641
1791429120,409
1791429180,264
1791429240,241
1791429300,376
1791429360,498
1791429420,497
1791429480,632
1791429540,640
1791429600,508
1791429660,711
1791429720,492
1791429780,558
1791429840,542
1791429900,564
1791429960,446
1791430020,534
1791430080,413
1791430140,344
1791430200,295
1791430260,145
1791430320,192
1791430380,173
1791430440,158
1791430500,110
1791430560,104
1791430620,144
1791430680,139
1791430740,188
1791430800,163
1791430860,250
1791430920,257
1791430980,225
1791431040,184
1791431100,225
1791431160,191
1791431220,149
1791431280,86
1791431340,211
1791431400,180
1791431460,148
1791431520,107
1791431580,194
1791431640,164
1791431700,257
1791431760,197
1791431820,141
1791431880,249
1791431940,168
1791432000,364
1791432060,187
1791432120,120
1791432180,118
1791432240,202
1791432300,138
1791432360,152
1791432420,112
1791432480,140
1791432540,201
1791432600,411
1791432660,301
1791432720,299
1791432780,463
1791432840,265
1791432900,232
1791432960,218
1791433020,156
1791433080,178
1791433140,174
1791433200,345
1791433260,252
1791433320,120
1791433380,259
1791433440,114
1791433500,276
1791433560,146
1791433620,148
1791433680,186
1791433740,166
1791433800,157
1791433860,168
1791433920,119
1791433980,146
1791434040,196
1791434100,226
1791434160,284
1791434220,237
1791434280,287
1791434340,148
1791434400,125
1791434460,214
1791434520,132
1791434580,174
1791434640,180
1791434700,193
1791434760,190
1791434820,142
1791434880,110
1791434940,188
1791435000,255
1791435060,140
1791435120,173
1791435180,125
1791435240,81
1791435300,170
1791435360,92
1791435420,196
1791435480,188
1791435540,233
1791435600,247
1791435660,347
1791435720,205
1791435780,170
1791435840,336
1791435900,272
1791435960,306
1791436020,287
1791436080,185
1791436140,161
1791436200,309
1791436260,256
1791436320,166
1791436380,187
1791436440,133
1791436500,206
1791436560,133
1791436620,165
1791436680,166
1791436740,130
1791436800,156
1791436860,112
1791436920,335
1791436980,217
1791437040,221
1791437100,398
1791437160,259
1791437220,133
1791437280,190
1791437340,281
1791437400,909
1791437460,685
1791437520,641
1791437580,688
1791437640,524
1791437700,563
1791437760,753
1791437820,636
1791437880,365
1791437940,552
1791438000,531
1791438060,794
1791438120,761
1791438180,512
1791438240,401
1791438300,514
1791438360,545
1791438420,500
1791438480,403
1791438540,368
1791438600,748
1791438660,814
1791438720,793
1791438780,806
1791438840,679
1791438900,622
1791438960,607
1791439020,471
1791439080,476
1791439140,443
1791439200,1101
1791439260,972
1791439320,699
1791439380,797
1791439440,523
1791439500,800
1791439560,933
1791439620,728
1791439680,663
1791439740,639
1791439800,829
1791439860,634
1791439920,612
1791439980,585
1791440040,585
1791440100,678
1791440160,743
1791440220,499
1791440280,333
1791440340,445
1791440400,610
1791440460,701
1791440520,647
1791440580,555
1791440640,553
1791440700,686
1791440760,698
1791440820,428
1791440880,402
1791440940,466
1791441000,562
1791441060,423
1791441120,399
1791441180,516
1791441240,392
1791441300,399
1791441360,400
1791441420,391
1791441480,412
1791441540,290
1791441600,572
1791441660,367
1791441720,589
1791441780,325
1791441840,401
1791441900,623
1791441960,711
1791442020,617
1791442080,520
1791442140,314
1791442200,381
1791442260,445
1791442320,574
1791442380,622
1791442440,394
1791442500,368
1791442560,392
1791442620,447
1791442680,317
1791442740,397
1791442800,614
1791442860,451
1791442920,419
1791442980,434
1791443040,410
1791443100,382
1791443160,537
1791443220,505
1791443280,341
1791443340,492
1791443400,519
1791443460,337
1791443520,527
1791443580,405
1791443640,299
1791443700,267
1791443760,289
1791443820,505
1791443880,344
1791443940,328
1791444000,403
1791444060,243
1791444120,533
1791444180,402
1791444240,437
1791444300,500
1791444360,465
1791444420,383
1791444480,451
1791444540,513
1791444600,614
1791444660,336
1791444720,288
1791444780,375
1791444840,732
1791444900,596
1791444960,488
1791445020,532
1791445080,477
1791445140,296
1791445200,251
1791445260,259
1791445320,242
1791445380,254
1791445440,329
1791445500,416
1791445560,349
1791445620,422
1791445680,276
1791445740,220
1791445800,287
1791445860,439
1791445920,283
1791445980,218
1791446040,364
1791446100,264
1791446160,419
1791446220,239
1791446280,269
1791446340,312
1791446400,437
1791446460,395
1791446520,339
1791446580,365
1791446640,487
1791446700,448
1791446760,704
1791446820,631
1791446880,349
1791446940,270
1791447000,478
1791447060,511
1791447120,365
1791447180,475
1791447240,372
1791447300,205
1791447360,144
1791447420,449
1791447480,422
1791447540,507
1791447600,450
1791447660,419
1791447720,364
1791447780,251
1791447840,256
1791447900,496
1791447960,617
1791448020,588
1791448080,318
1791448140,393
1791448200,1281
1791448260,641
1791448320,380
1791448380,272
1791448440,308
1791448500,324
1791448560,331
1791448620,349
1791448680,233
1791448740,378
1791448800,415
1791448860,477
1791448920,478
1791448980,360
1791449040,449
1791449100,353
1791449160,417
1791449220,619
1791449280,383
1791449340,325
1791449400,671
1791449460,506
1791449520,571
1791449580,470
1791449640,403
1791449700,285
1791449760,217
1791449820,258
1791449880,187
1791449940,178
1791450000,755
1791450060,975
1791450120,600
1791450180,623
1791450240,216
1791450300,325
1791450360,355
1791450420,288
1791450480,302
1791450540,239
1791450600,303
1791450660,281
1791450720,189
1791450780,360
1791450840,387
1791450900,357
1791450960,316
1791451020,486
1791451080,358
1791451140,211
1791451200,387
1791451260,261
1791451320,314
1791451380,263
1791451440,257
1791451500,288
1791451560,235
1791451620,216
1791451680,372
1791451740,571
1791451800,597
1791451860,747
1791451920,744
1791451980,506
1791452040,685
1791452100,376
1791452160,267
1791452220,464
1791452280,637
1791452340,229
1791452400,293
1791452460,293
1791452520,237
1791452580,170
1791452640,236
1791452700,184
1791452760,345
1791452820,507
1791452880,336
1791452940,428
1791453000,219
1791453060,472
1791453120,500
1791453180,492
1791453240,219
1791453300,439
1791453360,419
1791453420,517
1791453480,439
1791453540,360
1791453600,395
1791453660,524
1791453720,444
1791453780,292
1791453840,353
1791453900,252
1791453960,297
1791454020,278
1791454080,436
1791454140,375
1791454200,478
1791454260,387
1791454320,161
1791454380,271
1791454440,487
1791454500,377
1791454560,176
1791454620,125
1791454680,120
1791454740,206
1791454800,327
1791454860,388
1791454920,187
1791454980,220
1791455040,528
1791455100,578
1791455160,307
1791455220,286
1791455280,606
1791455340,796
1791455400,758
1791455460,478
1791455520,714
1791455580,655
1791455640,603
1791455700,770
1791455760,316
1791455820,253
1791455880,533
1791455940,619
1791456000,513
1791456060,249
1791456120,453
1791456180,571
1791456240,359
1791456300,383
1791456360,360
1791456420,411
1791456480,408
1791456540,304
1791456600,488
1791456660,457
1791456720,349
1791456780,441
1791456840,351
1791456900,309
1791456960,353
1791457020,318
1791457080,529
1791457140,546
1791457200,705
1791457260,339
1791457320,380
1791457380,267
1791457440,339
1791457500,241
1791457560,341
1791457620,338
1791457680,192
1791457740,277
1791457800,261
1791457860,373
1791457920,471
1791457980,527
1791458040,438
1791458100,749
1791458160,436
1791458220,349
1791458280,265
1791458340,321
1791458400,374
1791458460,308
1791458520,290
1791458580,356
1791458640,417
1791458700,350
1791458760,467
1791458820,284
1791458880,227
1791458940,298
1791459000,424
1791459060,309
1791459120,343
1791459180,450
1791459240,297
1791459300,414
1791459360,299
1791459420,1355
1791459480,828
1791459540,1282
1791459600,1326
1791459660,975
1791459720,1180
1791459780,1061
1791459840,598
1791459900,447
1791459960,530
1791460020,548
1791460080,333
1791460140,386
1791460200,561
1791460260,463
1791460320,380
1791460380,563
1791460440,614
1791460500,580
1791460560,561
1791460620,645
1791460680,464
1791460740,421
1791460800,707
1791460860,301
1791460920,377
1791460980,469
1791461040,564
1791461100,503
1791461160,391
1791461220,440
1791461280,560
1791461340,599
1791461400,474
1791461460,355
1791461520,297
1791461580,655
1791461640,488
1791461700,940
1791461760,623
1791461820,355
1791461880,346
1791461940,340
1791462000,879
1791462060,711
1791462120,568
1791462180,764
1791462240,437
1791462300,477
1791462360,490
1791462420,383
1791462480,360
1791462540,397
1791462600,1321
1791462660,763
1791462720,752
1791462780,505
1791462840,522
1791462900,973
1791462960,1331
1791463020,1074
1791463080,799
1791463140,608
1791463200,774
1791463260,483
1791463320,442
1791463380,675
1791463440,668
1791463500,737
1791463560,614
1791463620,716
1791463680,813
1791463740,925
1791463800,656
1791463860,918
1791463920,826
1791463980,551
1791464040,611
1791464100,472
1791464160,495
1791464220,517
1791464280,428
1791464340,555
1791464400,1137
1791464460,769
1791464520,882
1791464580,917
1791464640,739
1791464700,795
1791464760,701
1791464820,641
1791464880,1019
1791464940,964
1791465000,789
1791465060,992
1791465120,703
1791465180,693
1791465240,657
1791465300,732
1791465360,522
1791465420,702
1791465480,697
1791465540,668
1791465600,482
1791465660,793
1791465720,552
1791465780,962
1791465840,524
1791465900,484
1791465960,427
1791466020,526
1791466080,769
1791466140,554
1791466200,808
1791466260,923
1791466320,923
1791466380,834
1791466440,784
1791466500,1015
1791466560,938
1791466620,1139
1791466680,1058
1791466740,1069
1791466800,690
1791466860,467
1791466920,791
1791466980,665
1791467040,478
1791467100,714
1791467160,947
1791467220,946
1791467280,836
1791467340,1211
1791467400,1258
1791467460,1034
1791467520,904
1791467580,1024
1791467640,729
1791467700,739
1791467760,975
1791467820,782
1791467880,818
1791467940,977
1791468000,895
1791468060,768
1791468120,620
1791468180,656
1791468240,675
1791468300,930
1791468360,744
1791468420,531
1791468480,560
1791468540,613
1791468600,499
1791468660,793
1791468720,543
1791468780,669
1791468840,625
1791468900,522
1791468960,530
1791469020,594
1791469080,790
1791469140,451
1791469200,523
1791469260,927
1791469320,805
1791469380,541
1791469440,775
1791469500,630
1791469560,566
1791469620,459
1791469680,423
1791469740,617
1791469800,525
1791469860,546
1791469920,475
1791469980,523
1791470040,898
1791470100,909
1791470160,523
1791470220,700
1791470280,426
1791470340,599
1791470400,572
1791470460,742
1791470520,962
1791470580,941
1791470640,707
1791470700,653
1791470760,1157
1791470820,776
1791470880,1123
1791470940,524
1791471000,593
1791471060,784
1791471120,556
1791471180,1041
1791471240,1174
1791471300,936
1791471360,827
1791471420,1164
1791471480,1091
1791471540,464
1791471600,1038
1791471660,1227
1791471720,1358
1791471780,1088
1791471840,1156
1791471900,861
1791471960,960
1791472020,975
1791472080,617
1791472140,592
1791472200,959
1791472260,731
1791472320,932
1791472380,1035
1791472440,900
1791472500,919
1791472560,730
1791472620,915
1791472680,796
1791472740,884
1791472800,928
1791472860,1055
1791472920,459
1791472980,339
1791473040,454
1791473100,585
1791473160,444
1791473220,582
1791473280,500
1791473340,648
1791473400,669
1791473460,706
1791473520,510
1791473580,678
1791473640,631
1791473700,426
1791473760,651
1791473820,595
1791473880,454
1791473940,393
1791474000,354
1791474060,619
1791474120,345
1791474180,376
1791474240,689
1791474300,727
1791474360,597
1791474420,753
1791474480,538
1791474540,467
1791474600,315
1791474660,406
1791474720,391
1791474780,360
1791474840,284
1791474900,326
1791474960,325
1791475020,360
1791475080,288
1791475140,340
1791475200,417
1791475260,756
1791475320,679
1791475380,468
1791475440,630
1791475500,572
1791475560,532
1791475620,535
1791475680,576
1791475740,349
1791475800,421
1791475860,456
1791475920,471
1791475980,873
1791476040,515
1791476100,344
1791476160,306
1791476220,3733
1791476280,2752
1791476340,2048
1791476400,1297
1791476460,1574
1791476520,1179
1791476580,1221
1791476640,737
1791476700,748
1791476760,760
1791476820,650
1791476880,503
1791476940,552
1791477000,830
1791477060,769
1791477120,814
1791477180,690
1791477240,492
1791477300,686
1791477360,978
1791477420,1025
1791477480,467
1791477540,513
1791477600,685
1791477660,532
1791477720,465
1791477780,701
1791477840,427
1791477900,442
1791477960,411
1791478020,594
1791478080,468
1791478140,550
1791478200,855
1791478260,679
1791478320,953
1791478380,680
1791478440,604
1791478500,833
1791478560,753
1791478620,1385
1791478680,855
1791478740,621
1791478800,1052
1791478860,830
1791478920,1531
1791478980,845
1791479040,863
1791479100,1082
1791479160,925
1791479220,1033
1791479280,1203
1791479340,813
1791479400,788
1791479460,1068
1791479520,708
1791479580,365
1791479640,900
1791479700,891
1791479760,882
1791479820,1186
1791479880,1329
1791479940,1309
1791480000,1196
1791480060,865
1791480120,968
1791480180,1440
1791480240,1325
1791480300,938
1791480360,836
1791480420,1136
1791480480,1050
1791480540,1299
1791480600,714
1791480660,693
1791480720,488
1791480780,429
1791480840,554
1791480900,420
1791480960,387
1791481020,730
1791481080,373
1791481140,442
1791481200,447
1791481260,338
1791481320,521
1791481380,328
1791481440,370
1791481500,606
1791481560,356
1791481620,495
1791481680,530
1791481740,342
1791481800,367
1791481860,485
1791481920,275
1791481980,391
1791482040,584
1791482100,506
1791482160,661
1791482220,236
1791482280,304
1791482340,308
1791482400,657
1791482460,422
1791482520,378
1791482580,546
1791482640,342
1791482700,366
1791482760,398
1791482820,411
1791482880,609
1791482940,445
1791483000,605
1791483060,415
1791483120,420
1791483180,386
1791483240,279
1791483300,372
1791483360,323
1791483420,255
1791483480,278
1791483540,257
1791483600,250
1791483660,388
1791483720,255
1791483780,337
1791483840,296
1791483900,300
1791483960,397
1791484020,397
1791484080,1027
1791484140,616
1791484200,843
1791484260,682
1791484320,574
1791484380,556
1791484440,473
1791484500,430
1791484560,467
1791484620,498
1791484680,453
1791484740,344
1791484800,299
1791484860,433
1791484920,194
1791484980,177
1791485040,380
1791485100,413
1791485160,257
1791485220,240
1791485280,417
1791485340,208
1791485400,232
1791485460,255
1791485520,777
1791485580,539
1791485640,594
1791485700,535
1791485760,424
1791485820,520
1791485880,356
1791485940,640
1791486000,628
1791486060,202
1791486120,264
1791486180,169
1791486240,151
1791486300,175
1791486360,232
1791486420,278
1791486480,187
1791486540,167
1791486600,126
1791486660,116
1791486720,116
1791486780,144
1791486840,196
1791486900,264
1791486960,279
1791487020,355
1791487080,260
1791487140,301
1791487200,346
1791487260,175
1791487320,387
1791487380,334
1791487440,472
1791487500,376
1791487560,443
1791487620,392
1791487680,397
1791487740,299
1791487800,446
1791487860,366
1791487920,238
1791487980,258
1791488040,276
1791488100,144
1791488160,145
