1785931860,762
1785931920,674
1785931980,609
1785932040,716
1785932100,1062
1785932160,856
1785932220,1057
1785932280,830
1785932340,1030
1785932400,1272
1785932460,769
1785932520,718
1785932580,753
1785932640,603
1785932700,667
1785932760,661
1785932820,759
1785932880,807
1785932940,689
1785933000,674
1785933060,1065
1785933120,1203
1785933180,826
1785933240,988
1785933300,1038
1785933360,994
1785933420,972
1785933480,749
1785933540,872
1785933600,804
1785933660,925
1785933720,762
1785933780,809
1785933840,604
1785933900,755
1785933960,807
1785934020,866
1785934080,848
1785934140,801
1785934200,1081
1785934260,730
1785934320,793
1785934380,765
1785934440,875
1785934500,734
1785934560,966
1785934620,799
1785934680,644
1785934740,672
1785934800,2088
1785934860,1575
1785934920,959
1785934980,1085
1785935040,806
1785935100,889
1785935160,747
1785935220,854
1785935280,1029
1785935340,793
1785935400,830
1785935460,949
1785935520,1261
1785935580,1101
1785935640,745
1785935700,629
1785935760,762
1785935820,603
1785935880,861
1785935940,781
1785936000,737
1785936060,839
1785936120,812
1785936180,791
1785936240,971
1785936300,802
1785936360,914
1785936420,590
1785936480,531
1785936540,504
1785936600,1432
1785936660,1862
1785936720,1576
1785936780,1432
1785936840,1518
1785936900,1781
1785936960,1505
1785937020,1804
1785937080,1652
1785937140,1777
1785937200,2750
1785937260,1498
1785937320,904
1785937380,949
1785937440,1142
1785937500,1415
1785937560,1234
1785937620,889
1785937680,1158
1785937740,976
1785937800,1603
1785937860,1532
1785937920,1388
1785937980,1338
1785938040,986
1785938100,1333
1785938160,1331
1785938220,1353
1785938280,1140
1785938340,1003
1785938400,1765
1785938460,1394
1785938520,1259
1785938580,1606
1785938640,1816
1785938700,2017
1785938760,2206
1785938820,1927
1785938880,2282
1785938940,1429
1785939000,1674
1785939060,1777
1785939120,1566
1785939180,1727
1785939240,1765
1785939300,1659
1785939360,1423
1785939420,1420
1785939480,1997
1785939540,1762
1785939600,1842
1785939660,1910
1785939720,2099
1785939780,1767
1785939840,1227
1785939900,1798
1785939960,2032
1785940020,2130
1785940080,1858
1785940140,1624
1785940200,1847
1785940260,1980
1785940320,1730
1785940380,1499
1785940440,1352
1785940500,1687
1785940560,1388
1785940620,1116
1785940680,1361
1785940740,1256
1785940800,1326
1785940860,1016
1785940920,1451
1785940980,1236
1785941040,1032
1785941100,1189
1785941160,1185
1785941220,884
1785941280,1181
1785941340,1463
1785941400,1345
1785941460,1680
1785941520,1279
1785941580,1552
1785941640,1516
1785941700,1377
1785941760,1443
1785941820,1318
1785941880,982
1785941940,895
1785942000,1487
1785942060,1443
1785942120,1617
1785942180,1755
1785942240,1416
1785942300,1655
1785942360,1667
1785942420,1375
1785942480,1092
1785942540,944
1785942600,1030
1785942660,1393
1785942720,1263
1785942780,1250
1785942840,1030
1785942900,1266
1785942960,1036
1785943020,1138
1785943080,1298
1785943140,1320
1785943200,1515
1785943260,1163
1785943320,1192
1785943380,932
1785943440,847
1785943500,642
1785943560,880
1785943620,1010
1785943680,1031
1785943740,724
1785943800,819
1785943860,606
1785943920,812
1785943980,805
1785944040,849
1785944100,715
1785944160,518
1785944220,690
1785944280,744
1785944340,628
1785944400,822
1785944460,850
1785944520,703
1785944580,671
1785944640,696
1785944700,1253
1785944760,749
1785944820,1001
1785944880,952
1785944940,967
1785945000,1265
1785945060,1201
1785945120,1116
1785945180,1082
1785945240,904
1785945300,531
1785945360,1233
1785945420,1783
1785945480,1307
1785945540,1093
1785945600,1352
1785945660,1020
1785945720,1483
1785945780,1015
1785945840,1071
1785945900,1379
1785945960,1331
1785946020,1286
1785946080,896
1785946140,931
1785946200,1100
1785946260,969
1785946320,1118
1785946380,645
1785946440,796
1785946500,969
1785946560,1076
1785946620,1039
1785946680,1261
1785946740,1008
1785946800,1228
1785946860,1168
1785946920,1022
1785946980,1051
1785947040,705
1785947100,928
1785947160,718
1785947220,890
1785947280,706
1785947340,581
1785947400,970
1785947460,1069
1785947520,767
1785947580,804
1785947640,571
1785947700,702
1785947760,698
1785947820,832
1785947880,611
1785947940,654
1785948000,688
1785948060,747
1785948120,646
1785948180,592
1785948240,448
1785948300,812
1785948360,939
1785948420,801
1785948480,763
1785948540,652
1785948600,661
1785948660,791
1785948720,778
1785948780,996
1785948840,647
1785948900,876
1785948960,807
1785949020,539
1785949080,542
1785949140,713
1785949200,1128
1785949260,935
1785949320,1113
1785949380,701
1785949440,544
1785949500,680
1785949560,532
1785949620,485
1785949680,653
1785949740,628
1785949800,662
1785949860,721
1785949920,383
1785949980,376
1785950040,310
1785950100,445
1785950160,469
1785950220,554
1785950280,607
1785950340,562
1785950400,464
1785950460,556
1785950520,591
1785950580,656
1785950640,735
1785950700,762
1785950760,754
1785950820,1064
1785950880,1071
1785950940,1998
1785951000,1109
1785951060,780
1785951120,670
1785951180,688
1785951240,745
1785951300,728
1785951360,723
1785951420,464
1785951480,638
1785951540,555
1785951600,538
1785951660,537
1785951720,505
1785951780,292
1785951840,356
1785951900,559
1785951960,468
1785952020,447
1785952080,384
1785952140,369
1785952200,504
1785952260,462
1785952320,507
1785952380,306
1785952440,263
1785952500,381
1785952560,238
1785952620,497
1785952680,409
1785952740,499
1785952800,890
1785952860,653
1785952920,648
1785952980,537
1785953040,510
1785953100,656
1785953160,513
1785953220,540
1785953280,568
1785953340,479
1785953400,508
1785953460,491
1785953520,493
1785953580,435
1785953640,563
1785953700,652
1785953760,436
1785953820,412
1785953880,342
1785953940,433
1785954000,806
1785954060,624
1785954120,709
1785954180,865
1785954240,856
1785954300,618
1785954360,492
1785954420,643
1785954480,788
1785954540,649
1785954600,814
1785954660,593
1785954720,706
1785954780,665
1785954840,599
1785954900,710
1785954960,509
1785955020,443
1785955080,393
1785955140,366
1785955200,610
1785955260,582
1785955320,469
1785955380,493
1785955440,564
1785955500,780
1785955560,346
1785955620,369
1785955680,557
1785955740,515
1785955800,651
1785955860,633
1785955920,547
1785955980,551
1785956040,288
1785956100,435
1785956160,405
1785956220,399
1785956280,383
1785956340,286
1785956400,927
1785956460,480
1785956520,375
1785956580,499
1785956640,485
1785956700,449
1785956760,513
1785956820,671
1785956880,419
1785956940,293
1785957000,388
1785957060,612
1785957120,550
1785957180,600
1785957240,441
1785957300,428
1785957360,515
1785957420,615
1785957480,337
1785957540,716
1785957600,390
1785957660,606
1785957720,487
1785957780,472
1785957840,372
1785957900,403
1785957960,337
1785958020,552
1785958080,656
1785958140,698
1785958200,994
1785958260,762
1785958320,575
1785958380,484
1785958440,446
1785958500,673
1785958560,483
1785958620,491
1785958680,427
1785958740,387
1785958800,576
1785958860,549
1785958920,560
1785958980,512
1785959040,604
1785959100,636
1785959160,593
1785959220,483
1785959280,525
1785959340,484
1785959400,703
1785959460,563
1785959520,512
1785959580,497
1785959640,582
1785959700,915
1785959760,568
1785959820,460
1785959880,917
1785959940,1222
1785960000,435
1785960060,344
1785960120,259
1785960180,160
1785960240,158
1785960300,530
1785960360,430
1785960420,238
1785960480,181
1785960540,208
1785960600,212
1785960660,173
1785960720,142
1785960780,146
1785960840,129
1785960900,142
1785960960,161
1785961020,318
1785961080,292
1785961140,258
1785961200,274
1785961260,193
1785961320,128
1785961380,116
1785961440,85
1785961500,58
1785961560,106
1785961620,126
1785961680,86
1785961740,130
1785961800,140
1785961860,129
1785961920,79
1785961980,80
1785962040,166
1785962100,115
1785962160,139
1785962220,75
1785962280,59
1785962340,54
1785962400,29
1785962460,88
1785962520,37
1785962580,98
1785962640,89
1785962700,113
1785962760,38
1785962820,115
1785962880,94
1785962940,54
1785963000,97
1785963060,98
1785963120,90
1785963180,74
1785963240,102
1785963300,211
1785963360,95
1785963420,242
1785963480,310
1785963540,21
1785967440,16
1785967500,242
1785967560,283
1785967620,299
1785967680,229
1785967740,205
1785967800,146
1785967860,186
1785967920,137
1785967980,169
1785968040,148
1785968100,188
1785968160,173
1785968220,150
1785968280,157
1785968340,75
1785968400,149
1785968460,138
1785968520,129
1785968580,71
1785968640,229
1785968700,199
1785968760,109
1785968820,66
1785968880,106
1785968940,167
1785969000,246
1785969060,213
1785969120,202
1785969180,165
1785969240,152
1785969300,225
1785969360,158
1785969420,160
1785969480,154
1785969540,108
1785969600,170
1785969660,72
1785969720,54
1785969780,190
1785969840,141
1785969900,91
1785969960,100
1785970020,156
1785970080,218
1785970140,136
1785970200,172
1785970260,159
1785970320,117
1785970380,89
1785970440,93
1785970500,106
1785970560,91
1785970620,104
1785970680,89
1785970740,113
1785970800,215
1785970860,147
1785970920,199
1785970980,198
1785971040,199
1785971100,199
1785971160,153
1785971220,170
1785971280,145
1785971340,103
1785971400,166
1785971460,80
1785971520,345
1785971580,303
1785971640,196
1785971700,260
1785971760,243
1785971820,178
1785971880,350
1785971940,218
1785972000,234
1785972060,184
1785972120,216
1785972180,415
1785972240,159
1785972300,101
1785972360,170
1785972420,175
1785972480,169
1785972540,212
1785972600,233
1785972660,260
1785972720,107
1785972780,224
1785972840,345
1785972900,1161
1785972960,801
1785973020,618
1785973080,542
1785973140,378
1785973200,562
1785973260,381
1785973320,384
1785973380,462
1785973440,359
1785973500,634
1785973560,422
1785973620,531
1785973680,640
1785973740,558
1785973800,438
1785973860,331
1785973920,672
1785973980,366
1785974040,305
1785974100,312
1785974160,174
1785974220,270
1785974280,454
1785974340,572
1785974400,1381
1785974460,1090
1785974520,995
1785974580,738
1785974640,608
1785974700,707
1785974760,527
1785974820,749
1785974880,1023
1785974940,645
1785975000,757
1785975060,924
1785975120,874
1785975180,564
1785975240,634
1785975300,685
1785975360,869
1785975420,589
1785975480,515
1785975540,698
1785975600,1331
1785975660,731
1785975720,1044
1785975780,802
1785975840,573
1785975900,527
1785975960,782
1785976020,929
1785976080,775
1785976140,926
1785976200,549
1785976260,597
1785976320,489
1785976380,780
1785976440,973
1785976500,1044
1785976560,866
1785976620,790
1785976680,511
1785976740,768
1785976800,722
1785976860,633
1785976920,488
1785976980,505
1785977040,324
1785977100,731
1785977160,763
1785977220,741
1785977280,778
1785977340,879
1785977400,888
1785977460,972
1785977520,742
1785977580,875
1785977640,930
1785977700,872
1785977760,820
1785977820,587
1785977880,492
1785977940,1004
1785978000,1954
1785978060,1970
1785978120,1798
1785978180,2241
1785978240,1543
1785978300,1600
1785978360,1384
1785978420,1303
1785978480,967
1785978540,927
1785978600,951
1785978660,1219
1785978720,1773
1785978780,1134
1785978840,1147
1785978900,770
1785978960,1100
1785979020,673
1785979080,704
1785979140,648
1785979200,858
1785979260,1265
1785979320,1064
1785979380,774
1785979440,1023
1785979500,817
1785979560,609
1785979620,721
1785979680,810
1785979740,1211
1785979800,1205
1785979860,984
1785979920,1023
1785979980,994
1785980040,1243
1785980100,1015
1785980160,1151
1785980220,1181
1785980280,1364
1785980340,1075
1785980400,1337
1785980460,1150
1785980520,513
1785980580,516
1785980640,440
1785980700,586
1785980760,739
1785980820,802
1785980880,832
1785980940,889
1785981000,1127
1785981060,881
1785981120,1061
1785981180,937
1785981240,699
1785981300,644
1785981360,530
1785981420,675
1785981480,631
1785981540,380
1785981600,691
1785981660,713
1785981720,599
1785981780,535
1785981840,675
1785981900,1272
1785981960,818
1785982020,985
1785982080,879
1785982140,800
1785982200,747
1785982260,929
1785982320,641
1785982380,442
1785982440,612
1785982500,399
1785982560,413
1785982620,619
1785982680,442
1785982740,522
1785982800,418
1785982860,246
1785982920,381
1785982980,355
1785983040,351
1785983100,627
1785983160,499
1785983220,353
1785983280,393
1785983340,429
1785983400,1533
1785983460,718
1785983520,693
1785983580,682
1785983640,741
1785983700,726
1785983760,1047
1785983820,550
1785983880,515
1785983940,438
1785984000,541
1785984060,520
1785984120,573
1785984180,469
1785984240,461
1785984300,807
1785984360,586
1785984420,584
1785984480,693
1785984540,863
1785984600,751
1785984660,587
1785984720,836
1785984780,658
1785984840,685
1785984900,837
1785984960,834
1785985020,599
1785985080,970
1785985140,757
1785985200,970
1785985260,659
1785985320,511
1785985380,623
1785985440,372
1785985500,770
1785985560,605
1785985620,660
1785985680,394
1785985740,678
1785985800,451
1785985860,520
1785985920,394
1785985980,946
1785986040,665
1785986100,1044
1785986160,782
1785986220,1065
1785986280,759
1785986340,507
1785986400,633
1785986460,632
1785986520,519
1785986580,582
1785986640,770
1785986700,1040
1785986760,623
1785986820,802
1785986880,667
1785986940,691
1785987000,356
1785987060,401
1785987120,491
1785987180,362
1785987240,435
1785987300,247
1785987360,293
1785987420,289
1785987480,276
1785987540,375
1785987600,407
1785987660,526
1785987720,394
1785987780,363
1785987840,293
1785987900,431
1785987960,361
1785988020,403
1785988080,500
1785988140,398
1785988200,271
1785988260,455
1785988320,230
1785988380,438
1785988440,295
1785988500,332
1785988560,190
1785988620,402
1785988680,306
1785988740,248
1785988800,793
1785988860,608
1785988920,380
1785988980,249
1785989040,383
1785989100,303
1785989160,248
1785989220,445
1785989280,431
1785989340,382
1785989400,312
1785989460,257
1785989520,225
1785989580,250
1785989640,290
1785989700,254
1785989760,282
1785989820,319
1785989880,319
1785989940,506
1785990000,248
1785990060,222
1785990120,348
1785990180,346
1785990240,286
1785990300,303
1785990360,189
1785990420,282
1785990480,619
1785990540,785
1785990600,500
1785990660,379
1785990720,226
1785990780,405
1785990840,352
1785990900,461
1785990960,410
1785991020,303
1785991080,317
1785991140,272
1785991200,301
1785991260,393
1785991320,297
1785991380,290
1785991440,276
1785991500,174
1785991560,320
1785991620,282
1785991680,147
1785991740,232
1785991800,392
1785991860,336
1785991920,266
1785991980,354
1785992040,389
1785992100,296
1785992160,214
1785992220,108
1785992280,93
1785992340,212
1785992400,532
1785992460,551
1785992520,432
1785992580,361
1785992640,520
1785992700,420
1785992760,358
1785992820,394
1785992880,424
1785992940,552
1785993000,483
1785993060,643
1785993120,720
1785993180,590
1785993240,345
1785993300,541
1785993360,535
1785993420,328
1785993480,309
1785993540,365
1785993600,344
1785993660,461
1785993720,462
1785993780,507
1785993840,473
1785993900,563
1785993960,236
1785994020,332
1785994080,300
1785994140,462
1785994200,1621
1785994260,792
1785994320,897
1785994380,1297
1785994440,866
1785994500,635
1785994560,623
1785994620,568
1785994680,634
1785994740,426
1785994800,677
1785994860,598
1785994920,613
1785994980,705
1785995040,540
1785995100,480
1785995160,584
1785995220,419
1785995280,271
1785995340,672
1785995400,509
1785995460,343
1785995520,408
1785995580,426
1785995640,362
1785995700,593
1785995760,492
1785995820,363
1785995880,417
1785995940,359
1785996000,829
1785996060,571
1785996120,579
1785996180,322
1785996240,423
1785996300,359
1785996360,308
1785996420,468
1785996480,402
1785996540,517
1785996600,458
1785996660,285
1785996720,514
1785996780,348
1785996840,518
1785996900,608
1785996960,355
1785997020,366
1785997080,693
1785997140,506
1785997200,419
1785997260,298
1785997320,436
1785997380,322
1785997440,541
1785997500,332
1785997560,289
1785997620,312
1785997680,387
1785997740,328
1785997800,367
1785997860,395
1785997920,586
1785997980,575
1785998040,381
1785998100,536
1785998160,470
1785998220,388
1785998280,268
1785998340,268
1785998400,670
1785998460,688
1785998520,446
1785998580,402
1785998640,434
1785998700,663
1785998760,741
1785998820,575
1785998880,694
1785998940,675
1785999000,739
1785999060,479
1785999120,380
1785999180,478
1785999240,522
1785999300,196
1785999360,310
1785999420,295
1785999480,463
1785999540,370
1785999600,955
1785999660,735
1785999720,523
1785999780,466
1785999840,218
1785999900,190
1785999960,265
1786000020,331
1786000080,306
1786000140,209
1786000200,285
1786000260,350
1786000320,322
1786000380,287
1786000440,460
1786000500,453
1786000560,477
1786000620,244
1786000680,235
1786000740,345
1786000800,541
1786000860,568
1786000920,438
1786000980,369
1786001040,665
1786001100,632
1786001160,451
1786001220,448
1786001280,434
1786001340,471
1786001400,358
1786001460,360
1786001520,283
1786001580,379
1786001640,330
1786001700,406
1786001760,586
1786001820,243
1786001880,171
1786001940,277
1786002000,285
1786002060,222
1786002120,262
1786002180,220
1786002240,514
1786002300,289
1786002360,354
1786002420,374
1786002480,643
1786002540,695
1786002600,555
1786002660,753
1786002720,558
1786002780,457
1786002840,398
1786002900,385
1786002960,384
1786003020,246
1786003080,211
1786003140,229
1786003200,647
1786003260,502
1786003320,422
1786003380,525
1786003440,453
1786003500,285
1786003560,290
1786003620,385
1786003680,346
1786003740,431
1786003800,494
1786003860,433
1786003920,535
1786003980,711
1786004040,395
1786004100,364
1786004160,424
1786004220,592
1786004280,442
1786004340,417
1786004400,404
1786004460,377
1786004520,388
1786004580,502
1786004640,595
1786004700,394
1786004760,210
1786004820,421
1786004880,340
1786004940,478
1786005000,865
1786005060,518
1786005120,550
1786005180,481
1786005240,565
1786005300,436
1786005360,430
1786005420,618
1786005480,468
1786005540,406
1786005600,606
1786005660,439
1786005720,449
1786005780,397
1786005840,293
1786005900,450
1786005960,436
1786006020,568
1786006080,424
1786006140,417
1786006200,1241
1786006260,418
1786006320,507
1786006380,1052
1786006440,233
1786006500,455
1786006560,419
1786006620,309
1786006680,494
1786006740,313
1786006800,579
1786006860,557
1786006920,546
1786006980,732
1786007040,506
1786007100,555
1786007160,526
1786007220,995
1786007280,539
1786007340,424
1786007400,494
1786007460,538
1786007520,572
1786007580,330
1786007640,326
1786007700,544
1786007760,507
1786007820,348
1786007880,347
1786007940,276
1786008000,368
1786008060,383
1786008120,319
1786008180,308
1786008240,308
1786008300,324
1786008360,349
1786008420,270
1786008480,351
1786008540,396
1786008600,466
1786008660,545
1786008720,793
1786008780,574
1786008840,483
1786008900,502
1786008960,457
1786009020,423
1786009080,576
1786009140,669
1786009200,704
1786009260,614
1786009320,379
1786009380,381
1786009440,520
1786009500,482
1786009560,318
1786009620,222
1786009680,286
1786009740,284
1786009800,314
1786009860,334
1786009920,180
1786009980,269
1786010040,360
1786010100,399
1786010160,439
1786010220,320
1786010280,428
1786010340,342
1786010400,664
1786010460,569
1786010520,456
1786010580,586
1786010640,534
1786010700,509
1786010760,433
1786010820,466
1786010880,405
1786010940,407
1786011000,412
1786011060,581
1786011120,579
1786011180,504
1786011240,505
1786011300,605
1786011360,426
1786011420,625
1786011480,387
1786011540,473
1786011600,367
1786011660,522
1786011720,556
1786011780,356
1786011840,396
1786011900,352
1786011960,361
1786012020,303
1786012080,345
1786012140,345
1786012200,406
1786012260,410
1786012320,264
1786012380,249
1786012440,243
1786012500,205
1786012560,202
1786012620,393
1786012680,295
1786012740,283
1786012800,492
1786012860,363
1786012920,251
1786012980,205
1786013040,384
1786013100,272
1786013160,244
1786013220,412
1786013280,273
1786013340,287
1786013400,289
1786013460,307
1786013520,238
1786013580,264
1786013640,271
1786013700,170
1786013760,161
1786013820,259
1786013880,212
1786013940,255
1786014000,742
1786014060,467
1786014120,397
1786014180,468
1786014240,593
1786014300,395
1786014360,531
1786014420,537
1786014480,399
1786014540,423
1786014600,376
1786014660,324
1786014720,411
1786014780,304
1786014840,410
1786014900,424
1786014960,244
1786015020,223
1786015080,236
1786015140,386
1786015200,418
1786015260,418
1786015320,412
1786015380,737
1786015440,772
1786015500,526
1786015560,464
1786015620,386
1786015680,442
1786015740,354
1786015800,398
1786015860,434
1786015920,325
1786015980,372
1786016040,265
1786016100,367
1786016160,362
1786016220,269
1786016280,357
1786016340,322
1786016400,418
1786016460,356
1786016520,390
1786016580,325
1786016640,369
1786016700,443
1786016760,769
1786016820,361
1786016880,648
1786016940,574
1786017000,702
1786017060,543
1786017120,588
1786017180,718
1786017240,551
1786017300,496
1786017360,500
1786017420,378
1786017480,557
1786017540,465
1786017600,725
1786017660,627
1786017720,753
1786017780,668
1786017840,524
1786017900,308
1786017960,476
1786018020,281
1786018080,460
1786018140,557
1786018200,477
1786018260,432
1786018320,344
1786018380,281
1786018440,401
1786018500,275
1786018560,416
1786018620,372
1786018680,326
1786018740,294
1786018800,785
1786018860,548
1786018920,432
1786018980,492
1786019040,531
1786019100,756
1786019160,618
1786019220,354
1786019280,267
1786019340,360
1786019400,1194
1786019460,648
1786019520,450
1786019580,709
1786019640,630
1786019700,704
1786019760,580
1786019820,638
1786019880,576
1786019940,293
1786020000,409
1786020060,393
1786020120,323
1786020180,390
1786020240,377
1786020300,346
1786020360,548
1786020420,484
1786020480,822
1786020540,1037
1786020600,891
1786020660,578
1786020720,663
1786020780,463
1786020840,675
1786020900,1155
1786020960,624
1786021020,732
1786021080,571
1786021140,816
1786021200,1575
1786021260,1097
1786021320,1062
1786021380,880
1786021440,748
1786021500,1153
1786021560,1561
1786021620,1000
1786021680,1024
1786021740,1726
1786021800,1578
1786021860,1098
1786021920,832
1786021980,752
1786022040,581
1786022100,716
1786022160,474
1786022220,927
1786022280,554
1786022340,641
1786022400,705
1786022460,786
1786022520,827
1786022580,724
1786022640,947
1786022700,664
1786022760,704
1786022820,725
1786022880,769
1786022940,765
1786023000,1598
1786023060,1358
1786023120,1027
1786023180,1081
1786023240,1042
1786023300,1633
1786023360,1306
1786023420,1386
1786023480,1198
1786023540,1422
1786023600,1562
1786023660,1272
1786023720,1602
1786023780,1756
1786023840,1211
1786023900,1504
1786023960,1601
1786024020,1392
1786024080,1521
1786024140,1321
1786024200,812
1786024260,992
1786024320,1173
1786024380,877
1786024440,801
1786024500,1103
1786024560,1302
1786024620,1396
1786024680,1260
1786024740,1424
1786024800,1618
1786024860,1632
1786024920,927
1786024980,699
1786025040,919
1786025100,1076
1786025160,1297
1786025220,988
1786025280,927
1786025340,1375
1786025400,1462
1786025460,1501
1786025520,1242
1786025580,1016
1786025640,879
1786025700,1181
1786025760,1334
1786025820,1224
1786025880,770
1786025940,616
1786026000,789
1786026060,599
1786026120,466
1786026180,552
1786026240,434
1786026300,647
1786026360,899
1786026420,949
1786026480,698
1786026540,543
1786026600,942
1786026660,641
1786026720,629
1786026780,882
1786026840,1069
1786026900,1133
1786026960,941
1786027020,968
1786027080,716
1786027140,743
1786027200,576
1786027260,1091
1786027320,583
1786027380,524
1786027440,802
1786027500,848
1786027560,930
1786027620,986
1786027680,617
1786027740,707
1786027800,864
1786027860,661
1786027920,802
1786027980,1101
1786028040,1183
1786028100,1065
1786028160,940
1786028220,1208
1786028280,1310
1786028340,1009
1786028400,1046
1786028460,1200
1786028520,1386
1786028580,1071
1786028640,1024
1786028700,657
1786028760,876
1786028820,678
1786028880,676
1786028940,651
1786029000,416
1786029060,820
1786029120,627
1786029180,647
1786029240,545
1786029300,614
1786029360,865
1786029420,798
1786029480,880
1786029540,1028
1786029600,1134
1786029660,1008
1786029720,904
1786029780,742
1786029840,641
1786029900,790
1786029960,819
1786030020,411
1786030080,393
1786030140,345
1786030200,587
1786030260,357
1786030320,412
1786030380,599
1786030440,1018
1786030500,751
1786030560,784
1786030620,420
1786030680,402
1786030740,731
1786030800,738
1786030860,567
1786030920,576
1786030980,525
1786031040,605
1786031100,458
1786031160,490
1786031220,426
1786031280,996
1786031340,884
1786031400,525
1786031460,622
1786031520,664
1786031580,1111
1786031640,1333
1786031700,2138
1786031760,2034
1786031820,1643
1786031880,690
1786031940,639
1786032000,1015
1786032060,1428
1786032120,1010
1786032180,1110
1786032240,1586
1786032300,1208
1786032360,1244
1786032420,1345
1786032480,1202
1786032540,936
1786032600,1010
1786032660,875
1786032720,793
1786032780,1000
1786032840,1271
1786032900,1174
1786032960,1483
1786033020,1399
1786033080,1544
1786033140,979
1786033200,1015
1786033260,1131
1786033320,1272
1786033380,974
1786033440,783
1786033500,857
1786033560,915
1786033620,1305
1786033680,598
1786033740,359
1786033800,898
1786033860,926
1786033920,589
1786033980,535
1786034040,535
1786034100,669
1786034160,539
1786034220,625
1786034280,689
1786034340,358
1786034400,515
1786034460,589
1786034520,643
1786034580,706
1786034640,872
1786034700,946
1786034760,856
1786034820,644
1786034880,614
1786034940,680
1786035000,654
1786035060,524
1786035120,465
1786035180,381
1786035240,581
1786035300,775
1786035360,558
1786035420,650
1786035480,502
1786035540,285
1786035600,442
1786035660,366
1786035720,429
1786035780,443
1786035840,453
1786035900,556
1786035960,496
1786036020,747
1786036080,795
1786036140,711
1786036200,664
1786036260,712
1786036320,551
1786036380,594
1786036440,625
1786036500,611
1786036560,584
1786036620,689
1786036680,684
1786036740,601
1786036800,599
1786036860,589
1786036920,637
1786036980,543
1786037040,1034
1786037100,918
1786037160,412
1786037220,352
1786037280,422
1786037340,897
1786037400,682
1786037460,361
1786037520,544
1786037580,378
1786037640,227
1786037700,322
1786037760,325
1786037820,421
1786037880,456
1786037940,307
1786038000,376
1786038060,309
1786038120,481
1786038180,387
1786038240,344
1786038300,318
1786038360,458
1786038420,313
1786038480,473
1786038540,537
1786038600,462
1786038660,384
1786038720,581
1786038780,483
1786038840,539
1786038900,427
1786038960,488
1786039020,385
1786039080,310
1786039140,313
1786039200,672
1786039260,358
1786039320,438
1786039380,381
1786039440,272
1786039500,423
1786039560,504
1786039620,388
1786039680,429
1786039740,362
1786039800,486
1786039860,413
1786039920,351
1786039980,376
1786040040,490
1786040100,353
1786040160,659
1786040220,310
1786040280,485
1786040340,481
1786040400,554
1786040460,514
1786040520,452
1786040580,502
1786040640,470
1786040700,341
1786040760,363
1786040820,302
1786040880,239
1786040940,191
1786041000,151
1786041060,210
1786041120,234
1786041180,171
1786041240,225
1786041300,234
1786041360,161
1786041420,171
1786041480,324
1786041540,169
1786041600,412
1786041660,478
1786041720,368
1786041780,381
1786041840,222
1786041900,202
1786041960,307
1786042020,272
1786042080,280
1786042140,185
1786042200,330
1786042260,260
1786042320,296
1786042380,181
1786042440,401
1786042500,440
1786042560,189
1786042620,149
1786042680,137
1786042740,202
1786042800,326
1786042860,330
1786042920,444
1786042980,293
1786043040,284
1786043100,284
1786043160,293
1786043220,241
1786043280,256
1786043340,151
1786043400,294
1786043460,201
1786043520,168
1786043580,209
1786043640,234
1786043700,249
1786043760,371
1786043820,352
1786043880,149
1786043940,179
1786044000,199
1786044060,261
1786044120,354
1786044180,143
1786044240,601
1786044300,926
1786044360,684
1786044420,908
1786044480,1075
1786044540,875
1786044600,1204
1786044660,669
1786044720,753
1786044780,548
1786044840,835
1786044900,646
1786044960,501
1786045020,331
1786045080,355
1786045140,341
1786045200,474
1786045260,352
1786045320,455
1786045380,473
1786045440,253
1786045500,341
1786045560,345
1786045620,252
1786045680,261
1786045740,277
1786045800,613
1786045860,399
1786045920,311
1786045980,1176
1786046040,1411
1786046100,797
1786046160,530
1786046220,735
1786046280,868
1786046340,882
1786046400,551
1786046460,552
1786046520,570
1786046580,343
1786046640,230
1786046700,157
1786046760,187
1786046820,179
1786046880,234
1786046940,112
1786047000,226
1786047060,276
1786047120,120
1786047180,235
1786047240,274
1786047300,218
1786047360,187
1786047420,129
1786047480,158
1786047540,125
1786047600,168
1786047660,314
1786047720,178
1786047780,216
1786047840,267
1786047900,253
1786047960,213
1786048020,213
1786048080,138
1786048140,141
1786048200,192
1786048260,169
1786048320,78
1786048380,103
1786048440,69
1786048500,148
1786048560,144
1786048620,172
1786048680,276
1786048740,177
1786048800,236
1786048860,190
1786048920,139
1786048980,156
1786049040,175
1786049100,188
1786049160,178
1786049220,96
1786049280,109
1786049340,93
1786049400,119
1786049460,112
1786049520,90
1786049580,55
1786049640,130
1786049700,111
1786049760,48
1786049820,99
1786049880,138
1786049940,28
1786053840,8
1786053900,126
1786053960,95
1786054020,78
1786054080,27
1786054140,22
1786054200,82
1786054260,70
1786054320,51
1786054380,79
1786054440,48
1786054500,84
1786054560,78
1786054620,123
1786054680,122
1786054740,171
1786054800,123
1786054860,96
1786054920,113
1786054980,209
1786055040,169
1786055100,137
1786055160,90
1786055220,205
1786055280,95
1786055340,108
1786055400,145
1786055460,114
1786055520,122
1786055580,146
1786055640,214
1786055700,92
1786055760,122
1786055820,31
1786055880,44
1786055940,88
1786056000,67
1786056060,104
1786056120,71
1786056180,233
1786056240,161
1786056300,181
1786056360,105
1786056420,62
1786056480,126
1786056540,43
1786056600,32
1786056660,204
1786056720,73
1786056780,90
1786056840,53
1786056900,76
1786056960,78
1786057020,65
1786057080,51
1786057140,19
1786057200,109
1786057260,107
1786057320,93
1786057380,151
1786057440,154
1786057500,122
1786057560,278
1786057620,133
1786057680,154
1786057740,141
1786057800,111
1786057860,76
1786057920,101
1786057980,90
1786058040,132
1786058100,128
1786058160,123
1786058220,113
1786058280,73
1786058340,116
1786058400,44
1786058460,56
1786058520,52
1786058580,65
1786058640,60
1786058700,66
1786058760,91
1786058820,124
1786058880,151
1786058940,176
1786059000,107
1786059060,137
1786059120,141
1786059180,231
1786059240,86
1786059300,65
1786059360,49
1786059420,29
1786059480,42
1786059540,116
1786059600,128
1786059660,110
1786059720,115
1786059780,133
1786059840,156
1786059900,235
1786059960,190
1786060020,208
1786060080,174
1786060140,217
1786060200,446
1786060260,409
1786060320,551
1786060380,572
1786060440,280
1786060500,266
1786060560,391
1786060620,323
1786060680,260
1786060740,375
1786060800,943
1786060860,681
1786060920,477
1786060980,438
1786061040,533
1786061100,510
1786061160,480
1786061220,347
1786061280,400
1786061340,444
1786061400,495
1786061460,785
1786061520,527
1786061580,476
1786061640,316
1786061700,595
1786061760,572
1786061820,417
1786061880,450
1786061940,534
1786062000,705
1786062060,547
1786062120,513
1786062180,506
1786062240,416
1786062300,592
1786062360,489
1786062420,599
1786062480,637
1786062540,469
1786062600,732
1786062660,477
1786062720,574
1786062780,625
1786062840,397
1786062900,657
1786062960,749
1786063020,479
1786063080,649
1786063140,400
1786063200,592
1786063260,824
1786063320,662
1786063380,306
1786063440,510
1786063500,795
1786063560,420
1786063620,371
1786063680,343
1786063740,452
1786063800,535
1786063860,551
1786063920,493
1786063980,524
1786064040,452
1786064100,657
1786064160,500
1786064220,419
1786064280,479
1786064340,531
1786064400,1408
1786064460,1007
1786064520,741
1786064580,803
1786064640,903
1786064700,703
1786064760,753
1786064820,863
1786064880,730
1786064940,626
1786065000,657
1786065060,456
1786065120,560
1786065180,536
1786065240,424
1786065300,497
1786065360,500
1786065420,522
1786065480,458
1786065540,371
1786065600,396
1786065660,748
1786065720,895
1786065780,1080
1786065840,884
1786065900,869
1786065960,736
1786917840,27
1786917900,316
1786917960,209
1786918020,264
1786918080,303
1786918140,263
1786918200,236
1786918260,181
1786918320,156
1786918380,171
1786918440,136
1786918500,113
1786918560,103
1786918620,119
1786918680,239
1786918740,139
1786918800,96
1786918860,124
1786918920,141
1786918980,209
1786919040,111
1786919100,106
1786919160,99
1786919220,130
1786919280,88
1786919340,114
1786919400,211
1786919460,163
1786919520,206
1786919580,137
1786919640,250
1786919700,105
1786919760,109
1786919820,102
1786919880,92
1786919940,124
1786920000,142
1786920060,70
1786920120,103
1786920180,161
1786920240,128
1786920300,160
1786920360,116
1786920420,334
1786920480,256
1786920540,210
1786920600,195
1786920660,159
1786920720,160
1786920780,234
1786920840,202
1786920900,123
1786920960,253
1786921020,151
1786921080,180
1786921140,237
1786921200,560
1786921260,339
1786921320,199
1786921380,158
1786921440,223
1786921500,260
1786921560,182
1786921620,140
1786921680,158
1786921740,160
1786921800,130
1786921860,173
1786921920,181
1786921980,48
1786922040,81
1786922100,105
1786922160,80
1786922220,142
1786922280,245
1786922340,101
1786922400,375
1786922460,256
1786922520,410
1786922580,218
1786922640,107
1786922700,278
1786922760,132
1786922820,159
1786922880,189
1786922940,321
1786923000,399
1786923060,299
1786923120,619
1786923180,354
1786923240,213
1786923300,358
1786923360,302
1786923420,214
1786923480,166
1786923540,210
1786923600,264
1786923660,193
1786923720,115
1786923780,98
1786923840,109
1786923900,238
1786923960,280
1786924020,262
1786924080,236
1786924140,175
1786924200,243
1786924260,208
1786924320,213
1786924380,152
1786924440,172
1786924500,280
1786924560,247
1786924620,141
1786924680,414
1786924740,313
1786924800,951
1786924860,667
1786924920,683
1786924980,686
1786925040,760
1786925100,725
1786925160,625
1786925220,289
1786925280,532
1786925340,452
1786925400,365
1786925460,563
1786925520,569
1786925580,335
1786925640,357
1786925700,222
1786925760,497
1786925820,694
1786925880,770
1786925940,572
1786926000,719
1786926060,310
1786926120,429
1786926180,366
1786926240,443
1786926300,292
1786926360,419
1786926420,295
1786926480,461
1786926540,341
1786926600,414
1786926660,619
1786926720,426
1786926780,383
1786926840,371
1786926900,249
1786926960,285
1786927020,399
1786927080,287
1786927140,282
1786927200,308
1786927260,368
1786927320,371
1786927380,353
1786927440,668
1786927500,397
1786927560,496
1786927620,348
1786927680,345
1786927740,310
1786927800,431
1786927860,486
1786927920,693
1786927980,531
1786928040,386
1786928100,301
1786928160,360
1786928220,582
1786928280,802
1786928340,991
1786928400,2060
1786928460,1944
1786928520,1854
1786928580,1440
1786928640,1638
1786928700,1260
1786928760,1238
1786928820,832
1786928880,793
1786928940,506
1786929000,777
1786929060,677
1786929120,382
1786929180,527
1786929240,750
1786929300,760
1786929360,955
1786929420,914
1786929480,877
1786929540,786
1786929600,997
1786929660,682
1786929720,704
1786929780,810
1786929840,912
1786929900,919
1786929960,971
1786930020,616
1786930080,557
1786930140,572
1786930200,752
1786930260,665
1786930320,749
1786930380,706
1786930440,695
1786930500,743
1786930560,609
1786930620,540
1786930680,485
1786930740,491
1786930800,404
1786930860,585
1786930920,605
1786930980,422
1786931040,492
1786931100,526
1786931160,620
1786931220,815
1786931280,550
1786931340,657
1786931400,683
1786931460,632
1786931520,694
1786931580,476
1786931640,390
1786931700,483
1786931760,576
1786931820,435
1786931880,313
1786931940,270
1786932000,627
1786932060,418
1786932120,203
1786932180,354
1786932240,442
1786932300,496
1786932360,683
1786932420,531
1786932480,485
1786932540,336
1786932600,376
1786932660,356
1786932720,410
1786932780,483
1786932840,413
1786932900,453
1786932960,460
1786933020,606
1786933080,499
1786933140,443
1786933200,346
1786933260,441
1786933320,191
1786933380,317
1786933440,315
1786933500,240
1786933560,311
1786933620,291
1786933680,101
1786933740,220
1786933800,817
1786933860,699
1786933920,414
1786933980,606
1786934040,473
1786934100,495
1786934160,370
1786934220,236
1786934280,453
1786934340,643
1786934400,665
1786934460,406
1786934520,333
1786934580,392
1786934640,368
1786934700,403
1786934760,284
1786934820,308
1786934880,259
1786934940,258
1786935000,309
1786935060,299
1786935120,446
1786935180,412
1786935240,382
1786935300,345
1786935360,352
1786935420,261
1786935480,233
1786935540,263
1786935600,383
1786935660,304
1786935720,336
1786935780,290
1786935840,192
1786935900,240
1786935960,236
1786936020,243
1786936080,195
1786936140,361
1786936200,241
1786936260,250
1786936320,203
1786936380,305
1786936440,345
1786936500,487
1786936560,374
1786936620,304
1786936680,189
1786936740,175
1786936800,162
1786936860,200
1786936920,154
1786936980,331
1786937040,320
1786937100,218
1786937160,212
1786937220,218
1786937280,296
1786937340,425
1786937400,317
1786937460,380
1786937520,289
1786937580,202
1786937640,344
1786937700,222
1786937760,187
1786937820,166
1786937880,278
1786937940,137
1786938000,231
1786938060,187
1786938120,261
1786938180,236
1786938240,203
1786938300,270
1786938360,195
1786938420,194
1786938480,235
1786938540,155
1786938600,166
1786938660,161
1786938720,152
1786938780,123
1786938840,155
1786938900,111
1786938960,142
1786939020,147
1786939080,216
1786939140,202
1786939200,263
1786939260,255
1786939320,373
1786939380,138
1786939440,111
1786939500,188
1786939560,257
1786939620,249
1786939680,270
1786939740,348
1786939800,296
1786939860,277
1786939920,375
1786939980,167
1786940040,118
1786940100,117
1786940160,172
1786940220,209
1786940280,173
1786940340,117
1786940400,121
1786940460,368
1786940520,217
1786940580,140
1786940640,132
1786940700,159
1786940760,125
1786940820,142
1786940880,340
1786940940,197
1786941000,230
1786941060,157
1786941120,202
1786941180,147
1786941240,218
1786941300,162
1786941360,99
1786941420,262
1786941480,286
1786941540,155
1786941600,237
1786941660,291
1786941720,306
1786941780,253
1786941840,199
1786941900,163
1786941960,155
1786942020,154
1786942080,255
1786942140,232
1786942200,139
1786942260,206
1786942320,231
1786942380,236
1786942440,283
1786942500,148
1786942560,211
1786942620,145
1786942680,266
1786942740,229
1786942800,350
1786942860,266
1786942920,310
1786942980,213
1786943040,194
1786943100,301
1786943160,206
1786943220,171
1786943280,221
1786943340,124
1786943400,169
1786943460,164
1786943520,137
1786943580,135
1786943640,423
1786943700,185
1786943760,259
1786943820,223
1786943880,200
1786943940,209
1786944000,324
1786944060,278
1786944120,278
1786944180,200
1786944240,291
1786944300,228
1786944360,362
1786944420,170
1786944480,233
1786944540,240
1786944600,1130
1786944660,612
1786944720,689
1786944780,425
1786944840,311
1786944900,563
1786944960,503
1786945020,428
1786945080,287
1786945140,348
1786945200,309
1786945260,357
1786945320,434
1786945380,426
1786945440,377
1786945500,412
1786945560,548
1786945620,468
1786945680,314
1786945740,375
1786945800,484
1786945860,312
1786945920,168
1786945980,342
1786946040,563
1786946100,422
1786946160,400
1786946220,352
1786946280,388
1786946340,335
1786946400,558
1786946460,436
1786946520,369
1786946580,316
1786946640,429
1786946700,344
1786946760,419
1786946820,566
1786946880,544
1786946940,477
1786947000,670
1786947060,624
1786947120,495
1786947180,593
1786947240,493
1786947300,680
1786947360,694
1786947420,702
1786947480,227
1786947540,446
1786947600,641
1786947660,579
1786947720,767
1786947780,628
1786947840,552
1786947900,936
1786947960,694
1786948020,774
1786948080,556
1786948140,554
1786948200,535
1786948260,475
1786948320,344
1786948380,225
1786948440,339
1786948500,432
1786948560,449
1786948620,334
1786948680,377
1786948740,409
1786948800,367
1786948860,486
1786948920,353
1786948980,392
1786949040,588
1786949100,646
1786949160,446
1786949220,609
1786949280,581
1786949340,510
1786949400,581
1786949460,622
1786949520,638
1786949580,586
1786949640,493
1786949700,391
1786949760,189
1786949820,208
1786949880,189
1786949940,421
1786950000,622
1786950060,469
1786950120,387
1786950180,507
1786950240,405
1786950300,490
1786950360,214
1786950420,280
1786950480,348
1786950540,307
1786950600,326
1786950660,355
1786950720,451
1786950780,529
1786950840,513
1786950900,418
1786950960,291
1786951020,317
1786951080,604
1786951140,442
1786951200,360
1786951260,308
1786951320,261
1786951380,351
1786951440,288
1786951500,583
1786951560,333
1786951620,171
1786951680,300
1786951740,531
1786951800,552
1786951860,429
1786951920,281
1786951980,423
1786952040,433
1786952100,452
1786952160,560
1786952220,587
1786952280,277
1786952340,213
1786952400,352
1786952460,281
1786952520,221
1786952580,188
1786952640,196
1786952700,147
1786952760,296
1786952820,473
1786952880,297
1786952940,357
1786953000,366
1786953060,445
1786953120,371
1786953180,369
1786953240,247
1786953300,278
1786953360,191
1786953420,212
1786953480,196
1786953540,203
1786953600,1008
1786953660,725
1786953720,560
1786953780,329
1786953840,257
1786953900,314
1786953960,303
1786954020,325
1786954080,188
1786954140,232
1786954200,347
1786954260,378
1786954320,446
1786954380,273
1786954440,270
1786954500,359
1786954560,323
1786954620,192
1786954680,223
1786954740,264
1786954800,270
1786954860,165
1786954920,203
1786954980,225
1786955040,280
1786955100,327
1786955160,298
1786955220,253
1786955280,228
1786955340,214
1786955400,205
1786955460,183
1786955520,268
1786955580,215
1786955640,232
1786955700,287
1786955760,312
1786955820,170
1786955880,242
1786955940,223
1786956000,268
1786956060,183
1786956120,253
1786956180,188
1786956240,465
1786956300,196
1786956360,279
1786956420,354
1786956480,305
1786956540,383
1786956600,479
1786956660,404
1786956720,419
1786956780,301
1786956840,203
1786956900,268
1786956960,297
1786957020,184
1786957080,239
1786957140,226
1786957200,477
1786957260,561
1786957320,359
1786957380,297
1786957440,210
1786957500,173
1786957560,246
1786957620,225
1786957680,270
1786957740,349
1786957800,203
1786957860,207
1786957920,174
1786957980,227
1786958040,227
1786958100,368
1786958160,272
1786958220,191
1786958280,261
1786958340,366
1786958400,170
1786958460,287
1786958520,288
1786958580,350
1786958640,140
1786958700,236
1786958760,272
1786958820,396
1786958880,316
1786958940,412
1786959000,464
1786959060,357
1786959120,460
1786959180,357
1786959240,293
1786959300,213
1786959360,166
1786959420,191
1786959480,245
1786959540,342
1786959600,321
1786959660,232
1786959720,175
1786959780,190
1786959840,223
1786959900,292
1786959960,371
1786960020,283
1786960080,350
1786960140,384
1786960200,390
1786960260,426
1786960320,460
1786960380,131
1786960440,188
1786960500,185
1786960560,315
1786960620,179
1786960680,151
1786960740,188
1786960800,291
1786960860,146
1786960920,178
1786960980,84
1786961040,93
1786961100,140
1786961160,153
1786961220,186
1786961280,138
1786961340,184
1786961400,179
1786961460,216
1786961520,216
1786961580,235
1786961640,154
1786961700,135
1786961760,210
1786961820,267
1786961880,681
1786961940,216
1786962000,197
1786962060,154
1786962120,122
1786962180,122
1786962240,161
1786962300,178
1786962360,298
1786962420,336
1786962480,361
1786962540,1961
1786962600,2069
1786962660,988
1786962720,792
1786962780,480
1786962840,269
1786962900,616
1786962960,423
1786963020,281
1786963080,215
1786963140,293
1786963200,172
1786963260,201
1786963320,169
1786963380,188
1786963440,141
1786963500,139
1786963560,148
1786963620,161
1786963680,332
1786963740,229
1786963800,166
1786963860,224
1786963920,244
1786963980,289
1786964040,169
1786964100,162
1786964160,132
1786964220,155
1786964280,162
1786964340,254
1786964400,408
1786964460,247
1786964520,282
1786964580,377
1786964640,309
1786964700,301
1786964760,345
1786964820,323
1786964880,518
1786964940,539
1786965000,477
1786965060,468
1786965120,350
1786965180,306
1786965240,321
1786965300,329
1786965360,278
1786965420,143
1786965480,318
1786965540,182
1786965600,285
1786965660,316
1786965720,421
1786965780,283
1786965840,237
1786965900,219
1786965960,243
1786966020,249
1786966080,176
1786966140,226
1786966200,203
1786966260,199
1786966320,196
1786966380,272
1786966440,300
1786966500,234
1786966560,142
1786966620,134
1786966680,227
1786966740,398
1786966800,380
1786966860,342
1786966920,378
1786966980,353
1786967040,221
1786967100,329
1786967160,280
1786967220,203
1786967280,294
1786967340,465
1786967400,369
1786967460,369
1786967520,425
1786967580,247
1786967640,224
1786967700,477
1786967760,321
1786967820,330
1786967880,267
1786967940,212
1786968000,595
1786968060,540
1786968120,352
1786968180,432
1786968240,481
1786968300,330
1786968360,260
1786968420,298
1786968480,555
1786968540,315
1786968600,443
1786968660,378
1786968720,404
1786968780,604
1786968840,448
1786968900,597
1786968960,499
1786969020,519
1786969080,342
1786969140,306
1786969200,1165
1786969260,599
1786969320,380
1786969380,450
1786969440,436
1786969500,446
1786969560,1446
1786969620,1256
1786969680,603
1786969740,658
1786969800,670
1786969860,700
1786969920,615
1786969980,970
1786970040,720
1786970100,485
1786970160,728
1786970220,722
1786970280,636
1786970340,486
1786970400,549
1786970460,431
1786970520,760
1786970580,731
1786970640,622
1786970700,637
1786970760,615
1786970820,607
1786970880,626
1786970940,656
1786971000,652
1786971060,799
1786971120,494
1786971180,558
1786971240,603
1786971300,472
1786971360,426
1786971420,428
1786971480,581
1786971540,554
1786971600,1661
1786971660,1195
1786971720,941
1786971780,899
1786971840,800
1786971900,786
1786971960,648
1786972020,892
1786972080,753
1786972140,548
1786972200,732
1786972260,627
1786972320,828
1786972380,675
1786972440,494
1786972500,531
1786972560,871
1786972620,538
1786972680,367
1786972740,520
1786972800,545
1786972860,472
1786972920,355
1786972980,476
1786973040,415
1786973100,737
1786973160,530
1786973220,512
1786973280,413
1786973340,323
1786973400,1305
1786973460,852
1786973520,906
1786973580,883
1786973640,884
1786973700,996
1786973760,932
1786973820,845
1786973880,787
1786973940,975
1786974000,947
1786974060,1142
1786974120,1089
1786974180,1185
1786974240,1115
1786974300,1512
1786974360,1544
1786974420,1291
1786974480,1180
1786974540,1302
1786974600,1314
1786974660,1115
1786974720,1453
1786974780,1511
1786974840,1414
1786974900,1645
1786974960,1962
1786975020,1749
1786975080,1280
1786975140,1151
1786975200,1604
1786975260,1500
1786975320,1784
1786975380,1360
1786975440,1494
1786975500,1883
1786975560,1813
1786975620,1463
1786975680,1320
1786975740,1270
1786975800,883
1786975860,966
1786975920,1306
1786975980,1399
1786976040,1194
1786976100,1570
1786976160,1649
1786976220,1301
1786976280,1824
1786976340,1131
1786976400,1474
1786976460,1495
1786976520,1606
1786976580,1431
1786976640,1609
1786976700,1379
1786976760,1326
1786976820,1555
1786976880,1141
1786976940,1294
1786977000,1299
1786977060,1029
1786977120,1113
1786977180,1150
1786977240,954
1786977300,849
1786977360,739
1786977420,943
1786977480,674
1786977540,685
1786977600,1044
1786977660,1145
1786977720,642
1786977780,835
1786977840,725
1786977900,1028
1786977960,918
1786978020,855
1786978080,920
1786978140,735
1786978200,1138
1786978260,968
1786978320,1031
1786978380,1088
1786978440,804
1786978500,727
1786978560,864
1786978620,749
1786978680,734
1786978740,1109
1786978800,1536
1786978860,942
1786978920,1155
1786978980,807
1786979040,814
1786979100,821
1786979160,745
1786979220,865
1786979280,965
1786979340,660
1786979400,870
1786979460,579
1786979520,875
1786979580,611
1786979640,696
1786979700,778
1786979760,968
1786979820,900
1786979880,800
1786979940,792
1786980000,854
1786980060,995
1786980120,849
1786980180,732
1786980240,685
1786980300,933
1786980360,1129
1786980420,897
1786980480,1009
1786980540,922
1786980600,1125
1786980660,1015
1786980720,1084
1786980780,929
1786980840,692
1786980900,767
1786980960,732
1786981020,407
1786981080,520
1786981140,611
1786981200,862
1786981260,1189
1786981320,699
1786981380,715
1786981440,767
1786981500,902
1786981560,668
1786981620,701
1786981680,648
1786981740,725
1786981800,555
1786981860,416
1786981920,494
1786981980,349
1786982040,443
1786982100,461
1786982160,511
1786982220,594
1786982280,472
1786982340,476
1786982400,621
1786982460,811
1786982520,607
1786982580,539
1786982640,397
1786982700,466
1786982760,556
1786982820,388
1786982880,526
1786982940,558
1786983000,680
1786983060,502
1786983120,332
1786983180,386
1786983240,395
1786983300,581
1786983360,630
1786983420,375
1786983480,446
1786983540,349
1786983600,590
1786983660,468
1786983720,383
1786983780,436
1786983840,398
1786983900,474
1786983960,460
1786984020,550
1786984080,488
1786984140,441
1786984200,737
1786984260,417
1786984320,285
1786984380,377
1786984440,265
1786984500,386
1786984560,334
1786984620,348
1786984680,440
1786984740,256
1786984800,369
1786984860,282
1786984920,388
1786984980,265
1786985040,275
1786985100,240
1786985160,297
1786985220,272
1786985280,390
1786985340,412
1786985400,387
1786985460,286
1786985520,349
1786985580,244
1786985640,417
1786985700,441
1786985760,295
1786985820,307
1786985880,321
1786985940,371
1786986000,518
1786986060,350
1786986120,347
1786986180,330
1786986240,389
1786986300,741
1786986360,527
1786986420,710
1786986480,448
1786986540,419
1786986600,474
1786986660,597
1786986720,550
1786986780,465
1786986840,408
1786986900,474
1786986960,509
1786987020,461
1786987080,686
1786987140,557
1786987200,581
1786987260,509
1786987320,502
1786987380,656
1786987440,724
1786987500,508
1786987560,684
1786987620,899
1786987680,675
1786987740,688
1786987800,618
1786987860,514
1786987920,641
1786987980,488
1786988040,320
1786988100,538
1786988160,481
1786988220,472
1786988280,504
1786988340,781
1786988400,592
1786988460,475
1786988520,491
1786988580,474
1786988640,546
1786988700,671
1786988760,730
1786988820,475
1786988880,521
1786988940,429
1786989000,350
1786989060,327
1786989120,242
1786989180,244
1786989240,238
1786989300,226
1786989360,496
1786989420,681
1786989480,379
1786989540,394
1786989600,526
1786989660,466
1786989720,568
1786989780,536
1786989840,527
1786989900,356
1786989960,506
1786990020,407
1786990080,410
1786990140,392
1786990200,582
1786990260,532
1786990320,525
1786990380,457
1786990440,482
1786990500,625
1786990560,399
1786990620,350
1786990680,393
1786990740,302
1786990800,364
1786990860,413
1786990920,466
1786990980,466
1786991040,767
1786991100,727
1786991160,485
1786991220,627
1786991280,729
1786991340,667
1786991400,674
1786991460,933
1786991520,1266
1786991580,1136
1786991640,907
1786991700,392
1786991760,419
1786991820,543
1786991880,292
1786991940,409
1786992000,345
1786992060,434
1786992120,339
1786992180,420
1786992240,368
1786992300,612
1786992360,468
1786992420,342
1786992480,431
1786992540,419
1786992600,496
1786992660,647
1786992720,337
1786992780,450
1786992840,490
1786992900,266
1786992960,431
1786993020,295
1786993080,245
1786993140,309
1786993200,643
1786993260,280
1786993320,503
1786993380,217
1786993440,449
1786993500,404
1786993560,496
1786993620,376
1786993680,419
1786993740,356
1786993800,390
1786993860,239
1786993920,296
1786993980,339
1786994040,727
1786994100,1124
1786994160,677
1786994220,655
1786994280,672
1786994340,843
1786994400,925
1786994460,538
1786994520,474
1786994580,447
1786994640,392
1786994700,514
1786994760,319
1786994820,277
1786994880,314
1786994940,157
1786995000,353
1786995060,361
1786995120,329
1786995180,258
1786995240,261
1786995300,305
1786995360,467
1786995420,338
1786995480,260
1786995540,291
1786995600,322
1786995660,397
1786995720,338
1786995780,458
1786995840,803
1786995900,392
1786995960,400
1786996020,553
1786996080,464
1786996140,427
1786996200,554
1786996260,461
1786996320,385
1786996380,480
1786996440,363
1786996500,467
1786996560,331
1786996620,312
1786996680,555
1786996740,736
1786996800,445
1786996860,242
1786996920,199
1786996980,152
1786997040,142
1786997100,132
1786997160,126
1786997220,96
1786997280,79
1786997340,121
1786997400,106
1786997460,101
1786997520,89
1786997580,63
1786997640,78
1786997700,96
1786997760,41
1786997820,135
1786997880,73
1786997940,58
1786998000,52
1786998060,71
1786998120,76
1786998180,42
1786998240,82
1786998300,187
1786998360,115
1786998420,152
1786998480,116
1786998540,123
1786998600,275
1786998660,75
1786998720,108
1786998780,130
1786998840,172
1786998900,75
1786998960,120
1786999020,171
1786999080,118
1786999140,183
1786999200,232
1786999260,216
1786999320,156
1786999380,53
1786999440,182
1786999500,263
1786999560,154
1786999620,192
1786999680,130
1786999740,111
1786999800,137
1786999860,99
1786999920,66
1786999980,98
1787000040,124
1787000100,131
1787000160,125
1787000220,187
1787000280,185
1787000340,23
1787004240,5
1787004300,62
1787004360,71
1787004420,173
1787004480,118
1787004540,116
1787004600,161
1787004660,140
1787004720,156
1787004780,170
1787004840,192
1787004900,234
1787004960,160
1787005020,223
1787005080,190
1787005140,74
1787005200,128
1787005260,110
1787005320,99
1787005380,114
1787005440,86
1787005500,132
1787005560,184
1787005620,204
1787005680,147
1787005740,131
1787005800,218
1787005860,146
1787005920,146
1787005980,129
1787006040,213
1787006100,131
1787006160,161
1787006220,86
1787006280,123
1787006340,95
1787006400,81
1787006460,89
1787006520,106
1787006580,107
1787006640,115
1787006700,71
1787006760,94
1787006820,88
1787006880,67
1787006940,97
1787007000,72
1787007060,58
1787007120,75
1787007180,72
1787007240,152
1787007300,236
1787007360,135
1787007420,216
1787007480,152
1787007540,153
1787007600,276
1787007660,135
1787007720,115
1787007780,125
1787007840,183
1787007900,144
1787007960,147
1787008020,130
1787008080,111
1787008140,121
1787008200,94
1787008260,113
1787008320,52
1787008380,61
1787008440,127
1787008500,160
1787008560,269
1787008620,236
1787008680,117
1787008740,148
1787008800,98
1787008860,65
1787008920,93
1787008980,118
1787009040,106
1787009100,224
1787009160,249
1787009220,199
1787009280,205
1787009340,99
1787009400,176
1787009460,187
1787009520,192
1787009580,144
1787009640,242
1787009700,150
1787009760,142
1787009820,123
1787009880,99
1787009940,177
1787010000,244
1787010060,226
1787010120,164
1787010180,404
1787010240,306
1787010300,344
1787010360,354
1787010420,356
1787010480,184
1787010540,205
1787010600,222
1787010660,267
1787010720,154
1787010780,294
1787010840,297
1787010900,274
1787010960,219
1787011020,183
1787011080,185
1787011140,260
1787011200,1035
1787011260,628
1787011320,413
1787011380,553
1787011440,362
1787011500,407
1787011560,412
1787011620,519
1787011680,585
1787011740,556
1787011800,268
1787011860,383
1787011920,281
1787011980,290
1787012040,348
1787012100,417
1787012160,554
1787012220,421
1787012280,480
1787012340,671
1787012400,624
1787012460,333
1787012520,489
1787012580,595
1787012640,633
1787012700,500
1787012760,653
1787012820,619
1787012880,372
1787012940,555
1787013000,568
1787013060,449
1787013120,312
1787013180,438
1787013240,375
1787013300,405
1787013360,245
1787013420,291
1787013480,294
1787013540,245
1787013600,439
1787013660,410
1787013720,254
1787013780,244
1787013840,225
1787013900,205
1787013960,293
1787014020,284
1787014080,197
1787014140,226
1787014200,265
1787014260,396
1787014320,299
1787014380,355
1787014440,268
1787014500,322
1787014560,306
1787014620,396
1787014680,497
1787014740,686
1787014800,1741
1787014860,1323
1787014920,1121
1787014980,1127
1787015040,822
1787015100,963
1787015160,1054
1787015220,647
1787015280,696
1787015340,653
1787015400,635
1787015460,641
1787015520,631
1787015580,547
1787015640,320
1787015700,550
1787015760,724
1787015820,711
1787015880,712
1787015940,558
1787016000,557
1787016060,529
1787016120,467
1787016180,373
1787016240,496
1787016300,905
1787016360,576
1787016420,491
1787016480,616
1787016540,385
1787016600,425
1787016660,652
1787016720,581
1787016780,504
1787016840,576
1787016900,314
1787016960,334
1787017020,324
1787017080,285
1787017140,364
1787017200,728
1787017260,493
1787017320,512
1787017380,557
1787017440,710
1787017500,604
1787017560,735
1787017620,1197
1787017680,1177
1787017740,845
1787017800,1018
1787017860,716
1787017920,653
1787017980,1161
1787018040,826
1787018100,732
1787018160,548
1787018220,511
1787018280,525
1787018340,323
1787018400,606
1787018460,731
1787018520,692
1787018580,508
1787018640,758
1787018700,534
1787018760,561
1787018820,582
1787018880,593
1787018940,536
1787019000,513
1787019060,427
1787019120,713
1787019180,735
1787019240,339
1787019300,346
1787019360,797
1787019420,649
1787019480,459
1787019540,309
1787019600,318
1787019660,208
1787019720,282
1787019780,346
1787019840,352
1787019900,427
1787019960,362
1787020020,259
1787020080,330
1787020140,235
1787020200,783
1787020260,670
1787020320,476
1787020380,687
1787020440,644
1787020500,556
1787020560,425
1787020620,313
1787020680,454
1787020740,505
1787020800,524
1787020860,593
1787020920,372
1787020980,362
1787021040,318
1787021100,498
1787021160,351
1787021220,545
1787021280,510
1787021340,370
1787021400,359
1787021460,330
1787021520,257
1787021580,310
1787021640,305
1787021700,521
1787021760,767
1787021820,522
1787021880,327
1787021940,228
1787022000,417
1787022060,490
1787022120,458
1787022180,344
1787022240,361
1787022300,348
1787022360,394
1787022420,402
1787022480,373
1787022540,458
1787022600,332
1787022660,300
1787022720,418
1787022780,276
1787022840,273
1787022900,268
1787022960,480
1787023020,544
1787023080,567
1787023140,584
1787023200,345
1787023260,339
1787023320,284
1787023380,495
1787023440,520
1787023500,226
1787023560,253
1787023620,362
1787023680,381
1787023740,377
1787023800,499
1787023860,376
1787023920,457
1787023980,272
1787024040,289
1787024100,218
1787024160,271
1787024220,494
1787024280,391
1787024340,206
1787024400,198
1787024460,306
1787024520,292
1787024580,369
1787024640,197
1787024700,314
1787024760,248
1787024820,420
1787024880,334
1787024940,450
1787025000,514
1787025060,334
1787025120,279
1787025180,227
1787025240,218
1787025300,291
1787025360,314
1787025420,159
1787025480,275
1787025540,185
1787025600,379
1787025660,306
1787025720,297
1787025780,269
1787025840,231
1787025900,344
1787025960,304
1787026020,361
1787026080,405
1787026140,265
1787026200,243
1787026260,258
1787026320,340
1787026380,218
1787026440,225
1787026500,127
1787026560,367
1787026620,364
1787026680,280
1787026740,334
1787026800,213
1787026860,232
1787026920,251
1787026980,288
1787027040,211
1787027100,303
1787027160,258
1787027220,228
1787027280,335
1787027340,181
1787027400,439
1787027460,302
1787027520,212
1787027580,289
1787027640,330
1787027700,233
1787027760,351
1787027820,509
1787027880,377
1787027940,479
1787028000,373
1787028060,235
1787028120,282
1787028180,219
1787028240,152
1787028300,211
1787028360,173
1787028420,187
1787028480,254
1787028540,211
1787028600,299
1787028660,200
1787028720,185
1787028780,167
1787028840,157
1787028900,295
1787028960,250
1787029020,209
1787029080,190
1787029140,285
1787029200,323
1787029260,314
1787029320,322
1787029380,321
1787029440,386
1787029500,290
1787029560,230
1787029620,269
1787029680,212
1787029740,175
1787029800,420
1787029860,235
1787029920,101
1787029980,281
1787030040,197
1787030100,254
1787030160,233
1787030220,246
1787030280,294
1787030340,233
1787030400,239
1787030460,308
1787030520,197
1787030580,193
1787030640,176
1787030700,212
1787030760,230
1787030820,168
1787030880,189
1787030940,305
1787031000,1192
1787031060,934
1787031120,861
1787031180,786
1787031240,839
1787031300,832
1787031360,602
1787031420,467
1787031480,312
1787031540,342
1787031600,465
1787031660,420
1787031720,410
1787031780,370
1787031840,675
1787031900,717
1787031960,526
1787032020,361
1787032080,291
1787032140,353
1787032200,547
1787032260,337
1787032320,276
1787032380,248
1787032440,232
1787032500,277
1787032560,222
1787032620,362
1787032680,315
1787032740,264
1787032800,958
1787032860,358
1787032920,271
1787032980,467
1787033040,547
1787033100,591
1787033160,672
1787033220,531
1787033280,452
1787033340,562
1787033400,424
1787033460,432
1787033520,249
1787033580,278
1787033640,234
1787033700,416
1787033760,327
1787033820,460
1787033880,385
1787033940,298
1787034000,296
1787034060,282
1787034120,362
1787034180,193
1787034240,232
1787034300,282
1787034360,227
1787034420,304
1787034480,179
1787034540,286
1787034600,491
1787034660,271
1787034720,201
1787034780,186
1787034840,251
1787034900,559
1787034960,465
1787035020,316
1787035080,227
1787035140,182
1787035200,124
1787035260,117
1787035320,254
1787035380,201
1787035440,343
1787035500,463
1787035560,310
1787035620,362
1787035680,377
1787035740,336
1787035800,399
1787035860,283
1787035920,450
1787035980,502
1787036040,376
1787036100,389
1787036160,380
1787036220,269
1787036280,358
1787036340,473
1787036400,687
1787036460,284
1787036520,304
1787036580,193
1787036640,296
1787036700,253
1787036760,263
1787036820,245
1787036880,180
1787036940,248
1787037000,347
1787037060,281
1787037120,241
1787037180,196
1787037240,172
1787037300,253
1787037360,242
1787037420,148
1787037480,148
1787037540,147
1787037600,206
1787037660,236
1787037720,131
1787037780,145
1787037840,261
1787037900,351
1787037960,264
1787038020,168
1787038080,179
1787038140,393
1787038200,460
1787038260,208
1787038320,221
1787038380,235
1787038440,369
1787038500,294
1787038560,216
1787038620,173
1787038680,247
1787038740,173
1787038800,258
1787038860,302
1787038920,208
1787038980,268
1787039040,209
1787039100,133
1787039160,173
1787039220,169
1787039280,226
1787039340,189
1787039400,198
1787039460,180
1787039520,177
1787039580,167
1787039640,191
1787039700,201
1787039760,181
1787039820,327
1787039880,161
1787039940,302
1787040000,690
1787040060,331
1787040120,351
1787040180,411
1787040240,281
1787040300,420
1787040360,476
1787040420,286
1787040480,291
1787040540,468
1787040600,742
1787040660,406
1787040720,698
1787040780,528
1787040840,526
1787040900,459
1787040960,575
1787041020,724
1787041080,522
1787041140,510
1787041200,348
1787041260,688
1787041320,514
1787041380,559
1787041440,313
1787041500,315
1787041560,459
1787041620,375
1787041680,316
1787041740,417
1787041800,337
1787041860,266
1787041920,356
1787041980,336
1787042040,409
1787042100,574
1787042160,516
1787042220,400
1787042280,391
1787042340,502
1787042400,494
1787042460,545
1787042520,338
1787042580,260
1787042640,227
1787042700,228
1787042760,178
1787042820,216
1787042880,282
1787042940,350
1787043000,314
1787043060,398
1787043120,195
1787043180,212
1787043240,201
1787043300,382
1787043360,355
1787043420,202
1787043480,121
1787043540,219
1787043600,717
1787043660,393
1787043720,428
1787043780,408
1787043840,291
1787043900,373
1787043960,350
1787044020,389
1787044080,318
1787044140,179
1787044200,182
1787044260,171
1787044320,284
1787044380,323
1787044440,286
1787044500,302
1787044560,197
1787044620,258
1787044680,212
1787044740,138
1787044800,229
1787044860,274
1787044920,265
1787044980,260
1787045040,698
1787045100,356
1787045160,271
1787045220,376
1787045280,463
1787045340,388
1787045400,564
1787045460,629
1787045520,403
1787045580,310
1787045640,382
1787045700,394
1787045760,422
1787045820,351
1787045880,280
1787045940,297
1787046000,427
1787046060,285
1787046120,271
1787046180,422
1787046240,391
1787046300,326
1787046360,473
1787046420,369
1787046480,398
1787046540,328
1787046600,474
1787046660,248
1787046720,149
1787046780,183
1787046840,170
1787046900,160
1787046960,304
1787047020,192
1787047080,166
1787047140,185
1787047200,437
1787047260,264
1787047320,226
1787047380,223
1787047440,207
1787047500,191
1787047560,188
1787047620,163
1787047680,243
1787047740,197
1787047800,257
1787047860,323
1787047920,254
1787047980,145
1787048040,200
1787048100,200
1787048160,221
1787048220,237
1787048280,365
1787048340,310
1787048400,257
1787048460,352
1787048520,223
1787048580,205
1787048640,196
1787048700,247
1787048760,337
1787048820,365
1787048880,300
1787048940,249
1787049000,403
1787049060,364
1787049120,227
1787049180,161
1787049240,159
1787049300,204
1787049360,345
1787049420,312
1787049480,315
1787049540,246
1787049600,235
1787049660,216
1787049720,176
1787049780,285
1787049840,240
1787049900,183
1787049960,159
1787050020,161
1787050080,292
1787050140,151
1787050200,155
1787050260,218
1787050320,148
1787050380,205
1787050440,169
1787050500,257
1787050560,165
1787050620,148
1787050680,139
1787050740,162
1787050800,469
1787050860,274
1787050920,333
1787050980,354
1787051040,263
1787051100,201
1787051160,219
1787051220,239
1787051280,198
1787051340,160
1787051400,193
1787051460,225
1787051520,171
1787051580,145
1787051640,102
1787051700,252
1787051760,229
1787051820,204
1787051880,186
1787051940,276
1787052000,315
1787052060,209
1787052120,210
1787052180,210
1787052240,191
1787052300,256
1787052360,192
1787052420,148
1787052480,316
1787052540,249
1787052600,467
1787052660,276
1787052720,270
1787052780,226
1787052840,134
1787052900,198
1787052960,256
1787053020,277
1787053080,256
1787053140,259
1787053200,267
1787053260,477
1787053320,365
1787053380,305
1787053440,183
1787053500,200
1787053560,287
1787053620,193
1787053680,250
1787053740,118
1787053800,211
1787053860,234
1787053920,236
1787053980,269
1787054040,215
1787054100,223
1787054160,205
1787054220,209
1787054280,273
1787054340,258
1787054400,458
1787054460,381
1787054520,265
1787054580,296
1787054640,578
1787054700,477
1787054760,387
1787054820,321
1787054880,530
1787054940,567
1787055000,603
1787055060,453
1787055120,206
1787055180,298
1787055240,374
1787055300,369
1787055360,286
1787055420,407
1787055480,336
1787055540,400
1787055600,1069
1787055660,572
1787055720,443
1787055780,500
1787055840,523
1787055900,421
1787055960,278
1787056020,366
1787056080,297
1787056140,278
1787056200,572
1787056260,257
1787056320,222
1787056380,256
1787056440,252
1787056500,398
1787056560,441
1787056620,352
1787056680,468
1787056740,401
1787056800,484
1787056860,248
1787056920,252
1787056980,338
1787057040,253
1787057100,411
1787057160,446
1787057220,523
1787057280,239
1787057340,243
1787057400,339
1787057460,379
1787057520,360
1787057580,225
1787057640,467
1787057700,382
1787057760,353
1787057820,317
1787057880,307
1787057940,398
1787058000,1589
1787058060,1115
1787058120,1007
1787058180,921
1787058240,686
1787058300,636
1787058360,521
1787058420,540
1787058480,774
1787058540,528
1787058600,981
1787058660,579
1787058720,837
1787058780,343
1787058840,460
1787058900,494
1787058960,751
1787059020,598
1787059080,534
1787059140,510
1787059200,559
1787059260,514
1787059320,650
1787059380,859
1787059440,694
1787059500,939
1787059560,756
1787059620,832
1787059680,900
1787059740,895
1787059800,2777
1787059860,1683
1787059920,1821
1787059980,2042
1787060040,2052
1787060100,1444
1787060160,1650
1787060220,1268
1787060280,1506
1787060340,1313
1787060400,1102
1787060460,1558
1787060520,1520
1787060580,1735
1787060640,1476
1787060700,1267
1787060760,1732
1787060820,1870
1787060880,1423
1787060940,1461
1787061000,1664
1787061060,1870
1787061120,1473
1787061180,1745
1787061240,1611
1787061300,1607
1787061360,1417
1787061420,1350
1787061480,943
1787061540,839
1787061600,1438
1787061660,1132
1787061720,1803
1787061780,1602
1787061840,1622
1787061900,1574
1787061960,1841
1787062020,1393
1787062080,1672
1787062140,1396
1787062200,1438
1787062260,1374
1787062320,1083
1787062380,993
1787062440,1172
1787062500,1308
1787062560,1489
1787062620,994
1787062680,1184
1787062740,1384
1787062800,1248
1787062860,770
1787062920,970
1787062980,870
1787063040,1145
1787063100,1004
1787063160,806
1787063220,1022
1787063280,653
1787063340,966
1787063400,1366
1787063460,948
1787063520,1553
1787063580,949
1787063640,1086
1787063700,1089
1787063760,683
1787063820,980
1787063880,1047
1787063940,1887
1787064000,1865
1787064060,1290
1787064120,1154
1787064180,1697
1787064240,1276
1787064300,1256
1787064360,1385
1787064420,1241
1787064480,1029
1787064540,797
1787064600,1086
1787064660,1191
1787064720,1452
1787064780,1858
1787064840,1598
1787064900,1562
1787064960,1955
1787065020,1947
1787065080,1640
1787065140,2025
1787065200,1974
1787065260,2333
1787065320,2338
1787065380,3111
1787065440,2056
1787065500,1786
1787065560,1359
1787065620,1422
1787065680,1306
1787065740,1689
1787065800,1587
1787065860,876
1787065920,1050
1787065980,1231
1787066040,1967
1787066100,1499
1787066160,951
1787066220,935
1787066280,1356
1787066340,1564
1787066400,1809
1787066460,1810
1787066520,1881
1787066580,1251
1787066640,1561
1787066700,1590
1787066760,1484
1787066820,1184
1787066880,1235
1787066940,1421
1787067000,1617
1787067060,1821
1787067120,1402
1787067180,1024
1787067240,1185
1787067300,1102
1787067360,1317
1787067420,1139
1787067480,905
1787067540,859
1787067600,999
1787067660,956
1787067720,828
1787067780,749
1787067840,868
1787067900,1236
1787067960,1007
1787068020,1072
1787068080,977
1787068140,649
1787068200,677
1787068260,744
1787068320,576
1787068380,914
1787068440,606
1787068500,801
1787068560,752
1787068620,764
1787068680,550
1787068740,623
1787068800,869
1787068860,715
1787068920,685
1787068980,766
1787069040,636
1787069100,794
1787069160,834
1787069220,809
1787069280,826
1787069340,724
1787069400,578
1787069460,652
1787069520,838
1787069580,624
1787069640,490
1787069700,661
1787069760,807
1787069820,818
1787069880,825
1787069940,684
1787070000,662
1787070060,498
1787070120,487
1787070180,596
1787070240,459
1787070300,524
1787070360,470
1787070420,784
1787070480,664
1787070540,673
1787070600,825
1787070660,776
1787070720,734
1787070780,654
1787070840,748
1787070900,712
1787070960,578
1787071020,678
1787071080,516
1787071140,448
1787071200,633
1787071260,536
1787071320,569
1787071380,702
1787071440,564
1787071500,659
1787071560,679
1787071620,673
1787071680,622
1787071740,563
1787071800,612
1787071860,434
1787071920,545
1787071980,389
1787072040,437
1787072100,572
1787072160,498
1787072220,672
1787072280,643
1787072340,709
1787072400,881
1787072460,843
1787072520,669
1787072580,817
1787072640,546
1787072700,584
1787072760,606
1787072820,474
1787072880,626
1787072940,530
1787073000,717
1787073060,619
1787073120,619
1787073180,531
1787073240,773
1787073300,664
1787073360,637
1787073420,448
1787073480,593
1787073540,672
1787073600,517
1787073660,698
1787073720,584
1787073780,552
1787073840,839
1787073900,785
1787073960,530
1787074020,617
1787074080,673
1787074140,1348
1787074200,922
1787074260,689
1787074320,463
1787074380,453
1787074440,464
1787074500,483
1787074560,550
1787074620,707
1787074680,777
1787074740,670
1787074800,705
1787074860,659
1787074920,391
1787074980,316
1787075040,435
1787075100,648
1787075160,326
1787075220,545
1787075280,534
1787075340,436
1787075400,545
1787075460,396
1787075520,535
1787075580,623
1787075640,492
1787075700,589
1787075760,404
1787075820,540
1787075880,414
1787075940,583
1787076000,879
1787076060,524
1787076120,590
1787076180,792
1787076240,755
1787076300,703
1787076360,443
1787076420,351
1787076480,443
1787076540,477
1787076600,437
1787076660,383
1787076720,249
1787076780,414
1787076840,344
1787076900,463
1787076960,457
1787077020,410
1787077080,454
1787077140,386
1787077200,375
1787077260,345
1787077320,413
1787077380,328
1787077440,384
1787077500,567
1787077560,473
1787077620,441
1787077680,670
1787077740,555
1787077800,465
1787077860,357
1787077920,383
1787077980,347
1787078040,350
1787078100,410
1787078160,355
1787078220,343
1787078280,393
1787078340,335
1787078400,418
1787078460,360
1787078520,481
1787078580,449
1787078640,531
1787078700,330
1787078760,294
1787078820,318
1787078880,451
1787078940,236
1787079000,248
1787079060,214
1787079120,203
1787079180,268
1787079240,209
1787079300,391
1787079360,349
1787079420,247
1787079480,226
1787079540,250
1787079600,396
1787079660,416
1787079720,339
1787079780,283
1787079840,348
1787079900,383
1787079960,280
1787080020,251
1787080080,234
1787080140,268
1787080200,290
1787080260,516
1787080320,447
1787080380,261
1787080440,243
1787080500,275
1787080560,428
1787080620,362
1787080680,367
1787080740,349
1787080800,280
1787080860,387
1787080920,407
1787080980,381
1787081040,291
1787081100,418
1787081160,381
1787081220,259
1787081280,304
1787081340,293
1787081400,410
1787081460,323
1787081520,304
1787081580,249
1787081640,288
1787081700,230
1787081760,311
1787081820,354
1787081880,341
1787081940,249
1787082000,377
1787082060,426
1787082120,326
1787082180,481
1787082240,918
1787082300,1041
1787082360,523
1787082420,593
1787082480,917
1787082540,896
1787082600,642
1787082660,713
1787082720,735
1787082780,653
1787082840,1027
1787082900,1145
1787082960,996
1787083020,1485
1787083080,1296
1787083140,1147
1787083200,470
1787083260,373
1787083320,266
1787083380,214
1787083440,215
1787083500,189
1787083560,131
1787083620,182
1787083680,174
1787083740,156
1787083800,186
1787083860,134
1787083920,125
1787083980,236
1787084040,170
1787084100,210
1787084160,128
1787084220,95
1787084280,80
1787084340,125
1787084400,226
1787084460,643
1787084520,245
1787084580,159
1787084640,165
1787084700,143
1787084760,124
1787084820,119
1787084880,94
1787084940,119
1787085000,181
1787085060,88
1787085120,155
1787085180,141
1787085240,121
1787085300,59
1787085360,90
1787085420,65
1787085480,139
1787085540,51
1787085600,71
1787085660,95
1787085720,188
1787085780,149
1787085840,223
1787085900,209
1787085960,218
1787086020,217
1787086080,293
1787086140,142
1787086200,171
1787086260,330
1787086320,224
1787086380,234
1787086440,178
1787086500,180
1787086560,130
1787086620,165
1787086680,266
1787086740,33
1787090640,17
1787090700,122
1787090760,266
1787090820,75
1787090880,97
1787090940,63
1787091000,96
1787091060,118
1787091120,108
1787091180,101
1787091240,224
1787091300,378
1787091360,212
1787091420,204
1787091480,359
1787091540,280
1787091600,706
1787091660,496
1787091720,262
1787091780,227
1787091840,365
1787091900,259
1787091960,403
1787092020,303
1787092080,262
1787092140,203
1787092200,195
1787092260,132
1787092320,90
1787092380,88
1787092440,136
1787092500,165
1787092560,95
1787092620,172
1787092680,265
1787092740,269
1787092800,266
1787092860,209
1787092920,343
1787092980,222
1787093040,191
1787093100,171
1787093160,218
1787093220,232
1787093280,52
1787093340,108
1787093400,123
1787093460,155
1787093520,178
1787093580,258
1787093640,203
1787093700,109
1787093760,93
1787093820,160
1787093880,141
1787093940,149
1787094000,216
1787094060,319
1787094120,244
1787094180,201
1787094240,143
1787094300,212
1787094360,257
1787094420,156
1787094480,221
1787094540,197
1787094600,189
1787094660,278
1787094720,258
1787094780,319
1787094840,269
1787094900,226
1787094960,202
1787095020,250
1787095080,192
1787095140,222
1787095200,108
1787095260,124
1787095320,351
1787095380,331
1787095440,389
1787095500,352
1787095560,217
1787095620,352
1787095680,456
1787095740,409
1787095800,346
1787095860,275
1787095920,319
1787095980,580
1787096040,330
1787096100,354
1787096160,258
1787096220,254
1787096280,195
1787096340,312
1787096400,134
1787096460,198
1787096520,282
1787096580,195
1787096640,330
1787096700,584
1787096760,618
1787096820,299
1787096880,230
1787096940,428
1787097000,137
1787097060,151
1787097120,223
1787097180,308
1787097240,306
1787097300,304
1787097360,396
1787097420,193
1787097480,383
1787097540,306
1787097600,1075
1787097660,1024
1787097720,954
1787097780,922
1787097840,793
1787097900,840
1787097960,847
1787098020,686
1787098080,505
1787098140,630
1787098200,558
1787098260,720
1787098320,447
1787098380,540
1787098440,575
1787098500,720
1787098560,528
1787098620,352
1787098680,407
1787098740,649
1787098800,540
1787098860,480
1787098920,429
1787098980,438
1787099040,626
1787099100,665
1787099160,499
1787099220,616
1787099280,412
1787099340,350
1787099400,451
1787099460,560
1787099520,356
1787099580,637
1787099640,664
1787099700,602
1787099760,615
1787099820,636
1787099880,578
1787099940,421
1787100000,342
1787100060,375
1787100120,443
1787100180,418
1787100240,616
1787100300,460
1787100360,573
1787100420,717
1787100480,713
1787100540,499
1787100600,590
1787100660,1042
1787100720,873
1787100780,897
1787100840,794
1787100900,790
1787100960,631
1787101020,569
1787101080,599
1787101140,1133
1787101200,2672
1787101260,1774
1787101320,2052
1787101380,1545
1787101440,1232
1787101500,1600
1787101560,1114
1787101620,746
1787101680,1045
1787101740,832
1787101800,1070
1787101860,783
1787101920,960
1787101980,907
1787102040,619
1787102100,1032
1787102160,694
1787102220,769
1787102280,1323
1787102340,1239
1787102400,864
1787102460,1159
1787102520,934
1787102580,651
1787102640,833
1787102700,727
1787102760,632
1787102820,465
1787102880,724
1787102940,640
1787103000,761
1787103060,848
1787103120,710
1787103180,574
1787103240,725
1787103300,687
1787103360,774
1787103420,730
1787103480,669
1787103540,628
1787103600,658
1787103660,509
1787103720,363
1787103780,593
1787103840,342
1787103900,513
1787103960,659
1787104020,679
1787104080,427
1787104140,310
1787104200,525
1787104260,404
1787104320,429
1787104380,385
1787104440,632
1787104500,520
1787104560,443
1787104620,386
1787104680,394
1787104740,336
1787104800,466
1787104860,264
1787104920,339
1787104980,466
1787105040,326
1787105100,354
1787105160,479
1787105220,441
1787105280,313
1787105340,320
1787105400,272
1787105460,435
1787105520,426
1787105580,296
1787105640,399
1787105700,363
1787105760,1148
1787105820,1081
1787105880,855
1787105940,263
1787106000,495
1787106060,533
1787106120,331
1787106180,251
1787106240,338
1787106300,240
1787106360,274
1787106420,223
1787106480,293
1787106540,401
1787106600,817
1787106660,569
1787106720,701
1787106780,647
1787106840,342
1787106900,346
1787106960,421
1787107020,559
1787107080,406
1787107140,327
1787107200,321
1787107260,337
1787107320,230
1787107380,245
1787107440,390
1787107500,315
1787107560,332
1787107620,343
1787107680,251
1787107740,177
1787107800,300
1787107860,230
1787107920,364
1787107980,336
1787108040,161
1787108100,472
1787108160,708
1787108220,466
1787108280,230
1787108340,280
1787108400,377
1787108460,296
1787108520,280
1787108580,242
1787108640,270
1787108700,311
1787108760,508
1787108820,242
1787108880,216
1787108940,223
1787109000,187
1787109060,190
1787109120,223
1787109180,244
1787109240,214
1787109300,209
1787109360,234
1787109420,430
1787109480,317
1787109540,139
1787109600,189
1787109660,220
1787109720,157
1787109780,139
1787109840,178
1787109900,252
1787109960,145
1787110020,158
1787110080,225
1787110140,211
1787110200,313
1787110260,187
1787110320,145
1787110380,105
1787110440,84
1787110500,111
1787110560,73
1787110620,143
1787110680,216
1787110740,231
1787110800,187
1787110860,175
1787110920,151
1787110980,200
1787111040,202
1787111100,383
1787111160,181
1787111220,184
1787111280,191
1787111340,215
1787111400,159
1787111460,165
1787111520,151
1787111580,168
1787111640,191
1787111700,209
1787111760,151
1787111820,126
1787111880,119
1787111940,118
1787112000,155
1787112060,128
1787112120,74
1787112180,196
1787112240,201
1787112300,179
1787112360,98
1787112420,99
1787112480,96
1787112540,123
1787112600,224
1787112660,184
1787112720,160
1787112780,153
1787112840,128
1787112900,311
1787112960,208
1787113020,426
1787113080,402
1787113140,242
1787113200,328
1787113260,394
1787113320,294
1787113380,172
1787113440,341
1787113500,302
1787113560,195
1787113620,172
1787113680,118
1787113740,126
1787113800,184
1787113860,423
1787113920,177
1787113980,379
1787114040,205
1787114100,214
1787114160,149
1787114220,361
1787114280,351
1787114340,426
1787114400,334
1787114460,161
1787114520,198
1787114580,142
1787114640,192
1787114700,227
1787114760,92
1787114820,148
1787114880,130
1787114940,251
1787115000,189
1787115060,198
1787115120,317
1787115180,178
1787115240,95
1787115300,157
1787115360,375
1787115420,230
1787115480,262
1787115540,148
1787115600,285
1787115660,253
1787115720,229
1787115780,428
1787115840,383
1787115900,644
1787115960,481
1787116020,408
1787116080,291
1787116140,296
1787116200,398
1787116260,424
1787116320,359
1787116380,218
1787116440,364
1787116500,203
1787116560,355
1787116620,402
1787116680,186
1787116740,209
1787116800,302
1787116860,262
1787116920,235
1787116980,333
1787117040,303
1787117100,320
1787117160,274
1787117220,233
1787117280,240
1787117340,304
1787117400,1817
1787117460,989
1787117520,991
1787117580,1147
1787117640,708
1787117700,413
1787117760,596
1787117820,506
1787117880,566
1787117940,557
1787118000,479
1787118060,262
1787118120,406
1787118180,568
1787118240,459
1787118300,769
1787118360,393
1787118420,800
1787118480,319
1787118540,385
1787118600,366
1787118660,429
1787118720,444
1787118780,556
1787118840,411
1787118900,283
1787118960,345
1787119020,288
1787119080,362
1787119140,228
1787119200,765
1787119260,766
1787119320,423
1787119380,701
1787119440,346
1787119500,438
1787119560,381
1787119620,488
1787119680,590
1787119740,442
1787119800,480
1787119860,420
1787119920,203
1787119980,350
1787120040,266
1787120100,329
1787120160,276
1787120220,525
1787120280,380
1787120340,474
1787120400,480
1787120460,331
1787120520,333
1787120580,307
1787120640,437
1787120700,343
1787120760,414
1787120820,401
1787120880,285
1787120940,329
1787121000,576
1787121060,488
1787121120,456
1787121180,542
1787121240,537
1787121300,317
1787121360,327
1787121420,654
1787121480,561
1787121540,389
1787121600,596
1787121660,331
1787121720,258
1787121780,243
1787121840,247
1787121900,307
1787121960,371
1787122020,412
1787122080,312
1787122140,682
1787122200,837
1787122260,725
1787122320,803
1787122380,602
1787122440,519
1787122500,452
1787122560,489
1787122620,755
1787122680,996
1787122740,772
1787122800,1287
1787122860,607
1787122920,444
1787122980,222
1787123040,431
1787123100,401
1787123160,383
1787123220,537
1787123280,363
1787123340,369
1787123400,296
1787123460,288
1787123520,179
1787123580,447
1787123640,440
1787123700,555
1787123760,253
1787123820,263
1787123880,227
1787123940,244
1787124000,317
1787124060,360
1787124120,310
1787124180,451
1787124240,488
1787124300,390
1787124360,575
1787124420,557
1787124480,718
1787124540,570
1787124600,414
1787124660,482
1787124720,543
1787124780,537
1787124840,410
1787124900,325
1787124960,482
1787125020,425
1787125080,352
1787125140,242
1787125200,307
1787125260,315
1787125320,250
1787125380,461
1787125440,322
1787125500,288
1787125560,264
1787125620,190
1787125680,287
1787125740,207
1787125800,239
1787125860,324
1787125920,518
1787125980,611
1787126040,372
1787126100,288
1787126160,315
1787126220,573
1787126280,363
1787126340,348
1787126400,807
1787126460,823
1787126520,1038
1787126580,847
1787126640,921
1787126700,875
1787126760,885
1787126820,934
1787126880,675
1787126940,583
1787127000,621
1787127060,551
1787127120,368
1787127180,196
1787127240,435
1787127300,334
1787127360,527
1787127420,477
1787127480,426
1787127540,402
1787127600,415
1787127660,500
1787127720,656
1787127780,415
1787127840,445
1787127900,522
1787127960,439
1787128020,512
1787128080,362
1787128140,236
1787128200,383
1787128260,447
1787128320,558
1787128380,563
1787128440,404
1787128500,322
1787128560,419
1787128620,528
1787128680,456
1787128740,360
1787128800,348
1787128860,435
1787128920,550
1787128980,426
1787129040,317
1787129100,474
1787129160,462
1787129220,461
1787129280,356
1787129340,324
1787129400,487
1787129460,534
1787129520,420
1787129580,289
1787129640,293
1787129700,492
1787129760,689
1787129820,419
1787129880,315
1787129940,246
1787130000,502
1787130060,530
1787130120,455
1787130180,457
1787130240,297
1787130300,408
1787130360,551
1787130420,350
1787130480,227
1787130540,396
1787130600,453
1787130660,576
1787130720,416
1787130780,480
1787130840,484
1787130900,560
1787130960,684
1787131020,451
1787131080,385
1787131140,468
1787131200,391
1787131260,393
1787131320,344
1787131380,467
1787131440,575
1787131500,340
1787131560,336
1787131620,309
1787131680,724
1787131740,325
1787131800,757
1787131860,590
1787131920,520
1787131980,495
1787132040,401
1787132100,406
1787132160,488
1787132220,388
1787132280,364
1787132340,308
1787132400,375
1787132460,748
1787132520,556
1787132580,211
1787132640,331
1787132700,255
1787132760,346
1787132820,446
1787132880,230
1787132940,454
1787133000,486
1787133060,360
1787133120,384
1787133180,411
1787133240,541
1787133300,633
1787133360,603
1787133420,344
1787133480,203
1787133540,392
1787133600,604
1787133660,641
1787133720,250
1787133780,322
1787133840,249
1787133900,203
1787133960,246
1787134020,346
1787134080,356
1787134140,361
1787134200,314
1787134260,249
1787134320,370
1787134380,356
1787134440,452
1787134500,235
1787134560,455
1787134620,598
1787134680,378
1787134740,358
1787134800,510
1787134860,384
1787134920,259
1787134980,255
1787135040,286
1787135100,331
1787135160,228
1787135220,227
1787135280,235
1787135340,220
1787135400,456
1787135460,193
1787135520,194
1787135580,279
1787135640,354
1787135700,223
1787135760,184
1787135820,161
1787135880,164
1787135940,219
1787136000,200
1787136060,288
1787136120,121
1787136180,211
1787136240,236
1787136300,112
1787136360,172
1787136420,102
1787136480,199
1787136540,414
1787136600,464
1787136660,491
1787136720,436
1787136780,171
1787136840,83
1787136900,127
1787136960,123
1787137020,128
1787137080,210
1787137140,193
1787137200,602
1787137260,623
1787137320,296
1787137380,353
1787137440,193
1787137500,452
1787137560,481
1787137620,564
1787137680,493
1787137740,442
1787137800,563
1787137860,339
1787137920,398
1787137980,596
1787138040,417
1787138100,212
1787138160,369
1787138220,244
1787138280,201
1787138340,165
1787138400,177
1787138460,214
1787138520,289
1787138580,154
1787138640,147
1787138700,327
1787138760,178
1787138820,210
1787138880,422
1787138940,332
1787139000,454
1787139060,409
1787139120,390
1787139180,289
1787139240,244
1787139300,267
1787139360,226
1787139420,314
1787139480,371
1787139540,351
1787139600,349
1787139660,309
1787139720,396
1787139780,273
1787139840,299
1787139900,569
1787139960,377
1787140020,387
1787140080,382
1787140140,461
1787140200,415
1787140260,580
1787140320,512
1787140380,451
1787140440,522
1787140500,541
1787140560,553
1787140620,480
1787140680,183
1787140740,264
1787140800,799
1787140860,705
1787140920,471
1787140980,298
1787141040,615
1787141100,696
1787141160,642
1787141220,421
1787141280,363
1787141340,429
1787141400,381
1787141460,383
1787141520,776
1787141580,498
1787141640,454
1787141700,410
1787141760,306
1787141820,440
1787141880,481
1787141940,588
1787142000,994
1787142060,557
1787142120,562
1787142180,696
1787142240,517
1787142300,547
1787142360,571
1787142420,435
1787142480,343
1787142540,411
1787142600,544
1787142660,402
1787142720,682
1787142780,1846
1787142840,2686
1787142900,2395
1787142960,2037
1787143020,2670
1787143080,2548
1787143140,2654
1787143200,2808
1787143260,2445
1787143320,2063
1787143380,2230
1787143440,2168
1787143500,2222
1787143560,2099
1787143620,2035
1787143680,1997
1787143740,1575
1787143800,1677
1787143860,2142
1787143920,1837
1787143980,1578
1787144040,1595
1787144100,1578
1787144160,2020
1787144220,2044
1787144280,1726
1787144340,2208
1787144400,2284
1787144460,2241
1787144520,1871
1787144580,1809
1787144640,1370
1787144700,1844
1787144760,1750
1787144820,1469
1787144880,1570
1787144940,1577
1787145000,2100
1787145060,1505
1787145120,1869
1787145180,1934
1787145240,1224
1787145300,1465
1787145360,1372
1787145420,1664
1787145480,1514
1787145540,1507
1787145600,1524
1787145660,1489
1787145720,1447
1787145780,1332
1787145840,1089
1787145900,1495
1787145960,1303
1787146020,1270
1787146080,1418
1787146140,1606
1787146200,3208
1787146260,2896
1787146320,2322
1787146380,2610
1787146440,2111
1787146500,2421
1787146560,2998
1787146620,2916
1787146680,2482
1787146740,2126
1787146800,2135
1787146860,1550
1787146920,1787
1787146980,1892
1787147040,1824
1787147100,2135
1787147160,2184
1787147220,2008
1787147280,2617
1787147340,1918
1787147400,2476
1787147460,2243
1787147520,2545
1787147580,2582
1787147640,2150
1787147700,2458
1787147760,2382
1787147820,2713
1787147880,2342
1787147940,1811
1787148000,1926
1787148060,2201
1787148120,2456
1787148180,1937
1787148240,1674
1787148300,1974
1787148360,2120
1787148420,2662
1787148480,2417
1787148540,2289
1787148600,2632
1787148660,2199
1787148720,2007
1787148780,2089
1787148840,1951
1787148900,2382
1787148960,2421
1787149020,2580
1787149080,2040
1787149140,1810
1787149200,1840
1787149260,1711
1787149320,1864
1787149380,1753
1787149440,1738
1787149500,1948
1787149560,1754
1787149620,1750
1787149680,1552
1787149740,1747
1787149800,1726
1787149860,1742
1787149920,1569
1787149980,1569
1787150040,1469
1787150100,1521
1787150160,1471
1787150220,1515
1787150280,1010
1787150340,1217
1787150400,1766
1787150460,1619
1787150520,1558
1787150580,1694
1787150640,1745
1787150700,1693
1787150760,1343
1787150820,1231
1787150880,1692
1787150940,1356
1787151000,1234
1787151060,1227
1787151120,1286
1787151180,1331
1787151240,1315
1787151300,1257
1787151360,889
1787151420,1664
1787151480,1104
1787151540,919
1787151600,1882
1787151660,1741
1787151720,1222
1787151780,1177
1787151840,1273
1787151900,1359
1787151960,1376
1787152020,1376
1787152080,1333
1787152140,1576
1787152200,1124
1787152260,1011
1787152320,1148
1787152380,1035
1787152440,1123
1787152500,1169
1787152560,964
1787152620,1365
1787152680,1019
1787152740,1028
1787152800,1183
1787152860,1098
1787152920,867
1787152980,908
1787153040,1126
1787153100,1188
1787153160,830
1787153220,1266
1787153280,1159
1787153340,1550
1787153400,2054
1787153460,1444
1787153520,1276
1787153580,1184
1787153640,1498
1787153700,1412
1787153760,1314
1787153820,1509
1787153880,1431
1787153940,1088
1787154000,1196
1787154060,1274
1787154120,1064
1787154180,1271
1787154240,1391
1787154300,941
1787154360,911
1787154420,929
1787154480,913
1787154540,794
1787154600,1119
1787154660,1035
1787154720,1059
1787154780,1084
1787154840,872
1787154900,944
1787154960,632
1787155020,927
1787155080,1244
1787155140,908
1787155200,1071
1787155260,1168
1787155320,1151
1787155380,1022
1787155440,936
1787155500,817
1787155560,1080
1787155620,851
1787155680,749
1787155740,548
1787155800,647
1787155860,691
1787155920,667
1787155980,713
1787156040,792
1787156100,623
1787156160,724
1787156220,810
1787156280,1167
1787156340,765
1787156400,781
1787156460,650
1787156520,694
1787156580,737
1787156640,653
1787156700,589
1787156760,802
1787156820,901
1787156880,838
1787156940,685
1787157000,833
1787157060,724
1787157120,845
1787157180,743
1787157240,830
1787157300,837
1787157360,867
1787157420,821
1787157480,760
1787157540,633
1787157600,485
1787157660,571
1787157720,816
1787157780,1028
1787157840,774
1787157900,980
1787157960,532
1787158020,542
1787158080,962
1787158140,869
1787158200,868
1787158260,1054
1787158320,838
1787158380,783
1787158440,699
1787158500,618
1787158560,921
1787158620,863
1787158680,869
1787158740,656
1787158800,922
1787158860,722
1787158920,995
1787158980,1239
1787159040,1095
1787159100,826
1787159160,1082
1787159220,1228
1787159280,984
1787159340,1117
1787159400,1045
1787159460,1083
1787159520,1177
1787159580,661
1787159640,804
1787159700,743
1787159760,691
1787159820,628
1787159880,1063
1787159940,855
1787160000,993
1787160060,993
1787160120,637
1787160180,923
1787160240,1080
1787160300,784
1787160360,702
1787160420,706
1787160480,650
1787160540,1231
1787160600,731
1787160660,895
1787160720,498
1787160780,552
1787160840,380
1787160900,332
1787160960,708
1787161020,748
1787161080,476
1787161140,592
1787161200,733
1787161260,586
1787161320,582
1787161380,662
1787161440,441
1787161500,388
1787161560,385
1787161620,404
1787161680,441
1787161740,651
1787161800,533
1787161860,541
1787161920,718
1787161980,824
1787162040,528
1787162100,577
1787162160,557
1787162220,557
1787162280,341
1787162340,450
1787162400,983
1787162460,1141
1787162520,1225
1787162580,1016
1787162640,1030
1787162700,1251
1787162760,1255
1787162820,1287
1787162880,843
1787162940,655
1787163000,870
1787163060,969
1787163120,584
1787163180,625
1787163240,489
1787163300,614
1787163360,543
1787163420,622
1787163480,1019
1787163540,812
1787163600,837
1787163660,941
1787163720,901
1787163780,790
1787163840,741
1787163900,1100
1787163960,1089
1787164020,986
1787164080,1274
1787164140,1121
1787164200,1197
1787164260,1006
1787164320,1236
1787164380,955
1787164440,1197
1787164500,1069
1787164560,710
1787164620,650
1787164680,809
1787164740,1000
1787164800,1034
1787164860,1014
1787164920,981
1787164980,851
1787165040,856
1787165100,792
1787165160,869
1787165220,794
1787165280,467
1787165340,554
1787165400,423
1787165460,418
1787165520,467
1787165580,601
1787165640,597
1787165700,357
1787165760,844
1787165820,919
1787165880,917
1787165940,866
1787166000,1092
1787166060,1258
1787166120,1067
1787166180,854
1787166240,764
1787166300,893
1787166360,734
1787166420,881
1787166480,1195
1787166540,1262
1787166600,1098
1787166660,1079
1787166720,932
1787166780,1093
1787166840,775
1787166900,1037
1787166960,1035
1787167020,1032
1787167080,816
1787167140,780
1787167200,693
1787167260,681
1787167320,937
1787167380,551
1787167440,613
1787167500,587
1787167560,791
1787167620,968
1787167680,1241
1787167740,660
1787167800,879
1787167860,655
1787167920,515
1787167980,730
1787168040,901
1787168100,721
1787168160,1036
1787168220,1216
1787168280,510
1787168340,586
1787168400,817
1787168460,869
1787168520,883
1787168580,733
1787168640,666
1787168700,1064
1787168760,995
1787168820,881
1787168880,1086
1787168940,800
1787169000,1410
1787169060,1326
1787169120,1119
1787169180,967
1787169240,1346
1787169300,1014
1787169360,517
1787169420,1152
1787169480,1908
1787169540,1403
1787169600,584
1787169660,270
1787169720,327
1787169780,251
1787169840,206
1787169900,354
1787169960,353
1787170020,211
1787170080,192
1787170140,239
1787170200,352
1787170260,305
1787170320,420
1787170380,315
1787170440,436
1787170500,239
1787170560,264
1787170620,222
1787170680,239
1787170740,171
1787170800,272
1787170860,162
1787170920,121
1787170980,220
1787171040,243
1787171100,643
1787171160,456
1787171220,360
1787171280,391
1787171340,382
1787171400,335
1787171460,278
1787171520,405
1787171580,299
1787171640,292
1787171700,183
1787171760,274
1787171820,209
1787171880,99
1787171940,150
1787172000,124
1787172060,166
1787172120,85
1787172180,100
1787172240,59
1787172300,98
1787172360,108
1787172420,137
1787172480,94
1787172540,105
1787172600,249
1787172660,202
1787172720,128
1787172780,64
1787172840,227
1787172900,226
1787172960,170
1787173020,240
1787173080,187
1787173140,29
1787177040,8
1787177100,421
1787177160,478
1787177220,389
1787177280,334
1787177340,281
1787177400,331
1787177460,326
1787177520,306
1787177580,172
1787177640,402
1787177700,278
1787177760,267
1787177820,229
1787177880,249
1787177940,320
1787178000,283
1787178060,167
1787178120,407
1787178180,172
1787178240,252
1787178300,355
1787178360,177
1787178420,289
1787178480,107
1787178540,154
1787178600,199
1787178660,278
1787178720,382
1787178780,341
1787178840,210
1787178900,220
1787178960,177
1787179020,234
1787179080,137
1787179140,122
1787179200,154
1787179260,133
1787179320,129
1787179380,169
1787179440,144
1787179500,185
1787179560,188
1787179620,124
1787179680,93
1787179740,159
1787179800,87
1787179860,112
1787179920,152
1787179980,134
1787180040,165
1787180100,114
1787180160,271
1787180220,83
1787180280,97
1787180340,617
1787180400,354
1787180460,551
1787180520,527
1787180580,454
1787180640,319
1787180700,256
1787180760,299
1787180820,337
1787180880,315
1787180940,202
1787181000,208
1787181060,114
1787181120,121
1787181180,179
1787181240,112
1787181300,142
1787181360,68
1787181420,259
1787181480,247
1787181540,210
1787181600,256
1787181660,390
1787181720,151
1787181780,346
1787181840,215
1787181900,148
1787181960,148
1787182020,238
1787182080,143
1787182140,115
1787182200,154
1787182260,242
1787182320,211
1787182380,162
1787182440,357
1787182500,237
1787182560,275
1787182620,256
1787182680,139
1787182740,180
1787182800,145
1787182860,150
1787182920,127
1787182980,165
1787183040,198
1787183100,433
1787183160,370
1787183220,100
1787183280,140
1787183340,178
1787183400,170
1787183460,111
1787183520,218
1787183580,261
1787183640,209
1787183700,206
1787183760,393
1787183820,266
1787183880,253
1787183940,216
1787184000,931
1787184060,876
1787184120,710
1787184180,1014
1787184240,758
1787184300,1224
1787184360,785
1787184420,795
1787184480,633
1787184540,829
1787184600,740
1787184660,482
1787184720,494
1787184780,386
1787184840,551
1787184900,579
1787184960,448
1787185020,871
1787185080,704
1787185140,566
1787185200,703
1787185260,814
1787185320,630
1787185380,527
1787185440,645
1787185500,640
1787185560,470
1787185620,595
1787185680,560
1787185740,489
1787185800,756
1787185860,615
1787185920,719
1787185980,456
1787186040,456
1787186100,687
1787186160,417
1787186220,186
1787186280,410
1787186340,312
1787186400,234
1787186460,441
1787186520,665
1787186580,527
1787186640,453
1787186700,616
1787186760,424
1787186820,507
1787186880,433
1787186940,440
1787187000,398
1787187060,534
1787187120,587
1787187180,411
1787187240,680
1787187300,504
1787187360,589
1787187420,434
1787187480,671
1787187540,944
1787187600,2722
1787187660,1584
1787187720,1208
1787187780,1338
1787187840,1245
1787187900,1104
1787187960,1116
1787188020,1074
1787188080,1349
1787188140,1190
1787188200,1534
1787188260,1511
1787188320,1091
1787188380,1076
1787188440,877
1787188500,1639
1787188560,1177
1787188620,951
1787188680,796
1787188740,1030
1787188800,1067
1787188860,1033
1787188920,893
1787188980,884
1787189040,799
1787189100,923
1787189160,839
1787189220,756
1787189280,1029
1787189340,599
1787189400,1615
1787189460,1114
1787189520,962
1787189580,1036
1787189640,1292
1787189700,1036
1787189760,1039
1787189820,916
1787189880,957
1787189940,948
1787190000,1090
1787190060,1394
1787190120,688
1787190180,552
1787190240,772
1787190300,960
1787190360,734
1787190420,759
1787190480,442
1787190540,765
1787190600,573
1787190660,610
1787190720,504
1787190780,718
1787190840,807
1787190900,872
1787190960,640
1787191020,783
1787191080,938
1787191140,964
1787191200,1155
1787191260,871
1787191320,868
1787191380,1076
1787191440,897
1787191500,893
1787191560,903
1787191620,752
1787191680,631
1787191740,615
1787191800,522
1787191860,532
1787191920,463
1787191980,496
1787192040,391
1787192100,383
1787192160,429
1787192220,371
1787192280,347
1787192340,439
1787192400,337
1787192460,449
1787192520,511
1787192580,519
1787192640,356
1787192700,337
1787192760,335
1787192820,223
1787192880,221
1787192940,233
1787193000,851
1787193060,383
1787193120,474
1787193180,441
1787193240,552
1787193300,377
1787193360,450
1787193420,313
1787193480,497
1787193540,272
1787193600,503
1787193660,759
1787193720,719
1787193780,591
1787193840,545
1787193900,634
1787193960,506
1787194020,442
1787194080,357
1787194140,593
1787194200,471
1787194260,394
1787194320,387
1787194380,359
1787194440,587
1787194500,568
1787194560,533
1787194620,593
1787194680,357
1787194740,309
1787194800,435
1787194860,803
1787194920,450
1787194980,386
1787195040,377
1787195100,560
1787195160,587
1787195220,377
1787195280,402
1787195340,712
1787195400,848
1787195460,429
1787195520,628
1787195580,676
1787195640,279
1787195700,407
1787195760,371
1787195820,314
1787195880,467
1787195940,452
1787196000,572
1787196060,451
1787196120,523
1787196180,724
1787196240,303
1787196300,247
1787196360,390
1787196420,440
1787196480,336
1787196540,503
1787196600,538
1787196660,547
1787196720,310
1787196780,280
1787196840,345
1787196900,550
1787196960,252
1787197020,210
1787197080,398
1787197140,366
1787197200,244
1787197260,350
1787197320,238
1787197380,292
1787197440,351
1787197500,308
1787197560,275
1787197620,278
1787197680,244
1787197740,212
1787197800,267
1787197860,283
1787197920,458
1787197980,515
1787198040,322
1787198100,432
1787198160,273
1787198220,333
1787198280,392
1787198340,241
1787198400,317
1787198460,369
1787198520,284
1787198580,379
1787198640,432
1787198700,366
1787198760,435
1787198820,344
1787198880,257
1787198940,262
1787199000,374
1787199060,273
1787199120,264
1787199180,246
1787199240,232
1787199300,241
1787199360,319
1787199420,293
1787199480,164
1787199540,130
1787199600,305
1787199660,350
1787199720,357
1787199780,336
1787199840,240
1787199900,158
1787199960,181
1787200020,228
1787200080,469
1787200140,425
1787200200,354
1787200260,273
1787200320,281
1787200380,379
1787200440,292
1787200500,213
1787200560,337
1787200620,364
1787200680,243
1787200740,234
1787200800,438
1787200860,255
1787200920,195
1787200980,98
1787201040,164
1787201100,177
1787201160,217
1787201220,131
1787201280,170
1787201340,155
1787201400,156
1787201460,153
1787201520,265
1787201580,170
1787201640,406
1787201700,326
1787201760,315
1787201820,196
1787201880,245
1787201940,196
1787202000,330
1787202060,209
1787202120,144
1787202180,261
1787202240,164
1787202300,192
1787202360,253
1787202420,342
1787202480,209
1787202540,123
1787202600,235
1787202660,218
1787202720,347
1787202780,414
1787202840,648
1787202900,338
1787202960,408
1787203020,361
1787203080,426
1787203140,255
1787203200,191
1787203260,246
1787203320,172
1787203380,414
1787203440,223
1787203500,209
1787203560,271
1787203620,410
1787203680,426
1787203740,260
1787203800,1274
1787203860,707
1787203920,670
1787203980,480
1787204040,555
1787204100,646
1787204160,482
1787204220,510
1787204280,488
1787204340,302
1787204400,386
1787204460,420
1787204520,545
1787204580,475
1787204640,460
1787204700,482
1787204760,358
1787204820,349
1787204880,382
1787204940,311
1787205000,415
1787205060,382
1787205120,400
1787205180,422
1787205240,342
1787205300,413
1787205360,244
1787205420,387
1787205480,402
1787205540,384
1787205600,497
1787205660,489
1787205720,588
1787205780,464
1787205840,530
1787205900,603
1787205960,380
1787206020,373
1787206080,295
1787206140,393
1787206200,449
1787206260,468
1787206320,500
1787206380,361
1787206440,384
1787206500,535
1787206560,443
1787206620,346
1787206680,477
1787206740,531
1787206800,385
1787206860,371
1787206920,501
1787206980,460
1787207040,232
1787207100,421
1787207160,308
1787207220,270
1787207280,256
1787207340,303
1787207400,442
1787207460,377
1787207520,504
1787207580,378
1787207640,329
1787207700,406
1787207760,277
1787207820,270
1787207880,325
1787207940,317
1787208000,398
1787208060,540
1787208120,371
1787208180,555
1787208240,458
1787208300,720
1787208360,419
1787208420,383
1787208480,410
1787208540,432
1787208600,492
1787208660,357
1787208720,333
1787208780,273
1787208840,435
1787208900,364
1787208960,273
1787209020,380
1787209080,281
1787209140,605
1787209200,960
1787209260,597
1787209320,844
1787209380,406
1787209440,470
1787209500,426
1787209560,564
1787209620,523
1787209680,422
1787209740,420
1787209800,439
1787209860,488
1787209920,450
1787209980,496
1787210040,463
1787210100,580
1787210160,708
1787210220,290
1787210280,368
1787210340,472
1787210400,319
1787210460,257
1787210520,263
1787210580,456
1787210640,288
1787210700,347
1787210760,344
1787210820,367
1787210880,438
1787210940,417
1787211000,537
1787211060,548
1787211120,548
1787211180,491
1787211240,510
1787211300,336
1787211360,352
1787211420,368
1787211480,289
1787211540,346
1787211600,480
1787211660,567
1787211720,482
1787211780,331
1787211840,298
1787211900,232
1787211960,453
1787212020,573
1787212080,324
1787212140,360
1787212200,430
1787212260,493
1787212320,459
1787212380,365
1787212440,278
1787212500,416
1787212560,394
1787212620,182
1787212680,153
1787212740,365
1787212800,825
1787212860,772
1787212920,731
1787212980,616
1787213040,503
1787213100,642
1787213160,570
1787213220,583
1787213280,448
1787213340,423
1787213400,467
1787213460,495
1787213520,541
1787213580,558
1787213640,722
1787213700,395
1787213760,676
1787213820,543
1787213880,481
1787213940,642
1787214000,310
1787214060,310
1787214120,282
1787214180,278
1787214240,324
1787214300,270
1787214360,281
1787214420,643
1787214480,439
1787214540,394
1787214600,531
1787214660,743
1787214720,612
1787214780,376
1787214840,512
1787214900,432
1787214960,341
1787215020,238
1787215080,566
1787215140,378
1787215200,314
1787215260,213
1787215320,363
1787215380,379
1787215440,265
1787215500,259
1787215560,522
1787215620,316
1787215680,271
1787215740,174
1787215800,270
1787215860,369
1787215920,214
1787215980,250
1787216040,206
1787216100,414
1787216160,554
1787216220,441
1787216280,365
1787216340,408
1787216400,526
1787216460,404
1787216520,355
1787216580,334
1787216640,353
1787216700,369
1787216760,431
1787216820,484
1787216880,573
1787216940,441
1787217000,393
1787217060,288
1787217120,337
1787217180,281
1787217240,208
1787217300,229
1787217360,302
1787217420,457
1787217480,278
1787217540,234
1787217600,214
1787217660,267
1787217720,315
1787217780,315
1787217840,391
1787217900,216
1787217960,235
1787218020,295
1787218080,227
1787218140,340
1787218200,451
1787218260,518
1787218320,460
1787218380,268
1787218440,306
1787218500,259
1787218560,367
1787218620,259
1787218680,390
1787218740,307
1787218800,318
1787218860,305
1787218920,352
1787218980,319
1787219040,164
1787219100,183
1787219160,220
1787219220,249
1787219280,261
1787219340,395
1787219400,413
1787219460,410
1787219520,415
1787219580,526
1787219640,713
1787219700,460
1787219760,427
1787219820,551
1787219880,465
1787219940,453
1787220000,793
1787220060,508
1787220120,417
1787220180,406
1787220240,429
1787220300,584
1787220360,447
1787220420,419
1787220480,256
1787220540,243
1787220600,253
1787220660,281
1787220720,254
1787220780,448
1787220840,283
1787220900,258
1787220960,402
1787221020,524
1787221080,326
1787221140,479
1787221200,453
1787221260,348
1787221320,240
1787221380,167
1787221440,272
1787221500,499
1787221560,368
1787221620,289
1787221680,273
1787221740,415
1787221800,418
1787221860,189
1787221920,227
1787221980,267
1787222040,198
1787222100,278
1787222160,639
1787222220,344
1787222280,452
1787222340,200
1787222400,283
1787222460,224
1787222520,201
1787222580,170
1787222640,237
1787222700,186
1787222760,177
1787222820,284
1787222880,207
1787222940,125
1787223000,184
1787223060,246
1787223120,248
1787223180,243
1787223240,313
1787223300,324
1787223360,270
1787223420,439
1787223480,387
1787223540,278
1787223600,635
1787223660,411
1787223720,338
1787223780,294
1787223840,536
1787223900,488
1787223960,302
1787224020,240
1787224080,262
1787224140,188
1787224200,235
1787224260,295
1787224320,328
1787224380,452
1787224440,570
1787224500,498
1787224560,508
1787224620,519
1787224680,524
1787224740,402
1787224800,567
1787224860,624
1787224920,253
1787224980,238
1787225040,291
1787225100,302
1787225160,313
1787225220,378
1787225280,534
1787225340,353
1787225400,513
1787225460,308
1787225520,356
1787225580,308
1787225640,280
1787225700,237
1787225760,302
1787225820,400
1787225880,380
1787225940,420
1787226000,539
1787226060,708
1787226120,395
1787226180,627
1787226240,702
1787226300,1016
1787226360,735
1787226420,611
1787226480,1012
1787226540,916
1787226600,931
1787226660,941
1787226720,970
1787226780,1052
1787226840,814
1787226900,753
1787226960,907
1787227020,837
1787227080,681
1787227140,727
1787227200,1691
1787227260,1489
1787227320,1687
1787227380,1310
1787227440,1307
1787227500,1661
1787227560,1935
1787227620,1685
1787227680,1186
1787227740,1453
1787227800,1345
1787227860,1156
1787227920,1072
1787227980,1085
1787228040,879
1787228100,1330
1787228160,1177
1787228220,1071
1787228280,1170
1787228340,1100
1787228400,1231
1787228460,920
1787228520,909
1787228580,1067
1787228640,1003
1787228700,1352
1787228760,1074
1787228820,811
1787228880,731
1787228940,498
1787229000,1048
1787229060,858
1787229120,761
1787229180,1255
1787229240,888
1787229300,1092
1787229360,1244
1787229420,832
1787229480,679
1787229540,865
1787229600,634
1787229660,870
1787229720,880
1787229780,956
1787229840,922
1787229900,590
1787229960,663
1787230020,463
1787230080,708
1787230140,834
1787230200,511
1787230260,784
1787230320,800
1787230380,462
1787230440,568
1787230500,721
1787230560,838
1787230620,794
1787230680,556
1787230740,1073
1787230800,1917
1787230860,1266
1787230920,1231
1787230980,908
1787231040,1007
1787231100,1410
1787231160,909
1787231220,711
1787231280,806
1787231340,828
1787231400,862
1787231460,843
1787231520,962
1787231580,1157
1787231640,1157
1787231700,1358
1787231760,1094
1787231820,845
1787231880,989
1787231940,809
1787232000,788
1787232060,793
1787232120,831
1787232180,470
1787232240,460
1787232300,649
1787232360,630
1787232420,813
1787232480,603
1787232540,642
1787232600,1985
1787232660,1813
1787232720,1943
1787232780,1672
1787232840,1325
1787232900,2638
1787232960,2110
1787233020,2180
1787233080,2002
1787233140,1467
1787233200,1694
1787233260,1683
1787233320,1981
1787233380,1690
1787233440,1748
1787233500,2129
1787233560,2188
1787233620,2028
1787233680,1757
1787233740,1838
1787233800,2121
1787233860,1354
1787233920,1403
1787233980,1196
1787234040,851
1787234100,1164
1787234160,927
1787234220,817
1787234280,720
1787234340,703
1787234400,1340
1787234460,1089
1787234520,1175
1787234580,1507
1787234640,1525
1787234700,1477
1787234760,1574
1787234820,1188
1787234880,1270
1787234940,1887
1787235000,2304
1787235060,2274
1787235120,1898
1787235180,1720
1787235240,1577
1787235300,1674
1787235360,1579
1787235420,1562
1787235480,1496
1787235540,1528
1787235600,1672
1787235660,1343
1787235720,1650
1787235780,1421
1787235840,1710
1787235900,1655
1787235960,1418
1787236020,1503
1787236080,1402
1787236140,1400
1787236200,1767
1787236260,1218
1787236320,1280
1787236380,965
1787236440,727
1787236500,1252
1787236560,1275
1787236620,986
1787236680,861
1787236740,845
1787236800,1097
1787236860,1024
1787236920,980
1787236980,673
1787237040,561
1787237100,795
1787237160,967
1787237220,904
1787237280,802
1787237340,1128
1787237400,1287
1787237460,1171
1787237520,1224
1787237580,832
1787237640,1075
1787237700,1091
1787237760,499
1787237820,1408
1787237880,1031
1787237940,850
1787238000,1091
1787238060,2016
1787238120,3266
1787238180,2823
1787238240,2293
1787238300,2918
1787238360,3311
1787238420,2378
1787238480,2243
1787238540,2700
1787238600,2518
1787238660,2651
1787238720,2053
1787238780,2572
1787238840,2549
1787238900,2964
1787238960,2793
1787239020,2720
1787239080,1987
1787239140,1944
1787239200,2268
1787239260,1975
1787239320,1649
1787239380,1320
1787239440,1426
1787239500,1311
1787239560,1446
1787239620,1814
1787239680,1234
1787239740,1474
1787239800,1620
1787239860,881
1787239920,1465
1787239980,1573
1787240040,1913
1787240100,1754
1787240160,1634
1787240220,1335
1787240280,1257
1787240340,1392
1787240400,1225
1787240460,1313
1787240520,1131
1787240580,1378
1787240640,952
1787240700,1027
1787240760,1218
1787240820,1563
1787240880,1696
1787240940,1798
1787241000,1387
1787241060,1474
1787241120,1436
1787241180,1176
1787241240,1259
1787241300,1113
1787241360,967
1787241420,1236
1787241480,1299
1787241540,1007
1787241600,1217
1787241660,1070
1787241720,1050
1787241780,1261
1787241840,1374
1787241900,1296
1787241960,999
1787242020,905
1787242080,828
1787242140,894
1787242200,921
1787242260,1028
1787242320,734
1787242380,777
1787242440,1088
1787242500,1042
1787242560,1176
1787242620,865
1787242680,671
1787242740,694
1787242800,783
1787242860,634
1787242920,968
1787242980,781
1787243040,733
1787243100,901
1787243160,788
1787243220,942
1787243280,1048
1787243340,817
1787243400,956
1787243460,740
1787243520,1034
1787243580,1052
1787243640,1043
1787243700,1226
1787243760,1174
1787243820,816
1787243880,962
1787243940,1156
1787244000,828
1787244060,681
1787244120,718
1787244180,922
1787244240,918
1787244300,1009
1787244360,812
1787244420,589
1787244480,747
1787244540,712
1787244600,848
1787244660,746
1787244720,529
1787244780,641
1787244840,606
1787244900,700
1787244960,642
1787245020,1068
1787245080,738
1787245140,740
1787245200,688
1787245260,568
1787245320,955
1787245380,394
1787245440,308
1787245500,362
1787245560,373
1787245620,416
1787245680,657
1787245740,375
1787245800,451
1787245860,582
1787245920,456
1787245980,443
1787246040,649
1787246100,659
1787246160,738
1787246220,578
1787246280,541
1787246340,573
1787246400,738
1787246460,619
1787246520,774
1787246580,479
1787246640,953
1787246700,820
1787246760,571
1787246820,668
1787246880,451
1787246940,1268
1787247000,768
1787247060,755
1787247120,593
1787247180,702
1787247240,716
1787247300,630
1787247360,485
1787247420,401
1787247480,370
1787247540,373
1787247600,445
1787247660,403
1787247720,488
1787247780,343
1787247840,307
1787247900,377
1787247960,526
1787248020,485
1787248080,451
1787248140,422
1787248200,605
1787248260,508
1787248320,494
1787248380,491
1787248440,365
1787248500,629
1787248560,393
1787248620,285
1787248680,395
1787248740,410
1787248800,533
1787248860,539
1787248920,319
1787248980,300
1787249040,421
1787249100,395
1787249160,354
1787249220,595
1787249280,425
1787249340,572
1787249400,558
1787249460,680
1787249520,811
1787249580,474
1787249640,534
1787249700,784
1787249760,621
1787249820,515
1787249880,625
1787249940,753
1787250000,624
1787250060,476
1787250120,579
1787250180,410
1787250240,300
1787250300,416
1787250360,242
1787250420,199
1787250480,293
1787250540,347
1787250600,377
1787250660,292
1787250720,240
1787250780,179
1787250840,255
1787250900,414
1787250960,407
1787251020,637
1787251080,615
1787251140,527
1787251200,479
1787251260,502
1787251320,549
1787251380,456
1787251440,553
1787251500,424
1787251560,263
1787251620,295
1787251680,434
1787251740,660
1787251800,655
1787251860,607
1787251920,311
1787251980,352
1787252040,374
1787252100,484
1787252160,515
1787252220,610
1787252280,619
1787252340,814
1787252400,1076
1787252460,636
1787252520,577
1787252580,512
1787252640,510
1787252700,470
1787252760,426
1787252820,486
1787252880,400
1787252940,474
1787253000,380
1787253060,339
1787253120,535
1787253180,572
1787253240,538
1787253300,546
1787253360,461
1787253420,491
1787253480,391
1787253540,347
1787253600,483
1787253660,424
1787253720,515
1787253780,497
1787253840,485
1787253900,540
1787253960,551
1787254020,464
1787254080,429
1787254140,305
1787254200,680
1787254260,440
1787254320,439
1787254380,425
1787254440,501
1787254500,568
1787254560,726
1787254620,642
1787254680,790
1787254740,489
1787254800,544
1787254860,409
1787254920,541
1787254980,420
1787255040,393
1787255100,679
1787255160,583
1787255220,654
1787255280,683
1787255340,697
1787255400,913
1787255460,920
1787255520,835
1787255580,830
1787255640,932
1787255700,918
1787255760,1031
1787255820,1068
1787255880,804
1787255940,962
1787256000,529
1787256060,220
1787256120,230
1787256180,201
1787256240,191
1787256300,267
1787256360,275
1787256420,205
1787256480,398
1787256540,227
1787256600,252
1787256660,127
1787256720,204
1787256780,296
1787256840,230
1787256900,269
1787256960,114
1787257020,279
1787257080,215
1787257140,124
1787257200,68
1787257260,77
1787257320,197
1787257380,284
1787257440,164
1787257500,172
1787257560,117
1787257620,241
1787257680,191
1787257740,202
1787257800,318
1787257860,215
1787257920,146
1787257980,287
1787258040,275
1787258100,114
1787258160,142
1787258220,130
1787258280,159
1787258340,158
1787258400,107
1787258460,87
1787258520,90
1787258580,124
1787258640,114
1787258700,132
1787258760,85
1787258820,117
1787258880,85
1787258940,86
1787259000,182
1787259060,151
1787259120,119
1787259180,99
1787259240,283
1787259300,172
1787259360,101
1787259420,74
1787259480,104
1787259540,8
1787263440,45
1787263500,147
1787263560,78
1787263620,151
1787263680,32
1787263740,106
1787263800,83
1787263860,162
1787263920,118
1787263980,107
1787264040,111
1787264100,160
1787264160,107
1787264220,80
1787264280,119
1787264340,65
1787264400,116
1787264460,151
1787264520,114
1787264580,71
1787264640,123
1787264700,192
1787264760,111
1787264820,186
1787264880,249
1787264940,153
1787265000,197
1787265060,128
1787265120,102
1787265180,75
1787265240,93
1787265300,93
1787265360,129
1787265420,101
1787265480,188
1787265540,97
1787265600,172
1787265660,188
1787265720,131
1787265780,166
1787265840,148
1787265900,123
1787265960,127
1787266020,277
1787266080,158
1787266140,168
1787266200,65
1787266260,159
1787266320,190
1787266380,165
1787266440,119
1787266500,141
1787266560,111
1787266620,73
1787266680,97
1787266740,47
1787266800,165
1787266860,134
1787266920,331
1787266980,275
1787267040,183
1787267100,139
1787267160,259
1787267220,263
1787267280,209
1787267340,339
1787267400,221
1787267460,252
1787267520,409
1787267580,330
1787267640,203
1787267700,236
1787267760,282
1787267820,277
1787267880,161
1787267940,208
1787268000,115
1787268060,149
1787268120,172
1787268180,170
1787268240,107
1787268300,168
1787268360,438
1787268420,304
1787268480,438
1787268540,394
1787268600,383
1787268660,317
1787268720,433
1787268780,244
1787268840,213
1787268900,292
1787268960,510
1787269020,264
1787269080,181
1787269140,140
1787269200,151
1787269260,164
1787269320,137
1787269380,34
1787269440,69
1787269500,173
1787269560,92
1787269620,101
1787269680,90
1787269740,243
1787269800,217
1787269860,301
1787269920,203
1787269980,119
1787270040,238
1787270100,282
1787270160,221
1787270220,138
1787270280,120
1787270340,250
1787270400,518
1787270460,493
1787270520,489
1787270580,453
1787270640,372
1787270700,457
1787270760,173
1787270820,267
1787270880,504
1787270940,232
1787271000,311
1787271060,358
1787271120,436
1787271180,581
1787271240,347
1787271300,479
1787271360,426
1787271420,684
1787271480,304
1787271540,412
1787271600,709
1787271660,612
1787271720,502
1787271780,440
1787271840,491
1787271900,611
1787271960,440
1787272020,429
1787272080,534
1787272140,579
1787272200,425
1787272260,411
1787272320,423
1787272380,381
1787272440,500
1787272500,371
1787272560,610
1787272620,448
1787272680,483
1787272740,389
1787272800,384
1787272860,358
1787272920,229
1787272980,343
1787273040,435
1787273100,332
1787273160,368
1787273220,458
1787273280,386
1787273340,242
1787273400,127
1787273460,192
1787273520,190
1787273580,292
1787273640,414
1787273700,405
1787273760,285
1787273820,352
1787273880,241
1787273940,509
1787274000,1803
1787274060,1659
1787274120,1370
1787274180,1228
1787274240,1155
1787274300,1120
1787274360,1138
1787274420,773
1787274480,694
1787274540,1048
1787274600,651
1787274660,750
1787274720,693
1787274780,670
1787274840,464
1787274900,773
1787274960,782
1787275020,558
1787275080,623
1787275140,607
1787275200,1097
1787275260,1019
1787275320,547
1787275380,389
1787275440,587
1787275500,595
1787275560,693
1787275620,858
1787275680,655
1787275740,640
1787275800,1299
1787275860,923
1787275920,549
1787275980,880
1787276040,730
1787276100,930
1787276160,1115
1787276220,765
1787276280,842
1787276340,701
1787276400,683
1787276460,627
1787276520,406
1787276580,517
1787276640,444
1787276700,505
1787276760,424
1787276820,491
1787276880,464
1787276940,607
1787277000,588
1787277060,475
1787277120,493
1787277180,417
1787277240,577
1787277300,701
1787277360,669
1787277420,587
1787277480,542
1787277540,443
1787277600,769
1787277660,730
1787277720,677
1787277780,699
1787277840,738
1787277900,877
1787277960,746
1787278020,636
1787278080,542
1787278140,477
1787278200,637
1787278260,588
1787278320,716
1787278380,485
1787278440,669
1787278500,503
1787278560,388
1787278620,417
1787278680,410
1787278740,275
1787278800,276
1787278860,341
1787278920,363
1787278980,566
1787279040,305
1787279100,415
1787279160,276
1787279220,420
1787279280,337
1787279340,287
1787279400,1038
1787279460,674
1787279520,655
1787279580,565
1787279640,558
1787279700,664
1787279760,543
1787279820,557
1787279880,441
1787279940,492
1787280000,503
1787280060,455
1787280120,341
1787280180,401
1787280240,559
1787280300,704
1787280360,337
1787280420,284
1787280480,345
1787280540,426
1787280600,478
1787280660,453
1787280720,683
1787280780,360
1787280840,279
1787280900,393
1787280960,480
1787281020,381
1787281080,430
1787281140,597
1787281200,547
1787281260,418
1787281320,441
1787281380,461
1787281440,681
1787281500,250
1787281560,396
1787281620,326
1787281680,309
1787281740,334
1787281800,331
1787281860,304
1787281920,208
1787281980,413
1787282040,426
1787282100,363
1787282160,226
1787282220,243
1787282280,272
1787282340,318
1787282400,374
1787282460,345
1787282520,323
1787282580,365
1787282640,521
1787282700,387
1787282760,397
1787282820,324
1787282880,440
1787282940,449
1787283000,297
1787283060,381
1787283120,315
1787283180,242
1787283240,289
1787283300,247
1787283360,370
1787283420,192
1787283480,283
1787283540,320
1787283600,371
1787283660,423
1787283720,244
1787283780,228
1787283840,202
1787283900,169
1787283960,244
1787284020,315
1787284080,390
1787284140,178
1787284200,181
1787284260,178
1787284320,216
1787284380,160
1787284440,133
1787284500,157
1787284560,130
1787284620,263
1787284680,208
1787284740,235
1787284800,296
1787284860,317
1787284920,276
1787284980,306
1787285040,214
1787285100,164
1787285160,272
1787285220,276
1787285280,166
1787285340,279
1787285400,253
1787285460,288
1787285520,179
1787285580,222
1787285640,522
1787285700,398
1787285760,256
1787285820,303
1787285880,330
1787285940,196
1787286000,310
1787286060,574
1787286120,388
1787286180,359
1787286240,286
1787286300,344
1787286360,368
1787286420,377
1787286480,406
1787286540,372
1787286600,522
1787286660,230
1787286720,398
1787286780,410
1787286840,353
1787286900,288
1787286960,235
1787287020,181
1787287080,288
1787287140,230
1787287200,264
1787287260,235
1787287320,276
1787287380,307
1787287440,282
1787287500,221
1787287560,370
1787287620,174
1787287680,227
1787287740,274
1787287800,271
1787287860,139
1787287920,331
1787287980,189
1787288040,152
1787288100,169
1787288160,182
1787288220,193
1787288280,151
1787288340,176
1787288400,364
1787288460,245
1787288520,215
1787288580,238
1787288640,270
1787288700,404
1787288760,237
1787288820,352
1787288880,427
1787288940,259
1787289000,306
1787289060,207
1787289120,165
1787289180,158
1787289240,211
1787289300,246
1787289360,290
1787289420,828
1787289480,396
1787289540,307
1787289600,362
1787289660,194
1787289720,188
1787289780,172
1787289840,178
1787289900,233
1787289960,240
1787290020,308
1787290080,238
1787290140,169
1787290200,978
1787290260,522
1787290320,365
1787290380,458
1787290440,516
1787290500,473
1787290560,298
1787290620,428
1787290680,320
1787290740,546
1787290800,549
1787290860,423
1787290920,477
1787290980,473
1787291040,623
1787291100,458
1787291160,403
1787291220,329
1787291280,420
1787291340,497
1787291400,667
1787291460,616
1787291520,532
1787291580,427
1787291640,595
1787291700,904
1787291760,542
1787291820,465
1787291880,490
1787291940,565
1787292000,769
1787292060,489
1787292120,848
1787292180,615
1787292240,350
1787292300,482
1787292360,448
1787292420,493
1787292480,476
1787292540,409
1787292600,386
1787292660,475
1787292720,372
1787292780,499
1787292840,421
1787292900,783
1787292960,355
1787293020,507
1787293080,417
1787293140,379
1787293200,426
1787293260,674
1787293320,433
1787293380,358
1787293440,370
1787293500,378
1787293560,437
1787293620,550
1787293680,583
1787293740,473
1787293800,531
1787293860,584
1787293920,549
1787293980,831
1787294040,936
1787294100,778
1787294160,660
1787294220,600
1787294280,427
1787294340,525
1787294400,714
1787294460,594
1787294520,697
1787294580,547
1787294640,595
1787294700,729
1787294760,359
1787294820,406
1787294880,466
1787294940,585
1787295000,449
1787295060,663
1787295120,567
1787295180,818
1787295240,713
1787295300,574
1787295360,827
1787295420,458
1787295480,700
1787295540,852
1787295600,885
1787295660,752
1787295720,531
1787295780,547
1787295840,570
1787295900,536
1787295960,429
1787296020,414
1787296080,492
1787296140,478
1787296200,608
1787296260,514
1787296320,397
1787296380,254
1787296440,233
1787296500,339
1787296560,246
1787296620,276
1787296680,459
1787296740,404
1787296800,326
1787296860,657
1787296920,524
1787296980,578
1787297040,500
1787297100,472
1787297160,272
1787297220,178
1787297280,226
1787297340,252
1787297400,586
1787297460,516
1787297520,442
1787297580,477
1787297640,361
1787297700,290
1787297760,455
1787297820,366
1787297880,607
1787297940,547
1787298000,503
1787298060,521
1787298120,399
1787298180,345
1787298240,380
1787298300,404
1787298360,506
1787298420,685
1787298480,630
1787298540,462
1787298600,777
1787298660,459
1787298720,475
1787298780,399
1787298840,445
1787298900,457
1787298960,502
1787299020,293
1787299080,181
1787299140,240
1787299200,631
1787299260,518
1787299320,301
1787299380,480
1787299440,473
1787299500,580
1787299560,768
1787299620,415
1787299680,371
1787299740,521
1787299800,351
1787299860,336
1787299920,565
1787299980,543
1787300040,536
1787300100,479
1787300160,312
1787300220,533
1787300280,501
1787300340,684
1787300400,548
1787300460,762
1787300520,551
1787300580,679
1787300640,679
1787300700,759
1787300760,592
1787300820,523
1787300880,543
1787300940,750
1787301000,670
1787301060,511
1787301120,588
1787301180,450
1787301240,452
1787301300,458
1787301360,485
1787301420,532
1787301480,603
1787301540,577
1787301600,600
1787301660,423
1787301720,653
1787301780,330
1787301840,461
1787301900,410
1787301960,290
1787302020,292
1787302080,382
1787302140,403
1787302200,375
1787302260,482
1787302320,297
1787302380,296
1787302440,331
1787302500,276
1787302560,207
1787302620,371
1787302680,402
1787302740,336
1787302800,484
1787302860,460
1787302920,410
1787302980,453
1787303040,497
1787303100,264
1787303160,406
1787303220,360
1787303280,792
1787303340,935
1787303400,929
1787303460,501
1787303520,549
1787303580,704
1787303640,658
1787303700,581
1787303760,474
1787303820,393
1787303880,738
1787303940,637
1787304000,805
1787304060,803
1787304120,604
1787304180,768
1787304240,491
1787304300,452
1787304360,495
1787304420,508
1787304480,632
1787304540,441
1787304600,633
1787304660,549
1787304720,580
1787304780,505
1787304840,383
1787304900,654
1787304960,273
1787305020,330
1787305080,361
1787305140,343
1787305200,311
1787305260,207
1787305320,281
1787305380,212
1787305440,345
1787305500,444
1787305560,320
1787305620,299
1787305680,355
1787305740,348
1787305800,452
1787305860,425
1787305920,299
1787305980,425
1787306040,305
1787306100,402
1787306160,246
1787306220,213
1787306280,412
1787306340,318
1787306400,460
1787306460,596
1787306520,669
1787306580,546
1787306640,445
1787306700,709
1787306760,394
1787306820,431
1787306880,401
1787306940,569
1787307000,590
1787307060,496
1787307120,457
1787307180,543
1787307240,511
1787307300,492
1787307360,361
1787307420,387
1787307480,365
1787307540,395
1787307600,339
1787307660,477
1787307720,208
1787307780,162
1787307840,311
1787307900,263
1787307960,534
1787308020,331
1787308080,318
1787308140,336
1787308200,339
1787308260,299
1787308320,231
1787308380,271
1787308440,372
1787308500,384
1787308560,345
1787308620,372
1787308680,260
1787308740,181
1787308800,481
1787308860,432
1787308920,372
1787308980,320
1787309040,394
1787309100,448
1787309160,502
1787309220,417
1787309280,376
1787309340,430
1787309400,303
1787309460,301
1787309520,388
1787309580,561
1787309640,482
1787309700,343
1787309760,331
1787309820,371
1787309880,487
1787309940,561
1787310000,799
1787310060,518
1787310120,316
1787310180,376
1787310240,276
1787310300,357
1787310360,502
1787310420,414
1787310480,401
1787310540,494
1787310600,456
1787310660,494
1787310720,396
1787310780,357
1787310840,288
1787310900,437
1787310960,344
1787311020,457
1787311080,715
1787311140,470
1787311200,481
1787311260,502
1787311320,975
1787311380,437
1787311440,928
1787311500,953
1787311560,819
1787311620,620
1787311680,543
1787311740,530
1787311800,516
1787311860,571
1787311920,648
1787311980,515
1787312040,587
1787312100,665
1787312160,839
1787312220,592
1787312280,771
1787312340,689
1787312400,485
1787312460,493
1787312520,449
1787312580,391
1787312640,442
1787312700,373
1787312760,375
1787312820,522
1787312880,663
1787312940,567
1787313000,497
1787313060,519
1787313120,394
1787313180,468
1787313240,491
1787313300,399
1787313360,586
1787313420,516
1787313480,506
1787313540,438
1787313600,876
1787313660,768
1787313720,826
1787313780,989
1787313840,854
1787313900,1017
1787313960,903
1787314020,498
1787314080,690
1787314140,737
1787314200,928
1787314260,638
1787314320,410
1787314380,500
1787314440,833
1787314500,948
1787314560,814
1787314620,659
1787314680,721
1787314740,681
1787314800,939
1787314860,903
1787314920,847
1787314980,656
1787315040,704
1787315100,599
1787315160,411
1787315220,344
1787315280,296
1787315340,380
1787315400,889
1787315460,566
1787315520,963
1787315580,674
1787315640,530
1787315700,1243
1787315760,936
1787315820,918
1787315880,790
1787315940,1089
1787316000,1086
1787316060,1221
1787316120,801
1787316180,979
1787316240,840
1787316300,856
1787316360,523
1787316420,785
1787316480,744
1787316540,480
1787316600,636
1787316660,678
1787316720,671
1787316780,667
1787316840,600
1787316900,614
1787316960,767
1787317020,840
1787317080,727
1787317140,777
1787317200,1907
1787317260,1557
1787317320,924
1787317380,1118
1787317440,1204
1787317500,1174
1787317560,1288
1787317620,1066
1787317680,1091
1787317740,1095
1787317800,824
1787317860,1065
1787317920,590
1787317980,561
1787318040,551
1787318100,635
1787318160,816
1787318220,932
1787318280,1005
1787318340,872
1787318400,835
1787318460,509
1787318520,557
1787318580,610
1787318640,483
1787318700,731
1787318760,679
1787318820,677
1787318880,804
1787318940,711
1787319000,1858
1787319060,1585
1787319120,1667
1787319180,2054
1787319240,1862
1787319300,1516
1787319360,1577
1787319420,1661
1787319480,1863
1787319540,2258
1787319600,2124
1787319660,2111
1787319720,1626
1787319780,1534
1787319840,813
1787319900,906
1787319960,965
1787320020,1106
1787320080,1103
1787320140,1061
1787320200,833
1787320260,892
1787320320,1624
1787320380,1775
1787320440,1783
1787320500,1650
1787320560,1414
1787320620,1324
1787320680,1117
1787320740,872
1787320800,1501
1787320860,1252
1787320920,1347
1787320980,1603
1787321040,1059
1787321100,1145
1787321160,1035
1787321220,921
1787321280,1391
1787321340,1054
1787321400,1241
1787321460,1346
1787321520,1022
1787321580,1322
1787321640,1107
1787321700,1377
1787321760,1211
1787321820,1270
1787321880,1115
1787321940,1379
1787322000,1637
1787322060,1860
1787322120,1753
1787322180,1370
1787322240,1136
1787322300,1253
1787322360,1192
1787322420,1214
1787322480,1231
1787322540,1432
1787322600,1940
1787322660,1425
1787322720,1742
1787322780,1607
1787322840,1551
1787322900,2276
1787322960,2188
1787323020,1975
1787323080,2417
1787323140,1857
1787323200,2201
1787323260,1332
1787323320,1727
1787323380,1966
1787323440,1669
1787323500,1920
1787323560,1815
1787323620,1135
1787323680,1266
1787323740,1423
1787323800,1801
1787323860,1450
1787323920,1507
1787323980,1459
1787324040,1508
1787324100,1594
1787324160,1353
1787324220,1429
1787324280,1050
1787324340,1030
1787324400,1509
1787324460,1666
1787324520,1679
1787324580,1366
1787324640,1491
1787324700,1400
1787324760,1365
1787324820,1049
1787324880,1192
1787324940,1255
1787325000,1088
1787325060,1202
1787325120,1033
1787325180,981
1787325240,979
1787325300,1242
1787325360,1036
1787325420,953
1787325480,1080
1787325540,1087
1787325600,1024
1787325660,1024
1787325720,979
1787325780,976
1787325840,975
1787325900,1943
1787325960,1412
1787326020,1396
1787326080,1484
1787326140,1675
1787326200,1454
1787326260,1090
1787326320,1204
1787326380,1172
1787326440,1587
1787326500,1290
1787326560,913
1787326620,850
1787326680,861
1787326740,913
1787326800,885
1787326860,1239
1787326920,1224
1787326980,1262
1787327040,737
1787327100,1338
1787327160,1383
1787327220,1122
1787327280,1465
1787327340,1151
1787327400,1288
1787327460,1308
1787327520,937
1787327580,966
1787327640,1011
1787327700,1248
1787327760,1443
1787327820,1345
1787327880,1370
1787327940,1209
1787328000,1456
1787328060,1314
1787328120,1193
1787328180,956
1787328240,795
1787328300,1206
1787328360,910
1787328420,1034
1787328480,917
1787328540,1221
1787328600,854
1787328660,798
1787328720,649
1787328780,812
1787328840,829
1787328900,915
1787328960,786
1787329020,800
1787329080,751
1787329140,792
1787329200,1138
1787329260,2283
1787329320,1021
1787329380,892
1787329440,694
1787329500,702
1787329560,1047
1787329620,739
1787329680,486
1787329740,667
1787329800,971
1787329860,647
1787329920,781
1787329980,671
1787330040,853
1787330100,739
1787330160,968
1787330220,868
1787330280,989
1787330340,817
1787330400,633
1787330460,654
1787330520,762
1787330580,889
1787330640,891
1787330700,957
1787330760,776
1787330820,864
1787330880,897
1787330940,820
1787331000,885
1787331060,810
1787331120,862
1787331180,542
1787331240,637
1787331300,659
1787331360,755
1787331420,658
1787331480,572
1787331540,664
1787331600,828
1787331660,783
1787331720,771
1787331780,887
1787331840,741
1787331900,837
1787331960,672
1787332020,771
1787332080,833
1787332140,894
1787332200,1049
1787332260,1065
1787332320,1092
1787332380,1222
1787332440,1076
1787332500,1287
1787332560,958
1787332620,914
1787332680,914
1787332740,910
1787332800,732
1787332860,658
1787332920,818
1787332980,1480
1787333040,1310
1787333100,893
1787333160,1139
1787333220,641
1787333280,1212
1787333340,1607
1787333400,1089
1787333460,810
1787333520,799
1787333580,690
1787333640,596
1787333700,634
1787333760,477
1787333820,461
1787333880,457
1787333940,475
1787334000,532
1787334060,620
1787334120,745
1787334180,567
1787334240,734
1787334300,895
1787334360,952
1787334420,799
1787334480,659
1787334540,547
1787334600,697
1787334660,526
1787334720,402
1787334780,501
1787334840,645
1787334900,457
1787334960,352
1787335020,517
1787335080,471
1787335140,412
1787335200,461
1787335260,578
1787335320,567
1787335380,577
1787335440,404
1787335500,892
1787335560,642
1787335620,673
1787335680,545
1787335740,687
1787335800,653
1787335860,658
1787335920,342
1787335980,504
1787336040,533
1787336100,453
1787336160,384
1787336220,320
1787336280,263
1787336340,227
1787336400,330
1787336460,260
1787336520,342
1787336580,344
1787336640,514
1787336700,405
1787336760,318
1787336820,357
1787336880,407
1787336940,407
1787337000,627
1787337060,611
1787337120,541
1787337180,580
1787337240,532
1787337300,816
1787337360,390
1787337420,482
1787337480,594
1787337540,759
1787337600,507
1787337660,529
1787337720,439
1787337780,321
1787337840,440
1787337900,423
1787337960,323
1787338020,334
1787338080,708
1787338140,470
1787338200,462
1787338260,464
1787338320,420
1787338380,359
1787338440,325
1787338500,414
1787338560,372
1787338620,350
1787338680,404
1787338740,380
1787338800,1011
1787338860,491
1787338920,503
1787338980,451
1787339040,453
1787339100,623
1787339160,430
1787339220,458
1787339280,442
1787339340,376
1787339400,400
1787339460,421
1787339520,371
1787339580,446
1787339640,381
1787339700,414
1787339760,406
1787339820,405
1787339880,578
1787339940,442
1787340000,484
1787340060,331
1787340120,462
1787340180,449
1787340240,487
1787340300,538
1787340360,448
1787340420,281
1787340480,528
1787340540,328
1787340600,571
1787340660,268
1787340720,226
1787340780,277
1787340840,390
1787340900,635
1787340960,451
1787341020,310
1787341080,404
1787341140,461
1787341200,481
1787341260,514
1787341320,547
1787341380,545
1787341440,333
1787341500,309
1787341560,435
1787341620,579
1787341680,692
1787341740,551
1787341800,740
1787341860,307
1787341920,265
1787341980,470
1787342040,383
1787342100,969
1787342160,704
1787342220,658
1787342280,719
1787342340,1176
1787342400,484
1787342460,302
1787342520,219
1787342580,194
1787342640,116
1787342700,162
1787342760,137
1787342820,166
1787342880,247
1787342940,254
1787343000,292
1787343060,183
1787343120,160
1787343180,146
1787343240,176
1787343300,236
1787343360,167
1787343420,304
1787343480,410
1787343540,461
1787343600,450
1787343660,399
1787343720,234
1787343780,255
1787343840,243
1787343900,215
1787343960,284
1787344020,199
1787344080,244
1787344140,146
1787344200,337
1787344260,174
1787344320,191
1787344380,133
1787344440,180
1787344500,77
1787344560,286
1787344620,204
1787344680,386
1787344740,174
1787344800,264
1787344860,168
1787344920,138
1787344980,249
1787345040,114
1787345100,312
1787345160,210
1787345220,241
1787345280,536
1787345340,360
1787345400,511
1787345460,662
1787345520,613
1787345580,648
1787345640,396
1787345700,270
1787345760,268
1787345820,235
1787345880,239
1787345940,33
1787522640,37
1787522700,445
1787522760,290
1787522820,155
1787522880,231
1787522940,282
1787523000,395
1787523060,276
1787523120,270
1787523180,206
1787523240,251
1787523300,387
1787523360,377
1787523420,559
1787523480,430
1787523540,515
1787523600,476
1787523660,423
1787523720,264
1787523780,214
1787523840,222
1787523900,169
1787523960,283
1787524020,356
1787524080,168
1787524140,149
1787524200,258
1787524260,348
1787524320,216
1787524380,253
1787524440,241
1787524500,253
1787524560,264
1787524620,305
1787524680,216
1787524740,247
1787524800,334
1787524860,277
1787524920,417
1787524980,367
1787525040,190
1787525100,277
1787525160,293
1787525220,384
1787525280,259
1787525340,277
1787525400,287
1787525460,201
1787525520,219
1787525580,138
1787525640,216
1787525700,137
1787525760,173
1787525820,154
1787525880,171
1787525940,129
1787526000,271
1787526060,244
1787526120,376
1787526180,214
1787526240,159
1787526300,283
1787526360,204
1787526420,127
1787526480,103
1787526540,108
1787526600,248
1787526660,113
1787526720,138
1787526780,148
1787526840,132
1787526900,133
1787526960,130
1787527020,147
1787527080,183
1787527140,174
1787527200,191
1787527260,204
1787527320,311
1787527380,374
1787527440,235
1787527500,294
1787527560,293
1787527620,230
1787527680,190
1787527740,236
1787527800,282
1787527860,299
1787527920,154
1787527980,329
1787528040,405
1787528100,227
1787528160,318
1787528220,143
1787528280,214
1787528340,304
1787528400,208
1787528460,311
1787528520,256
1787528580,286
1787528640,378
1787528700,456
1787528760,552
1787528820,717
1787528880,584
1787528940,397
1787529000,678
1787529060,523
1787529120,305
1787529180,148
1787529240,1104
1787529300,402
1787529360,620
1787529420,365
1787529480,362
1787529540,323
1787529600,1622
1787529660,1192
1787529720,830
1787529780,1133
1787529840,856
1787529900,1708
1787529960,893
1787530020,1128
1787530080,1196
1787530140,765
1787530200,893
1787530260,953
1787530320,857
1787530380,741
1787530440,820
1787530500,922
1787530560,1196
1787530620,1335
1787530680,1235
1787530740,755
1787530800,919
1787530860,1528
1787530920,1554
1787530980,984
1787531040,1391
1787531100,2087
1787531160,2255
1787531220,1697
1787531280,992
1787531340,1279
1787531400,1450
1787531460,1033
1787531520,789
1787531580,800
1787531640,959
1787531700,1716
1787531760,1020
1787531820,1074
1787531880,1351
1787531940,890
1787532000,896
1787532060,778
1787532120,610
1787532180,684
1787532240,735
1787532300,1018
1787532360,1024
1787532420,871
1787532480,1142
1787532540,863
1787532600,830
1787532660,638
1787532720,732
1787532780,668
1787532840,586
1787532900,767
1787532960,890
1787533020,623
1787533080,810
1787533140,781
1787533200,1960
1787533260,1914
1787533320,2441
1787533380,2120
1787533440,2194
1787533500,1577
1787533560,1490
1787533620,1261
1787533680,1765
1787533740,1361
1787533800,1657
1787533860,1334
1787533920,985
1787533980,786
1787534040,1124
1787534100,1292
1787534160,1510
1787534220,1115
1787534280,973
1787534340,1286
1787534400,1486
1787534460,1241
1787534520,1021
1787534580,1423
1787534640,1454
1787534700,1216
1787534760,1041
1787534820,1453
1787534880,1122
1787534940,1362
1787535000,1619
1787535060,1382
1787535120,1077
1787535180,1165
1787535240,780
1787535300,1418
1787535360,1092
1787535420,871
1787535480,1141
1787535540,1037
1787535600,1143
1787535660,782
1787535720,666
1787535780,745
1787535840,626
1787535900,857
1787535960,894
1787536020,631
1787536080,724
1787536140,851
1787536200,1016
1787536260,784
1787536320,810
1787536380,975
1787536440,655
1787536500,592
1787536560,788
1787536620,617
1787536680,804
1787536740,651
1787536800,1083
1787536860,905
1787536920,686
1787536980,844
1787537040,871
1787537100,647
1787537160,922
1787537220,703
1787537280,517
1787537340,859
1787537400,1245
1787537460,1181
1787537520,1026
1787537580,906
1787537640,764
1787537700,493
1787537760,676
1787537820,607
1787537880,706
1787537940,733
1787538000,833
1787538060,565
1787538120,600
1787538180,529
1787538240,696
1787538300,568
1787538360,389
1787538420,641
1787538480,531
1787538540,466
1787538600,1424
1787538660,1396
1787538720,1222
1787538780,931
1787538840,730
1787538900,966
1787538960,974
1787539020,838
1787539080,847
1787539140,951
1787539200,1254
1787539260,1300
1787539320,959
1787539380,595
1787539440,830
1787539500,708
1787539560,823
1787539620,629
1787539680,635
1787539740,792
1787539800,954
1787539860,810
1787539920,659
1787539980,876
1787540040,667
1787540100,1095
1787540160,1141
1787540220,817
1787540280,607
1787540340,458
1787540400,783
1787540460,679
1787540520,752
1787540580,572
1787540640,365
1787540700,420
1787540760,551
1787540820,649
1787540880,747
1787540940,778
1787541000,954
1787541060,1039
1787541120,1055
1787541180,812
1787541240,468
1787541300,620
1787541360,521
1787541420,549
1787541480,478
1787541540,615
1787541600,1036
1787541660,662
1787541720,556
1787541780,746
1787541840,654
1787541900,740
1787541960,679
1787542020,797
1787542080,806
1787542140,1024
1787542200,841
1787542260,548
1787542320,563
1787542380,669
1787542440,572
1787542500,485
1787542560,477
1787542620,508
1787542680,337
1787542740,401
1787542800,318
1787542860,370
1787542920,522
1787542980,371
1787543040,436
1787543100,192
1787543160,229
1787543220,334
1787543280,414
1787543340,390
1787543400,363
1787543460,392
1787543520,374
1787543580,347
1787543640,354
1787543700,402
1787543760,604
1787543820,412
1787543880,311
1787543940,317
1787544000,692
1787544060,404
1787544120,258
1787544180,427
1787544240,334
1787544300,726
1787544360,533
1787544420,507
1787544480,345
1787544540,461
1787544600,675
1787544660,690
1787544720,556
1787544780,532
1787544840,405
1787544900,450
1787544960,475
1787545020,314
1787545080,494
1787545140,468
1787545200,520
1787545260,440
1787545320,394
1787545380,416
1787545440,514
1787545500,641
1787545560,684
1787545620,493
1787545680,431
1787545740,545
1787545800,650
1787545860,445
1787545920,591
1787545980,549
1787546040,433
1787546100,358
1787546160,359
1787546220,373
1787546280,582
1787546340,538
1787546400,443
1787546460,490
1787546520,577
1787546580,354
1787546640,452
1787546700,576
1787546760,397
1787546820,406
1787546880,546
1787546940,476
1787547000,548
1787547060,427
1787547120,265
1787547180,414
1787547240,363
1787547300,484
1787547360,506
1787547420,359
1787547480,409
1787547540,417
1787547600,668
1787547660,788
1787547720,386
1787547780,345
1787547840,400
1787547900,524
1787547960,405
1787548020,436
1787548080,575
1787548140,583
1787548200,585
1787548260,283
1787548320,233
1787548380,330
1787548440,446
1787548500,598
1787548560,412
1787548620,384
1787548680,391
1787548740,446
1787548800,600
1787548860,612
1787548920,642
1787548980,595
1787549040,447
1787549100,427
1787549160,386
1787549220,477
1787549280,599
1787549340,602
1787549400,1882
1787549460,1415
1787549520,906
1787549580,1345
1787549640,1138
1787549700,956
1787549760,565
1787549820,1136
1787549880,1065
1787549940,746
1787550000,847
1787550060,825
1787550120,997
1787550180,997
1787550240,718
1787550300,793
1787550360,976
1787550420,965
1787550480,790
1787550540,778
1787550600,856
1787550660,839
1787550720,683
1787550780,670
1787550840,672
1787550900,623
1787550960,730
1787551020,653
1787551080,694
1787551140,572
1787551200,1407
1787551260,1126
1787551320,1085
1787551380,1029
1787551440,802
1787551500,994
1787551560,885
1787551620,567
1787551680,587
1787551740,634
1787551800,648
1787551860,903
1787551920,906
1787551980,921
1787552040,518
1787552100,840
1787552160,672
1787552220,936
1787552280,718
1787552340,620
1787552400,707
1787552460,1040
1787552520,901
1787552580,813
1787552640,1009
1787552700,738
1787552760,715
1787552820,512
1787552880,517
1787552940,610
1787553000,629
1787553060,722
1787553120,841
1787553180,943
1787553240,876
1787553300,875
1787553360,893
1787553420,883
1787553480,846
1787553540,743
1787553600,875
1787553660,909
1787553720,732
1787553780,659
1787553840,920
1787553900,853
1787553960,803
1787554020,743
1787554080,447
1787554140,701
1787554200,657
1787554260,867
1787554320,621
1787554380,619
1787554440,543
1787554500,569
1787554560,578
1787554620,611
1787554680,500
1787554740,552
1787554800,890
1787554860,763
1787554920,559
1787554980,593
1787555040,639
1787555100,540
1787555160,509
1787555220,787
1787555280,590
1787555340,854
1787555400,1048
1787555460,1074
1787555520,828
1787555580,914
1787555640,859
1787555700,777
1787555760,1062
1787555820,898
1787555880,596
1787555940,552
1787556000,948
1787556060,836
1787556120,1030
1787556180,999
1787556240,843
1787556300,892
1787556360,1119
1787556420,556
1787556480,775
1787556540,950
1787556600,834
1787556660,704
1787556720,702
1787556780,782
1787556840,818
1787556900,984
1787556960,689
1787557020,602
1787557080,856
1787557140,890
1787557200,588
1787557260,1003
1787557320,1338
1787557380,1406
1787557440,925
1787557500,807
1787557560,683
1787557620,1005
1787557680,1226
1787557740,935
1787557800,1040
1787557860,1013
1787557920,925
1787557980,760
1787558040,681
1787558100,631
1787558160,628
1787558220,642
1787558280,540
1787558340,752
1787558400,1383
1787558460,1171
1787558520,833
1787558580,563
1787558640,769
1787558700,800
1787558760,1153
1787558820,1710
1787558880,755
1787558940,561
1787559000,545
1787559060,648
1787559120,539
1787559180,340
1787559240,559
1787559300,721
1787559360,529
1787559420,585
1787559480,467
1787559540,554
1787559600,489
1787559660,485
1787559720,442
1787559780,578
1787559840,608
1787559900,678
1787559960,609
1787560020,516
1787560080,443
1787560140,660
1787560200,1276
1787560260,812
1787560320,601
1787560380,757
1787560440,501
1787560500,428
1787560560,466
1787560620,560
1787560680,402
1787560740,710
1787560800,506
1787560860,783
1787560920,774
1787560980,1005
1787561040,803
1787561100,666
1787561160,569
1787561220,547
1787561280,404
1787561340,371
1787561400,288
1787561460,391
1787561520,240
1787561580,254
1787561640,329
1787561700,274
1787561760,338
1787561820,578
1787561880,324
1787561940,297
1787562000,678
1787562060,670
1787562120,873
1787562180,520
1787562240,395
1787562300,551
1787562360,487
1787562420,555
1787562480,314
1787562540,386
1787562600,406
1787562660,408
1787562720,462
1787562780,302
1787562840,329
1787562900,393
1787562960,466
1787563020,472
1787563080,571
1787563140,601
1787563200,491
1787563260,379
1787563320,362
1787563380,294
1787563440,496
1787563500,670
1787563560,574
1787563620,181
1787563680,310
1787563740,306
1787563800,535
1787563860,648
1787563920,1029
1787563980,932
1787564040,521
1787564100,582
1787564160,846
1787564220,650
1787564280,431
1787564340,629
1787564400,633
1787564460,738
1787564520,520
1787564580,423
1787564640,580
1787564700,564
1787564760,505
1787564820,557
1787564880,502
1787564940,426
1787565000,456
1787565060,324
1787565120,273
1787565180,426
1787565240,245
1787565300,248
1787565360,271
1787565420,302
1787565480,182
1787565540,365
1787565600,785
1787565660,436
1787565720,319
1787565780,431
1787565840,405
1787565900,583
1787565960,550
1787566020,487
1787566080,594
1787566140,408
1787566200,530
1787566260,580
1787566320,798
1787566380,675
1787566440,668
1787566500,627
1787566560,458
1787566620,577
1787566680,346
1787566740,228
1787566800,439
1787566860,483
1787566920,383
1787566980,469
1787567040,336
1787567100,489
1787567160,410
1787567220,502
1787567280,486
1787567340,208
1787567400,265
1787567460,387
1787567520,324
1787567580,410
1787567640,411
1787567700,325
1787567760,505
1787567820,405
1787567880,471
1787567940,321
1787568000,431
1787568060,484
1787568120,378
1787568180,319
1787568240,413
1787568300,622
1787568360,438
1787568420,502
1787568480,468
1787568540,435
1787568600,599
1787568660,509
1787568720,622
1787568780,493
1787568840,503
1787568900,622
1787568960,452
1787569020,393
1787569080,403
1787569140,458
1787569200,909
1787569260,542
1787569320,837
1787569380,519
1787569440,499
1787569500,734
1787569560,705
1787569620,450
1787569680,422
1787569740,408
1787569800,298
1787569860,332
1787569920,326
1787569980,441
1787570040,320
1787570100,232
1787570160,190
1787570220,256
1787570280,382
1787570340,316
1787570400,374
1787570460,298
1787570520,237
1787570580,292
1787570640,502
1787570700,450
1787570760,452
1787570820,217
1787570880,337
1787570940,239
1787571000,486
1787571060,385
1787571120,1155
1787571180,392
1787571240,996
1787571300,2809
1787571360,2200
1787571420,2316
1787571480,2160
1787571540,1728
1787571600,1624
1787571660,1559
1787571720,1596
1787571780,1189
1787571840,1224
1787571900,1227
1787571960,1451
1787572020,1160
1787572080,912
1787572140,779
1787572200,551
1787572260,587
1787572320,921
1787572380,751
1787572440,1073
1787572500,828
1787572560,695
1787572620,739
1787572680,684
1787572740,591
1787572800,1029
1787572860,1139
1787572920,1085
1787572980,586
1787573040,716
1787573100,880
1787573160,780
1787573220,783
1787573280,691
1787573340,632
1787573400,666
1787573460,669
1787573520,813
1787573580,717
1787573640,820
1787573700,759
1787573760,840
1787573820,684
1787573880,769
1787573940,641
1787574000,1707
1787574060,1016
1787574120,904
1787574180,792
1787574240,729
1787574300,905
1787574360,589
1787574420,689
1787574480,502
1787574540,607
1787574600,725
1787574660,822
1787574720,1237
1787574780,1635
1787574840,570
1787574900,658
1787574960,747
1787575020,945
1787575080,936
1787575140,1006
1787575200,992
1787575260,1234
1787575320,1411
1787575380,930
1787575440,756
1787575500,876
1787575560,720
1787575620,669
1787575680,558
1787575740,376
1787575800,439
1787575860,976
1787575920,842
1787575980,706
1787576040,406
1787576100,537
1787576160,371
1787576220,853
1787576280,644
1787576340,667
1787576400,1873
1787576460,1645
1787576520,1104
1787576580,879
1787576640,883
1787576700,928
1787576760,812
1787576820,936
1787576880,887
1787576940,665
1787577000,783
1787577060,953
1787577120,931
1787577180,600
1787577240,785
1787577300,886
1787577360,911
1787577420,801
1787577480,871
1787577540,687
1787577600,905
1787577660,788
1787577720,730
1787577780,905
1787577840,861
1787577900,805
1787577960,1094
1787578020,817
1787578080,928
1787578140,997
1787578200,2109
1787578260,1424
1787578320,1838
1787578380,2465
1787578440,2624
1787578500,2687
1787578560,2166
1787578620,2330
1787578680,2250
1787578740,2345
1787578800,2862
1787578860,2090
1787578920,1910
1787578980,2206
1787579040,2451
1787579100,2055
1787579160,2509
1787579220,2021
1787579280,1540
1787579340,1261
1787579400,1053
1787579460,1281
1787579520,1946
1787579580,2204
1787579640,2320
1787579700,2025
1787579760,1758
1787579820,1417
1787579880,1968
1787579940,1893
1787580000,1681
1787580060,2039
1787580120,1628
1787580180,1582
1787580240,2003
1787580300,2006
1787580360,2398
1787580420,1914
1787580480,2311
1787580540,2039
1787580600,1830
1787580660,2320
1787580720,2219
1787580780,2353
1787580840,2142
1787580900,2288
1787580960,2190
1787581020,2225
1787581080,2039
1787581140,1877
1787581200,1639
1787581260,1652
1787581320,1371
1787581380,1587
1787581440,1657
1787581500,1535
1787581560,1734
1787581620,1939
1787581680,1601
1787581740,1355
1787581800,1636
1787581860,1447
1787581920,1336
1787581980,1200
1787582040,1447
1787582100,1278
1787582160,1123
1787582220,878
1787582280,1515
1787582340,1087
1787582400,1047
1787582460,1399
1787582520,1589
1787582580,1498
1787582640,1447
1787582700,1397
1787582760,1611
1787582820,1386
1787582880,1338
1787582940,1241
1787583000,1667
1787583060,2032
1787583120,1522
1787583180,1579
1787583240,1338
1787583300,1637
1787583360,1645
1787583420,1924
1787583480,892
1787583540,1095
1787583600,1783
1787583660,910
1787583720,1257
1787583780,1505
1787583840,1566
1787583900,1510
1787583960,1196
1787584020,994
1787584080,1127
1787584140,1276
1787584200,718
1787584260,911
1787584320,1021
1787584380,919
1787584440,810
1787584500,1009
1787584560,1051
1787584620,957
1787584680,912
1787584740,841
1787584800,974
1787584860,714
1787584920,902
1787584980,983
1787585040,976
1787585100,1007
1787585160,1080
1787585220,880
1787585280,921
1787585340,2529
1787585400,1672
1787585460,1449
1787585520,1446
1787585580,1101
1787585640,1093
1787585700,1155
1787585760,1162
1787585820,1250
1787585880,1093
1787585940,932
1787586000,1248
1787586060,1035
1787586120,1061
1787586180,1306
1787586240,1110
1787586300,1297
1787586360,1565
1787586420,987
1787586480,1703
1787586540,1824
1787586600,1430
1787586660,1241
1787586720,1134
1787586780,1207
1787586840,1099
1787586900,1607
1787586960,1485
1787587020,1768
1787587080,2278
1787587140,1492
1787587200,1956
1787587260,1876
1787587320,2188
1787587380,1347
1787587440,1092
1787587500,749
1787587560,667
1787587620,681
1787587680,773
1787587740,852
1787587800,910
1787587860,473
1787587920,567
1787587980,379
1787588040,414
1787588100,788
1787588160,1136
1787588220,624
1787588280,425
1787588340,276
1787588400,408
1787588460,539
1787588520,459
1787588580,689
1787588640,615
1787588700,738
1787588760,475
1787588820,544
1787588880,663
1787588940,530
1787589000,618
1787589060,357
1787589120,480
1787589180,440
1787589240,671
1787589300,733
1787589360,655
1787589420,559
1787589480,636
1787589540,354
1787589600,570
1787589660,520
1787589720,510
1787589780,632
1787589840,991
1787589900,937
1787589960,912
1787590020,899
1787590080,794
1787590140,802
1787590200,847
1787590260,987
1787590320,848
1787590380,611
1787590440,800
1787590500,1059
1787590560,1577
1787590620,1241
1787590680,1177
1787590740,1112
1787590800,1431
1787590860,1670
1787590920,1581
1787590980,1442
1787591040,1191
1787591100,1499
1787591160,1435
1787591220,1958
1787591280,2129
1787591340,1093
1787591400,660
1787591460,1355
1787591520,742
1787591580,1224
1787591640,1379
1787591700,896
1787591760,1713
1787591820,1546
1787591880,1180
1787591940,1039
1787592000,2320
1787592060,2648
1787592120,2488
1787592180,2129
1787592240,1800
1787592300,1354
1787592360,914
1787592420,1063
1787592480,977
1787592540,1631
1787592600,1624
1787592660,1431
1787592720,1578
1787592780,1621
1787592840,870
1787592900,1037
1787592960,1400
1787593020,1442
1787593080,1028
1787593140,956
1787593200,914
1787593260,964
1787593320,654
1787593380,701
1787593440,888
1787593500,900
1787593560,873
1787593620,857
1787593680,887
1787593740,1135
1787593800,1194
1787593860,850
1787593920,986
1787593980,1000
1787594040,642
1787594100,718
1787594160,998
1787594220,1086
1787594280,684
1787594340,699
1787594400,1028
1787594460,793
1787594520,864
1787594580,927
1787594640,672
1787594700,672
1787594760,1172
1787594820,891
1787594880,1334
1787594940,1617
1787595000,1108
1787595060,640
1787595120,774
1787595180,991
1787595240,1178
1787595300,1142
1787595360,1138
1787595420,1163
1787595480,884
1787595540,819
1787595600,1166
1787595660,856
1787595720,1044
1787595780,804
1787595840,1036
1787595900,1092
1787595960,745
1787596020,928
1787596080,959
1787596140,1066
1787596200,1348
1787596260,1044
1787596320,869
1787596380,880
1787596440,904
1787596500,1151
1787596560,1327
1787596620,1347
1787596680,1292
1787596740,1516
1787596800,891
1787596860,888
1787596920,876
1787596980,584
1787597040,613
1787597100,702
1787597160,1092
1787597220,913
1787597280,885
1787597340,1042
1787597400,904
1787597460,611
1787597520,900
1787597580,808
1787597640,452
1787597700,836
1787597760,902
1787597820,817
1787597880,675
1787597940,787
1787598000,1251
1787598060,859
1787598120,699
1787598180,896
1787598240,665
1787598300,684
1787598360,582
1787598420,885
1787598480,823
1787598540,891
1787598600,775
1787598660,719
1787598720,829
1787598780,556
1787598840,690
1787598900,819
1787598960,659
1787599020,935
1787599080,696
1787599140,814
1787599200,716
1787599260,821
1787599320,798
1787599380,663
1787599440,660
1787599500,710
1787599560,691
1787599620,654
1787599680,703
1787599740,708
1787599800,1016
1787599860,1110
1787599920,1041
1787599980,822
1787600040,528
1787600100,703
1787600160,838
1787600220,682
1787600280,607
1787600340,719
1787600400,1007
1787600460,782
1787600520,1125
1787600580,684
1787600640,605
1787600700,987
1787600760,87
1787600820,715
1787600880,688
1787600940,1016
1787601000,1434
1787601060,1028
1787601120,1236
1787601180,1084
1787601240,1100
1787601300,1104
1787601360,1258
1787601420,1054
1787601480,1074
1787601540,1729
1787601600,792
1787601660,488
1787601720,432
1787601780,311
1787601840,434
1787601900,275
1787601960,273
1787602020,303
1787602080,160
1787602140,150
1787602200,297
1787602260,385
1787602320,500
1787602380,217
1787602440,241
1787602500,295
1787602560,195
1787602620,229
1787602680,156
1787602740,247
1787602800,319
1787602860,253
1787602920,230
1787602980,189
1787603040,188
1787603100,126
1787603160,195
1787603220,164
1787603280,76
1787603340,142
1787603400,158
1787603460,192
1787603520,170
1787603580,208
1787603640,100
1787603700,162
1787603760,151
1787603820,224
1787603880,153
1787603940,94
1787604000,79
1787604060,169
1787604120,162
1787604180,130
1787604240,74
1787604300,505
1787604360,313
1787604420,208
1787604480,190
1787604540,415
1787604600,353
1787604660,193
1787604720,214
1787604780,164
1787604840,185
1787604900,292
1787604960,103
1787605020,224
1787605080,300
1787605140,31
1787609040,14
1787609100,295
1787609160,275
1787609220,267
1787609280,264
1787609340,192
1787609400,163
1787609460,151
1787609520,119
1787609580,164
1787609640,155
1787609700,181
1787609760,114
1787609820,95
1787609880,97
1787609940,95
1787610000,229
1787610060,149
1787610120,150
1787610180,121
1787610240,109
1787610300,88
1787610360,113
1787610420,161
1787610480,158
1787610540,107
1787610600,202
1787610660,200
1787610720,134
1787610780,82
1787610840,115
1787610900,197
1787610960,146
1787611020,128
1787611080,111
1787611140,141
1787611200,104
1787611260,131
1787611320,131
1787611380,88
1787611440,83
1787611500,91
1787611560,123
1787611620,164
1787611680,120
1787611740,102
1787611800,81
1787611860,183
1787611920,187
1787611980,217
1787612040,130
1787612100,83
1787612160,221
1787612220,112
1787612280,76
1787612340,263
1787612400,309
1787612460,203
1787612520,165
1787612580,103
1787612640,115
1787612700,195
1787612760,128
1787612820,245
1787612880,165
1787612940,119
1787613000,240
1787613060,382
1787613120,274
1787613180,97
1787613240,147
1787613300,404
1787613360,366
1787613420,192
1787613480,164
1787613540,213
1787613600,191
1787613660,128
1787613720,220
1787613780,215
1787613840,161
1787613900,172
1787613960,229
1787614020,401
1787614080,294
1787614140,173
1787614200,374
1787614260,205
1787614320,240
1787614380,292
1787614440,363
1787614500,214
1787614560,165
1787614620,269
1787614680,364
1787614740,305
1787614800,234
1787614860,336
1787614920,436
1787614980,358
1787615040,420
1787615100,480
1787615160,494
1787615220,472
1787615280,404
1787615340,475
1787615400,971
1787615460,730
1787615520,469
1787615580,501
1787615640,511
1787615700,455
1787615760,379
1787615820,473
1787615880,566
1787615940,482
1787616000,2038
1787616060,1222
1787616120,1037
1787616180,1252
1787616240,1018
1787616300,1369
1787616360,976
1787616420,1360
1787616480,1345
1787616540,1017
1787616600,813
1787616660,1157
1787616720,780
1787616780,876
1787616840,853
1787616900,1209
1787616960,1184
1787617020,1118
1787617080,747
1787617140,860
1787617200,950
1787617260,837
1787617320,445
1787617380,642
1787617440,593
1787617500,925
1787617560,685
1787617620,841
1787617680,1046
1787617740,666
1787617800,1113
1787617860,1109
1787617920,1616
1787617980,1245
1787618040,995
1787618100,794
1787618160,852
1787618220,831
1787618280,821
1787618340,699
1787618400,819
1787618460,628
1787618520,1018
1787618580,950
1787618640,466
1787618700,531
1787618760,1113
1787618820,963
1787618880,1045
1787618940,646
1787619000,659
1787619060,870
1787619120,719
1787619180,525
1787619240,559
1787619300,428
1787619360,437
1787619420,436
1787619480,370
1787619540,887
1787619600,2268
1787619660,1779
1787619720,1392
1787619780,1272
1787619840,1225
1787619900,1296
1787619960,1023
1787620020,1053
1787620080,1075
1787620140,824
1787620200,1013
1787620260,897
1787620320,834
1787620380,992
1787620440,1028
1787620500,1243
1787620560,989
1787620620,1270
1787620680,1083
1787620740,800
1787620800,967
1787620860,758
1787620920,937
1787620980,869
1787621040,1131
1787621100,1080
1787621160,934
1787621220,1031
1787621280,693
1787621340,801
1787621400,914
1787621460,1303
1787621520,1210
1787621580,1144
1787621640,1010
1787621700,1134
1787621760,1158
1787621820,653
1787621880,715
1787621940,898
1787622000,1041
1787622060,1248
1787622120,1025
1787622180,1359
1787622240,1089
1787622300,1117
1787622360,1162
1787622420,1347
1787622480,944
1787622540,849
1787622600,1040
1787622660,1301
1787622720,755
1787622780,954
1787622840,1137
1787622900,1057
1787622960,705
1787623020,727
1787623080,896
1787623140,995
1787623200,1451
1787623260,1347
1787623320,1229
1787623380,1331
1787623440,1380
1787623500,1782
1787623560,1922
1787623620,2032
1787623680,1562
1787623740,1767
1787623800,1169
1787623860,1398
1787623920,1333
1787623980,1210
1787624040,1239
1787624100,1068
1787624160,1000
1787624220,778
1787624280,816
1787624340,644
1787624400,758
1787624460,724
1787624520,665
1787624580,327
1787624640,587
1787624700,596
1787624760,380
1787624820,403
1787624880,516
1787624940,447
1787625000,1750
1787625060,1585
1787625120,1633
1787625180,1685
1787625240,1096
1787625300,1234
1787625360,732
1787625420,885
1787625480,1101
1787625540,1025
1787625600,1288
1787625660,922
1787625720,776
1787625780,1161
1787625840,1759
1787625900,1600
1787625960,1366
1787626020,1362
1787626080,1373
1787626140,1513
1787626200,1486
1787626260,2284
1787626320,1534
1787626380,1487
1787626440,1086
1787626500,1325
1787626560,1673
1787626620,1421
1787626680,1224
1787626740,1560
1787626800,1496
1787626860,1035
1787626920,1225
1787626980,1279
1787627040,1341
1787627100,1404
1787627160,1231
1787627220,831
1787627280,786
1787627340,1139
1787627400,701
1787627460,551
1787627520,850
1787627580,731
1787627640,679
1787627700,1012
1787627760,953
1787627820,893
1787627880,765
1787627940,598
1787628000,920
1787628060,831
1787628120,676
1787628180,778
1787628240,626
1787628300,813
1787628360,942
1787628420,785
1787628480,700
1787628540,715
1787628600,680
1787628660,553
1787628720,441
1787628780,687
1787628840,384
1787628900,433
1787628960,310
1787629020,275
1787629080,450
1787629140,566
1787629200,713
1787629260,444
1787629320,335
1787629380,363
1787629440,359
1787629500,540
1787629560,382
1787629620,816
1787629680,510
1787629740,371
1787629800,221
1787629860,208
1787629920,286
1787629980,293
1787630040,819
1787630100,455
1787630160,449
1787630220,302
1787630280,349
1787630340,351
1787630400,694
1787630460,557
1787630520,346
1787630580,550
1787630640,477
1787630700,296
1787630760,264
1787630820,253
1787630880,345
1787630940,268
1787631000,444
1787631060,271
1787631120,347
1787631180,357
1787631240,403
1787631300,360
1787631360,230
1787631420,321
1787631480,317
1787631540,265
1787631600,222
1787631660,309
1787631720,487
1787631780,349
1787631840,346
1787631900,294
1787631960,364
1787632020,274
1787632080,257
1787632140,372
1787632200,446
1787632260,372
1787632320,601
1787632380,658
1787632440,680
1787632500,744
1787632560,386
1787632620,270
1787632680,590
1787632740,403
1787632800,463
1787632860,666
1787632920,812
1787632980,367
1787633040,414
1787633100,571
1787633160,370
1787633220,497
1787633280,531
1787633340,616
1787633400,662
1787633460,669
1787633520,667
1787633580,419
1787633640,437
1787633700,423
1787633760,393
1787633820,439
1787633880,274
1787633940,512
1787634000,750
1787634060,863
1787634120,608
1787634180,375
1787634240,311
1787634300,658
1787634360,519
1787634420,622
1787634480,627
1787634540,461
1787634600,327
1787634660,468
1787634720,468
1787634780,412
1787634840,552
1787634900,343
1787634960,416
1787635020,490
1787635080,333
1787635140,470
1787635200,559
1787635260,493
1787635320,389
1787635380,348
1787635440,376
1787635500,527
1787635560,352
1787635620,416
1787635680,420
1787635740,426
1787635800,1690
1787635860,823
1787635920,920
1787635980,901
1787636040,1025
1787636100,963
1787636160,719
1787636220,514
1787636280,582
1787636340,569
1787636400,692
1787636460,793
1787636520,808
1787636580,884
1787636640,626
1787636700,663
1787636760,596
1787636820,592
1787636880,775
1787636940,809
1787637000,736
1787637060,696
1787637120,743
1787637180,668
1787637240,760
1787637300,803
1787637360,797
1787637420,670
1787637480,617
1787637540,438
1787637600,1021
1787637660,547
1787637720,628
1787637780,615
1787637840,540
1787637900,498
1787637960,471
1787638020,625
1787638080,571
1787638140,717
1787638200,860
1787638260,638
1787638320,748
1787638380,718
1787638440,550
1787638500,582
1787638560,628
1787638620,660
1787638680,448
1787638740,484
1787638800,192
1787638860,376
1787638920,552
1787638980,799
1787639040,582
1787639100,512
1787639160,540
1787639220,413
1787639280,540
1787639340,466
1787639400,637
1787639460,262
1787639520,484
1787639580,462
1787639640,483
1787639700,497
1787639760,617
1787639820,936
1787639880,802
1787639940,818
1787640000,927
1787640060,861
1787640120,886
1787640180,734
1787640240,598
1787640300,654
1787640360,519
1787640420,625
1787640480,717
1787640540,604
1787640600,540
1787640660,608
1787640720,535
1787640780,625
1787640840,777
1787640900,582
1787640960,640
1787641020,828
1787641080,591
1787641140,964
1787641200,1318
1787641260,904
1787641320,1049
1787641380,702
1787641440,767
1787641500,1040
1787641560,802
1787641620,1008
1787641680,756
1787641740,534
1787641800,461
1787641860,638
1787641920,629
1787641980,510
1787642040,383
1787642100,760
1787642160,759
1787642220,551
1787642280,638
1787642340,447
1787642400,371
1787642460,204
1787642520,226
1787642580,494
1787642640,410
1787642700,479
1787642760,420
1787642820,451
1787642880,644
1787642940,754
1787643000,402
1787643060,364
1787643120,499
1787643180,503
1787643240,298
1787643300,549
1787643360,481
1787643420,632
1787643480,610
1787643540,661
1787643600,518
1787643660,358
1787643720,409
1787643780,383
1787643840,540
1787643900,382
1787643960,368
1787644020,370
1787644080,299
1787644140,417
1787644200,415
1787644260,724
1787644320,466
1787644380,612
1787644440,577
1787644500,669
1787644560,625
1787644620,547
1787644680,376
1787644740,298
1787644800,905
1787644860,839
1787644920,709
1787644980,564
1787645040,579
1787645100,555
1787645160,562
1787645220,432
1787645280,677
1787645340,860
1787645400,766
1787645460,645
1787645520,521
1787645580,488
1787645640,510
1787645700,663
1787645760,264
1787645820,336
1787645880,357
1787645940,589
1787646000,627
1787646060,646
1787646120,770
1787646180,1379
1787646240,3134
1787646300,1761
1787646360,735
1787646420,408
1787646480,810
1787646540,445
1787646600,409
1787646660,453
1787646720,489
1787646780,912
1787646840,1071
1787646900,734
1787646960,781
1787647020,638
1787647080,776
1787647140,643
1787647200,667
1787647260,728
1787647320,413
1787647380,355
1787647440,349
1787647500,459
1787647560,351
1787647620,350
1787647680,622
1787647740,410
1787647800,540
1787647860,437
1787647920,631
1787647980,493
1787648040,343
1787648100,462
1787648160,449
1787648220,439
1787648280,769
1787648340,780
1787648400,1137
1787648460,784
1787648520,801
1787648580,1177
1787648640,890
1787648700,887
1787648760,810
1787648820,774
1787648880,774
1787648940,684
1787649000,615
1787649060,720
1787649120,588
1787649180,521
1787649240,660
1787649300,666
1787649360,651
1787649420,655
1787649480,605
1787649540,717
1787649600,809
1787649660,636
1787649720,550
1787649780,525
1787649840,718
1787649900,684
1787649960,551
1787650020,501
1787650080,562
1787650140,577
1787650200,801
1787650260,951
1787650320,599
1787650380,879
1787650440,2144
1787650500,1318
1787650560,924
1787650620,918
1787650680,678
1787650740,814
1787650800,789
1787650860,668
1787650920,817
1787650980,928
1787651040,651
1787651100,718
1787651160,536
1787651220,720
1787651280,668
1787651340,773
1787651400,945
1787651460,686
1787651520,646
1787651580,860
1787651640,565
1787651700,556
1787651760,507
1787651820,1071
1787651880,1054
1787651940,654
1787652000,607
1787652060,718
1787652120,797
1787652180,568
1787652240,474
1787652300,505
1787652360,503
1787652420,408
1787652480,456
1787652540,463
1787652600,437
1787652660,585
1787652720,500
1787652780,442
1787652840,293
1787652900,365
1787652960,343
1787653020,364
1787653080,414
1787653140,386
1787653200,389
1787653260,335
1787653320,365
1787653380,322
1787653440,422
1787653500,318
1787653560,437
1787653620,413
1787653680,240
1787653740,688
1787653800,639
1787653860,523
1787653920,399
1787653980,475
1787654040,545
1787654100,634
1787654160,375
1787654220,381
1787654280,301
1787654340,232
1787654400,426
1787654460,365
1787654520,408
1787654580,372
1787654640,298
1787654700,332
1787654760,534
1787654820,305
1787654880,372
1787654940,432
1787655000,369
1787655060,387
1787655120,406
1787655180,375
1787655240,362
1787655300,406
1787655360,297
1787655420,453
1787655480,366
1787655540,379
1787655600,782
1787655660,686
1787655720,430
1787655780,374
1787655840,320
1787655900,485
1787655960,380
1787656020,349
1787656080,447
1787656140,1005
1787656200,651
1787656260,436
1787656320,450
1787656380,488
1787656440,389
1787656500,458
1787656560,403
1787656620,434
1787656680,665
1787656740,430
1787656800,389
1787656860,437
1787656920,572
1787656980,609
1787657040,380
1787657100,402
1787657160,503
1787657220,413
1787657280,486
1787657340,377
1787657400,557
1787657460,703
1787657520,630
1787657580,475
1787657640,477
1787657700,348
1787657760,413
1787657820,471
1787657880,494
1787657940,617
1787658000,555
1787658060,546
1787658120,304
1787658180,310
1787658240,421
1787658300,479
1787658360,416
1787658420,599
1787658480,481
1787658540,422
1787658600,577
1787658660,508
1787658720,559
1787658780,474
1787658840,530
1787658900,449
1787658960,363
1787659020,446
1787659080,332
1787659140,349
1787659200,685
1787659260,632
1787659320,731
1787659380,866
1787659440,705
1787659500,798
1787659560,924
1787659620,776
1787659680,857
1787659740,660
1787659800,588
1787659860,815
1787659920,1163
1787659980,636
1787660040,531
1787660100,781
1787660160,619
1787660220,534
1787660280,827
1787660340,655
1787660400,924
1787660460,433
1787660520,656
1787660580,641
1787660640,616
1787660700,864
1787660760,705
1787660820,556
1787660880,777
1787660940,646
1787661000,686
1787661060,924
1787661120,923
1787661180,487
1787661240,333
1787661300,563
1787661360,671
1787661420,463
1787661480,440
1787661540,641
1787661600,687
1787661660,603
1787661720,605
1787661780,812
1787661840,748
1787661900,655
1787661960,796
1787662020,572
1787662080,783
1787662140,504
1787662200,291
1787662260,816
1787662320,714
1787662380,512
1787662440,405
1787662500,443
1787662560,483
1787662620,398
1787662680,377
1787662740,435
1787662800,2194
1787662860,1771
1787662920,1687
1787662980,1333
1787663040,1449
1787663100,1117
1787663160,1527
1787663220,1049
1787663280,951
1787663340,768
1787663400,849
1787663460,1540
1787663520,1007
1787663580,1133
1787663640,1349
1787663700,1649
1787663760,1851
1787663820,1370
1787663880,784
1787663940,720
1787664000,1439
1787664060,1329
1787664120,1137
1787664180,2087
1787664240,1187
1787664300,1898
1787664360,1234
1787664420,1284
1787664480,929
1787664540,823
1787664600,2329
1787664660,1752
1787664720,1755
1787664780,1506
1787664840,1753
1787664900,2190
1787664960,2534
1787665020,1814
1787665080,1647
1787665140,1736
1787665200,1891
1787665260,2032
1787665320,2180
1787665380,1809
1787665440,1323
1787665500,1661
1787665560,1352
1787665620,1959
1787665680,1637
1787665740,1466
1787665800,1891
1787665860,2329
1787665920,2045
1787665980,1725
1787666040,1938
1787666100,1687
1787666160,1431
1787666220,1107
1787666280,1075
1787666340,1083
1787666400,1357
1787666460,1344
1787666520,1799
1787666580,1667
1787666640,1167
1787666700,1446
1787666760,1540
1787666820,1438
1787666880,1477
1787666940,1354
1787667000,1651
1787667060,1247
1787667120,1475
1787667180,1588
1787667240,1306
1787667300,1739
1787667360,1510
1787667420,1060
1787667480,1066
1787667540,1346
1787667600,1004
1787667660,1265
1787667720,1441
1787667780,1730
1787667840,1258
1787667900,1086
1787667960,1084
1787668020,1084
1787668080,999
1787668140,1083
1787668200,2391
1787668260,2057
1787668320,1479
1787668380,914
1787668440,1092
1787668500,1164
1787668560,796
1787668620,704
1787668680,746
1787668740,1140
1787668800,1191
1787668860,914
1787668920,1273
1787668980,989
1787669040,1004
1787669100,913
1787669160,601
1787669220,604
1787669280,741
1787669340,741
1787669400,1130
1787669460,1117
1787669520,975
1787669580,765
1787669640,839
1787669700,897
1787669760,842
1787669820,777
1787669880,830
1787669940,913
1787670000,1211
1787670060,947
1787670120,1108
1787670180,1068
1787670240,908
1787670300,1129
1787670360,1228
1787670420,998
1787670480,557
1787670540,779
1787670600,784
1787670660,871
1787670720,899
1787670780,910
1787670840,787
1787670900,1400
1787670960,1009
1787671020,1239
1787671080,1079
1787671140,1170
1787671200,1260
1787671260,1246
1787671320,1075
1787671380,935
1787671440,872
1787671500,842
1787671560,738
1787671620,824
1787671680,843
1787671740,863
1787671800,1091
1787671860,752
1787671920,875
1787671980,1393
1787672040,1954
1787672100,2398
1787672160,2297
1787672220,2168
1787672280,1373
1787672340,954
1787672400,1083
1787672460,1257
1787672520,1200
1787672580,832
1787672640,1104
1787672700,1466
1787672760,1368
1787672820,995
1787672880,973
1787672940,995
1787673000,870
1787673060,882
1787673120,764
1787673180,603
1787673240,571
1787673300,466
1787673360,791
1787673420,722
1787673480,520
1787673540,606
1787673600,775
1787673660,988
1787673720,906
1787673780,754
1787673840,666
1787673900,430
1787673960,559
1787674020,522
1787674080,464
1787674140,445
1787674200,491
1787674260,438
1787674320,721
1787674380,591
1787674440,532
1787674500,708
1787674560,652
1787674620,749
1787674680,889
1787674740,654
1787674800,751
1787674860,726
1787674920,769
1787674980,548
1787675040,679
1787675100,654
1787675160,553
1787675220,472
1787675280,672
1787675340,477
1787675400,1094
1787675460,817
1787675520,777
1787675580,590
1787675640,742
1787675700,1129
1787675760,853
1787675820,737
1787675880,618
1787675940,532
1787676000,706
1787676060,505
1787676120,419
1787676180,525
1787676240,437
1787676300,623
1787676360,585
1787676420,624
1787676480,542
1787676540,494
1787676600,427
1787676660,461
1787676720,388
1787676780,338
1787676840,442
1787676900,413
1787676960,480
1787677020,469
1787677080,506
1787677140,702
1787677200,691
1787677260,644
1787677320,881
1787677380,819
1787677440,679
1787677500,613
1787677560,456
1787677620,514
1787677680,818
1787677740,663
1787677800,697
1787677860,818
1787677920,729
1787677980,480
1787678040,811
1787678100,946
1787678160,745
1787678220,622
1787678280,564
1787678340,490
1787678400,629
1787678460,496
1787678520,482
1787678580,492
1787678640,647
1787678700,711
1787678760,806
1787678820,851
1787678880,1118
1787678940,1599
1787679000,1041
1787679060,944
1787679120,651
1787679180,768
1787679240,785
1787679300,963
1787679360,652
1787679420,506
1787679480,557
1787679540,478
1787679600,706
1787679660,670
1787679720,716
1787679780,593
1787679840,485
1787679900,638
1787679960,555
1787680020,850
1787680080,487
1787680140,397
1787680200,641
1787680260,529
1787680320,484
1787680380,389
1787680440,464
1787680500,413
1787680560,522
1787680620,512
1787680680,508
1787680740,601
1787680800,950
1787680860,676
1787680920,553
1787680980,533
1787681040,561
1787681100,677
1787681160,493
1787681220,398
1787681280,437
1787681340,211
1787681400,403
1787681460,412
1787681520,516
1787681580,389
1787681640,219
1787681700,306
1787681760,330
1787681820,316
1787681880,366
1787681940,423
1787682000,379
1787682060,350
1787682120,277
1787682180,370
1787682240,320
1787682300,437
1787682360,291
1787682420,404
1787682480,270
1787682540,347
1787682600,334
1787682660,316
1787682720,280
1787682780,356
1787682840,325
1787682900,257
1787682960,234
1787683020,353
1787683080,278
1787683140,336
1787683200,269
1787683260,172
1787683320,201
1787683380,229
1787683440,281
1787683500,299
1787683560,452
1787683620,213
1787683680,426
1787683740,382
1787683800,505
1787683860,484
1787683920,195
1787683980,231
1787684040,235
1787684100,219
1787684160,285
1787684220,340
1787684280,449
1787684340,377
1787684400,812
1787684460,542
1787684520,453
1787684580,282
1787684640,616
1787684700,601
1787684760,563
1787684820,512
1787684880,544
1787684940,551
1787685000,690
1787685060,607
1787685120,522
1787685180,447
1787685240,283
1787685300,452
1787685360,509
1787685420,643
1787685480,423
1787685540,683
1787685600,560
1787685660,546
1787685720,392
1787685780,447
1787685840,401
1787685900,551
1787685960,477
1787686020,432
1787686080,324
1787686140,334
1787686200,437
1787686260,442
1787686320,371
1787686380,524
1787686440,501
1787686500,650
1787686560,527
1787686620,387
1787686680,439
1787686740,354
1787686800,567
1787686860,374
1787686920,536
1787686980,777
1787687040,671
1787687100,503
1787687160,486
1787687220,677
1787687280,512
1787687340,810
1787687400,978
1787687460,628
1787687520,1258
1787687580,1105
1787687640,854
1787687700,1349
1787687760,819
1790546640,21
1790546700,346
1790546760,231
1790546820,241
1790546880,253
1790546940,219
1790547000,217
1790547060,189
1790547120,142
1790547180,379
1790547240,466
1790547300,209
1790547360,197
1790547420,201
1790547480,318
1790547540,128
1790547600,338
1790547660,170
1790547720,220
1790547780,84
1790547840,194
1790547900,308
1790547960,236
1790548020,144
1790548080,238
1790548140,218
1790548200,283
1790548260,273
1790548320,184
1790548380,254
1790548440,342
1790548500,399
1790548560,238
1790548620,297
1790548680,242
1790548740,234
1790548800,257
1790548860,224
1790548920,149
1790548980,160
1790549040,200
1790549100,418
1790549160,411
1790549220,212
1790549280,191
1790549340,158
1790549400,315
1790549460,320
1790549520,264
1790549580,183
1790549640,359
1790549700,321
1790549760,358
1790549820,342
1790549880,198
1790549940,187
1790550000,460
1790550060,329
1790550120,681
1790550180,472
1790550240,356
1790550300,332
1790550360,386
1790550420,245
1790550480,267
1790550540,127
1790550600,151
1790550660,156
1790550720,186
1790550780,103
1790550840,53
1790550900,113
1790550960,92
1790551020,46
1790551080,57
1790551140,96
1790551200,81
1790551260,44
1790551320,83
1790551380,68
1790551440,102
1790551500,47
1790551560,74
1790551620,110
1790551680,54
1790551740,167
1790551800,117
1790551860,178
1790551920,166
1790551980,135
1790552040,190
1790552100,187
1790552160,119
1790552220,119
1790552280,160
1790552340,113
1790552400,169
1790552460,211
1790552520,174
1790552580,278
1790552640,171
1790552700,564
1790552760,339
1790552820,429
1790552880,487
1790552940,354
1790553000,443
1790553060,420
1790553120,599
1790553180,455
1790553240,348
1790553300,315
1790553360,266
1790553420,308
1790553480,446
1790553540,352
1790553600,1214
1790553660,1075
1790553720,1246
1790553780,661
1790553840,471
1790553900,571
1790553960,654
1790554020,620
1790554080,406
1790554140,520
1790554200,386
1790554260,391
1790554320,494
1790554380,579
1790554440,523
1790554500,644
1790554560,666
1790554620,334
1790554680,287
1790554740,505
1790554800,603
1790554860,478
1790554920,690
1790554980,415
1790555040,372
1790555100,559
1790555160,501
1790555220,409
1790555280,554
1790555340,738
1790555400,744
1790555460,2244
1790555520,1305
1790555580,1343
1790555640,1237
1790555700,1315
1790555760,1285
1790555820,772
1790555880,735
1790555940,1148
1790556000,1244
1790556060,940
1790556120,1116
1790556180,979
1790556240,996
1790556300,898
1790556360,1016
1790556420,1109
1790556480,820
1790556540,1030
1790556600,1189
1790556660,1115
1790556720,1197
1790556780,888
1790556840,1011
1790556900,1619
1790556960,1118
1790557020,1657
1790557080,1225
1790557140,1461
1790557200,2937
1790557260,2275
1790557320,1999
1790557380,1905
1790557440,1520
1790557500,1821
1790557560,1616
1790557620,1330
1790557680,1453
1790557740,1576
1790557800,1550
1790557860,1084
1790557920,1417
1790557980,1458
1790558040,1105
1790558100,1467
1790558160,1294
1790558220,1233
1790558280,860
1790558340,844
1790558400,863
1790558460,1047
1790558520,1077
1790558580,1204
1790558640,857
1790558700,745
1790558760,786
1790558820,808
1790558880,1004
1790558940,617
1790559000,1007
1790559060,674
1790559120,1199
1790559180,1006
1790559240,873
1790559300,1051
1790559360,789
1790559420,586
1790559480,814
1790559540,628
1790559600,675
1790559660,721
1790559720,808
1790559780,498
1790559840,1028
1790559900,769
1790559960,618
1790560020,548
1790560080,793
1790560140,585
1790560200,717
1790560260,514
1790560320,462
1790560380,406
1790560440,566
1790560500,596
1790560560,592
1790560620,593
1790560680,503
1790560740,434
1790560800,692
1790560860,648
1790560920,620
1790560980,958
1790561040,608
1790561100,592
1790561160,724
1790561220,1098
1790561280,937
1790561340,839
1790561400,681
1790561460,625
1790561520,787
1790561580,677
1790561640,657
1790561700,673
1790561760,697
1790561820,483
1790561880,551
1790561940,598
1790562000,578
1790562060,583
1790562120,513
1790562180,454
1790562240,370
1790562300,422
1790562360,443
1790562420,371
1790562480,367
1790562540,327
1790562600,1207
1790562660,765
1790562720,889
1790562780,1005
1790562840,557
1790562900,756
1790562960,545
1790563020,702
1790563080,662
1790563140,618
1790563200,640
1790563260,694
1790563320,598
1790563380,616
1790563440,571
1790563500,567
1790563560,647
1790563620,492
1790563680,685
1790563740,491
1790563800,478
1790563860,830
1790563920,573
1790563980,560
1790564040,693
1790564100,1126
1790564160,676
1790564220,626
1790564280,816
1790564340,413
1790564400,666
1790564460,752
1790564520,793
1790564580,647
1790564640,585
1790564700,572
1790564760,408
1790564820,384
1790564880,598
1790564940,379
1790565000,382
1790565060,406
1790565120,373
1790565180,487
1790565240,476
1790565300,603
1790565360,623
1790565420,405
1790565480,360
1790565540,449
1790565600,475
1790565660,338
1790565720,477
1790565780,403
1790565840,451
1790565900,436
1790565960,419
1790566020,466
1790566080,372
1790566140,373
1790566200,436
1790566260,504
1790566320,509
1790566380,453
1790566440,616
1790566500,607
1790566560,641
1790566620,567
1790566680,424
1790566740,513
1790566800,445
1790566860,477
1790566920,481
1790566980,416
1790567040,375
1790567100,370
1790567160,566
1790567220,661
1790567280,454
1790567340,482
1790567400,488
1790567460,465
1790567520,515
1790567580,480
1790567640,698
1790567700,432
1790567760,277
1790567820,165
1790567880,321
1790567940,259
1790568000,381
1790568060,446
1790568120,278
1790568180,343
1790568240,339
1790568300,358
1790568360,347
1790568420,344
1790568480,315
1790568540,354
1790568600,259
1790568660,300
1790568720,260
1790568780,198
1790568840,248
1790568900,359
1790568960,385
1790569020,358
1790569080,262
1790569140,355
1790569200,343
1790569260,352
1790569320,255
1790569380,388
1790569440,252
1790569500,311
1790569560,406
1790569620,230
1790569680,191
1790569740,249
1790569800,220
1790569860,226
1790569920,237
1790569980,206
1790570040,326
1790570100,216
1790570160,227
1790570220,250
1790570280,294
1790570340,152
1790570400,230
1790570460,169
1790570520,203
1790570580,220
1790570640,234
1790570700,256
1790570760,228
1790570820,211
1790570880,285
1790570940,213
1790571000,293
1790571060,209
1790571120,247
1790571180,175
1790571240,312
1790571300,224
1790571360,160
1790571420,131
1790571480,172
1790571540,479
1790571600,491
1790571660,428
1790571720,434
1790571780,222
1790571840,269
1790571900,556
1790571960,359
1790572020,482
1790572080,388
1790572140,523
1790572200,681
1790572260,369
1790572320,400
1790572380,373
1790572440,506
1790572500,353
1790572560,541
1790572620,621
1790572680,508
1790572740,479
1790572800,339
1790572860,430
1790572920,662
1790572980,373
1790573040,355
1790573100,464
1790573160,306
1790573220,314
1790573280,559
1790573340,689
1790573400,1508
1790573460,1215
1790573520,1417
1790573580,1322
1790573640,689
1790573700,630
1790573760,567
1790573820,407
1790573880,548
1790573940,785
1790574000,498
1790574060,545
1790574120,671
1790574180,457
1790574240,735
1790574300,616
1790574360,601
1790574420,643
1790574480,643
1790574540,692
1790574600,678
1790574660,543
1790574720,335
1790574780,372
1790574840,431
1790574900,676
1790574960,510
1790575020,640
1790575080,601
1790575140,453
1790575200,870
1790575260,701
1790575320,464
1790575380,529
1790575440,424
1790575500,511
1790575560,748
1790575620,539
1790575680,550
1790575740,552
1790575800,468
1790575860,565
1790575920,430
1790575980,497
1790576040,688
1790576100,656
1790576160,587
1790576220,450
1790576280,434
1790576340,651
1790576400,619
1790576460,726
1790576520,808
1790576580,526
1790576640,392
1790576700,392
1790576760,729
1790576820,567
1790576880,609
1790576940,488
1790577000,753
1790577060,869
1790577120,509
1790577180,840
1790577240,576
1790577300,785
1790577360,561
1790577420,726
1790577480,510
1790577540,597
1790577600,732
1790577660,765
1790577720,690
1790577780,603
1790577840,658
1790577900,595
1790577960,326
1790578020,436
1790578080,537
1790578140,501
1790578200,523
1790578260,409
1790578320,462
1790578380,381
1790578440,652
1790578500,805
1790578560,791
1790578620,740
1790578680,643
1790578740,764
1790578800,1368
1790578860,907
1790578920,927
1790578980,1424
1790579040,856
1790579100,1266
1790579160,1225
1790579220,704
1790579280,625
1790579340,945
1790579400,809
1790579460,591
1790579520,453
1790579580,718
1790579640,751
1790579700,617
1790579760,658
1790579820,507
1790579880,646
1790579940,564
1790580000,738
1790580060,910
1790580120,715
1790580180,689
1790580240,893
1790580300,674
1790580360,720
1790580420,501
1790580480,650
1790580540,533
1790580600,359
1790580660,464
1790580720,512
1790580780,576
1790580840,473
1790580900,462
1790580960,502
1790581020,789
1790581080,866
1790581140,589
1790581200,868
1790581260,701
1790581320,491
1790581380,441
1790581440,524
1790581500,420
1790581560,619
1790581620,514
1790581680,442
1790581740,619
1790581800,595
1790581860,488
1790581920,597
1790581980,515
1790582040,794
1790582100,1010
1790582160,921
1790582220,996
1790582280,987
1790582340,687
1790582400,1250
1790582460,1076
1790582520,1123
1790582580,885
1790582640,738
1790582700,683
1790582760,788
1790582820,814
1790582880,775
1790582940,571
1790583000,631
1790583060,553
1790583120,510
1790583180,785
1790583240,448
1790583300,814
1790583360,537
1790583420,465
1790583480,749
1790583540,853
1790583600,651
1790583660,1023
1790583720,946
1790583780,857
1790583840,1104
1790583900,964
1790583960,705
1790584020,953
1790584080,846
1790584140,1195
1790584200,1002
1790584260,908
1790584320,721
1790584380,624
1790584440,573
1790584500,653
1790584560,902
1790584620,573
1790584680,497
1790584740,430
1790584800,630
1790584860,736
1790584920,650
1790584980,658
1790585040,479
1790585100,672
1790585160,852
1790585220,718
1790585280,474
1790585340,385
1790585400,487
1790585460,486
1790585520,448
1790585580,412
1790585640,465
1790585700,463
1790585760,379
1790585820,474
1790585880,550
1790585940,430
1790586000,1508
1790586060,814
1790586120,525
1790586180,528
1790586240,542
1790586300,681
1790586360,558
1790586420,612
1790586480,727
1790586540,550
1790586600,589
1790586660,849
1790586720,760
1790586780,435
1790586840,571
1790586900,883
1790586960,701
1790587020,519
1790587080,447
1790587140,419
1790587200,453
1790587260,321
1790587320,313
1790587380,570
1790587440,422
1790587500,481
1790587560,468
1790587620,429
1790587680,269
1790587740,519
1790587800,916
1790587860,760
1790587920,570
1790587980,368
1790588040,566
1790588100,574
1790588160,594
1790588220,352
1790588280,553
1790588340,549
1790588400,583
1790588460,571
1790588520,358
1790588580,433
1790588640,414
1790588700,605
1790588760,532
1790588820,615
1790588880,622
1790588940,564
1790589000,698
1790589060,502
1790589120,516
1790589180,363
1790589240,465
1790589300,521
1790589360,511
1790589420,670
1790589480,406
1790589540,414
1790589600,520
1790589660,581
1790589720,682
1790589780,483
1790589840,351
1790589900,455
1790589960,481
1790590020,431
1790590080,443
1790590140,321
1790590200,324
1790590260,553
1790590320,707
1790590380,553
1790590440,412
1790590500,649
1790590560,607
1790590620,394
1790590680,373
1790590740,409
1790590800,618
1790590860,560
1790590920,456
1790590980,388
1790591040,333
1790591100,536
1790591160,439
1790591220,394
1790591280,239
1790591340,297
1790591400,294
1790591460,495
1790591520,299
1790591580,323
1790591640,233
1790591700,494
1790591760,473
1790591820,378
1790591880,392
1790591940,464
1790592000,381
1790592060,290
1790592120,470
1790592180,538
1790592240,199
1790592300,368
1790592360,301
1790592420,165
1790592480,301
1790592540,221
1790592600,176
1790592660,257
1790592720,552
1790592780,805
1790592840,245
1790592900,272
1790592960,393
1790593020,396
1790593080,348
1790593140,360
1790593200,1621
1790593260,706
1790593320,452
1790593380,332
1790593440,457
1790593500,599
1790593560,377
1790593620,541
1790593680,569
1790593740,518
1790593800,532
1790593860,378
1790593920,479
1790593980,544
1790594040,432
1790594100,471
1790594160,1491
1790594220,1461
1790594280,956
1790594340,754
1790594400,481
1790594460,561
1790594520,608
1790594580,616
1790594640,543
1790594700,419
1790594760,456
1790594820,290
1790594880,372
1790594940,238
1790595000,353
1790595060,336
1790595120,328
1790595180,281
1790595240,404
1790595300,422
1790595360,493
1790595420,362
1790595480,405
1790595540,410
1790595600,387
1790595660,532
1790595720,475
1790595780,481
1790595840,413
1790595900,585
1790595960,518
1790596020,400
1790596080,228
1790596140,341
1790596200,419
1790596260,333
1790596320,367
1790596380,319
1790596440,269
1790596500,294
1790596560,367
1790596620,428
1790596680,295
1790596740,267
1790596800,498
1790596860,692
1790596920,334
1790596980,391
1790597040,2492
1790597100,1993
1790597160,1322
1790597220,960
1790597280,1006
1790597340,707
1790597400,781
1790597460,923
1790597520,691
1790597580,618
1790597640,643
1790597700,525
1790597760,502
1790597820,488
1790597880,381
1790597940,719
1790598000,1075
1790598060,613
1790598120,509
1790598180,713
1790598240,720
1790598300,853
1790598360,1126
1790598420,1036
1790598480,805
1790598540,556
1790598600,1227
1790598660,834
1790598720,791
1790598780,784
1790598840,802
1790598900,649
1790598960,748
1790599020,587
1790599080,579
1790599140,372
1790599200,666
1790599260,558
1790599320,496
1790599380,674
1790599440,584
1790599500,818
1790599560,562
1790599620,729
1790599680,885
1790599740,633
1790599800,731
1790599860,492
1790599920,813
1790599980,543
1790600040,627
1790600100,735
1790600160,713
1790600220,676
1790600280,739
1790600340,981
1790600400,1845
1790600460,1009
1790600520,789
1790600580,698
1790600640,545
1790600700,554
1790600760,937
1790600820,764
1790600880,659
1790600940,607
1790601000,862
1790601060,522
1790601120,492
1790601180,619
1790601240,647
1790601300,729
1790601360,528
1790601420,641
1790601480,1127
1790601540,662
1790601600,528
1790601660,743
1790601720,487
1790601780,532
1790601840,670
1790601900,987
1790601960,683
1790602020,525
1790602080,603
1790602140,675
1790602200,1600
1790602260,2083
1790602320,1389
1790602380,1434
1790602440,1931
1790602500,1682
1790602560,1589
1790602620,1867
1790602680,1821
1790602740,1928
1790602800,1614
1790602860,896
1790602920,1643
1790602980,1061
1790603040,1014
1790603100,1280
1790603160,962
1790603220,2025
1790603280,1462
1790603340,1569
1790603400,1405
1790603460,1583
1790603520,1421
1790603580,1456
1790603640,1774
1790603700,2170
1790603760,1797
1790603820,1522
1790603880,1161
1790603940,1118
1790604000,1482
1790604060,1249
1790604120,1036
1790604180,1142
1790604240,1274
1790604300,1047
1790604360,1239
1790604420,1125
1790604480,983
1790604540,1070
1790604600,1020
1790604660,906
1790604720,1140
1790604780,747
1790604840,718
1790604900,761
1790604960,883
1790605020,585
1790605080,540
1790605140,501
1790605200,556
1790605260,622
1790605320,761
1790605380,868
1790605440,518
1790605500,736
1790605560,704
1790605620,678
1790605680,579
1790605740,658
1790605800,715
1790605860,1047
1790605920,1070
1790605980,774
1790606040,800
1790606100,868
1790606160,1107
1790606220,807
1790606280,1080
1790606340,786
1790606400,966
1790606460,1220
1790606520,822
1790606580,1070
1790606640,594
1790606700,1083
1790606760,1060
1790606820,918
1790606880,1340
1790606940,1141
1790607000,2248
1790607060,2303
1790607120,1276
1790607180,1312
1790607240,1043
1790607300,1070
1790607360,868
1790607420,1432
1790607480,940
1790607540,896
1790607600,870
1790607660,975
1790607720,1147
1790607780,773
1790607840,1277
1790607900,998
1790607960,730
1790608020,1027
1790608080,892
1790608140,1091
1790608200,1058
1790608260,866
1790608320,795
1790608380,667
1790608440,815
1790608500,858
1790608560,805
1790608620,640
1790608680,665
1790608740,547
1790608800,584
1790608860,612
1790608920,488
1790608980,533
1790609040,678
1790609100,941
1790609160,810
1790609220,530
1790609280,594
1790609340,824
1790609400,1051
1790609460,1126
1790609520,565
1790609580,609
1790609640,553
1790609700,541
1790609760,651
1790609820,521
1790609880,1009
1790609940,1098
1790610000,1194
1790610060,738
1790610120,710
1790610180,496
1790610240,334
1790610300,633
1790610360,602
1790610420,811
1790610480,799
1790610540,651
1790610600,607
1790610660,424
1790610720,485
1790610780,402
1790610840,397
1790610900,397
1790610960,442
1790611020,501
1790611080,397
1790611140,417
1790611200,654
1790611260,589
1790611320,580
1790611380,522
1790611440,464
1790611500,539
1790611560,549
1790611620,600
1790611680,661
1790611740,554
1790611800,693
1790611860,513
1790611920,459
1790611980,439
1790612040,672
1790612100,863
1790612160,2433
1790612220,1935
1790612280,1167
1790612340,1212
1790612400,1792
1790612460,1525
1790612520,1455
1790612580,1486
1790612640,1819
1790612700,1168
1790612760,1882
1790612820,2546
1790612880,2321
1790612940,1902
1790613000,1815
1790613060,1542
1790613120,1732
1790613180,1758
1790613240,963
1790613300,1086
1790613360,860
1790613420,1278
1790613480,941
1790613540,878
1790613600,709
1790613660,619
1790613720,694
1790613780,544
1790613840,682
1790613900,1260
1790613960,767
1790614020,670
1790614080,653
1790614140,465
1790614200,471
1790614260,556
1790614320,559
1790614380,590
1790614440,634
1790614500,621
1790614560,695
1790614620,468
1790614680,526
1790614740,683
1790614800,654
1790614860,530
1790614920,442
1790614980,557
1790615040,567
1790615100,688
1790615160,792
1790615220,813
1790615280,748
1790615340,622
1790615400,703
1790615460,2985
1790615520,3995
1790615580,3065
1790615640,2589
1790615700,2132
1790615760,1545
1790615820,1918
1790615880,977
1790615940,737
1790616000,609
1790616060,619
1790616120,823
1790616180,818
1790616240,890
1790616300,742
1790616360,521
1790616420,565
1790616480,414
1790616540,728
1790616600,702
1790616660,528
1790616720,577
1790616780,429
1790616840,658
1790616900,363
1790616960,415
1790617020,447
1790617080,460
1790617140,439
1790617200,496
1790617260,406
1790617320,665
1790617380,893
1790617440,674
1790617500,583
1790617560,501
1790617620,379
1790617680,530
1790617740,439
1790617800,501
1790617860,579
1790617920,380
1790617980,547
1790618040,504
1790618100,1151
1790618160,668
1790618220,659
1790618280,694
1790618340,432
1790618400,531
1790618460,520
1790618520,425
1790618580,540
1790618640,617
1790618700,534
1790618760,404
1790618820,297
1790618880,281
1790618940,306
1790619000,338
1790619060,271
1790619120,240
1790619180,274
1790619240,237
1790619300,376
1790619360,330
1790619420,275
1790619480,378
1790619540,313
1790619600,261
1790619660,235
1790619720,244
1790619780,260
1790619840,292
1790619900,379
1790619960,286
1790620020,303
1790620080,481
1790620140,310
1790620200,678
1790620260,344
1790620320,548
1790620380,793
1790620440,612
1790620500,535
1790620560,446
1790620620,384
1790620680,430
1790620740,423
1790620800,557
1790620860,541
1790620920,343
1790620980,499
1790621040,291
1790621100,663
1790621160,756
1790621220,605
1790621280,1262
1790621340,1151
1790621400,977
1790621460,886
1790621520,380
1790621580,1065
1790621640,709
1790621700,772
1790621760,594
1790621820,505
1790621880,542
1790621940,651
1790622000,770
1790622060,840
1790622120,1042
1790622180,947
1790622240,462
1790622300,401
1790622360,393
1790622420,521
1790622480,508
1790622540,483
1790622600,673
1790622660,680
1790622720,606
1790622780,761
1790622840,640
1790622900,580
1790622960,572
1790623020,415
1790623080,401
1790623140,465
1790623200,861
1790623260,518
1790623320,526
1790623380,498
1790623440,387
1790623500,721
1790623560,492
1790623620,454
1790623680,424
1790623740,423
1790623800,484
1790623860,383
1790623920,628
1790623980,856
1790624040,689
1790624100,511
1790624160,318
1790624220,284
1790624280,307
1790624340,427
1790624400,679
1790624460,588
1790624520,538
1790624580,278
1790624640,291
1790624700,573
1790624760,532
1790624820,346
1790624880,422
1790624940,561
1790625000,1004
1790625060,713
1790625120,562
1790625180,575
1790625240,653
1790625300,601
1790625360,443
1790625420,387
1790625480,431
1790625540,1034
1790625600,649
1790625660,626
1790625720,307
1790625780,374
1790625840,256
1790625900,367
1790625960,354
1790626020,346
1790626080,258
1790626140,215
1790626200,157
1790626260,151
1790626320,141
1790626380,310
1790626440,264
1790626500,134
1790626560,167
1790626620,207
1790626680,165
1790626740,140
1790626800,64
1790626860,104
1790626920,105
1790626980,107
1790627040,174
1790627100,179
1790627160,116
1790627220,251
1790627280,196
1790627340,155
1790627400,173
1790627460,264
1790627520,242
1790627580,226
1790627640,261
1790627700,194
1790627760,105
1790627820,93
1790627880,55
1790627940,137
1790628000,126
1790628060,109
1790628120,216
1790628180,293
1790628240,217
1790628300,199
1790628360,159
1790628420,328
1790628480,293
1790628540,141
1790628600,202
1790628660,166
1790628720,97
1790628780,98
1790628840,142
1790628900,164
1790628960,206
1790629020,115
1790629080,103
1790629140,34
1790633040,8
1790633100,83
1790633160,202
1790633220,158
1790633280,162
1790633340,144
1790633400,166
1790633460,166
1790633520,149
1790633580,116
1790633640,164
1790633700,190
1790633760,115
1790633820,195
1790633880,172
1790633940,98
1790634000,86
1790634060,145
1790634120,134
1790634180,191
1790634240,120
1790634300,123
1790634360,203
1790634420,130
1790634480,157
1790634540,101
1790634600,370
1790634660,169
1790634720,218
1790634780,165
1790634840,105
1790634900,76
1790634960,158
1790635020,172
1790635080,103
1790635140,124
1790635200,158
1790635260,119
1790635320,115
1790635380,121
1790635440,115
1790635500,162
1790635560,134
1790635620,77
1790635680,124
1790635740,78
1790635800,83
1790635860,185
1790635920,144
1790635980,158
1790636040,186
1790636100,181
1790636160,114
1790636220,116
1790636280,104
1790636340,170
1790636400,263
1790636460,157
1790636520,182
1790636580,84
1790636640,131
1790636700,174
1790636760,185
1790636820,130
1790636880,116
1790636940,90
1790637000,164
1790637060,187
1790637120,181
1790637180,210
1790637240,203
1790637300,104
1790637360,115
1790637420,130
1790637480,70
1790637540,92
1790637600,93
1790637660,64
1790637720,68
1790637780,112
1790637840,111
1790637900,111
1790637960,124
1790638020,108
1790638080,46
1790638140,66
1790638200,154
1790638260,79
1790638320,72
1790638380,71
1790638440,133
1790638500,110
1790638560,71
1790638620,104
1790638680,64
1790638740,83
1790638800,94
1790638860,147
1790638920,122
1790638980,79
1790639040,67
1790639100,263
1790639160,250
1790639220,139
1790639280,154
1790639340,161
1790639400,255
1790639460,181
1790639520,169
1790639580,176
1790639640,188
1790639700,213
1790639760,171
1790639820,226
1790639880,215
1790639940,254
1790640000,685
1790640060,643
1790640120,421
1790640180,580
1790640240,576
1790640300,453
1790640360,691
1790640420,411
1790640480,352
1790640540,562
1790640600,902
1790640660,698
1790640720,567
1790640780,589
1790640840,550
1790640900,1141
1790640960,478
1790641020,774
1790641080,805
1790641140,557
1790641200,948
1790641260,806
1790641320,528
1790641380,575
1790641440,379
1790641500,462
1790641560,530
1790641620,631
1790641680,998
1790641740,833
1790641800,789
1790641860,963
1790641920,804
1790641980,688
1790642040,1040
1790642100,772
1790642160,645
1790642220,506
1790642280,743
1790642340,728
1790642400,424
1790642460,406
1790642520,511
1790642580,411
1790642640,504
1790642700,830
1790642760,691
1790642820,677
1790642880,654
1790642940,710
1790643000,730
1790643060,894
1790643120,682
1790643180,408
1790643240,554
1790643300,842
1790643360,641
1790643420,599
1790643480,720
1790643540,1096
1790643600,1901
1790643660,1771
1790643720,1511
1790643780,1794
1790643840,1585
1790643900,796
1790643960,807
1790644020,1018
1790644080,944
1790644140,1203
1790644200,1229
1790644260,774
1790644320,1286
1790644380,1255
1790644440,916
1790644500,898
1790644560,602
1790644620,1159
1790644680,812
1790644740,760
1790644800,993
1790644860,1018
1790644920,687
1790644980,810
1790645040,550
1790645100,895
1790645160,723
1790645220,1003
1790645280,541
1790645340,786
1790645400,953
1790645460,798
1790645520,940
1790645580,659
1790645640,575
1790645700,572
1790645760,821
1790645820,780
1790645880,780
1790645940,720
1790646000,955
1790646060,613
1790646120,676
1790646180,689
1790646240,593
1790646300,584
1790646360,403
1790646420,638
1790646480,606
1790646540,777
1790646600,876
1790646660,696
1790646720,795
1790646780,540
1790646840,477
1790646900,360
1790646960,437
1790647020,345
1790647080,230
1790647140,271
1790647200,590
1790647260,568
1790647320,514
1790647380,530
1790647440,572
1790647500,612
1790647560,455
1790647620,509
1790647680,598
1790647740,428
1790647800,625
1790647860,363
1790647920,450
1790647980,441
1790648040,357
1790648100,359
1790648160,386
1790648220,321
1790648280,337
1790648340,428
1790648400,650
1790648460,555
1790648520,686
1790648580,529
1790648640,450
1790648700,466
1790648760,475
1790648820,338
1790648880,416
1790648940,361
1790649000,824
1790649060,534
1790649120,540
1790649180,669
1790649240,594
1790649300,607
1790649360,609
1790649420,391
1790649480,405
1790649540,389
1790649600,572
1790649660,526
1790649720,349
1790649780,449
1790649840,358
1790649900,450
1790649960,375
1790650020,299
1790650080,414
1790650140,360
1790650200,344
1790650260,401
1790650320,481
1790650380,397
1790650440,232
1790650500,331
1790650560,279
1790650620,265
1790650680,317
1790650740,495
1790650800,535
1790650860,343
1790650920,487
1790650980,472
1790651040,631
1790651100,524
1790651160,464
1790651220,304
1790651280,571
1790651340,612
1790651400,562
1790651460,460
1790651520,440
1790651580,387
1790651640,501
1790651700,457
1790651760,377
1790651820,381
1790651880,446
1790651940,457
1790652000,312
1790652060,337
1790652120,246
1790652180,333
1790652240,226
1790652300,339
1790652360,214
1790652420,231
1790652480,298
1790652540,383
1790652600,393
1790652660,242
1790652720,224
1790652780,192
1790652840,183
1790652900,267
1790652960,266
1790653020,246
1790653080,185
1790653140,245
1790653200,406
1790653260,263
1790653320,280
1790653380,339
1790653440,334
1790653500,491
1790653560,281
1790653620,231
1790653680,212
1790653740,144
1790653800,219
1790653860,326
1790653920,290
1790653980,319
1790654040,293
1790654100,440
1790654160,347
1790654220,284
1790654280,325
1790654340,214
1790654400,304
1790654460,260
1790654520,217
1790654580,195
1790654640,205
1790654700,206
1790654760,174
1790654820,154
1790654880,165
1790654940,123
1790655000,205
1790655060,156
1790655120,286
1790655180,210
1790655240,140
1790655300,425
1790655360,211
1790655420,215
1790655480,183
1790655540,246
1790655600,370
1790655660,254
1790655720,240
1790655780,182
1790655840,207
1790655900,267
1790655960,128
1790656020,123
1790656080,132
1790656140,209
1790656200,485
1790656260,516
1790656320,365
1790656380,221
1790656440,236
1790656500,233
1790656560,259
1790656620,291
1790656680,282
1790656740,184
1790656800,215
1790656860,181
1790656920,230
1790656980,174
1790657040,144
1790657100,172
1790657160,160
1790657220,142
1790657280,82
1790657340,136
1790657400,96
1790657460,128
1790657520,136
1790657580,142
1790657640,121
1790657700,138
1790657760,191
1790657820,180
1790657880,160
1790657940,145
1790658000,262
1790658060,303
1790658120,267
1790658180,144
1790658240,177
1790658300,317
1790658360,310
1790658420,328
1790658480,256
1790658540,207
1790658600,415
1790658660,252
1790658720,310
1790658780,305
1790658840,276
1790658900,278
1790658960,269
1790659020,309
1790659080,318
1790659140,240
1790659200,291
1790659260,260
1790659320,308
1790659380,351
1790659440,393
1790659500,225
1790659560,285
1790659620,181
1790659680,438
1790659740,260
1790659800,1309
1790659860,912
1790659920,722
1790659980,734
1790660040,583
1790660100,861
1790660160,1095
1790660220,578
1790660280,589
1790660340,842
1790660400,825
1790660460,470
1790660520,550
1790660580,473
1790660640,677
1790660700,757
1790660760,515
1790660820,398
1790660880,333
1790660940,380
1790661000,499
1790661060,388
1790661120,490
1790661180,784
1790661240,762
1790661300,713
1790661360,569
1790661420,525
1790661480,475
1790661540,506
1790661600,874
1790661660,833
1790661720,699
1790661780,696
1790661840,658
1790661900,557
1790661960,560
1790662020,673
1790662080,740
1790662140,638
1790662200,668
1790662260,782
1790662320,610
1790662380,733
1790662440,538
1790662500,666
1790662560,793
1790662620,763
1790662680,910
1790662740,560
1790662800,643
1790662860,598
1790662920,1008
1790662980,537
1790663040,668
1790663100,621
1790663160,322
1790663220,346
1790663280,626
1790663340,806
1790663400,1112
1790663460,848
1790663520,452
1790663580,306
1790663640,275
1790663700,394
1790663760,426
1790663820,487
1790663880,537
1790663940,505
1790664000,435
1790664060,371
1790664120,385
1790664180,279
1790664240,501
1790664300,451
1790664360,379
1790664420,376
1790664480,232
1790664540,129
1790664600,307
1790664660,344
1790664720,309
1790664780,184
1790664840,218
1790664900,257
1790664960,196
1790665020,187
1790665080,403
1790665140,479
1790665200,967
1790665260,791
1790665320,605
1790665380,425
1790665440,303
1790665500,390
1790665560,235
1790665620,504
1790665680,577
1790665740,461
1790665800,496
1790665860,402
1790665920,346
1790665980,384
1790666040,269
1790666100,372
1790666160,343
1790666220,294
1790666280,344
1790666340,397
1790666400,459
1790666460,412
1790666520,447
1790666580,431
1790666640,322
1790666700,498
1790666760,322
1790666820,298
1790666880,353
1790666940,356
1790667000,547
1790667060,720
1790667120,546
1790667180,349
1790667240,499
1790667300,401
1790667360,494
1790667420,516
1790667480,450
1790667540,1235
1790667600,854
1790667660,583
1790667720,550
1790667780,529
1790667840,693
1790667900,655
1790667960,618
1790668020,526
1790668080,499
1790668140,416
1790668200,671
1790668260,547
1790668320,506
1790668380,390
1790668440,210
1790668500,497
1790668560,359
1790668620,260
1790668680,383
1790668740,349
1790668800,670
1790668860,448
1790668920,386
1790668980,287
1790669040,326
1790669100,406
1790669160,580
1790669220,523
1790669280,412
1790669340,318
1790669400,372
1790669460,361
1790669520,293
1790669580,299
1790669640,333
1790669700,362
1790669760,243
1790669820,436
1790669880,291
1790669940,242
1790670000,304
1790670060,625
1790670120,445
1790670180,380
1790670240,402
1790670300,415
1790670360,396
1790670420,370
1790670480,348
1790670540,537
1790670600,510
1790670660,377
1790670720,376
1790670780,368
1790670840,290
1790670900,354
1790670960,348
1790671020,301
1790671080,287
1790671140,394
1790671200,373
1790671260,336
1790671320,317
1790671380,209
1790671440,250
1790671500,378
1790671560,341
1790671620,326
1790671680,456
1790671740,439
1790671800,463
1790671860,464
1790671920,409
1790671980,452
1790672040,386
1790672100,515
1790672160,371
1790672220,412
1790672280,347
1790672340,634
1790672400,632
1790672460,503
1790672520,528
1790672580,331
1790672640,317
1790672700,265
1790672760,238
1790672820,302
1790672880,263
1790672940,223
1790673000,402
1790673060,229
1790673120,332
1790673180,436
1790673240,580
1790673300,482
1790673360,384
1790673420,292
1790673480,317
1790673540,284
1790673600,237
1790673660,210
1790673720,149
1790673780,207
1790673840,234
1790673900,304
1790673960,312
1790674020,362
1790674080,223
1790674140,382
1790674200,556
1790674260,456
1790674320,569
1790674380,377
1790674440,467
1790674500,438
1790674560,574
1790674620,416
1790674680,372
1790674740,376
1790674800,458
1790674860,438
1790674920,530
1790674980,600
1790675040,484
1790675100,469
1790675160,428
1790675220,657
1790675280,766
1790675340,531
1790675400,347
1790675460,358
1790675520,481
1790675580,393
1790675640,897
1790675700,1132
1790675760,536
1790675820,464
1790675880,429
1790675940,511
1790676000,628
1790676060,627
1790676120,635
1790676180,579
1790676240,394
1790676300,358
1790676360,381
1790676420,297
1790676480,446
1790676540,526
1790676600,391
1790676660,234
1790676720,314
1790676780,288
1790676840,231
1790676900,459
1790676960,330
1790677020,433
1790677080,485
1790677140,535
1790677200,308
1790677260,494
1790677320,424
1790677380,383
1790677440,308
1790677500,321
1790677560,330
1790677620,297
1790677680,240
1790677740,410
1790677800,429
1790677860,281
1790677920,771
1790677980,356
1790678040,213
1790678100,467
1790678160,436
1790678220,613
1790678280,440
1790678340,481
1790678400,470
1790678460,324
1790678520,267
1790678580,249
1790678640,189
1790678700,283
1790678760,595
1790678820,463
1790678880,514
1790678940,614
1790679000,399
1790679060,341
1790679120,347
1790679180,413
1790679240,339
1790679300,513
1790679360,514
1790679420,300
1790679480,234
1790679540,295
1790679600,595
1790679660,536
1790679720,400
1790679780,522
1790679840,586
1790679900,477
1790679960,482
1790680020,346
1790680080,457
1790680140,529
1790680200,641
1790680260,477
1790680320,392
1790680380,397
1790680440,367
1790680500,396
1790680560,524
1790680620,257
1790680680,248
1790680740,429
1790680800,395
1790680860,347
1790680920,445
1790680980,349
1790681040,280
1790681100,267
1790681160,224
1790681220,333
1790681280,279
1790681340,212
1790681400,196
1790681460,213
1790681520,360
1790681580,306
1790681640,221
1790681700,265
1790681760,181
1790681820,241
1790681880,151
1790681940,332
1790682000,441
1790682060,307
1790682120,384
1790682180,367
1790682240,327
1790682300,404
1790682360,448
1790682420,491
1790682480,413
1790682540,1636
1790682600,1661
1790682660,1190
1790682720,739
1790682780,508
1790682840,632
1790682900,471
1790682960,263
1790683020,289
1790683080,336
1790683140,342
1790683200,483
1790683260,739
1790683320,423
1790683380,405
1790683440,467
1790683500,349
1790683560,377
1790683620,408
1790683680,472
1790683740,627
1790683800,449
1790683860,484
1790683920,564
1790683980,612
1790684040,677
1790684100,1164
1790684160,701
1790684220,487
1790684280,512
1790684340,639
1790684400,779
1790684460,605
1790684520,601
1790684580,735
1790684640,621
1790684700,794
1790684760,674
1790684820,487
1790684880,420
1790684940,319
1790685000,539
1790685060,429
1790685120,642
1790685180,515
1790685240,398
1790685300,374
1790685360,351
1790685420,340
1790685480,433
1790685540,384
1790685600,478
1790685660,467
1790685720,359
1790685780,317
1790685840,551
1790685900,392
1790685960,366
1790686020,394
1790686080,445
1790686140,733
1790686200,730
1790686260,684
1790686320,628
1790686380,631
1790686440,408
1790686500,419
1790686560,417
1790686620,485
1790686680,335
1790686740,585
1790686800,1456
1790686860,877
1790686920,835
1790686980,738
1790687040,741
1790687100,576
1790687160,600
1790687220,641
1790687280,537
1790687340,461
1790687400,443
1790687460,351
1790687520,351
1790687580,444
1790687640,673
1790687700,586
1790687760,386
1790687820,429
1790687880,711
1790687940,592
1790688000,698
1790688060,742
1790688120,668
1790688180,418
1790688240,443
1790688300,489
1790688360,585
1790688420,612
1790688480,583
1790688540,524
1790688600,1226
1790688660,1128
1790688720,1228
1790688780,1402
1790688840,1468
1790688900,1117
1790688960,739
1790689020,1227
1790689080,1677
1790689140,1384
1790689200,914
1790689260,1044
1790689320,1115
1790689380,1569
1790689440,1232
1790689500,1070
1790689560,1117
1790689620,1179
1790689680,805
1790689740,612
1790689800,962
1790689860,993
1790689920,767
1790689980,823
1790690040,453
1790690100,461
1790690160,361
1790690220,456
1790690280,355
1790690340,464
1790690400,2157
1790690460,1219
1790690520,1084
1790690580,934
1790690640,684
1790690700,786
1790690760,787
1790690820,576
1790690880,842
1790690940,988
1790691000,927
1790691060,465
1790691120,521
1790691180,704
1790691240,727
1790691300,955
1790691360,999
1790691420,703
1790691480,600
1790691540,518
1790691600,1003
1790691660,922
1790691720,894
1790691780,743
1790691840,698
1790691900,681
1790691960,449
1790692020,570
1790692080,584
1790692140,428
1790692200,878
1790692260,761
1790692320,643
1790692380,449
1790692440,501
1790692500,823
1790692560,643
1790692620,722
1790692680,749
1790692740,915
1790692800,1617
1790692860,834
1790692920,1034
1790692980,794
1790693040,628
1790693100,601
1790693160,634
1790693220,744
1790693280,1185
1790693340,529
1790693400,719
1790693460,576
1790693520,520
1790693580,600
1790693640,715
1790693700,880
1790693760,759
1790693820,990
1790693880,760
1790693940,698
1790694000,1061
1790694060,628
1790694120,631
1790694180,730
1790694240,729
1790694300,685
1790694360,627
1790694420,523
1790694480,701
1790694540,625
1790694600,582
1790694660,682
1790694720,502
1790694780,520
1790694840,577
1790694900,409
1790694960,366
1790695020,397
1790695080,605
1790695140,474
1790695200,323
1790695260,411
1790695320,617
1790695380,540
1790695440,581
1790695500,903
1790695560,490
1790695620,690
1790695680,763
1790695740,730
1790695800,792
1790695860,576
1790695920,585
1790695980,585
1790696040,478
1790696100,449
1790696160,437
1790696220,363
1790696280,413
1790696340,372
1790696400,304
1790696460,437
1790696520,326
1790696580,310
1790696640,351
1790696700,385
1790696760,475
1790696820,2181
1790696880,1280
1790696940,850
1790697000,603
1790697060,643
1790697120,653
1790697180,486
1790697240,591
1790697300,479
1790697360,380
1790697420,357
1790697480,394
1790697540,390
1790697600,510
1790697660,366
1790697720,376
1790697780,383
1790697840,483
1790697900,497
1790697960,566
1790698020,470
1790698080,286
1790698140,365
1790698200,454
1790698260,387
1790698320,558
1790698380,379
1790698440,564
1790698500,476
1790698560,700
1790698620,575
1790698680,592
1790698740,726
1790698800,594
1790698860,838
1790698920,613
1790698980,604
1790699040,559
1790699100,473
1790699160,318
1790699220,335
1790699280,340
1790699340,246
1790699400,372
1790699460,469
1790699520,448
1790699580,446
1790699640,388
1790699700,409
1790699760,464
1790699820,377
1790699880,346
1790699940,417
1790700000,500
1790700060,426
1790700120,463
1790700180,554
1790700240,588
1790700300,1027
1790700360,969
1790700420,526
1790700480,569
1790700540,560
1790700600,491
1790700660,506
1790700720,287
1790700780,329
1790700840,283
1790700900,462
1790700960,561
1790701020,414
1790701080,476
1790701140,405
1790701200,421
1790701260,517
1790701320,448
1790701380,426
1790701440,389
1790701500,438
1790701560,485
1790701620,608
1790701680,460
1790701740,461
1790701800,449
1790701860,484
1790701920,395
1790701980,245
1790702040,419
1790702100,463
1790702160,454
1790702220,394
1790702280,392
1790702340,448
1790702400,548
1790702460,370
1790702520,367
1790702580,403
1790702640,344
1790702700,302
1790702760,414
1790702820,522
1790702880,461
1790702940,521
1790703000,425
1790703060,391
1790703120,350
1790703180,292
1790703240,284
1790703300,257
1790703360,266
1790703420,274
1790703480,333
1790703540,373
1790703600,464
1790703660,403
1790703720,405
1790703780,308
1790703840,369
1790703900,343
1790703960,632
1790704020,379
1790704080,413
1790704140,411
1790704200,287
1790704260,312
1790704320,335
1790704380,290
1790704440,312
1790704500,309
1790704560,276
1790704620,301
1790704680,405
1790704740,527
1790704800,3085
1790704860,2585
1790704920,2261
1790704980,1780
1790705040,2034
1790705100,1808
1790705160,1296
1790705220,1078
1790705280,1039
1790705340,1520
1790705400,1231
1790705460,990
1790705520,1005
1790705580,1144
1790705640,1003
1790705700,740
1790705760,839
1790705820,774
1790705880,754
1790705940,659
1790706000,523
1790706060,481
1790706120,529
1790706180,845
1790706240,825
1790706300,798
1790706360,736
1790706420,791
1790706480,1153
1790706540,935
1790706600,1751
1790706660,891
1790706720,732
1790706780,835
1790706840,383
1790706900,592
1790706960,740
1790707020,516
1790707080,1250
1790707140,1330
1790707200,1070
1790707260,727
1790707320,560
1790707380,431
1790707440,583
1790707500,505
1790707560,398
1790707620,538
1790707680,503
1790707740,480
1790707800,692
1790707860,609
1790707920,635
1790707980,532
1790708040,580
1790708100,420
1790708160,364
1790708220,420
1790708280,448
1790708340,785
1790708400,814
1790708460,691
1790708520,340
1790708580,345
1790708640,504
1790708700,324
1790708760,320
1790708820,234
1790708880,306
1790708940,477
1790709000,535
1790709060,439
1790709120,261
1790709180,184
1790709240,152
1790709300,215
1790709360,301
1790709420,247
1790709480,381
1790709540,271
1790709600,212
1790709660,211
1790709720,227
1790709780,240
1790709840,201
1790709900,238
1790709960,248
1790710020,282
1790710080,380
1790710140,341
1790710200,296
1790710260,300
1790710320,355
1790710380,337
1790710440,367
1790710500,503
1790710560,517
1790710620,486
1790710680,472
1790710740,672
1790710800,820
1790710860,515
1790710920,360
1790710980,434
1790711040,425
1790711100,407
1790711160,464
1790711220,276
1790711280,416
1790711340,295
1790711400,515
1790711460,627
1790711520,541
1790711580,609
1790711640,511
1790711700,804
1790711760,598
1790711820,517
1790711880,451
1790711940,973
1790712000,633
1790712060,485
1790712120,308
1790712180,229
1790712240,195
1790712300,205
1790712360,189
1790712420,184
1790712480,148
1790712540,124
1790712600,271
1790712660,158
1790712720,260
1790712780,170
1790712840,187
1790712900,135
1790712960,112
1790713020,150
1790713080,139
1790713140,177
1790713200,151
1790713260,140
1790713320,270
1790713380,126
1790713440,194
1790713500,208
1790713560,126
1790713620,147
1790713680,233
1790713740,317
1790713800,342
1790713860,199
1790713920,223
1790713980,278
1790714040,215
1790714100,222
1790714160,234
1790714220,217
1790714280,309
1790714340,370
1790714400,293
1790714460,163
1790714520,206
1790714580,179
1790714640,274
1790714700,264
1790714760,221
1790714820,146
1790714880,120
1790714940,98
1790715000,139
1790715060,116
1790715120,72
1790715180,63
1790715240,112
1790715300,118
1790715360,73
1790715420,120
1790715480,86
1790715540,9
1790719440,2
1790719500,327
1790719560,231
1790719620,148
1790719680,88
1790719740,182
1790719800,257
1790719860,143
1790719920,92
1790719980,167
1790720040,182
1790720100,156
1790720160,249
1790720220,191
1790720280,189
1790720340,182
1790720400,186
1790720460,150
1790720520,98
1790720580,35
1790720640,15
1790720700,29
1790720760,26
1790720820,177
1790720880,140
1790720940,137
1790721000,212
1790721060,156
1790721120,182
1790721180,298
1790721240,139
1790721300,299
1790721360,140
1790721420,57
1790721480,54
1790721540,111
1790721600,55
1790721660,40
1790721720,88
1790721780,40
1790721840,39
1790721900,48
1790721960,47
1790722020,50
1790722080,52
1790722140,36
1790722200,13
1790722260,46
1790722320,56
1790722380,103
1790722440,97
1790722500,46
1790722560,87
1790722620,64
1790722680,27
1790722740,24
1790722800,162
1790722860,66
1790722920,34
1790722980,30
1790723040,92
1790723100,38
1790723160,127
1790723220,53
1790723280,35
1790723340,24
1790723400,56
1790723460,41
1790723520,53
1790723580,23
1790723640,29
1790723700,68
1790723760,71
1790723820,87
1790723880,67
1790723940,61
1790724000,75
1790724060,136
1790724120,118
1790724180,96
1790724240,68
1790724300,30
1790724360,31
1790724420,30
1790724480,33
1790724540,47
1790724600,67
1790724660,108
1790724720,98
1790724780,98
1790724840,89
1790724900,90
1790724960,45
1790725020,86
1790725080,60
1790725140,123
1790725200,79
1790725260,172
1790725320,94
1790725380,187
1790725440,190
1790725500,433
1790725560,243
1790725620,169
1790725680,198
1790725740,248
1790725800,100
1790725860,76
1790725920,51
1790725980,178
1790726040,178
1790726100,240
1790726160,153
1790726220,170
1790726280,186
1790726340,392
1790726400,750
1790726460,301
1790726520,228
1790726580,323
1790726640,203
1790726700,349
1790726760,321
1790726820,179
1790726880,204
1790726940,273
1790727000,260
1790727060,330
1790727120,194
1790727180,402
1790727240,381
1790727300,563
1790727360,309
1790727420,351
1790727480,535
1790727540,363
1790727600,429
1790727660,337
1790727720,375
1790727780,261
1790727840,140
1790727900,417
1790727960,291
1790728020,214
1790728080,274
1790728140,334
1790728200,369
1790728260,256
1790728320,457
1790728380,484
1790728440,304
1790728500,556
1790728560,509
1790728620,505
1790728680,386
1790728740,458
1790728800,423
1790728860,615
1790728920,407
1790728980,295
1790729040,213
1790729100,233
1790729160,325
1790729220,540
1790729280,529
1790729340,590
1790729400,540
1790729460,369
1790729520,298
1790729580,276
1790729640,432
1790729700,525
1790729760,377
1790729820,394
1790729880,398
1790729940,260
1790730000,664
1790730060,837
1790730120,836
1790730180,759
1790730240,729
1790730300,500
1790730360,459
1790730420,488
1790730480,659
1790730540,329
1790730600,489
1790730660,394
1790730720,336
1790730780,406
1790730840,256
1790730900,475
1790730960,267
1790731020,381
1790731080,423
1790731140,324
1790731200,358
1790731260,308
1790731320,245
1790731380,254
1790731440,286
1790731500,230
1790731560,216
1790731620,257
1790731680,277
1790731740,491
1790731800,932
1790731860,799
1790731920,461
1790731980,542
1790732040,266
1790732100,314
1790732160,283
1790732220,769
1790732280,517
1790732340,250
1790732400,265
1790732460,231
1790732520,220
1790732580,375
1790732640,493
1790732700,319
1790732760,222
1790732820,287
1790732880,414
1790732940,460
1790733000,413
1790733060,355
1790733120,276
1790733180,189
1790733240,383
1790733300,426
1790733360,526
1790733420,541
1790733480,520
1790733540,479
1790733600,497
1790733660,353
1790733720,226
1790733780,200
1790733840,299
1790733900,222
1790733960,225
1790734020,206
1790734080,311
1790734140,391
1790734200,540
1790734260,652
1790734320,841
1790734380,296
1790734440,287
1790734500,179
1790734560,326
1790734620,273
1790734680,469
1790734740,412
1790734800,364
1790734860,406
1790734920,382
1790734980,325
1790735040,242
1790735100,262
1790735160,353
1790735220,346
1790735280,450
1790735340,262
1790735400,836
1790735460,503
1790735520,459
1790735580,522
1790735640,453
1790735700,363
1790735760,471
1790735820,401
1790735880,510
1790735940,358
1790736000,388
1790736060,429
1790736120,201
1790736180,250
1790736240,539
1790736300,368
1790736360,578
1790736420,460
1790736480,392
1790736540,494
1790736600,514
1790736660,384
1790736720,465
1790736780,679
1790736840,595
1790736900,482
1790736960,715
1790737020,549
1790737080,813
1790737140,678
1790737200,689
1790737260,325
1790737320,438
1790737380,382
1790737440,444
1790737500,610
1790737560,456
1790737620,654
1790737680,575
1790737740,352
1790737800,487
1790737860,366
1790737920,389
1790737980,707
1790738040,488
1790738100,416
1790738160,393
1790738220,261
1790738280,308
1790738340,201
1790738400,359
1790738460,413
1790738520,510
1790738580,373
1790738640,375
1790738700,304
1790738760,235
1790738820,228
1790738880,291
1790738940,404
1790739000,303
1790739060,305
1790739120,424
1790739180,371
1790739240,258
1790739300,341
1790739360,333
1790739420,261
1790739480,229
1790739540,324
1790739600,214
1790739660,299
1790739720,259
1790739780,228
1790739840,196
1790739900,360
1790739960,334
1790740020,350
1790740080,114
1790740140,92
1790740200,123
1790740260,155
1790740320,240
1790740380,135
1790740440,169
1790740500,139
1790740560,168
1790740620,186
1790740680,84
1790740740,153
1790740800,254
1790740860,265
1790740920,234
1790740980,237
1790741040,285
1790741100,131
1790741160,130
1790741220,116
1790741280,78
1790741340,165
1790741400,172
1790741460,109
1790741520,96
1790741580,132
1790741640,277
1790741700,326
1790741760,406
1790741820,313
1790741880,485
1790741940,268
1790742000,209
1790742060,281
1790742120,206
1790742180,235
1790742240,187
1790742300,324
1790742360,314
1790742420,256
1790742480,209
1790742540,141
1790742600,121
1790742660,214
1790742720,139
1790742780,222
1790742840,168
1790742900,192
1790742960,116
1790743020,144
1790743080,177
1790743140,236
1790743200,303
1790743260,174
1790743320,194
1790743380,223
1790743440,322
1790743500,339
1790743560,398
1790743620,250
1790743680,214
1790743740,488
1790743800,362
1790743860,329
1790743920,261
1790743980,203
1790744040,258
1790744100,282
1790744160,167
1790744220,185
1790744280,194
1790744340,317
1790744400,332
1790744460,362
1790744520,304
1790744580,334
1790744640,245
1790744700,353
1790744760,372
1790744820,310
1790744880,334
1790744940,385
1790745000,319
1790745060,494
1790745120,318
1790745180,396
1790745240,198
1790745300,471
1790745360,624
1790745420,541
1790745480,643
1790745540,733
1790745600,422
1790745660,230
1790745720,246
1790745780,225
1790745840,348
1790745900,270
1790745960,225
1790746020,236
1790746080,491
1790746140,468
1790746200,1177
1790746260,782
1790746320,618
1790746380,391
1790746440,403
1790746500,451
1790746560,519
1790746620,416
1790746680,418
1790746740,558
1790746800,730
1790746860,612
1790746920,419
1790746980,241
1790747040,461
1790747100,603
1790747160,494
1790747220,524
1790747280,288
1790747340,253
1790747400,361
1790747460,333
1790747520,420
1790747580,465
1790747640,591
1790747700,409
1790747760,394
1790747820,348
1790747880,929
1790747940,972
1790748000,1055
1790748060,851
1790748120,548
1790748180,653
1790748240,732
1790748300,732
1790748360,693
1790748420,600
1790748480,887
1790748540,721
1790748600,688
1790748660,518
1790748720,611
1790748780,401
1790748840,194
1790748900,236
1790748960,370
1790749020,318
1790749080,262
1790749140,324
1790749200,359
1790749260,245
1790749320,612
1790749380,461
1790749440,420
1790749500,424
1790749560,358
1790749620,334
1790749680,375
1790749740,304
1790749800,339
1790749860,600
1790749920,419
1790749980,327
1790750040,364
1790750100,316
1790750160,261
1790750220,335
1790750280,570
1790750340,370
1790750400,350
1790750460,317
1790750520,330
1790750580,395
1790750640,417
1790750700,669
1790750760,499
1790750820,615
1790750880,543
1790750940,588
1790751000,467
1790751060,698
1790751120,664
1790751180,782
1790751240,572
1790751300,413
1790751360,416
1790751420,437
1790751480,507
1790751540,780
1790751600,966
1790751660,780
1790751720,780
1790751780,521
1790751840,640
1790751900,451
1790751960,608
1790752020,528
1790752080,599
1790752140,550
1790752200,468
1790752260,593
1790752320,585
1790752380,625
1790752440,438
1790752500,562
1790752560,584
1790752620,591
1790752680,454
1790752740,424
1790752800,583
1790752860,388
1790752920,362
1790752980,368
1790753040,190
1790753100,302
1790753160,316
1790753220,371
1790753280,367
1790753340,337
1790753400,429
1790753460,375
1790753520,370
1790753580,495
1790753640,579
1790753700,723
1790753760,342
1790753820,281
1790753880,365
1790753940,313
1790754000,499
1790754060,279
1790754120,293
1790754180,602
1790754240,369
1790754300,433
1790754360,408
1790754420,192
1790754480,261
1790754540,460
1790754600,245
1790754660,365
1790754720,279
1790754780,212
1790754840,224
1790754900,301
1790754960,230
1790755020,299
1790755080,254
1790755140,270
1790755200,580
1790755260,831
1790755320,943
1790755380,932
1790755440,653
1790755500,759
1790755560,434
1790755620,341
1790755680,525
1790755740,486
1790755800,455
1790755860,602
1790755920,580
1790755980,543
1790756040,607
1790756100,759
1790756160,548
1790756220,669
1790756280,375
1790756340,345
1790756400,326
1790756460,382
1790756520,319
1790756580,235
1790756640,290
1790756700,251
1790756760,252
1790756820,328
1790756880,381
1790756940,540
1790757000,996
1790757060,450
1790757120,283
1790757180,302
1790757240,488
1790757300,468
1790757360,456
1790757420,564
1790757480,605
1790757540,375
1790757600,492
1790757660,492
1790757720,761
1790757780,218
1790757840,316
1790757900,356
1790757960,330
1790758020,270
1790758080,299
1790758140,237
1790758200,322
1790758260,378
1790758320,376
1790758380,395
1790758440,545
1790758500,801
1790758560,396
1790758620,353
1790758680,278
1790758740,331
1790758800,420
1790758860,258
1790758920,327
1790758980,224
1790759040,230
1790759100,291
1790759160,411
1790759220,363
1790759280,807
1790759340,416
1790759400,402
1790759460,462
1790759520,311
1790759580,332
1790759640,300
1790759700,405
1790759760,453
1790759820,375
1790759880,365
1790759940,378
1790760000,224
1790760060,226
1790760120,276
1790760180,359
1790760240,357
1790760300,388
1790760360,367
1790760420,425
1790760480,408
1790760540,548
1790760600,716
1790760660,485
1790760720,428
1790760780,294
1790760840,292
1790760900,283
1790760960,181
1790761020,157
1790761080,158
1790761140,237
1790761200,214
1790761260,208
1790761320,201
1790761380,168
1790761440,207
1790761500,212
1790761560,181
1790761620,260
1790761680,306
1790761740,363
1790761800,530
1790761860,422
1790761920,240
1790761980,154
1790762040,143
1790762100,190
1790762160,183
1790762220,164
1790762280,264
1790762340,257
1790762400,580
1790762460,423
1790762520,230
1790762580,296
1790762640,232
1790762700,316
1790762760,328
1790762820,394
1790762880,181
1790762940,193
1790763000,297
1790763060,426
1790763120,442
1790763180,247
1790763240,195
1790763300,519
1790763360,362
1790763420,342
1790763480,563
1790763540,814
1790763600,383
1790763660,337
1790763720,284
1790763780,276
1790763840,498
1790763900,488
1790763960,375
1790764020,313
1790764080,298
1790764140,377
1790764200,319
1790764260,424
1790764320,421
1790764380,265
1790764440,608
1790764500,613
1790764560,346
1790764620,327
1790764680,205
1790764740,374
1790764800,259
1790764860,302
1790764920,275
1790764980,288
1790765040,300
1790765100,237
1790765160,374
1790765220,519
1790765280,429
1790765340,266
1790765400,311
1790765460,325
1790765520,406
1790765580,379
1790765640,252
1790765700,358
1790765760,544
1790765820,438
1790765880,387
1790765940,577
1790766000,770
1790766060,537
1790766120,407
1790766180,364
1790766240,330
1790766300,541
1790766360,345
1790766420,455
1790766480,471
1790766540,429
1790766600,422
1790766660,643
1790766720,390
1790766780,399
1790766840,474
1790766900,332
1790766960,331
1790767020,266
1790767080,443
1790767140,286
1790767200,375
1790767260,340
1790767320,385
1790767380,247
1790767440,307
1790767500,256
1790767560,363
1790767620,356
1790767680,364
1790767740,452
1790767800,540
1790767860,476
1790767920,531
1790767980,356
1790768040,342
1790768100,318
1790768160,340
1790768220,419
1790768280,291
1790768340,327
1790768400,488
1790768460,474
1790768520,372
1790768580,424
1790768640,195
1790768700,234
1790768760,1022
1790768820,697
1790768880,349
1790768940,527
1790769000,513
1790769060,524
1790769120,365
1790769180,388
1790769240,632
1790769300,477
1790769360,378
1790769420,377
1790769480,395
1790769540,523
1790769600,961
1790769660,641
1790769720,651
1790769780,677
1790769840,412
1790769900,526
1790769960,506
1790770020,644
1790770080,740
1790770140,530
1790770200,512
1790770260,782
1790770320,568
1790770380,352
1790770440,272
1790770500,875
1790770560,588
1790770620,490
1790770680,510
1790770740,707
1790770800,875
1790770860,760
1790770920,891
1790770980,870
1790771040,1018
1790771100,729
1790771160,580
1790771220,480
1790771280,513
1790771340,602
1790771400,2951
1790771460,2778
1790771520,2389
1790771580,2198
1790771640,2476
1790771700,2002
1790771760,2079
1790771820,1749
1790771880,1369
1790771940,1328
1790772000,1827
1790772060,1738
1790772120,1377
1790772180,1753
1790772240,1475
1790772300,1465
1790772360,2186
1790772420,1903
1790772480,2080
1790772540,1401
1790772600,991
1790772660,1610
1790772720,690
1790772780,773
1790772840,710
1790772900,1467
1790772960,1211
1790773020,1317
1790773080,1266
1790773140,1410
1790773200,1884
1790773260,1338
1790773320,1138
1790773380,895
1790773440,1134
1790773500,953
1790773560,923
1790773620,956
1790773680,1028
1790773740,763
1790773800,934
1790773860,1221
1790773920,959
1790773980,887
1790774040,1061
1790774100,956
1790774160,793
1790774220,863
1790774280,682
1790774340,721
1790774400,1144
1790774460,1077
1790774520,1474
1790774580,1075
1790774640,1166
1790774700,1012
1790774760,809
1790774820,535
1790774880,669
1790774940,862
1790775000,1891
1790775060,1417
1790775120,1413
1790775180,1406
1790775240,890
1790775300,1294
1790775360,1092
1790775420,1284
1790775480,1374
1790775540,1045
1790775600,999
1790775660,973
1790775720,1059
1790775780,1452
1790775840,1073
1790775900,1080
1790775960,1052
1790776020,1062
1790776080,1559
1790776140,1662
1790776200,1738
1790776260,1247
1790776320,1757
1790776380,1430
1790776440,971
1790776500,886
1790776560,926
1790776620,1022
1790776680,908
1790776740,1001
1790776800,1322
1790776860,1333
1790776920,1442
1790776980,1379
1790777040,846
1790777100,724
1790777160,630
1790777220,882
1790777280,992
1790777340,1053
1790777400,1010
1790777460,1012
1790777520,882
1790777580,1197
1790777640,1069
1790777700,1394
1790777760,1174
1790777820,1034
1790777880,944
1790777940,1270
1790778000,863
1790778060,915
1790778120,1238
1790778180,962
1790778240,592
1790778300,925
1790778360,609
1790778420,676
1790778480,694
1790778540,575
1790778600,1246
1790778660,1002
1790778720,906
1790778780,1141
1790778840,1003
1790778900,1018
1790778960,850
1790779020,1253
1790779080,1481
1790779140,913
1790779200,756
1790779260,895
1790779320,831
1790779380,1390
1790779440,1039
1790779500,1186
1790779560,1079
1790779620,1001
1790779680,1260
1790779740,876
1790779800,1054
1790779860,1094
1790779920,789
1790779980,1072
1790780040,1289
1790780100,773
1790780160,978
1790780220,1113
1790780280,873
1790780340,843
1790780400,1274
1790780460,1114
1790780520,1239
1790780580,942
1790780640,968
1790780700,944
1790780760,910
1790780820,1075
1790780880,851
1790780940,809
1790781000,677
1790781060,825
1790781120,1145
1790781180,1309
1790781240,1053
1790781300,879
1790781360,777
1790781420,861
1790781480,427
1790781540,482
1790781600,742
1790781660,666
1790781720,555
1790781780,666
1790781840,641
1790781900,637
1790781960,777
1790782020,527
1790782080,722
1790782140,773
1790782200,923
1790782260,943
1790782320,897
1790782380,650
1790782440,801
1790782500,813
1790782560,592
1790782620,361
1790782680,343
1790782740,313
1790782800,413
1790782860,525
1790782920,390
1790782980,420
1790783040,740
1790783100,933
1790783160,577
1790783220,558
1790783280,603
1790783340,579
1790783400,380
1790783460,331
1790783520,415
1790783580,423
1790783640,350
1790783700,504
1790783760,668
1790783820,772
1790783880,389
1790783940,359
1790784000,883
1790784060,551
1790784120,401
1790784180,618
1790784240,866
1790784300,506
1790784360,876
1790784420,509
1790784480,364
1790784540,617
1790784600,862
1790784660,782
1790784720,816
1790784780,783
1790784840,602
1790784900,741
1790784960,690
1790785020,662
1790785080,435
1790785140,437
1790785200,511
1790785260,550
1790785320,461
1790785380,442
1790785440,425
1790785500,448
1790785560,506
1790785620,543
1790785680,462
1790785740,446
1790785800,544
1790785860,433
1790785920,346
1790785980,382
1790786040,265
1790786100,386
1790786160,574
1790786220,400
1790786280,474
1790786340,606
1790786400,485
1790786460,415
1790786520,257
1790786580,174
1790786640,204
1790786700,312
1790786760,283
1790786820,460
1790786880,226
1790786940,486
1790787000,573
1790787060,430
1790787120,500
1790787180,543
1790787240,577
1790787300,583
1790787360,595
1790787420,449
1790787480,580
1790787540,514
1790787600,864
1790787660,756
1790787720,630
1790787780,424
1790787840,300
1790787900,221
1790787960,290
1790788020,566
1790788080,427
1790788140,538
1790788200,345
1790788260,364
1790788320,668
1790788380,427
1790788440,570
1790788500,336
1790788560,646
1790788620,253
1790788680,301
1790788740,206
1790788800,275
1790788860,282
1790788920,593
1790788980,567
1790789040,578
1790789100,305
1790789160,688
1790789220,689
1790789280,507
1790789340,1135
1790789400,462
1790789460,281
1790789520,219
1790789580,159
1790789640,323
1790789700,482
1790789760,421
1790789820,416
1790789880,306
1790789940,289
1790790000,259
1790790060,230
1790790120,186
1790790180,194
1790790240,139
1790790300,645
1790790360,564
1790790420,755
1790790480,689
1790790540,403
1790790600,268
1790790660,387
1790790720,296
1790790780,222
1790790840,232
1790790900,333
1790790960,250
1790791020,407
1790791080,426
1790791140,332
1790791200,323
1790791260,333
1790791320,168
1790791380,288
1790791440,308
1790791500,469
1790791560,337
1790791620,514
1790791680,276
1790791740,421
1790791800,560
1790791860,500
1790791920,318
1790791980,427
1790792040,349
1790792100,288
1790792160,295
1790792220,336
1790792280,478
1790792340,373
1790792400,196
1790792460,126
1790792520,155
1790792580,156
1790792640,339
1790792700,331
1790792760,213
1790792820,232
1790792880,564
1790792940,386
1790793000,401
1790793060,633
1790793120,604
1790793180,513
1790793240,466
1790793300,506
1790793360,642
1790793420,534
1790793480,467
1790793540,235
1790793600,190
1790793660,193
1790793720,331
1790793780,375
1790793840,456
1790793900,488
1790793960,389
1790794020,222
1790794080,260
1790794140,201
1790794200,283
1790794260,296
1790794320,420
1790794380,375
1790794440,252
1790794500,231
1790794560,395
1790794620,240
1790794680,300
1790794740,458
1790794800,688
1790794860,395
1790794920,224
1790794980,368
1790795040,250
1790795100,353
1790795160,420
1790795220,249
1790795280,171
1790795340,196
1790795400,115
1790795460,136
1790795520,140
1790795580,362
1790795640,639
1790795700,434
1790795760,270
1790795820,286
1790795880,190
1790795940,158
1790796000,278
1790796060,347
1790796120,317
1790796180,258
1790796240,204
1790796300,143
1790796360,170
1790796420,160
1790796480,154
1790796540,147
1790796600,235
1790796660,131
1790796720,137
1790796780,168
1790796840,210
1790796900,255
1790796960,264
1790797020,373
1790797080,471
1790797140,545
1790797200,674
1790797260,425
1790797320,273
1790797380,243
1790797440,307
1790797500,770
1790797560,303
1790797620,307
1790797680,1114
1790797740,529
1790797800,798
1790797860,666
1790797920,828
1790797980,658
1790798040,723
1790798100,920
1790798160,802
1790798220,785
1790798280,1146
1790798340,2398
1790798400,1481
1790798460,997
1790798520,361
1790798580,440
1790798640,387
1790798700,339
1790798760,225
1790798820,189
1790798880,279
1790798940,196
1790799000,163
1790799060,216
1790799120,357
1790799180,132
1790799240,70
1790799300,160
1790799360,123
1790799420,94
1790799480,141
1790799540,177
1790799600,139
1790799660,155
1790799720,144
1790799780,100
1790799840,71
1790799900,77
1790799960,58
1790800020,80
1790800080,141
1790800140,93
1790800200,184
1790800260,150
1790800320,129
1790800380,194
1790800440,107
1790800500,227
1790800560,74
1790800620,77
1790800680,106
1790800740,105
1790800800,87
1790800860,58
1790800920,135
1790800980,123
1790801040,78
1790801100,210
1790801160,145
1790801220,76
1790801280,101
1790801340,140
1790801400,191
1790801460,122
1790801520,103
1790801580,129
1790801640,143
1790801700,201
1790801760,178
1790801820,234
1790801880,174
1790801940,6
1790805840,21
1790805900,290
1790805960,299
1790806020,330
1790806080,412
1790806140,514
1790806200,462
1790806260,281
1790806320,379
1790806380,270
1790806440,279
1790806500,211
1790806560,183
1790806620,118
1790806680,123
1790806740,79
1790806800,94
1790806860,87
1790806920,91
1790806980,61
1790807040,85
1790807100,143
1790807160,37
1790807220,44
1790807280,43
1790807340,87
1790807400,62
1790807460,72
1790807520,88
1790807580,62
1790807640,177
1790807700,119
1790807760,34
1790807820,64
1790807880,55
1790807940,39
1790808000,34
1790808060,54
1790808120,38
1790808180,62
1790808240,111
1790808300,57
1790808360,36
1790808420,36
1790808480,57
1790808540,69
1790808600,35
1790808660,65
1790808720,41
1790808780,47
1790808840,45
1790808900,46
1790808960,49
1790809020,41
1790809080,91
1790809140,51
1790809200,47
1790809260,32
1790809320,24
1790809380,10
1790809440,49
1790809500,10
1790809560,32
1790809620,30
1790809680,47
1790809740,67
1790809800,52
1790809860,88
1790809920,74
1790809980,18
1790810040,32
1790810100,63
1790810160,41
1790810220,37
1790810280,35
1790810340,19
1790810400,44
1790810460,84
1790810520,62
1790810580,32
1790810640,36
1790810700,81
1790810760,16
1790810820,49
1790810880,44
1790810940,12
1790811000,45
1790811060,43
1790811120,48
1790811180,17
1790811240,40
1790811300,25
1790811360,60
1790811420,86
1790811480,79
1790811540,56
1790811600,40
1790811660,42
1790811720,29
1790811780,36
1790811840,19
1790811900,128
1790811960,44
1790812020,52
1790812080,61
1790812140,55
1790812200,61
1790812260,76
1790812320,38
1790812380,53
1790812440,123
1790812500,247
1790812560,279
1790812620,162
1790812680,132
1790812740,307
1790812800,489
1790812860,438
1790812920,232
1790812980,282
1790813040,247
1790813100,280
1790813160,257
1790813220,198
1790813280,194
1790813340,464
1790813400,343
1790813460,448
1790813520,407
1790813580,351
1790813640,267
1790813700,550
1790813760,687
1790813820,358
1790813880,564
1790813940,732
1790814000,398
1790814060,347
1790814120,238
1790814180,282
1790814240,408
1790814300,474
1790814360,497
1790814420,515
1790814480,513
1790814540,635
1790814600,838
1790814660,430
1790814720,345
1790814780,351
1790814840,357
1790814900,248
1790814960,236
1790815020,215
1790815080,217
1790815140,417
1790815200,358
1790815260,588
1790815320,590
1790815380,637
1790815440,766
1790815500,416
1790815560,356
1790815620,339
1790815680,321
1790815740,264
1790815800,370
1790815860,464
1790815920,328
1790815980,366
1790816040,372
1790816100,444
1790816160,376
1790816220,245
1790816280,258
1790816340,259
1790816400,447
1790816460,341
1790816520,509
1790816580,289
1790816640,501
1790816700,455
1790816760,662
1790816820,650
1790816880,538
1790816940,638
1790817000,721
1790817060,654
1790817120,676
1790817180,734
1790817240,504
1790817300,461
1790817360,472
1790817420,400
1790817480,332
1790817540,355
1790817600,251
1790817660,395
1790817720,278
1790817780,392
1790817840,308
1790817900,292
1790817960,292
1790818020,274
1790818080,282
1790818140,267
1790818200,397
1790818260,418
1790818320,417
1790818380,471
1790818440,349
1790818500,373
1790818560,176
1790818620,290
1790818680,182
1790818740,202
1790818800,196
1790818860,254
1790818920,235
1790818980,194
1790819040,184
1790819100,199
1790819160,173
1790819220,204
1790819280,186
1790819340,257
1790819400,333
1790819460,159
1790819520,275
1790819580,379
1790819640,222
1790819700,287
1790819760,266
1790819820,324
1790819880,467
1790819940,419
1790820000,434
1790820060,433
1790820120,304
1790820180,209
1790820240,184
1790820300,186
1790820360,282
1790820420,384
1790820480,298
1790820540,345
1790820600,426
1790820660,486
1790820720,379
1790820780,297
1790820840,412
1790820900,385
1790820960,436
1790821020,262
1790821080,233
1790821140,424
1790821200,358
1790821260,411
1790821320,362
1790821380,548
1790821440,290
1790821500,499
1790821560,438
1790821620,209
1790821680,238
1790821740,369
1790821800,427
1790821860,530
1790821920,536
1790821980,346
1790822040,269
1790822100,226
1790822160,295
1790822220,396
1790822280,284
1790822340,184
1790822400,329
1790822460,224
1790822520,262
1790822580,232
1790822640,314
1790822700,270
1790822760,293
1790822820,228
1790822880,273
1790822940,316
1790823000,223
1790823060,675
1790823120,501
1790823180,441
1790823240,335
1790823300,293
1790823360,331
1790823420,341
1790823480,320
1790823540,431
1790823600,498
1790823660,307
1790823720,255
1790823780,494
1790823840,539
1790823900,550
1790823960,381
1790824020,245
1790824080,265
1790824140,197
1790824200,171
1790824260,468
1790824320,372
1790824380,287
1790824440,228
1790824500,327
1790824560,299
1790824620,228
1790824680,241
1790824740,186
1790824800,187
1790824860,289
1790824920,201
1790824980,155
1790825040,207
1790825100,205
1790825160,272
1790825220,239
1790825280,200
1790825340,242
1790825400,355
1790825460,344
1790825520,264
1790825580,252
1790825640,215
1790825700,211
1790825760,353
1790825820,163
1790825880,135
1790825940,177
1790826000,203
1790826060,263
1790826120,154
1790826180,221
1790826240,236
1790826300,301
1790826360,177
1790826420,355
1790826480,356
1790826540,366
1790826600,431
1790826660,348
1790826720,196
1790826780,265
1790826840,474
1790826900,374
1790826960,311
1790827020,339
1790827080,286
1790827140,216
1790827200,304
1790827260,270
1790827320,328
1790827380,177
1790827440,221
1790827500,305
1790827560,208
1790827620,189
1790827680,170
1790827740,233
1790827800,156
1790827860,197
1790827920,289
1790827980,306
1790828040,283
1790828100,598
1790828160,558
1790828220,413
1790828280,229
1790828340,231
1790828400,175
1790828460,287
1790828520,191
1790828580,170
1790828640,190
1790828700,245
1790828760,246
1790828820,217
1790828880,368
1790828940,205
1790829000,246
1790829060,336
1790829120,263
1790829180,292
1790829240,310
1790829300,392
1790829360,266
1790829420,266
1790829480,200
1790829540,243
1790829600,231
1790829660,198
1790829720,183
1790829780,138
1790829840,227
1790829900,225
1790829960,270
1790830020,183
1790830080,138
1790830140,192
1790830200,141
1790830260,190
1790830320,185
1790830380,172
1790830440,198
1790830500,163
1790830560,294
1790830620,165
1790830680,121
1790830740,305
1790830800,190
1790830860,146
1790830920,196
1790830980,341
1790831040,173
1790831100,281
1790831160,228
1790831220,212
1790831280,235
1790831340,171
1790831400,219
1790831460,152
1790831520,217
1790831580,133
1790831640,142
1790831700,208
1790831760,138
1790831820,156
1790831880,135
1790831940,210
1790832000,165
1790832060,184
1790832120,256
1790832180,281
1790832240,124
1790832300,184
1790832360,303
1790832420,293
1790832480,225
1790832540,318
1790832600,493
1790832660,432
1790832720,400
1790832780,367
1790832840,214
1790832900,366
1790832960,333
1790833020,435
1790833080,698
1790833140,546
1790833200,456
1790833260,445
1790833320,236
1790833380,225
1790833440,372
1790833500,745
1790833560,728
1790833620,520
1790833680,426
1790833740,314
1790833800,334
1790833860,287
1790833920,314
1790833980,246
1790834040,252
1790834100,323
1790834160,286
1790834220,354
1790834280,359
1790834340,319
1790834400,625
1790834460,497
1790834520,354
1790834580,341
1790834640,281
1790834700,241
1790834760,160
1790834820,182
1790834880,193
1790834940,135
1790835000,107
1790835060,160
1790835120,165
1790835180,191
1790835240,184
1790835300,198
1790835360,196
1790835420,167
1790835480,117
1790835540,164
1790835600,279
1790835660,262
1790835720,240
1790835780,137
1790835840,197
1790835900,391
1790835960,221
1790836020,337
1790836080,370
1790836140,376
1790836200,430
1790836260,396
1790836320,368
1790836380,374
1790836440,358
1790836500,460
1790836560,432
1790836620,416
1790836680,288
1790836740,477
1790836800,649
1790836860,763
1790836920,693
1790836980,620
1790837040,597
1790837100,626
1790837160,488
1790837220,548
1790837280,610
1790837340,604
1790837400,543
1790837460,576
1790837520,447
1790837580,450
1790837640,472
1790837700,389
1790837760,413
1790837820,435
1790837880,497
1790837940,571
1790838000,1024
1790838060,757
1790838120,613
1790838180,478
1790838240,434
1790838300,358
1790838360,614
1790838420,486
1790838480,316
1790838540,266
1790838600,357
1790838660,288
1790838720,253
1790838780,452
1790838840,397
1790838900,809
1790838960,673
1790839020,582
1790839080,567
1790839140,610
1790839200,970
1790839260,763
1790839320,976
1790839380,728
1790839440,910
1790839500,1042
1790839560,988
1790839620,932
1790839680,633
1790839740,1141
1790839800,1210
1790839860,892
1790839920,926
1790839980,841
1790840040,698
1790840100,571
1790840160,675
1790840220,571
1790840280,1066
1790840340,1141
1790840400,1178
1790840460,928
1790840520,817
1790840580,623
1790840640,1792
1790840700,1390
1790840760,1186
1790840820,768
1790840880,575
1790840940,734
1790841000,750
1790841060,561
1790841120,611
1790841180,493
1790841240,563
1790841300,651
1790841360,722
1790841420,778
1790841480,729
1790841540,670
1790841600,981
1790841660,867
1790841720,1129
1790841780,872
1790841840,669
1790841900,606
1790841960,635
1790842020,584
1790842080,796
1790842140,1071
1790842200,1148
1790842260,1126
1790842320,1309
1790842380,986
1790842440,863
1790842500,731
1790842560,737
1790842620,1092
1790842680,869
1790842740,1198
1790842800,967
1790842860,900
1790842920,915
1790842980,838
1790843040,745
1790843100,996
1790843160,944
1790843220,761
1790843280,929
1790843340,758
1790843400,1274
1790843460,837
1790843520,847
1790843580,894
1790843640,872
1790843700,707
1790843760,1098
1790843820,1121
1790843880,903
1790843940,1016
1790844000,965
1790844060,893
1790844120,701
1790844180,958
1790844240,706
1790844300,801
1790844360,579
1790844420,694
1790844480,675
1790844540,655
1790844600,772
1790844660,1018
1790844720,1214
1790844780,1168
1790844840,1116
1790844900,1117
1790844960,741
1790845020,634
1790845080,631
1790845140,621
1790845200,612
1790845260,557
1790845320,589
1790845380,564
1790845440,642
1790845500,429
1790845560,604
1790845620,423
1790845680,768
1790845740,486
1790845800,587
1790845860,510
1790845920,511
1790845980,509
1790846040,572
1790846100,575
1790846160,502
1790846220,451
1790846280,380
1790846340,348
1790846400,515
1790846460,1013
1790846520,668
1790846580,355
1790846640,495
1790846700,564
1790846760,736
1790846820,605
1790846880,687
1790846940,449
1790847000,542
1790847060,459
1790847120,430
1790847180,370
1790847240,457
1790847300,471
1790847360,569
1790847420,521
1790847480,430
1790847540,416
1790847600,341
1790847660,287
1790847720,163
1790847780,270
1790847840,339
1790847900,428
1790847960,415
1790848020,293
1790848080,267
1790848140,287
1790848200,365
1790848260,371
1790848320,244
1790848380,331
1790848440,339
1790848500,737
1790848560,702
1790848620,712
1790848680,630
1790848740,682
1790848800,1229
1790848860,975
1790848920,815
1790848980,1096
1790849040,698
1790849100,608
1790849160,515
1790849220,656
1790849280,690
1790849340,377
1790849400,742
1790849460,631
1790849520,412
1790849580,296
1790849640,306
1790849700,446
1790849760,410
1790849820,582
1790849880,975
1790849940,476
1790850000,796
1790850060,851
1790850120,639
1790850180,592
1790850240,582
1790850300,499
1790850360,521
1790850420,530
1790850480,554
1790850540,589
1790850600,369
1790850660,327
1790850720,313
1790850780,322
1790850840,469
1790850900,412
1790850960,325
1790851020,370
1790851080,352
1790851140,424
1790851200,241
1790851260,215
1790851320,1170
1790851380,905
1790851440,817
1790851500,537
1790851560,472
1790851620,630
1790851680,503
1790851740,701
1790851800,446
1790851860,390
1790851920,510
1790851980,665
1790852040,775
1790852100,511
1790852160,385
1790852220,404
1790852280,369
1790852340,472
1790852400,613
1790852460,419
1790852520,353
1790852580,364
1790852640,400
1790852700,961
1790852760,647
1790852820,562
1790852880,431
1790852940,439
1790853000,702
1790853060,525
1790853120,435
1790853180,473
1790853240,591
1790853300,530
1790853360,382
1790853420,301
1790853480,305
1790853540,271
1790853600,353
1790853660,365
1790853720,633
1790853780,433
1790853840,361
1790853900,388
1790853960,431
1790854020,432
1790854080,490
1790854140,267
1790854200,283
1790854260,332
1790854320,403
1790854380,370
1790854440,250
1790854500,337
1790854560,558
1790854620,497
1790854680,399
1790854740,569
1790854800,361
1790854860,521
1790854920,627
1790854980,648
1790855040,513
1790855100,562
1790855160,693
1790855220,595
1790855280,520
1790855340,410
1790855400,333
1790855460,284
1790855520,381
1790855580,339
1790855640,368
1790855700,405
1790855760,563
1790855820,270
1790855880,252
1790855940,512
1790856000,1152
1790856060,619
1790856120,570
1790856180,786
1790856240,875
1790856300,718
1790856360,523
1790856420,711
1790856480,631
1790856540,572
1790856600,459
1790856660,323
1790856720,353
1790856780,344
1790856840,265
1790856900,259
1790856960,608
1790857020,876
1790857080,574
1790857140,409
1790857200,1014
1790857260,987
1790857320,838
1790857380,450
1790857440,481
1790857500,734
1790857560,1774
1790857620,776
1790857680,701
1790857740,478
1790857800,938
1790857860,1097
1790857920,836
1790857980,718
1790858040,767
1790858100,544
1790858160,565
1790858220,699
1790858280,718
1790858340,519
1790858400,540
1790858460,595
1790858520,663
1790858580,580
1790858640,748
1790858700,806
1790858760,907
1790858820,633
1790858880,726
1790858940,563
1790859000,513
1790859060,679
1790859120,569
1790859180,667
1790859240,612
1790859300,526
1790859360,475
1790859420,513
1790859480,479
1790859540,457
1790859600,1086
1790859660,939
1790859720,543
1790859780,413
1790859840,504
1790859900,665
1790859960,600
1790860020,450
1790860080,729
1790860140,599
1790860200,430
1790860260,352
1790860320,454
1790860380,613
1790860440,379
1790860500,410
1790860560,483
1790860620,291
1790860680,307
1790860740,324
1790860800,416
1790860860,408
1790860920,474
1790860980,491
1790861040,401
1790861100,407
1790861160,367
1790861220,304
1790861280,321
1790861340,421
1790861400,1068
1790861460,1527
1790861520,1212
1790861580,1164
1790861640,1178
1790861700,687
1790861760,804
1790861820,487
1790861880,682
1790861940,798
1790862000,702
1790862060,984
1790862120,1143
1790862180,648
1790862240,771
1790862300,1734
1790862360,1410
1790862420,1552
1790862480,1174
1790862540,1246
1790862600,1019
1790862660,941
1790862720,903
1790862780,928
1790862840,1419
1790862900,1237
1790862960,1024
1790863020,1055
1790863080,514
1790863140,622
1790863200,2525
1790863260,2035
1790863320,2003
1790863380,1418
1790863440,1359
1790863500,1465
1790863560,1708
1790863620,1628
1790863680,1837
1790863740,1753
1790863800,1164
1790863860,779
1790863920,1265
1790863980,1257
1790864040,1223
1790864100,1491
1790864160,994
1790864220,938
1790864280,1024
1790864340,1340
1790864400,1500
1790864460,1117
1790864520,1261
1790864580,1659
1790864640,976
1790864700,1053
1790864760,1391
1790864820,1105
1790864880,1078
1790864940,728
1790865000,1523
1790865060,1181
1790865120,1686
1790865180,1517
1790865240,1821
1790865300,1719
1790865360,1299
1790865420,1119
1790865480,1015
1790865540,1000
1790865600,958
1790865660,1188
1790865720,1198
1790865780,1249
1790865840,1004
1790865900,1026
1790865960,1095
1790866020,1226
1790866080,758
1790866140,1026
1790866200,1276
1790866260,1240
1790866320,1055
1790866380,1172
1790866440,1005
1790866500,890
1790866560,880
1790866620,1132
1790866680,1658
1790866740,1048
1790866800,1666
1790866860,1211
1790866920,797
1790866980,1156
1790867040,878
1790867100,995
1790867160,655
1790867220,1042
1790867280,1157
1790867340,958
1790867400,686
1790867460,820
1790867520,851
1790867580,609
1790867640,928
1790867700,956
1790867760,831
1790867820,1108
1790867880,974
1790867940,961
1790868000,1831
1790868060,1120
1790868120,1044
1790868180,1377
1790868240,907
1790868300,581
1790868360,653
1790868420,894
1790868480,1046
1790868540,736
1790868600,1954
1790868660,1854
1790868720,1648
1790868780,1750
1790868840,1689
1790868900,1198
1790868960,1447
1790869020,1355
1790869080,1696
1790869140,1350
1790869200,1261
1790869260,866
1790869320,1153
1790869380,979
1790869440,1431
1790869500,1007
1790869560,1245
1790869620,963
1790869680,1505
1790869740,1454
1790869800,1417
1790869860,1074
1790869920,1004
1790869980,1179
1790870040,1143
1790870100,972
1790870160,1606
1790870220,1248
1790870280,955
1790870340,739
1790870400,1623
1790870460,1562
1790870520,1113
1790870580,846
1790870640,747
1790870700,1111
1790870760,911
1790870820,790
1790870880,795
1790870940,883
1790871000,976
1790871060,898
1790871120,781
1790871180,507
1790871240,452
1790871300,524
1790871360,686
1790871420,552
1790871480,599
1790871540,539
1790871600,609
1790871660,616
1790871720,477
1790871780,505
1790871840,456
1790871900,468
1790871960,447
1790872020,610
1790872080,666
1790872140,671
1790872200,692
1790872260,496
1790872320,444
1790872380,558
1790872440,558
1790872500,401
1790872560,881
1790872620,696
1790872680,602
1790872740,402
1790872800,528
1790872860,606
1790872920,483
1790872980,417
1790873040,430
1790873100,340
1790873160,605
1790873220,435
1790873280,455
1790873340,589
1790873400,716
1790873460,750
1790873520,760
1790873580,605
1790873640,495
1790873700,490
1790873760,495
1790873820,543
1790873880,414
1790873940,358
1790874000,479
1790874060,721
1790874120,690
1790874180,604
1790874240,673
1790874300,524
1790874360,694
1790874420,834
1790874480,755
1790874540,684
1790874600,617
1790874660,360
1790874720,460
1790874780,353
1790874840,453
1790874900,597
1790874960,455
1790875020,371
1790875080,610
1790875140,600
1790875200,697
1790875260,517
1790875320,1033
1790875380,1430
1790875440,1341
1790875500,1195
1790875560,801
1790875620,516
1790875680,738
1790875740,875
1790875800,3281
1790875860,2248
1790875920,1695
1790875980,1003
1790876040,849
1790876100,830
1790876160,762
1790876220,626
1790876280,557
1790876340,446
1790876400,576
1790876460,440
1790876520,497
1790876580,520
1790876640,520
1790876700,582
1790876760,553
1790876820,529
1790876880,555
1790876940,449
1790877000,484
1790877060,460
1790877120,453
1790877180,328
1790877240,2163
1790877300,2146
1790877360,1202
1790877420,1253
1790877480,790
1790877540,1090
1790877600,1128
1790877660,1149
1790877720,873
1790877780,712
1790877840,841
1790877900,688
1790877960,596
1790878020,632
1790878080,720
1790878140,728
1790878200,564
1790878260,530
1790878320,650
1790878380,920
1790878440,562
1790878500,577
1790878560,765
1790878620,570
1790878680,651
1790878740,542
1790878800,348
1790878860,293
1790878920,506
1790878980,1479
1790879040,887
1790879100,699
1790879160,739
1790879220,409
1790879280,724
1790879340,728
1790879400,502
1790879460,364
1790879520,383
1790879580,379
1790879640,632
1790879700,969
1790879760,662
1790879820,526
1790879880,485
1790879940,365
1790880000,280
1790880060,333
1790880120,433
1790880180,339
1790880240,335
1790880300,581
1790880360,309
1790880420,345
1790880480,181
1790880540,312
1790880600,487
1790880660,358
1790880720,464
1790880780,390
1790880840,419
1790880900,582
1790880960,279
1790881020,427
1790881080,459
1790881140,790
1790881200,668
1790881260,466
1790881320,384
1790881380,483
1790881440,587
1790881500,504
1790881560,599
1790881620,294
1790881680,554
1790881740,663
1790881800,555
1790881860,330
1790881920,309
1790881980,298
1790882040,333
1790882100,425
1790882160,244
1790882220,465
1790882280,350
1790882340,290
1790882400,357
1790882460,492
1790882520,532
1790882580,503
1790882640,461
1790882700,380
1790882760,352
1790882820,316
1790882880,309
1790882940,323
1790883000,672
1790883060,712
1790883120,411
1790883180,294
1790883240,513
1790883300,445
1790883360,360
1790883420,299
1790883480,511
1790883540,303
1790883600,439
1790883660,386
1790883720,407
1790883780,371
1790883840,474
1790883900,348
1790883960,452
1790884020,364
1790884080,341
1790884140,444
1790884200,1248
1790884260,858
1790884320,834
1790884380,562
1790884440,450
1790884500,703
1790884560,647
1790884620,503
1790884680,563
1790884740,935
1790884800,612
1790884860,394
1790884920,442
1790884980,237
1790885040,515
1790885100,416
1790885160,338
1790885220,215
1790885280,334
1790885340,247
1790885400,267
1790885460,225
1790885520,221
1790885580,181
1790885640,226
1790885700,259
1790885760,274
1790885820,223
1790885880,150
1790885940,193
1790886000,206
1790886060,189
1790886120,221
1790886180,164
1790886240,132
1790886300,212
1790886360,196
1790886420,166
1790886480,115
1790886540,137
1790886600,124
1790886660,34
1790886720,141
1790886780,109
1790886840,143
1790886900,120
1790886960,89
1790887020,136
1790887080,194
1790887140,143
1790887200,192
1790887260,78
1790887320,109
1790887380,91
1790887440,111
1790887500,121
1790887560,102
1790887620,74
1790887680,126
1790887740,68
1790887800,144
1790887860,128
1790887920,44
1790887980,42
1790888040,96
1790888100,147
1790888160,80
1790888220,119
1790888280,93
1790888340,9
1790892240,21
1790892300,186
1790892360,51
1790892420,237
1790892480,87
1790892540,117
1790892600,103
1790892660,181
1790892720,148
1790892780,291
1790892840,240
1790892900,352
1790892960,173
1790893020,126
1790893080,74
1790893140,94
1790893200,153
1790893260,63
1790893320,41
1790893380,110
1790893440,24
1790893500,66
1790893560,67
1790893620,46
1790893680,56
1790893740,50
1790893800,80
1790893860,175
1790893920,165
1790893980,186
1790894040,45
1790894100,91
1790894160,43
1790894220,70
1790894280,69
1790894340,71
1790894400,29
1790894460,86
1790894520,63
1790894580,60
1790894640,33
1790894700,40
1790894760,74
1790894820,48
1790894880,48
1790894940,40
1790895000,133
1790895060,33
1790895120,72
1790895180,67
1790895240,25
1790895300,37
1790895360,69
1790895420,64
1790895480,86
1790895540,79
1790895600,174
1790895660,91
1790895720,53
1790895780,83
1790895840,76
1790895900,125
1790895960,96
1790896020,89
1790896080,67
1790896140,49
1790896200,138
1790896260,123
1790896320,112
1790896380,53
1790896440,99
1790896500,65
1790896560,110
1790896620,64
1790896680,125
1790896740,126
1790896800,103
1790896860,157
1790896920,133
1790896980,97
1790897040,109
1790897100,100
1790897160,110
1790897220,144
1790897280,156
1790897340,83
1790897400,212
1790897460,193
1790897520,94
1790897580,125
1790897640,87
1790897700,122
1790897760,108
1790897820,114
1790897880,130
1790897940,205
1790898000,153
1790898060,194
1790898120,121
1790898180,68
1790898240,124
1790898300,201
1790898360,180
1790898420,121
1790898480,75
1790898540,353
1790898600,309
1790898660,248
1790898720,220
1790898780,106
1790898840,226
1790898900,298
1790898960,112
1790899020,172
1790899080,75
1790899140,191
1790899200,633
1790899260,484
1790899320,450
1790899380,373
1790899440,304
1790899500,386
1790899560,279
1790899620,286
1790899680,268
1790899740,247
1790899800,438
1790899860,389
1790899920,528
1790899980,526
1790900040,268
1790900100,425
1790900160,422
1790900220,397
1790900280,236
1790900340,492
1790900400,331
1790900460,429
1790900520,301
1790900580,278
1790900640,301
1790900700,324
1790900760,400
1790900820,528
1790900880,486
1790900940,529
1790901000,610
1790901060,488
1790901120,584
1790901180,730
1790901240,408
1790901300,391
1790901360,241
1790901420,422
1790901480,509
1790901540,416
1790901600,245
1790901660,371
1790901720,269
1790901780,354
1790901840,407
1790901900,506
1790901960,563
1790902020,726
1790902080,468
1790902140,289
1790902200,332
1790902260,397
1790902320,549
1790902380,596
1790902440,565
1790902500,629
1790902560,563
1790902620,496
1790902680,677
1790902740,1061
1790902800,827
1790902860,733
1790902920,960
1790902980,719
1790903040,562
1790903100,610
1790903160,742
1790903220,673
1790903280,600
1790903340,1046
1790903400,1223
1790903460,870
1790903520,756
1790903580,796
1790903640,600
1790903700,822
1790903760,763
1790903820,769
1790903880,631
1790903940,600
1790904000,539
1790904060,587
1790904120,498
1790904180,535
1790904240,487
1790904300,700
1790904360,662
1790904420,691
1790904480,497
1790904540,903
1790904600,982
1790904660,651
1790904720,421
1790904780,448
1790904840,450
1790904900,507
1790904960,536
1790905020,568
1790905080,381
1790905140,441
1790905200,553
1790905260,474
1790905320,452
1790905380,519
1790905440,493
1790905500,422
1790905560,365
1790905620,532
1790905680,512
1790905740,492
1790905800,501
1790905860,490
1790905920,574
1790905980,689
1790906040,443
1790906100,478
1790906160,424
1790906220,597
1790906280,509
1790906340,405
1790906400,593
1790906460,566
1790906520,455
1790906580,296
1790906640,623
1790906700,519
1790906760,388
1790906820,436
1790906880,471
1790906940,385
1790907000,355
1790907060,437
1790907120,409
1790907180,303
1790907240,360
1790907300,385
1790907360,415
1790907420,414
1790907480,452
1790907540,465
1790907600,398
1790907660,416
1790907720,304
1790907780,317
1790907840,372
1790907900,347
1790907960,276
1790908020,346
1790908080,297
1790908140,483
1790908200,419
1790908260,513
1790908320,488
1790908380,581
1790908440,434
1790908500,391
1790908560,252
1790908620,328
1790908680,370
1790908740,467
1790908800,331
1790908860,300
1790908920,341
1790908980,251
1790909040,203
1790909100,195
1790909160,163
1790909220,235
1790909280,395
1790909340,361
1790909400,318
1790909460,337
1790909520,523
1790909580,332
1790909640,332
1790909700,327
1790909760,268
1790909820,388
1790909880,385
1790909940,366
1790910000,401
1790910060,1134
1790910120,594
1790910180,381
1790910240,396
1790910300,361
1790910360,263
1790910420,265
1790910480,273
1790910540,243
1790910600,340
1790910660,203
1790910720,190
1790910780,270
1790910840,204
1790910900,328
1790910960,280
1790911020,436
1790911080,350
1790911140,210
1790911200,179
1790911260,302
1790911320,416
1790911380,374
1790911440,214
1790911500,438
1790911560,262
1790911620,214
1790911680,314
1790911740,300
1790911800,622
1790911860,414
1790911920,445
1790911980,470
1790912040,275
1790912100,268
1790912160,242
1790912220,252
1790912280,217
1790912340,271
1790912400,289
1790912460,206
1790912520,165
1790912580,243
1790912640,222
1790912700,430
1790912760,477
1790912820,470
1790912880,281
1790912940,142
1790913000,216
1790913060,407
1790913120,232
1790913180,203
1790913240,278
1790913300,331
1790913360,231
1790913420,300
1790913480,252
1790913540,533
1790913600,685
1790913660,574
1790913720,457
1790913780,402
1790913840,270
1790913900,449
1790913960,443
1790914020,435
1790914080,433
1790914140,281
1790914200,495
1790914260,380
1790914320,257
1790914380,611
1790914440,406
1790914500,351
1790914560,412
1790914620,210
1790914680,256
1790914740,219
1790914800,238
1790914860,219
1790914920,198
1790914980,143
1790915040,174
1790915100,297
1790915160,298
1790915220,221
1790915280,240
1790915340,143
1790915400,240
1790915460,249
1790915520,432
1790915580,394
1790915640,371
1790915700,343
1790915760,399
1790915820,386
1790915880,376
1790915940,296
1790916000,414
1790916060,404
1790916120,226
1790916180,141
1790916240,191
1790916300,293
1790916360,297
1790916420,201
1790916480,179
1790916540,127
1790916600,102
1790916660,295
1790916720,400
1790916780,216
1790916840,133
1790916900,198
1790916960,260
1790917020,176
1790917080,190
1790917140,275
1790917200,284
1790917260,293
1790917320,421
1790917380,465
1790917440,383
1790917500,370
1790917560,366
1790917620,421
1790917680,713
1790917740,283
1790917800,405
1790917860,706
1790917920,443
1790917980,353
1790918040,415
1790918100,260
1790918160,183
1790918220,339
1790918280,313
1790918340,264
1790918400,161
1790918460,374
1790918520,360
1790918580,180
1790918640,245
1790918700,304
1790918760,187
1790918820,166
1790918880,224
1790918940,316
1790919000,391
1790919060,332
1790919120,193
1790919180,361
1790919240,372
1790919300,527
1790919360,504
1790919420,310
1790919480,325
1790919540,309
1790919600,289
1790919660,296
1790919720,168
1790919780,444
1790919840,394
1790919900,421
1790919960,345
1790920020,237
1790920080,202
1790920140,261
1790920200,274
1790920260,326
1790920320,307
1790920380,405
1790920440,395
1790920500,365
1790920560,351
1790920620,443
1790920680,294
1790920740,403
1790920800,1291
1790920860,807
1790920920,737
1790920980,711
1790921040,1111
1790921100,993
1790921160,665
1790921220,819
1790921280,619
1790921340,718
1790921400,707
1790921460,708
1790921520,659
1790921580,428
1790921640,395
1790921700,966
1790921760,588
1790921820,565
1790921880,578
1790921940,472
1790922000,641
1790922060,701
1790922120,719
1790922180,468
1790922240,633
1790922300,632
1790922360,618
1790922420,620
1790922480,558
1790922540,667
1790922600,724
1790922660,723
1790922720,535
1790922780,442
1790922840,435
1790922900,832
1790922960,929
1790923020,665
1790923080,719
1790923140,798
1790923200,635
1790923260,625
1790923320,552
1790923380,473
1790923440,528
1790923500,533
1790923560,412
1790923620,378
1790923680,568
1790923740,518
1790923800,498
1790923860,428
1790923920,399
1790923980,376
1790924040,388
1790924100,432
1790924160,470
1790924220,522
1790924280,517
1790924340,483
1790924400,984
1790924460,774
1790924520,654
1790924580,523
1790924640,548
1790924700,575
1790924760,853
1790924820,661
1790924880,491
1790924940,524
1790925000,539
1790925060,535
1790925120,412
1790925180,743
1790925240,614
1790925300,843
1790925360,673
1790925420,681
1790925480,806
1790925540,498
1790925600,383
1790925660,368
1790925720,460
1790925780,661
1790925840,547
1790925900,656
1790925960,408
1790926020,465
1790926080,587
1790926140,569
1790926200,595
1790926260,724
1790926320,651
1790926380,416
1790926440,534
1790926500,604
1790926560,556
1790926620,578
1790926680,466
1790926740,426
1790926800,430
1790926860,555
1790926920,475
1790926980,505
1790927040,508
1790927100,693
1790927160,585
1790927220,463
1790927280,367
1790927340,426
1790927400,534
1790927460,425
1790927520,474
1790927580,499
1790927640,629
1790927700,423
1790927760,537
1790927820,1510
1790927880,1800
1790927940,792
1790928000,821
1790928060,485
1790928120,537
1790928180,982
1790928240,661
1790928300,603
1790928360,588
1790928420,1090
1790928480,1124
1790928540,722
1790928600,970
1790928660,1304
1790928720,874
1790928780,679
1790928840,686
1790928900,712
1790928960,639
1790929020,518
1790929080,602
1790929140,611
1790929200,552
1790929260,875
1790929320,769
1790929380,415
1790929440,498
1790929500,578
1790929560,394
1790929620,457
1790929680,465
1790929740,654
1790929800,1179
1790929860,659
1790929920,617
1790929980,614
1790930040,451
1790930100,465
1790930160,447
1790930220,436
1790930280,332
1790930340,458
1790930400,721
1790930460,416
1790930520,292
1790930580,387
1790930640,397
1790930700,584
1790930760,618
1790930820,681
1790930880,721
1790930940,347
1790931000,543
1790931060,369
1790931120,318
1790931180,274
1790931240,310
1790931300,280
1790931360,248
1790931420,321
1790931480,269
1790931540,241
1790931600,453
1790931660,378
1790931720,628
1790931780,841
1790931840,534
1790931900,565
1790931960,417
1790932020,346
1790932080,211
1790932140,266
1790932200,443
1790932260,373
1790932320,347
1790932380,573
1790932440,543
1790932500,558
1790932560,957
1790932620,502
1790932680,388
1790932740,366
1790932800,403
1790932860,385
1790932920,278
1790932980,294
1790933040,245
1790933100,304
1790933160,299
1790933220,324
1790933280,457
1790933340,337
1790933400,519
1790933460,630
1790933520,457
1790933580,499
1790933640,362
1790933700,325
1790933760,329
1790933820,358
1790933880,306
1790933940,175
1790934000,513
1790934060,309
1790934120,322
1790934180,282
1790934240,271
1790934300,431
1790934360,879
1790934420,1277
1790934480,609
1790934540,1397
1790934600,645
1790934660,454
1790934720,455
1790934780,642
1790934840,428
1790934900,371
1790934960,281
1790935020,317
1790935080,245
1790935140,245
1790935200,394
1790935260,349
1790935320,414
1790935380,565
1790935440,720
1790935500,519
1790935560,633
1790935620,434
1790935680,468
1790935740,231
1790935800,388
1790935860,326
1790935920,696
1790935980,588
1790936040,344
1790936100,618
1790936160,622
1790936220,505
1790936280,407
1790936340,496
1790936400,674
1790936460,1430
1790936520,633
1790936580,698
1790936640,937
1790936700,900
1790936760,514
1790936820,495
1790936880,514
1790936940,385
1790937000,658
1790937060,478
1790937120,372
1790937180,381
1790937240,379
1790937300,304
1790937360,326
1790937420,403
1790937480,428
1790937540,348
1790937600,305
1790937660,258
1790937720,294
1790937780,318
1790937840,450
1790937900,635
1790937960,646
1790938020,504
1790938080,504
1790938140,417
1790938200,509
1790938260,434
1790938320,403
1790938380,278
1790938440,316
1790938500,323
1790938560,529
1790938620,303
1790938680,380
1790938740,444
1790938800,736
1790938860,469
1790938920,622
1790938980,575
1790939040,578
1790939100,539
1790939160,315
1790939220,499
1790939280,410
1790939340,647
1790939400,489
1790939460,549
1790939520,712
1790939580,458
1790939640,539
1790939700,523
1790939760,516
1790939820,558
1790939880,368
1790939940,505
1790940000,344
1790940060,311
1790940120,410
1790940180,342
1790940240,301
1790940300,407
1790940360,478
1790940420,393
1790940480,309
1790940540,312
1790940600,476
1790940660,377
1790940720,743
1790940780,594
1790940840,417
1790940900,281
1790940960,369
1790941020,476
1790941080,487
1790941140,332
1790941200,510
1790941260,336
1790941320,473
1790941380,406
1790941440,379
1790941500,425
1790941560,669
1790941620,724
1790941680,767
1790941740,917
1790941800,801
1790941860,492
1790941920,721
1790941980,377
1790942040,581
1790942100,514
1790942160,679
1790942220,858
1790942280,394
1790942340,445
1790942400,895
1790942460,785
1790942520,814
1790942580,471
1790942640,571
1790942700,470
1790942760,679
1790942820,572
1790942880,606
1790942940,616
1790943000,431
1790943060,476
1790943120,578
1790943180,413
1790943240,751
1790943300,599
1790943360,589
1790943420,749
1790943480,463
1790943540,1295
1790943600,946
1790943660,614
1790943720,670
1790943780,725
1790943840,833
1790943900,784
1790943960,365
1790944020,467
1790944080,1009
1790944140,974
1790944200,3657
1790944260,3379
1790944320,3216
1790944380,3184
1790944440,2839
1790944500,2695
1790944560,2516
1790944620,2373
1790944680,2213
1790944740,2247
1790944800,2101
1790944860,2021
1790944920,1778
1790944980,1792
1790945040,2087
1790945100,1867
1790945160,1681
1790945220,1590
1790945280,1372
1790945340,1561
1790945400,1502
1790945460,1618
1790945520,1781
1790945580,1686
1790945640,1606
1790945700,1510
1790945760,1722
1790945820,1914
1790945880,1600
1790945940,1453
1790946000,2004
1790946060,2134
1790946120,1747
1790946180,1794
1790946240,1634
1790946300,2090
1790946360,2199
1790946420,1894
1790946480,1660
1790946540,2016
1790946600,1732
1790946660,1708
1790946720,1625
1790946780,1537
1790946840,1676
1790946900,1284
1790946960,1275
1790947020,1404
1790947080,1213
1790947140,1192
1790947200,1504
1790947260,1610
1790947320,1399
1790947380,1668
1790947440,1405
1790947500,1457
1790947560,1263
1790947620,1029
1790947680,1062
1790947740,1153
1790947800,2032
1790947860,2054
1790947920,1788
1790947980,1953
1790948040,1553
1790948100,1746
1790948160,1583
1790948220,2025
1790948280,1767
1790948340,1826
1790948400,1888
1790948460,1965
1790948520,1612
1790948580,1674
1790948640,1986
1790948700,2030
1790948760,1754
1790948820,1649
1790948880,1412
1790948940,1491
1790949000,1568
1790949060,1333
1790949120,1441
1790949180,1589
1790949240,1251
1790949300,1654
1790949360,1654
1790949420,1931
1790949480,2309
1790949540,1111
1790949600,1657
1790949660,1977
1790949720,1841
1790949780,1442
1790949840,1820
1790949900,2059
1790949960,1655
1790950020,1530
1790950080,1443
1790950140,1834
1790950200,1829
1790950260,1778
1790950320,1437
1790950380,1107
1790950440,1377
1790950500,1585
1790950560,1475
1790950620,1346
1790950680,1175
1790950740,1215
1790950800,1306
1790950860,1179
1790950920,1226
1790950980,1479
1790951040,1143
1790951100,1419
1790951160,1724
1790951220,1389
1790951280,1351
1790951340,1295
1790951400,2064
1790951460,1383
1790951520,1282
1790951580,1311
1790951640,1701
1790951700,1368
1790951760,1682
1790951820,1318
1790951880,1113
1790951940,1160
1790952000,811
1790952060,959
1790952120,1149
1790952180,1049
1790952240,970
1790952300,906
1790952360,1742
1790952420,1284
1790952480,1230
1790952540,602
1790952600,1129
1790952660,833
1790952720,1129
1790952780,1631
1790952840,1801
1790952900,1402
1790952960,1376
1790953020,1893
1790953080,1823
1790953140,996
1790953200,1501
1790953260,1813
1790953320,1868
1790953380,1382
1790953440,1498
1790953500,1452
1790953560,1810
1790953620,1976
1790953680,1640
1790953740,1693
1790953800,1598
1790953860,1685
1790953920,1358
1790953980,1314
1790954040,1305
1790954100,1933
1790954160,1718
1790954220,1468
1790954280,1714
1790954340,1412
1790954400,1682
1790954460,1521
1790954520,1865
1790954580,1632
1790954640,1733
1790954700,2068
1790954760,1738
1790954820,1639
1790954880,1234
1790954940,1626
1790955000,1564
1790955060,1405
1790955120,1277
1790955180,1190
1790955240,878
1790955300,1019
1790955360,1108
1790955420,797
1790955480,1024
1790955540,784
1790955600,878
1790955660,938
1790955720,823
1790955780,818
1790955840,835
1790955900,1241
1790955960,1204
1790956020,640
1790956080,824
1790956140,776
1790956200,830
1790956260,702
1790956320,1034
1790956380,1008
1790956440,1046
1790956500,783
1790956560,713
1790956620,1054
1790956680,846
1790956740,716
1790956800,1176
1790956860,1122
1790956920,1472
1790956980,1210
1790957040,1138
1790957100,1241
1790957160,1156
1790957220,812
1790957280,842
1790957340,695
1790957400,878
1790957460,845
1790957520,1041
1790957580,949
1790957640,710
1790957700,557
1790957760,730
1790957820,610
1790957880,497
1790957940,519
1790958000,611
1790958060,691
1790958120,794
1790958180,1103
1790958240,1875
1790958300,1536
1790958360,899
1790958420,1070
1790958480,910
1790958540,784
1790958600,919
1790958660,766
1790958720,641
1790958780,789
1790958840,826
1790958900,690
1790958960,714
1790959020,680
1790959080,576
1790959140,610
1790959200,697
1790959260,784
1790959320,572
1790959380,628
1790959440,655
1790959500,623
1790959560,675
1790959620,643
1790959680,527
1790959740,542
1790959800,698
1790959860,662
1790959920,579
1790959980,604
1790960040,532
1790960100,545
1790960160,540
1790960220,515
1790960280,474
1790960340,574
1790960400,691
1790960460,741
1790960520,538
1790960580,537
1790960640,516
1790960700,376
1790960760,634
1790960820,583
1790960880,521
1790960940,435
1790961000,368
1790961060,339
1790961120,319
1790961180,474
1790961240,663
1790961300,541
1790961360,468
1790961420,394
1790961480,419
1790961540,371
1790961600,483
1790961660,435
1790961720,460
1790961780,608
1790961840,603
1790961900,529
1790961960,774
1790962020,769
1790962080,908
1790962140,787
1790962200,925
1790962260,745
1790962320,694
1790962380,556
1790962440,558
1790962500,552
1790962560,632
1790962620,524
1790962680,464
1790962740,446
1790962800,608
1790962860,367
1790962920,473
1790962980,343
1790963040,662
1790963100,433
1790963160,420
1790963220,410
1790963280,396
1790963340,454
1790963400,931
1790963460,439
1790963520,364
1790963580,354
1790963640,491
1790963700,474
1790963760,396
1790963820,406
1790963880,679
1790963940,423
1790964000,644
1790964060,509
1790964120,398
1790964180,410
1790964240,402
1790964300,478
1790964360,347
1790964420,498
1790964480,415
1790964540,419
1790964600,348
1790964660,467
1790964720,417
1790964780,466
1790964840,395
1790964900,428
1790964960,609
1790965020,424
1790965080,609
1790965140,542
1790965200,456
1790965260,584
1790965320,484
1790965380,795
1790965440,343
1790965500,528
1790965560,343
1790965620,478
1790965680,902
1790965740,437
1790965800,414
1790965860,624
1790965920,541
1790965980,521
1790966040,559
1790966100,540
1790966160,401
1790966220,252
1790966280,382
1790966340,420
1790966400,366
1790966460,351
1790966520,425
1790966580,408
1790966640,387
1790966700,355
1790966760,224
1790966820,300
1790966880,358
1790966940,352
1790967000,386
1790967060,356
1790967120,233
1790967180,296
1790967240,514
1790967300,544
1790967360,397
1790967420,361
1790967480,310
1790967540,562
1790967600,661
1790967660,551
1790967720,481
1790967780,531
1790967840,512
1790967900,547
1790967960,233
1790968020,400
1790968080,262
1790968140,306
1790968200,1079
1790968260,869
1790968320,903
1790968380,1105
1790968440,799
1790968500,781
1790968560,995
1790968620,832
1790968680,922
1790968740,764
1790968800,919
1790968860,754
1790968920,861
1790968980,595
1790969040,733
1790969100,596
1790969160,709
1790969220,691
1790969280,556
1790969340,588
1790969400,972
1790969460,931
1790969520,718
1790969580,601
1790969640,746
1790969700,806
1790969760,435
1790969820,512
1790969880,607
1790969940,499
1790970000,441
1790970060,426
1790970120,671
1790970180,560
1790970240,522
1790970300,966
1790970360,530
1790970420,493
1790970480,449
1790970540,413
1790970600,504
1790970660,509
1790970720,451
1790970780,630
1790970840,422
1790970900,403
1790970960,461
1790971020,280
1790971080,473
1790971140,838
1790971200,647
1790971260,439
1790971320,348
1790971380,423
1790971440,342
1790971500,543
1790971560,383
1790971620,153
1790971680,257
1790971740,187
1790971800,344
1790971860,344
1790971920,184
1790971980,263
1790972040,249
1790972100,311
1790972160,301
1790972220,237
1790972280,257
1790972340,199
1790972400,167
1790972460,159
1790972520,124
1790972580,99
1790972640,127
1790972700,109
1790972760,99
1790972820,149
1790972880,163
1790972940,150
1790973000,195
1790973060,69
1790973120,105
1790973180,272
1790973240,198
1790973300,243
1790973360,235
1790973420,189
1790973480,145
1790973540,120
1790973600,237
1790973660,137
1790973720,95
1790973780,75
1790973840,90
1790973900,214
1790973960,150
1790974020,174
1790974080,138
1790974140,239
1790974200,226
1790974260,220
1790974320,197
1790974380,235
1790974440,191
1790974500,237
1790974560,187
1790974620,184
1790974680,189
1790974740,24
1791151440,40
1791151500,649
1791151560,263
1791151620,175
1791151680,127
1791151740,112
1791151800,231
1791151860,139
1791151920,178
1791151980,117
1791152040,257
1791152100,273
1791152160,291
1791152220,228
1791152280,141
1791152340,178
1791152400,158
1791152460,133
1791152520,123
1791152580,101
1791152640,183
1791152700,170
1791152760,186
1791152820,195
1791152880,148
1791152940,178
1791153000,252
1791153060,308
1791153120,170
1791153180,149
1791153240,170
1791153300,160
1791153360,72
1791153420,53
1791153480,39
1791153540,83
1791153600,71
1791153660,68
1791153720,58
1791153780,134
1791153840,54
1791153900,150
1791153960,67
1791154020,39
1791154080,172
1791154140,80
1791154200,96
1791154260,131
1791154320,61
1791154380,54
1791154440,75
1791154500,77
1791154560,88
1791154620,76
1791154680,49
1791154740,68
1791154800,170
1791154860,174
1791154920,153
1791154980,164
1791155040,132
1791155100,136
1791155160,63
1791155220,69
1791155280,81
1791155340,91
1791155400,108
1791155460,103
1791155520,153
1791155580,179
1791155640,103
1791155700,194
1791155760,139
1791155820,103
1791155880,135
1791155940,157
1791156000,92
1791156060,58
1791156120,107
1791156180,197
1791156240,176
1791156300,120
1791156360,101
1791156420,141
1791156480,122
1791156540,75
1791156600,146
1791156660,104
1791156720,71
1791156780,103
1791156840,103
1791156900,135
1791156960,134
1791157020,93
1791157080,102
1791157140,123
1791157200,122
1791157260,105
1791157320,103
1791157380,120
1791157440,140
1791157500,258
1791157560,185
1791157620,201
1791157680,153
1791157740,349
1791157800,190
1791157860,276
1791157920,204
1791157980,245
1791158040,269
1791158100,306
1791158160,268
1791158220,224
1791158280,257
1791158340,335
1791158400,1142
1791158460,426
1791158520,512
1791158580,360
1791158640,420
1791158700,405
1791158760,434
1791158820,447
1791158880,448
1791158940,268
1791159000,299
1791159060,612
1791159120,528
1791159180,341
1791159240,440
1791159300,1259
1791159360,924
1791159420,790
1791159480,711
1791159540,780
1791159600,600
1791159660,591
1791159720,540
1791159780,516
1791159840,612
1791159900,484
1791159960,609
1791160020,365
1791160080,363
1791160140,317
1791160200,305
1791160260,234
1791160320,210
1791160380,156
1791160440,238
1791160500,304
1791160560,180
1791160620,331
1791160680,431
1791160740,206
1791160800,146
1791160860,159
1791160920,149
1791160980,306
1791161040,399
1791161100,394
1791161160,395
1791161220,512
1791161280,461
1791161340,450
1791161400,467
1791161460,293
1791161520,195
1791161580,273
1791161640,428
1791161700,276
1791161760,207
1791161820,309
1791161880,479
1791161940,269
1791162000,896
1791162060,972
1791162120,527
1791162180,275
1791162240,295
1791162300,377
1791162360,356
1791162420,259
1791162480,591
1791162540,481
1791162600,479
1791162660,519
1791162720,383
1791162780,409
1791162840,461
1791162900,684
1791162960,690
1791163020,320
1791163080,376
1791163140,494
1791163200,555
1791163260,498
1791163320,442
1791163380,628
1791163440,726
1791163500,538
1791163560,398
1791163620,320
1791163680,233
1791163740,399
1791163800,856
1791163860,498
1791163920,539
1791163980,651
1791164040,477
1791164100,583
1791164160,488
1791164220,402
1791164280,487
1791164340,499
1791164400,409
1791164460,309
1791164520,489
1791164580,549
1791164640,480
1791164700,809
1791164760,699
1791164820,592
1791164880,471
1791164940,334
1791165000,363
1791165060,373
1791165120,274
1791165180,350
1791165240,232
1791165300,288
1791165360,348
1791165420,344
1791165480,277
1791165540,343
1791165600,348
1791165660,407
1791165720,368
1791165780,398
1791165840,711
1791165900,444
1791165960,439
1791166020,435
1791166080,455
1791166140,470
1791166200,318
1791166260,360
1791166320,414
1791166380,509
1791166440,385
1791166500,241
1791166560,338
1791166620,461
1791166680,324
1791166740,811
1791166800,665
1791166860,656
1791166920,281
1791166980,461
1791167040,417
1791167100,249
1791167160,305
1791167220,252
1791167280,336
1791167340,524
1791167400,458
1791167460,463
1791167520,344
1791167580,399
1791167640,312
1791167700,398
1791167760,209
1791167820,481
1791167880,506
1791167940,633
1791168000,525
1791168060,495
1791168120,380
1791168180,580
1791168240,457
1791168300,483
1791168360,664
1791168420,731
1791168480,473
1791168540,1220
1791168600,853
1791168660,772
1791168720,852
1791168780,660
1791168840,762
1791168900,1281
1791168960,568
1791169020,705
1791169080,767
1791169140,723
1791169200,700
1791169260,756
1791169320,831
1791169380,762
1791169440,741
1791169500,838
1791169560,1033
1791169620,1073
1791169680,987
1791169740,861
1791169800,905
1791169860,843
1791169920,1097
1791169980,473
1791170040,417
1791170100,461
1791170160,428
1791170220,574
1791170280,342
1791170340,369
1791170400,342
1791170460,293
1791170520,311
1791170580,373
1791170640,328
1791170700,370
1791170760,328
1791170820,453
1791170880,399
1791170940,307
1791171000,461
1791171060,357
1791171120,370
1791171180,375
1791171240,268
1791171300,233
1791171360,218
1791171420,208
1791171480,336
1791171540,361
1791171600,374
1791171660,231
1791171720,242
1791171780,281
1791171840,279
1791171900,384
1791171960,313
1791172020,201
1791172080,210
1791172140,322
1791172200,257
1791172260,188
1791172320,237
1791172380,225
1791172440,182
1791172500,306
1791172560,317
1791172620,203
1791172680,219
1791172740,265
1791172800,334
1791172860,336
1791172920,210
1791172980,349
1791173040,251
1791173100,283
1791173160,374
1791173220,252
1791173280,408
1791173340,168
1791173400,219
1791173460,179
1791173520,213
1791173580,146
1791173640,496
1791173700,443
1791173760,388
1791173820,463
1791173880,427
1791173940,331
1791174000,311
1791174060,429
1791174120,329
1791174180,434
1791174240,276
1791174300,276
1791174360,341
1791174420,315
1791174480,365
1791174540,742
1791174600,926
1791174660,494
1791174720,674
1791174780,430
1791174840,445
1791174900,332
1791174960,457
1791175020,314
1791175080,154
1791175140,286
1791175200,439
1791175260,327
1791175320,158
1791175380,180
1791175440,277
1791175500,256
1791175560,283
1791175620,210
1791175680,326
1791175740,321
1791175800,233
1791175860,221
1791175920,174
1791175980,231
1791176040,367
1791176100,325
1791176160,266
1791176220,129
1791176280,175
1791176340,190
1791176400,323
1791176460,328
1791176520,359
1791176580,227
1791176640,325
1791176700,212
1791176760,282
1791176820,615
1791176880,402
1791176940,156
1791177000,227
1791177060,124
1791177120,176
1791177180,251
1791177240,362
1791177300,218
1791177360,202
1791177420,165
1791177480,216
1791177540,287
1791177600,246
1791177660,158
1791177720,263
1791177780,554
1791177840,315
1791177900,331
1791177960,280
1791178020,130
1791178080,265
1791178140,177
1791178200,319
1791178260,201
1791178320,254
1791178380,267
1791178440,188
1791178500,312
1791178560,414
1791178620,307
1791178680,188
1791178740,159
1791178800,248
1791178860,252
1791178920,220
1791178980,168
1791179040,285
1791179100,233
1791179160,265
1791179220,172
1791179280,340
1791179340,253
1791179400,299
1791179460,308
1791179520,314
1791179580,214
1791179640,411
1791179700,459
1791179760,645
1791179820,682
1791179880,467
1791179940,397
1791180000,1074
1791180060,937
1791180120,858
1791180180,679
1791180240,559
1791180300,586
1791180360,623
1791180420,350
1791180480,451
1791180540,480
1791180600,792
1791180660,808
1791180720,862
1791180780,492
1791180840,803
1791180900,868
1791180960,722
1791181020,800
1791181080,399
1791181140,663
1791181200,1036
1791181260,744
1791181320,625
1791181380,537
1791181440,415
1791181500,618
1791181560,465
1791181620,452
1791181680,514
1791181740,522
1791181800,1038
1791181860,834
1791181920,1072
1791181980,833
1791182040,913
1791182100,1065
1791182160,1223
1791182220,830
1791182280,715
1791182340,818
1791182400,694
1791182460,631
1791182520,576
1791182580,862
1791182640,551
1791182700,489
1791182760,688
1791182820,632
1791182880,903
1791182940,939
1791183000,848
1791183060,626
1791183120,517
1791183180,569
1791183240,956
1791183300,783
1791183360,497
1791183420,476
1791183480,456
1791183540,657
1791183600,1290
1791183660,964
1791183720,999
1791183780,768
1791183840,838
1791183900,625
1791183960,637
1791184020,565
1791184080,471
1791184140,462
1791184200,512
1791184260,678
1791184320,609
1791184380,754
1791184440,521
1791184500,443
1791184560,476
1791184620,450
1791184680,305
1791184740,314
1791184800,469
1791184860,603
1791184920,593
1791184980,646
1791185040,612
1791185100,749
1791185160,661
1791185220,592
1791185280,530
1791185340,442
1791185400,496
1791185460,473
1791185520,500
1791185580,562
1791185640,433
1791185700,347
1791185760,466
1791185820,428
1791185880,436
1791185940,301
1791186000,328
1791186060,727
1791186120,719
1791186180,617
1791186240,326
1791186300,1441
1791186360,768
1791186420,591
1791186480,451
1791186540,297
1791186600,319
1791186660,582
1791186720,645
1791186780,332
1791186840,324
1791186900,340
1791186960,352
1791187020,356
1791187080,308
1791187140,289
1791187200,1270
1791187260,910
1791187320,542
1791187380,689
1791187440,538
1791187500,637
1791187560,463
1791187620,647
1791187680,519
1791187740,343
1791187800,439
1791187860,639
1791187920,622
1791187980,452
1791188040,413
1791188100,365
1791188160,285
1791188220,492
1791188280,386
1791188340,311
1791188400,494
1791188460,397
1791188520,521
1791188580,691
1791188640,537
1791188700,924
1791188760,927
1791188820,548
1791188880,701
1791188940,414
1791189000,513
1791189060,366
1791189120,371
1791189180,493
1791189240,2051
1791189300,1065
1791189360,715
1791189420,710
1791189480,552
1791189540,454
1791189600,652
1791189660,369
1791189720,343
1791189780,488
1791189840,636
1791189900,495
1791189960,263
1791190020,488
1791190080,394
1791190140,1977
1791190200,1509
1791190260,1024
1791190320,721
1791190380,359
1791190440,347
1791190500,403
1791190560,326
1791190620,253
1791190680,598
1791190740,439
1791190800,399
1791190860,414
1791190920,570
1791190980,388
1791191040,397
1791191100,351
1791191160,431
1791191220,442
1791191280,317
1791191340,182
1791191400,227
1791191460,178
1791191520,156
1791191580,117
1791191640,192
1791191700,273
1791191760,353
1791191820,591
1791191880,800
1791191940,611
1791192000,315
1791192060,389
1791192120,299
1791192180,490
1791192240,612
1791192300,564
1791192360,220
1791192420,304
1791192480,355
1791192540,302
1791192600,435
1791192660,283
1791192720,363
1791192780,275
1791192840,336
1791192900,401
1791192960,540
1791193020,443
1791193080,318
1791193140,321
1791193200,411
1791193260,484
1791193320,247
1791193380,411
1791193440,270
1791193500,426
1791193560,505
1791193620,517
1791193680,384
1791193740,270
1791193800,223
1791193860,343
1791193920,389
1791193980,283
1791194040,418
1791194100,393
1791194160,495
1791194220,297
1791194280,235
1791194340,223
1791194400,447
1791194460,221
1791194520,435
1791194580,543
1791194640,316
1791194700,260
1791194760,333
1791194820,335
1791194880,512
1791194940,573
1791195000,487
1791195060,367
1791195120,291
1791195180,308
1791195240,358
1791195300,326
1791195360,348
1791195420,285
1791195480,303
1791195540,362
1791195600,316
1791195660,268
1791195720,250
1791195780,418
1791195840,416
1791195900,331
1791195960,279
1791196020,397
1791196080,310
1791196140,327
1791196200,241
1791196260,213
1791196320,241
1791196380,184
1791196440,226
1791196500,298
1791196560,241
1791196620,171
1791196680,296
1791196740,176
1791196800,197
1791196860,276
1791196920,228
1791196980,214
1791197040,294
1791197100,242
1791197160,274
1791197220,432
1791197280,287
1791197340,266
1791197400,308
1791197460,379
1791197520,177
1791197580,212
1791197640,883
1791197700,1499
1791197760,965
1791197820,359
1791197880,448
1791197940,379
1791198000,929
1791198060,602
1791198120,459
1791198180,385
1791198240,194
1791198300,277
1791198360,209
1791198420,178
1791198480,196
1791198540,178
1791198600,237
1791198660,222
1791198720,275
1791198780,267
1791198840,291
1791198900,259
1791198960,429
1791199020,407
1791199080,293
1791199140,282
1791199200,294
1791199260,177
1791199320,376
1791199380,262
1791199440,189
1791199500,267
1791199560,303
1791199620,1547
1791199680,528
1791199740,783
1791199800,792
1791199860,416
1791199920,603
1791199980,518
1791200040,537
1791200100,371
1791200160,278
1791200220,225
1791200280,344
1791200340,384
1791200400,318
1791200460,422
1791200520,750
1791200580,385
1791200640,312
1791200700,538
1791200760,547
1791200820,391
1791200880,302
1791200940,281
1791201000,244
1791201060,479
1791201120,349
1791201180,355
1791201240,508
1791201300,262
1791201360,290
1791201420,337
1791201480,440
1791201540,277
1791201600,555
1791201660,574
1791201720,540
1791201780,445
1791201840,238
1791201900,289
1791201960,307
1791202020,315
1791202080,303
1791202140,546
1791202200,800
1791202260,348
1791202320,337
1791202380,351
1791202440,452
1791202500,324
1791202560,728
1791202620,685
1791202680,675
1791202740,887
1791202800,540
1791202860,505
1791202920,437
1791202980,458
1791203040,485
1791203100,686
1791203160,477
1791203220,502
1791203280,530
1791203340,600
1791203400,1067
1791203460,716
1791203520,619
1791203580,760
1791203640,489
1791203700,565
1791203760,459
1791203820,590
1791203880,343
1791203940,398
1791204000,789
1791204060,504
1791204120,369
1791204180,477
1791204240,411
1791204300,372
1791204360,456
1791204420,675
1791204480,483
1791204540,340
1791204600,375
1791204660,430
1791204720,748
1791204780,417
1791204840,276
1791204900,466
1791204960,392
1791205020,414
1791205080,271
1791205140,228
1791205200,526
1791205260,327
1791205320,385
1791205380,320
1791205440,320
1791205500,364
1791205560,783
1791205620,427
1791205680,586
1791205740,435
1791205800,517
1791205860,450
1791205920,491
1791205980,340
1791206040,503
1791206100,332
1791206160,456
1791206220,657
1791206280,567
1791206340,473
1791206400,463
1791206460,275
1791206520,344
1791206580,326
1791206640,735
1791206700,738
1791206760,605
1791206820,398
1791206880,437
1791206940,530
1791207000,1032
1791207060,801
1791207120,1400
1791207180,1229
1791207240,921
1791207300,972
1791207360,757
1791207420,698
1791207480,733
1791207540,682
1791207600,835
1791207660,768
1791207720,811
1791207780,825
1791207840,526
1791207900,1042
1791207960,1237
1791208020,864
1791208080,1136
1791208140,1226
1791208200,1153
1791208260,1072
1791208320,844
1791208380,928
1791208440,1262
1791208500,924
1791208560,1024
1791208620,759
1791208680,497
1791208740,398
1791208800,1650
1791208860,1503
1791208920,928
1791208980,778
1791209040,1153
1791209100,914
1791209160,946
1791209220,588
1791209280,1463
1791209340,2032
1791209400,1110
1791209460,562
1791209520,649
1791209580,958
1791209640,602
1791209700,758
1791209760,1032
1791209820,878
1791209880,425
1791209940,478
1791210000,475
1791210060,534
1791210120,1084
1791210180,509
1791210240,444
1791210300,626
1791210360,536
1791210420,524
1791210480,612
1791210540,459
1791210600,684
1791210660,765
1791210720,774
1791210780,566
1791210840,546
1791210900,503
1791210960,664
1791211020,659
1791211080,465
1791211140,512
1791211200,584
1791211260,596
1791211320,695
1791211380,627
1791211440,689
1791211500,430
1791211560,490
1791211620,547
1791211680,689
1791211740,702
1791211800,1005
1791211860,1112
1791211920,932
1791211980,488
1791212040,861
1791212100,911
1791212160,689
1791212220,1338
1791212280,961
1791212340,753
1791212400,1213
1791212460,1277
1791212520,978
1791212580,1339
1791212640,676
1791212700,380
1791212760,423
1791212820,412
1791212880,323
1791212940,347
1791213000,395
1791213060,351
1791213120,320
1791213180,308
1791213240,327
1791213300,463
1791213360,536
1791213420,509
1791213480,288
1791213540,243
1791213600,453
1791213660,640
1791213720,1189
1791213780,763
1791213840,889
1791213900,634
1791213960,507
1791214020,521
1791214080,628
1791214140,755
1791214200,517
1791214260,451
1791214320,513
1791214380,580
1791214440,471
1791214500,400
1791214560,546
1791214620,536
1791214680,475
1791214740,373
1791214800,530
1791214860,439
1791214920,318
1791214980,271
1791215040,308
1791215100,313
1791215160,279
1791215220,202
1791215280,314
1791215340,377
1791215400,479
1791215460,380
1791215520,265
1791215580,228
1791215640,343
1791215700,334
1791215760,375
1791215820,256
1791215880,496
1791215940,313
1791216000,350
1791216060,362
1791216120,252
1791216180,269
1791216240,309
1791216300,287
1791216360,321
1791216420,454
1791216480,268
1791216540,188
1791216600,282
1791216660,285
1791216720,245
1791216780,214
1791216840,215
1791216900,423
1791216960,342
1791217020,254
1791217080,381
1791217140,253
1791217200,253
1791217260,373
1791217320,247
1791217380,200
1791217440,502
1791217500,472
1791217560,401
1791217620,511
1791217680,653
1791217740,678
1791217800,546
1791217860,256
1791217920,460
1791217980,336
1791218040,459
1791218100,364
1791218160,336
1791218220,230
1791218280,213
1791218340,278
1791218400,269
1791218460,264
1791218520,319
1791218580,272
1791218640,115
1791218700,269
1791218760,246
1791218820,309
1791218880,285
1791218940,223
1791219000,274
1791219060,208
1791219120,345
1791219180,359
1791219240,171
1791219300,301
1791219360,503
1791219420,366
1791219480,347
1791219540,646
1791219600,514
1791219660,364
1791219720,328
1791219780,321
1791219840,360
1791219900,295
1791219960,299
1791220020,389
1791220080,286
1791220140,399
1791220200,319
1791220260,485
1791220320,270
1791220380,217
1791220440,339
1791220500,320
1791220560,262
1791220620,279
1791220680,551
1791220740,308
1791220800,210
1791220860,246
1791220920,283
1791220980,259
1791221040,294
1791221100,287
1791221160,208
1791221220,248
1791221280,236
1791221340,422
1791221400,398
1791221460,298
1791221520,448
1791221580,258
1791221640,153
1791221700,206
1791221760,317
1791221820,224
1791221880,253
1791221940,310
1791222000,148
1791222060,279
1791222120,310
1791222180,188
1791222240,280
1791222300,393
1791222360,205
1791222420,162
1791222480,274
1791222540,171
1791222600,307
1791222660,245
1791222720,294
1791222780,181
1791222840,136
1791222900,338
1791222960,162
1791223020,253
1791223080,247
1791223140,182
1791223200,366
1791223260,286
1791223320,176
1791223380,301
1791223440,150
1791223500,421
1791223560,409
1791223620,249
1791223680,187
1791223740,168
1791223800,186
1791223860,220
1791223920,271
1791223980,249
1791224040,182
1791224100,224
1791224160,186
1791224220,242
1791224280,221
1791224340,202
1791224400,227
1791224460,193
1791224520,107
1791224580,135
1791224640,171
1791224700,171
1791224760,130
1791224820,184
1791224880,545
1791224940,317
1791225000,448
1791225060,301
1791225120,232
1791225180,305
1791225240,219
1791225300,385
1791225360,290
1791225420,186
1791225480,177
1791225540,166
1791225600,162
1791225660,185
1791225720,185
1791225780,209
1791225840,141
1791225900,214
1791225960,200
1791226020,171
1791226080,302
1791226140,148
1791226200,172
1791226260,165
1791226320,184
1791226380,129
1791226440,172
1791226500,202
1791226560,109
1791226620,150
1791226680,283
1791226740,296
1791226800,280
1791226860,317
1791226920,269
1791226980,241
1791227040,327
1791227100,351
1791227160,221
1791227220,144
1791227280,148
1791227340,162
1791227400,168
1791227460,151
1791227520,281
1791227580,184
1791227640,198
1791227700,165
1791227760,135
1791227820,218
1791227880,150
1791227940,176
1791228000,155
1791228060,284
1791228120,294
1791228180,164
1791228240,247
1791228300,388
1791228360,385
1791228420,213
1791228480,213
1791228540,218
1791228600,214
1791228660,196
1791228720,209
1791228780,105
1791228840,168
1791228900,193
1791228960,228
1791229020,138
1791229080,154
1791229140,107
1791229200,135
1791229260,211
1791229320,168
1791229380,180
1791229440,218
1791229500,347
1791229560,203
1791229620,179
1791229680,178
1791229740,223
1791229800,292
1791229860,171
1791229920,222
1791229980,256
1791230040,232
1791230100,314
1791230160,218
1791230220,272
1791230280,321
1791230340,413
1791230400,286
1791230460,151
1791230520,197
1791230580,262
1791230640,192
1791230700,175
1791230760,148
1791230820,76
1791230880,95
1791230940,108
1791231000,79
1791231060,71
1791231120,70
1791231180,48
1791231240,53
1791231300,137
1791231360,75
1791231420,72
1791231480,42
1791231540,83
1791231600,83
1791231660,120
1791231720,111
1791231780,55
1791231840,85
1791231900,79
1791231960,89
1791232020,79
1791232080,63
1791232140,63
1791232200,56
1791232260,83
1791232320,71
1791232380,63
1791232440,37
1791232500,64
1791232560,61
1791232620,50
1791232680,70
1791232740,64
1791232800,75
1791232860,79
1791232920,37
1791232980,58
1791233040,60
1791233100,116
1791233160,74
1791233220,58
1791233280,122
1791233340,85
1791233400,127
1791233460,103
1791233520,126
1791233580,106
1791233640,170
1791233700,125
1791233760,119
1791233820,134
1791233880,61
1791233940,17
1791237840,16
1791237900,224
1791237960,141
1791238020,76
1791238080,144
1791238140,153
1791238200,234
1791238260,172
1791238320,182
1791238380,19
1791238440,50
1791238500,133
1791238560,147
1791238620,93
1791238680,99
1791238740,101
1791238800,89
1791238860,45
1791238920,64
1791238980,74
1791239040,84
1791239100,37
1791239160,35
1791239220,32
1791239280,58
1791239340,37
1791239400,55
1791239460,31
1791239520,69
1791239580,45
1791239640,59
1791239700,106
1791239760,105
1791239820,63
1791239880,36
1791239940,31
1791240000,62
1791240060,62
1791240120,59
1791240180,29
1791240240,36
1791240300,43
1791240360,72
1791240420,58
1791240480,58
1791240540,30
1791240600,24
1791240660,45
1791240720,19
1791240780,33
1791240840,56
1791240900,85
1791240960,34
1791241020,44
1791241080,52
1791241140,7
1791241200,274
1791241260,73
1791241320,54
1791241380,75
1791241440,130
1791241500,73
1791241560,56
1791241620,88
1791241680,43
1791241740,35
1791241800,49
1791241860,59
1791241920,129
1791241980,60
1791242040,30
1791242100,117
1791242160,53
1791242220,172
1791242280,102
1791242340,171
1791242400,233
1791242460,68
1791242520,180
1791242580,201
1791242640,98
1791242700,55
1791242760,79
1791242820,89
1791242880,158
1791242940,202
1791243000,124
1791243060,176
1791243120,106
1791243180,57
1791243240,66
1791243300,124
1791243360,114
1791243420,90
1791243480,136
1791243540,81
1791243600,99
1791243660,93
1791243720,66
1791243780,47
1791243840,161
1791243900,230
1791243960,149
1791244020,184
1791244080,119
1791244140,273
1791244200,293
1791244260,132
1791244320,186
1791244380,139
1791244440,131
1791244500,130
1791244560,220
1791244620,108
1791244680,159
1791244740,192
1791244800,597
1791244860,260
1791244920,331
1791244980,239
1791245040,163
1791245100,195
1791245160,317
1791245220,195
1791245280,206
1791245340,143
1791245400,294
1791245460,227
1791245520,342
1791245580,213
1791245640,187
1791245700,712
1791245760,515
1791245820,476
1791245880,470
1791245940,375
1791246000,288
1791246060,182
1791246120,232
1791246180,195
1791246240,270
1791246300,478
1791246360,477
1791246420,411
1791246480,238
1791246540,271
1791246600,472
1791246660,462
1791246720,340
1791246780,534
1791246840,737
1791246900,530
1791246960,465
1791247020,454
1791247080,383
1791247140,357
1791247200,355
1791247260,221
1791247320,201
1791247380,450
1791247440,319
1791247500,515
1791247560,475
1791247620,545
1791247680,377
1791247740,474
1791247800,417
1791247860,430
1791247920,458
1791247980,279
1791248040,279
1791248100,246
1791248160,355
1791248220,198
1791248280,328
1791248340,700
1791248400,965
1791248460,729
1791248520,655
1791248580,576
1791248640,606
1791248700,505
1791248760,317
1791248820,294
1791248880,351
1791248940,516
1791249000,505
1791249060,541
1791249120,584
1791249180,446
1791249240,396
1791249300,712
1791249360,446
1791249420,462
1791249480,508
1791249540,513
1791249600,417
1791249660,402
1791249720,371
1791249780,567
1791249840,474
1791249900,429
1791249960,665
1791250020,678
1791250080,527
1791250140,429
1791250200,745
1791250260,740
1791250320,580
1791250380,497
1791250440,537
1791250500,642
1791250560,607
1791250620,476
1791250680,554
1791250740,414
1791250800,399
1791250860,529
1791250920,279
1791250980,198
1791251040,244
1791251100,318
1791251160,494
1791251220,482
1791251280,520
1791251340,517
1791251400,715
1791251460,425
1791251520,217
1791251580,270
1791251640,256
1791251700,345
1791251760,238
1791251820,422
1791251880,380
1791251940,487
1791252000,484
1791252060,269
1791252120,181
1791252180,125
1791252240,169
1791252300,370
1791252360,305
1791252420,284
1791252480,269
1791252540,472
1791252600,191
1791252660,229
1791252720,227
1791252780,293
1791252840,387
1791252900,416
1791252960,338
1791253020,335
1791253080,285
1791253140,375
1791253200,305
1791253260,208
1791253320,270
1791253380,184
1791253440,158
1791253500,161
1791253560,264
1791253620,189
1791253680,251
1791253740,244
1791253800,418
1791253860,314
1791253920,348
1791253980,237
1791254040,788
1791254100,2544
1791254160,1160
1791254220,1039
1791254280,1420
1791254340,746
1791254400,849
1791254460,594
1791254520,434
1791254580,241
1791254640,249
1791254700,343
1791254760,227
1791254820,237
1791254880,409
1791254940,583
1791255000,587
1791255060,796
1791255120,555
1791255180,705
1791255240,368
1791255300,339
1791255360,340
1791255420,654
1791255480,801
1791255540,656
1791255600,741
1791255660,598
1791255720,576
1791255780,463
1791255840,414
1791255900,354
1791255960,296
1791256020,202
1791256080,305
1791256140,408
1791256200,300
1791256260,268
1791256320,273
1791256380,193
1791256440,171
1791256500,384
1791256560,275
1791256620,193
1791256680,195
1791256740,301
1791256800,307
1791256860,279
1791256920,328
1791256980,389
1791257040,275
1791257100,157
1791257160,342
1791257220,198
1791257280,214
1791257340,272
1791257400,465
1791257460,249
1791257520,234
1791257580,175
1791257640,262
1791257700,269
1791257760,175
1791257820,387
1791257880,332
1791257940,276
1791258000,470
1791258060,281
1791258120,262
1791258180,380
1791258240,499
1791258300,297
1791258360,365
1791258420,420
1791258480,555
1791258540,422
1791258600,347
1791258660,273
1791258720,384
1791258780,520
1791258840,487
1791258900,617
1791258960,319
1791259020,338
1791259080,263
1791259140,352
1791259200,291
1791259260,325
1791259320,242
1791259380,251
1791259440,235
1791259500,218
1791259560,185
1791259620,167
1791259680,117
1791259740,146
1791259800,245
1791259860,269
1791259920,254
1791259980,296
1791260040,280
1791260100,321
1791260160,251
1791260220,156
1791260280,267
1791260340,172
1791260400,115
1791260460,105
1791260520,110
1791260580,145
1791260640,157
1791260700,182
1791260760,70
1791260820,86
1791260880,126
1791260940,413
1791261000,351
1791261060,175
1791261120,166
1791261180,247
1791261240,270
1791261300,224
1791261360,322
1791261420,224
1791261480,339
1791261540,199
1791261600,426
1791261660,258
1791261720,295
1791261780,305
1791261840,234
1791261900,249
1791261960,268
1791262020,197
1791262080,213
1791262140,267
1791262200,296
1791262260,250
1791262320,265
1791262380,396
1791262440,307
1791262500,399
1791262560,326
1791262620,273
1791262680,216
1791262740,278
1791262800,285
1791262860,297
1791262920,245
1791262980,185
1791263040,209
1791263100,208
1791263160,163
1791263220,143
1791263280,140
1791263340,208
1791263400,365
1791263460,262
1791263520,229
1791263580,226
1791263640,176
1791263700,210
1791263760,275
1791263820,404
1791263880,266
1791263940,150
1791264000,157
1791264060,272
1791264120,267
1791264180,145
1791264240,161
1791264300,278
1791264360,262
1791264420,569
1791264480,300
1791264540,194
1791264600,282
1791264660,195
1791264720,195
1791264780,240
1791264840,297
1791264900,194
1791264960,275
1791265020,291
1791265080,178
1791265140,192
1791265200,207
1791265260,234
1791265320,247
1791265380,208
1791265440,232
1791265500,226
1791265560,107
1791265620,215
1791265680,275
1791265740,196
1791265800,340
1791265860,203
1791265920,195
1791265980,282
1791266040,361
1791266100,304
1791266160,230
1791266220,420
1791266280,699
1791266340,450
1791266400,682
1791266460,556
1791266520,852
1791266580,780
1791266640,834
1791266700,785
1791266760,517
1791266820,422
1791266880,553
1791266940,307
1791267000,404
1791267060,305
1791267120,375
1791267180,544
1791267240,318
1791267300,613
1791267360,891
1791267420,473
1791267480,427
1791267540,315
1791267600,450
1791267660,679
1791267720,616
1791267780,364
1791267840,450
1791267900,460
1791267960,317
1791268020,468
1791268080,517
1791268140,515
1791268200,1032
1791268260,713
1791268320,468
1791268380,479
1791268440,449
1791268500,531
1791268560,305
1791268620,263
1791268680,331
1791268740,482
1791268800,256
1791268860,297
1791268920,226
1791268980,292
1791269040,266
1791269100,559
1791269160,458
1791269220,568
1791269280,322
1791269340,253
1791269400,250
1791269460,354
1791269520,240
1791269580,252
1791269640,256
1791269700,236
1791269760,248
1791269820,275
1791269880,184
1791269940,193
1791270000,705
1791270060,437
1791270120,363
1791270180,650
1791270240,450
1791270300,512
1791270360,429
1791270420,536
1791270480,442
1791270540,324
1791270600,440
1791270660,337
1791270720,455
1791270780,527
1791270840,1022
1791270900,1447
1791270960,910
1791271020,706
1791271080,493
1791271140,502
1791271200,372
1791271260,549
1791271320,386
1791271380,405
1791271440,459
1791271500,365
1791271560,424
1791271620,393
1791271680,320
1791271740,337
1791271800,436
1791271860,536
1791271920,493
1791271980,350
1791272040,384
1791272100,440
1791272160,400
1791272220,369
1791272280,710
1791272340,566
1791272400,529
1791272460,340
1791272520,434
1791272580,360
1791272640,465
1791272700,638
1791272760,493
1791272820,305
1791272880,215
1791272940,350
1791273000,420
1791273060,508
1791273120,488
1791273180,372
1791273240,265
1791273300,265
1791273360,449
1791273420,405
1791273480,311
1791273540,500
1791273600,797
1791273660,401
1791273720,380
1791273780,467
1791273840,404
1791273900,402
1791273960,464
1791274020,610
1791274080,800
1791274140,630
1791274200,510
1791274260,213
1791274320,362
1791274380,537
1791274440,412
1791274500,608
1791274560,540
1791274620,378
1791274680,326
1791274740,346
1791274800,558
1791274860,470
1791274920,351
1791274980,259
1791275040,478
1791275100,337
1791275160,277
1791275220,173
1791275280,248
1791275340,434
1791275400,437
1791275460,553
1791275520,376
1791275580,400
1791275640,327
1791275700,254
1791275760,370
1791275820,674
1791275880,267
1791275940,278
1791276000,339
1791276060,284
1791276120,329
1791276180,404
1791276240,247
1791276300,307
1791276360,561
1791276420,455
1791276480,342
1791276540,393
1791276600,646
1791276660,490
1791276720,306
1791276780,226
1791276840,246
1791276900,494
1791276960,312
1791277020,212
1791277080,323
1791277140,436
1791277200,360
1791277260,385
1791277320,431
1791277380,598
1791277440,394
1791277500,357
1791277560,313
1791277620,285
1791277680,298
1791277740,312
1791277800,365
1791277860,576
1791277920,538
1791277980,508
1791278040,372
1791278100,261
1791278160,488
1791278220,381
1791278280,599
1791278340,433
1791278400,266
1791278460,275
1791278520,278
1791278580,285
1791278640,271
1791278700,201
1791278760,146
1791278820,132
1791278880,245
1791278940,431
1791279000,378
1791279060,385
1791279120,341
1791279180,412
1791279240,962
1791279300,461
1791279360,423
1791279420,250
1791279480,186
1791279540,277
1791279600,224
1791279660,238
1791279720,266
1791279780,232
1791279840,395
1791279900,498
1791279960,525
1791280020,328
1791280080,352
1791280140,389
1791280200,281
1791280260,268
1791280320,452
1791280380,422
1791280440,269
1791280500,315
1791280560,401
1791280620,503
1791280680,305
1791280740,366
1791280800,317
1791280860,158
1791280920,387
1791280980,324
1791281040,252
1791281100,257
1791281160,202
1791281220,149
1791281280,141
1791281340,194
1791281400,154
1791281460,140
1791281520,443
1791281580,158
1791281640,175
1791281700,226
1791281760,271
1791281820,222
1791281880,445
1791281940,219
1791282000,218
1791282060,314
1791282120,188
1791282180,298
1791282240,353
1791282300,244
1791282360,171
1791282420,309
1791282480,320
1791282540,213
1791282600,185
1791282660,190
1791282720,180
1791282780,345
1791282840,277
1791282900,409
1791282960,271
1791283020,170
1791283080,111
1791283140,256
1791283200,187
1791283260,358
1791283320,241
1791283380,513
1791283440,453
1791283500,195
1791283560,232
1791283620,323
1791283680,246
1791283740,152
1791283800,134
1791283860,164
1791283920,205
1791283980,84
1791284040,153
1791284100,176
1791284160,159
1791284220,134
1791284280,195
1791284340,202
1791284400,380
1791284460,223
1791284520,172
1791284580,148
1791284640,253
1791284700,145
1791284760,258
1791284820,127
1791284880,110
1791284940,128
1791285000,213
1791285060,267
1791285120,255
1791285180,363
1791285240,218
1791285300,310
1791285360,327
1791285420,296
1791285480,629
1791285540,368
1791285600,271
1791285660,377
1791285720,558
1791285780,430
1791285840,518
1791285900,350
1791285960,409
1791286020,429
1791286080,376
1791286140,313
1791286200,573
1791286260,384
1791286320,494
1791286380,401
1791286440,510
1791286500,332
1791286560,331
1791286620,634
1791286680,409
1791286740,713
1791286800,399
1791286860,556
1791286920,440
1791286980,682
1791287040,510
1791287100,462
1791287160,687
1791287220,561
1791287280,427
1791287340,361
1791287400,367
1791287460,537
1791287520,324
1791287580,395
1791287640,399
1791287700,285
1791287760,357
1791287820,453
1791287880,251
1791287940,352
1791288000,610
1791288060,652
1791288120,395
1791288180,385
1791288240,263
1791288300,469
1791288360,360
1791288420,315
1791288480,354
1791288540,319
1791288600,331
1791288660,367
1791288720,525
1791288780,455
1791288840,376
1791288900,422
1791288960,570
1791289020,432
1791289080,679
1791289140,462
1791289200,798
1791289260,485
1791289320,543
1791289380,410
1791289440,481
1791289500,406
1791289560,792
1791289620,638
1791289680,337
1791289740,274
1791289800,481
1791289860,569
1791289920,527
1791289980,474
1791290040,650
1791290100,496
1791290160,558
1791290220,807
1791290280,454
1791290340,341
1791290400,425
1791290460,501
1791290520,584
1791290580,442
1791290640,405
1791290700,438
1791290760,330
1791290820,513
1791290880,525
1791290940,470
1791291000,1568
1791291060,1317
1791291120,1088
1791291180,695
1791291240,587
1791291300,670
1791291360,534
1791291420,575
1791291480,305
1791291540,277
1791291600,516
1791291660,550
1791291720,568
1791291780,673
1791291840,472
1791291900,540
1791291960,505
1791292020,424
1791292080,319
1791292140,463
1791292200,463
1791292260,336
1791292320,621
1791292380,389
1791292440,299
1791292500,326
1791292560,433
1791292620,489
1791292680,321
1791292740,389
1791292800,480
1791292860,328
1791292920,394
1791292980,504
1791293040,453
1791293100,551
1791293160,531
1791293220,440
1791293280,363
1791293340,365
1791293400,1119
1791293460,1030
1791293520,1312
1791293580,1190
1791293640,907
1791293700,1066
1791293760,860
1791293820,475
1791293880,772
1791293940,446
1791294000,475
1791294060,799
1791294120,715
1791294180,503
1791294240,459
1791294300,846
1791294360,571
1791294420,820
1791294480,703
1791294540,686
1791294600,548
1791294660,497
1791294720,724
1791294780,611
1791294840,590
1791294900,978
1791294960,528
1791295020,680
1791295080,939
1791295140,1002
1791295200,990
1791295260,849
1791295320,804
1791295380,491
1791295440,791
1791295500,823
1791295560,990
1791295620,908
1791295680,573
1791295740,1115
1791295800,1001
1791295860,798
1791295920,773
1791295980,692
1791296040,603
1791296100,626
1791296160,451
1791296220,317
1791296280,510
1791296340,624
1791296400,491
1791296460,574
1791296520,539
1791296580,538
1791296640,854
1791296700,425
1791296760,491
1791296820,429
1791296880,388
1791296940,569
1791297000,548
1791297060,533
1791297120,1054
1791297180,473
1791297240,555
1791297300,463
1791297360,443
1791297420,522
1791297480,666
1791297540,705
1791297600,690
1791297660,608
1791297720,556
1791297780,617
1791297840,524
1791297900,863
1791297960,734
1791298020,559
1791298080,465
1791298140,390
1791298200,344
1791298260,419
1791298320,551
1791298380,475
1791298440,535
1791298500,368
1791298560,307
1791298620,297
1791298680,348
1791298740,302
1791298800,558
1791298860,652
1791298920,990
1791298980,1204
1791299040,834
1791299100,406
1791299160,823
1791299220,542
1791299280,495
1791299340,528
1791299400,530
1791299460,462
1791299520,293
1791299580,279
1791299640,298
1791299700,462
1791299760,411
1791299820,531
1791299880,357
1791299940,421
1791300000,619
1791300060,486
1791300120,350
1791300180,282
1791300240,387
1791300300,335
1791300360,315
1791300420,326
1791300480,473
1791300540,606
1791300600,542
1791300660,456
1791300720,401
1791300780,346
1791300840,370
1791300900,531
1791300960,411
1791301020,279
1791301080,363
1791301140,289
1791301200,455
1791301260,283
1791301320,316
1791301380,234
1791301440,460
1791301500,515
1791301560,1122
1791301620,901
1791301680,807
1791301740,704
1791301800,667
1791301860,861
1791301920,820
1791301980,795
1791302040,515
1791302100,537
1791302160,492
1791302220,324
1791302280,390
1791302340,445
1791302400,613
1791302460,595
1791302520,433
1791302580,595
1791302640,620
1791302700,523
1791302760,630
1791302820,468
1791302880,564
1791302940,408
1791303000,432
1791303060,417
1791303120,371
1791303180,486
1791303240,653
1791303300,404
1791303360,505
1791303420,551
1791303480,376
1791303540,438
1791303600,513
1791303660,421
1791303720,335
1791303780,288
1791303840,377
1791303900,398
1791303960,446
1791304020,381
1791304080,545
1791304140,429
1791304200,406
1791304260,407
1791304320,412
1791304380,479
1791304440,306
1791304500,389
1791304560,378
1791304620,359
1791304680,363
1791304740,329
1791304800,329
1791304860,346
1791304920,332
1791304980,277
1791305040,443
1791305100,358
1791305160,276
1791305220,290
1791305280,526
1791305340,379
1791305400,332
1791305460,235
1791305520,297
1791305580,345
1791305640,401
1791305700,580
1791305760,325
1791305820,381
1791305880,295
1791305940,359
1791306000,411
1791306060,286
1791306120,463
1791306180,425
1791306240,380
1791306300,289
1791306360,226
1791306420,221
1791306480,288
1791306540,345
1791306600,455
1791306660,311
1791306720,395
1791306780,508
1791306840,293
1791306900,294
1791306960,414
1791307020,294
1791307080,306
1791307140,315
1791307200,602
1791307260,652
1791307320,602
1791307380,607
1791307440,700
1791307500,438
1791307560,319
1791307620,500
1791307680,348
1791307740,770
1791307800,445
1791307860,482
1791307920,383
1791307980,354
1791308040,343
1791308100,430
1791308160,323
1791308220,328
1791308280,252
1791308340,324
1791308400,346
1791308460,248
1791308520,301
1791308580,513
1791308640,430
1791308700,482
1791308760,393
1791308820,231
1791308880,251
1791308940,297
1791309000,330
1791309060,343
1791309120,333
1791309180,223
1791309240,548
1791309300,387
1791309360,266
1791309420,317
1791309480,238
1791309540,389
1791309600,348
1791309660,475
1791309720,343
1791309780,404
1791309840,358
1791309900,312
1791309960,365
1791310020,460
1791310080,320
1791310140,359
1791310200,314
1791310260,267
1791310320,288
1791310380,382
1791310440,383
1791310500,458
1791310560,485
1791310620,455
1791310680,543
1791310740,465
1791310800,523
1791310860,377
1791310920,423
1791310980,513
1791311040,461
1791311100,386
1791311160,446
1791311220,451
1791311280,675
1791311340,551
1791311400,494
1791311460,507
1791311520,466
1791311580,343
1791311640,311
1791311700,467
1791311760,429
1791311820,410
1791311880,415
1791311940,345
1791312000,277
1791312060,442
1791312120,464
1791312180,387
1791312240,329
1791312300,412
1791312360,380
1791312420,413
1791312480,348
1791312540,241
1791312600,355
1791312660,276
1791312720,347
1791312780,240
1791312840,221
1791312900,444
1791312960,354
1791313020,351
1791313080,277
1791313140,318
1791313200,941
1791313260,599
1791313320,1221
1791313380,765
1791313440,673
1791313500,460
1791313560,412
1791313620,317
1791313680,426
1791313740,390
1791313800,437
1791313860,350
1791313920,345
1791313980,351
1791314040,343
1791314100,308
1791314160,345
1791314220,351
1791314280,477
1791314340,315
1791314400,415
1791314460,365
1791314520,249
1791314580,260
1791314640,300
1791314700,289
1791314760,352
1791314820,312
1791314880,467
1791314940,521
1791315000,411
1791315060,433
1791315120,306
1791315180,325
1791315240,337
1791315300,352
1791315360,322
1791315420,262
1791315480,303
1791315540,257
1791315600,362
1791315660,167
1791315720,330
1791315780,452
1791315840,423
1791315900,433
1791315960,481
1791316020,329
1791316080,232
1791316140,381
1791316200,454
1791316260,402
1791316320,503
1791316380,444
1791316440,426
1791316500,633
1791316560,369
1791316620,403
1791316680,724
1791316740,1122
1791316800,414
1791316860,270
1791316920,231
1791316980,173
1791317040,116
1791317100,137
1791317160,152
1791317220,117
1791317280,132
1791317340,206
1791317400,237
1791317460,172
1791317520,115
1791317580,148
1791317640,112
1791317700,54
1791317760,234
1791317820,107
1791317880,124
1791317940,199
1791318000,237
1791318060,110
1791318120,138
1791318180,119
1791318240,155
1791318300,168
1791318360,142
1791318420,154
1791318480,104
1791318540,143
1791318600,195
1791318660,77
1791318720,53
1791318780,73
1791318840,101
1791318900,115
1791318960,120
1791319020,110
1791319080,75
1791319140,77
1791319200,190
1791319260,130
1791319320,104
1791319380,49
1791319440,100
1791319500,108
1791319560,81
1791319620,67
1791319680,101
1791319740,146
1791319800,110
1791319860,100
1791319920,115
1791319980,114
1791320040,104
1791320100,171
1791320160,139
1791320220,92
1791320280,112
1791320340,1
1791324240,4
1791324300,195
1791324360,161
1791324420,180
1791324480,162
1791324540,166
1791324600,129
1791324660,172
1791324720,77
1791324780,104
1791324840,133
1791324900,46
1791324960,42
1791325020,34
1791325080,36
1791325140,17
1791325200,34
1791325260,23
1791325320,33
1791325380,19
1791325440,33
1791325500,121
1791325560,101
1791325620,67
1791325680,23
1791325740,42
1791325800,114
1791325860,126
1791325920,90
1791325980,148
1791326040,109
1791326100,135
1791326160,90
1791326220,39
1791326280,81
1791326340,29
1791326400,67
1791326460,47
1791326520,52
1791326580,57
1791326640,31
1791326700,178
1791326760,168
1791326820,79
1791326880,94
1791326940,89
1791327000,53
1791327060,36
1791327120,113
1791327180,75
1791327240,82
1791327300,63
1791327360,89
1791327420,34
1791327480,62
1791327540,104
1791327600,181
1791327660,126
1791327720,99
1791327780,158
1791327840,38
1791327900,210
1791327960,109
1791328020,93
1791328080,63
1791328140,41
1791328200,78
1791328260,48
1791328320,28
1791328380,33
1791328440,18
1791328500,66
1791328560,35
1791328620,49
1791328680,66
1791328740,45
1791328800,60
1791328860,42
1791328920,37
1791328980,42
1791329040,78
1791329100,186
1791329160,100
1791329220,142
1791329280,266
1791329340,215
1791329400,261
1791329460,239
1791329520,136
1791329580,234
1791329640,253
1791329700,213
1791329760,197
1791329820,117
1791329880,151
1791329940,141
1791330000,66
1791330060,96
1791330120,97
1791330180,123
1791330240,51
1791330300,201
1791330360,127
1791330420,125
1791330480,143
1791330540,98
1791330600,129
1791330660,93
1791330720,131
1791330780,163
1791330840,134
1791330900,197
1791330960,126
1791331020,331
1791331080,208
1791331140,119
1791331200,954
1791331260,886
1791331320,668
1791331380,367
1791331440,411
1791331500,322
1791331560,210
1791331620,165
1791331680,314
1791331740,331
1791331800,326
1791331860,298
1791331920,480
1791331980,393
1791332040,233
1791332100,527
1791332160,447
1791332220,594
1791332280,562
1791332340,499
1791332400,438
1791332460,311
1791332520,290
1791332580,250
1791332640,374
1791332700,371
1791332760,386
1791332820,217
1791332880,335
1791332940,423
1791333000,579
1791333060,446
1791333120,484
1791333180,469
1791333240,417
1791333300,538
1791333360,442
1791333420,474
1791333480,443
1791333540,364
1791333600,254
1791333660,394
1791333720,326
1791333780,527
1791333840,357
1791333900,434
1791333960,434
1791334020,284
1791334080,332
1791334140,161
1791334200,228
1791334260,206
1791334320,237
1791334380,192
1791334440,171
1791334500,210
1791334560,220
1791334620,273
1791334680,306
1791334740,334
1791334800,592
1791334860,413
1791334920,398
1791334980,331
1791335040,389
1791335100,385
1791335160,362
1791335220,256
1791335280,210
1791335340,237
1791335400,257
1791335460,213
1791335520,227
1791335580,162
1791335640,211
1791335700,301
1791335760,235
1791335820,164
1791335880,151
1791335940,175
1791336000,305
1791336060,273
1791336120,204
1791336180,370
1791336240,324
1791336300,523
1791336360,565
1791336420,281
1791336480,227
1791336540,330
1791336600,726
1791336660,423
1791336720,300
1791336780,308
1791336840,533
1791336900,334
1791336960,190
1791337020,308
1791337080,395
1791337140,414
1791337200,273
1791337260,287
1791337320,284
1791337380,265
1791337440,312
1791337500,234
1791337560,292
1791337620,226
1791337680,217
1791337740,245
1791337800,284
1791337860,228
1791337920,238
1791337980,290
1791338040,227
1791338100,325
1791338160,237
1791338220,172
1791338280,178
1791338340,213
1791338400,289
1791338460,207
1791338520,223
1791338580,311
1791338640,489
1791338700,453
1791338760,521
1791338820,467
1791338880,371
1791338940,377
1791339000,460
1791339060,396
1791339120,399
1791339180,338
1791339240,578
1791339300,560
1791339360,504
1791339420,479
1791339480,461
1791339540,474
1791339600,428
1791339660,557
1791339720,527
1791339780,499
1791339840,296
1791339900,483
1791339960,366
1791340020,303
1791340080,318
1791340140,408
1791340200,438
1791340260,354
1791340320,234
1791340380,259
1791340440,265
1791340500,234
1791340560,174
1791340620,211
1791340680,261
1791340740,247
1791340800,372
1791340860,420
1791340920,289
1791340980,202
1791341040,277
1791341100,450
1791341160,215
1791341220,228
1791341280,232
1791341340,307
1791341400,269
1791341460,366
1791341520,448
1791341580,371
1791341640,246
1791341700,266
1791341760,333
1791341820,263
1791341880,165
1791341940,195
1791342000,253
1791342060,192
1791342120,171
1791342180,156
1791342240,118
1791342300,257
1791342360,249
1791342420,271
1791342480,293
1791342540,195
1791342600,278
1791342660,287
1791342720,321
1791342780,227
1791342840,348
1791342900,245
1791342960,537
1791343020,438
1791343080,316
1791343140,353
1791343200,394
1791343260,313
1791343320,356
1791343380,151
1791343440,121
1791343500,252
1791343560,202
1791343620,138
1791343680,181
1791343740,160
1791343800,173
1791343860,203
1791343920,141
1791343980,218
1791344040,253
1791344100,304
1791344160,214
1791344220,251
1791344280,191
1791344340,240
1791344400,150
1791344460,123
1791344520,151
1791344580,328
1791344640,283
1791344700,233
1791344760,247
1791344820,138
1791344880,330
1791344940,266
1791345000,319
1791345060,283
1791345120,269
1791345180,223
1791345240,368
1791345300,264
1791345360,155
1791345420,192
1791345480,62
1791345540,141
1791345600,266
1791345660,210
1791345720,173
1791345780,149
1791345840,116
1791345900,127
1791345960,103
1791346020,164
1791346080,81
1791346140,133
1791346200,176
1791346260,118
1791346320,61
1791346380,144
1791346440,101
1791346500,114
1791346560,153
1791346620,180
1791346680,96
1791346740,108
1791346800,258
1791346860,119
1791346920,132
1791346980,86
1791347040,79
1791347100,135
1791347160,117
1791347220,151
1791347280,72
1791347340,135
1791347400,81
1791347460,122
1791347520,191
1791347580,124
1791347640,133
1791347700,158
1791347760,154
1791347820,80
1791347880,195
1791347940,124
1791348000,94
1791348060,131
1791348120,103
1791348180,125
1791348240,206
1791348300,145
1791348360,111
1791348420,148
1791348480,65
1791348540,152
1791348600,146
1791348660,234
1791348720,129
1791348780,254
1791348840,244
1791348900,161
1791348960,108
1791349020,135
1791349080,307
1791349140,247
1791349200,267
1791349260,248
1791349320,369
1791349380,173
1791349440,386
1791349500,360
1791349560,255
1791349620,289
1791349680,339
1791349740,247
1791349800,685
1791349860,267
1791349920,421
1791349980,182
1791350040,375
1791350100,233
1791350160,184
1791350220,234
1791350280,203
1791350340,138
1791350400,162
1791350460,273
1791350520,192
1791350580,201
1791350640,155
1791350700,235
1791350760,234
1791350820,182
1791350880,170
1791350940,149
1791351000,232
1791351060,224
1791351120,162
1791351180,203
1791351240,199
1791351300,213
1791351360,240
1791351420,237
1791351480,317
1791351540,269
1791351600,184
1791351660,170
1791351720,235
1791351780,251
1791351840,180
1791351900,250
1791351960,236
1791352020,188
1791352080,252
1791352140,255
1791352200,153
1791352260,171
1791352320,194
1791352380,237
1791352440,198
1791352500,361
1791352560,242
1791352620,350
1791352680,541
1791352740,363
1791352800,502
1791352860,487
1791352920,624
1791352980,426
1791353040,545
1791353100,478
1791353160,426
1791353220,371
1791353280,472
1791353340,368
1791353400,452
1791353460,333
1791353520,347
1791353580,459
1791353640,298
1791353700,268
1791353760,350
1791353820,158
1791353880,307
1791353940,248
1791354000,202
1791354060,243
1791354120,371
1791354180,356
1791354240,248
1791354300,488
1791354360,425
1791354420,361
1791354480,248
1791354540,516
1791354600,770
1791354660,518
1791354720,547
1791354780,481
1791354840,676
1791354900,588
1791354960,542
1791355020,316
1791355080,519
1791355140,312
1791355200,255
1791355260,253
1791355320,306
1791355380,345
1791355440,287
1791355500,320
1791355560,259
1791355620,232
1791355680,307
1791355740,268
1791355800,206
1791355860,246
1791355920,179
1791355980,174
1791356040,259
1791356100,357
1791356160,227
1791356220,195
1791356280,366
1791356340,366
1791356400,527
1791356460,538
1791356520,539
1791356580,642
1791356640,764
1791356700,502
1791356760,337
1791356820,218
1791356880,340
1791356940,419
1791357000,459
1791357060,434
1791357120,385
1791357180,229
1791357240,215
1791357300,326
1791357360,376
1791357420,506
1791357480,246
1791357540,317
1791357600,373
1791357660,574
1791357720,342
1791357780,247
1791357840,320
1791357900,576
1791357960,495
1791358020,413
1791358080,497
1791358140,305
1791358200,440
1791358260,549
1791358320,403
1791358380,502
1791358440,445
1791358500,387
1791358560,464
1791358620,296
1791358680,323
1791358740,337
1791358800,292
1791358860,431
1791358920,465
1791358980,315
1791359040,499
1791359100,188
1791359160,487
1791359220,342
1791359280,274
1791359340,337
1791359400,418
1791359460,711
1791359520,437
1791359580,799
1791359640,753
1791359700,738
1791359760,832
1791359820,462
1791359880,493
1791359940,680
1791360000,496
1791360060,401
1791360120,487
1791360180,686
1791360240,413
1791360300,367
1791360360,411
1791360420,482
1791360480,306
1791360540,350
1791360600,353
1791360660,515
1791360720,377
1791360780,431
1791360840,360
1791360900,268
1791360960,312
1791361020,472
1791361080,219
1791361140,314
1791361200,264
1791361260,306
1791361320,236
1791361380,333
1791361440,522
1791361500,561
1791361560,378
1791361620,720
1791361680,432
1791361740,546
1791361800,401
1791361860,350
1791361920,284
1791361980,253
1791362040,268
1791362100,308
1791362160,345
1791362220,284
1791362280,206
1791362340,229
1791362400,268
1791362460,290
1791362520,179
1791362580,243
1791362640,217
1791362700,266
1791362760,311
1791362820,260
1791362880,253
1791362940,211
1791363000,455
1791363060,327
1791363120,199
1791363180,196
1791363240,195
1791363300,247
1791363360,139
1791363420,182
1791363480,393
1791363540,268
1791363600,340
1791363660,334
1791363720,279
1791363780,227
1791363840,323
1791363900,290
1791363960,455
1791364020,324
1791364080,384
1791364140,415
1791364200,511
1791364260,285
1791364320,329
1791364380,303
1791364440,202
1791364500,259
1791364560,227
1791364620,320
1791364680,217
1791364740,291
1791364800,234
1791364860,268
1791364920,253
1791364980,265
1791365040,204
1791365100,221
1791365160,286
1791365220,199
1791365280,270
1791365340,442
1791365400,523
1791365460,313
1791365520,305
1791365580,199
1791365640,259
1791365700,212
1791365760,189
1791365820,169
1791365880,234
1791365940,264
1791366000,263
1791366060,280
1791366120,257
1791366180,187
1791366240,241
1791366300,206
1791366360,244
1791366420,241
1791366480,203
1791366540,184
1791366600,276
1791366660,220
1791366720,242
1791366780,315
1791366840,221
1791366900,304
1791366960,212
1791367020,253
1791367080,231
1791367140,455
1791367200,528
1791367260,306
1791367320,340
1791367380,445
1791367440,508
1791367500,342
1791367560,413
1791367620,563
1791367680,648
1791367740,407
1791367800,536
1791367860,517
1791367920,274
1791367980,378
1791368040,600
1791368100,595
1791368160,582
1791368220,469
1791368280,367
1791368340,238
1791368400,617
1791368460,466
1791368520,591
1791368580,663
1791368640,571
1791368700,674
1791368760,432
1791368820,524
1791368880,375
1791368940,441
1791369000,596
1791369060,436
1791369120,571
1791369180,649
1791369240,664
1791369300,571
1791369360,472
1791369420,634
1791369480,456
1791369540,346
1791369600,286
1791369660,387
1791369720,623
1791369780,628
1791369840,595
1791369900,489
1791369960,432
1791370020,317
1791370080,288
1791370140,362
1791370200,376
1791370260,273
1791370320,293
1791370380,356
1791370440,317
1791370500,501
1791370560,474
1791370620,453
1791370680,428
1791370740,239
1791370800,607
1791370860,371
1791370920,371
1791370980,373
1791371040,431
1791371100,453
1791371160,590
1791371220,398
1791371280,359
1791371340,400
1791371400,322
1791371460,309
1791371520,486
1791371580,326
1791371640,248
1791371700,313
1791371760,218
1791371820,284
1791371880,345
1791371940,330
1791372000,112
1791372060,126
1791372120,148
1791372180,195
1791372240,137
1791372300,526
1791372360,452
1791372420,319
1791372480,271
1791372540,492
1791372600,1186
1791372660,1137
1791372720,601
1791372780,419
1791372840,457
1791372900,237
1791372960,299
1791373020,369
1791373080,244
1791373140,243
1791373200,370
1791373260,359
1791373320,305
1791373380,383
1791373440,341
1791373500,248
1791373560,255
1791373620,225
1791373680,323
1791373740,562
1791373800,399
1791373860,465
1791373920,349
1791373980,417
1791374040,373
1791374100,338
1791374160,494
1791374220,651
1791374280,545
1791374340,594
1791374400,476
1791374460,466
1791374520,386
1791374580,351
1791374640,289
1791374700,305
1791374760,380
1791374820,444
1791374880,289
1791374940,360
1791375000,277
1791375060,538
1791375120,456
1791375180,394
1791375240,365
1791375300,455
1791375360,606
1791375420,436
1791375480,410
1791375540,450
1791375600,921
1791375660,384
1791375720,535
1791375780,1022
1791375840,988
1791375900,1265
1791375960,2358
1791376020,2357
1791376080,2183
1791376140,2136
1791376200,2376
1791376260,2258
1791376320,2263
1791376380,2027
1791376440,1389
1791376500,1343
1791376560,1500
1791376620,1403
1791376680,1313
1791376740,1325
1791376800,1615
1791376860,1186
1791376920,1151
1791376980,1053
1791377040,985
1791377100,1287
1791377160,1233
1791377220,1553
1791377280,1479
1791377340,1461
1791377400,1629
1791377460,1506
1791377520,1569
1791377580,1066
1791377640,1126
1791377700,1048
1791377760,919
1791377820,997
1791377880,997
1791377940,866
1791378000,1275
1791378060,1578
1791378120,1380
1791378180,951
1791378240,1322
1791378300,780
1791378360,807
1791378420,1114
1791378480,810
1791378540,799
1791378600,642
1791378660,546
1791378720,572
1791378780,645
1791378840,590
1791378900,625
1791378960,813
1791379020,668
1791379080,478
1791379140,438
1791379200,516
1791379260,447
1791379320,365
1791379380,560
1791379440,839
1791379500,687
1791379560,860
1791379620,620
1791379680,658
1791379740,974
1791379800,1592
1791379860,1467
1791379920,1065
1791379980,1000
1791380040,919
1791380100,705
1791380160,731
1791380220,714
1791380280,1114
1791380340,1043
1791380400,1002
1791380460,821
1791380520,1198
1791380580,1036
1791380640,872
1791380700,1662
1791380760,1104
1791380820,1166
1791380880,1254
1791380940,1067
1791381000,1247
1791381060,1300
1791381120,964
1791381180,973
1791381240,1036
1791381300,997
1791381360,984
1791381420,913
1791381480,878
1791381540,722
1791381600,1701
1791381660,1208
1791381720,1019
1791381780,988
1791381840,898
1791381900,947
1791381960,878
1791382020,714
1791382080,550
1791382140,601
1791382200,761
1791382260,786
1791382320,712
1791382380,657
1791382440,789
1791382500,1142
1791382560,731
1791382620,588
1791382680,981
1791382740,1027
1791382800,896
1791382860,716
1791382920,786
1791382980,1001
1791383040,607
1791383100,740
1791383160,606
1791383220,588
1791383280,605
1791383340,809
1791383400,1075
1791383460,856
1791383520,938
1791383580,700
1791383640,639
1791383700,807
1791383760,743
1791383820,669
1791383880,772
1791383940,658
1791384000,626
1791384060,569
1791384120,546
1791384180,632
1791384240,522
1791384300,523
1791384360,544
1791384420,684
1791384480,487
1791384540,666
1791384600,632
1791384660,581
1791384720,491
1791384780,414
1791384840,533
1791384900,489
1791384960,783
1791385020,744
1791385080,610
1791385140,436
1791385200,858
1791385260,824
1791385320,660
1791385380,885
1791385440,394
1791385500,631
1791385560,750
1791385620,541
1791385680,558
1791385740,632
1791385800,500
1791385860,283
1791385920,533
1791385980,2384
1791386040,1056
1791386100,553
1791386160,946
1791386220,642
1791386280,517
1791386340,589
1791386400,447
1791386460,815
1791386520,441
1791386580,368
1791386640,409
1791386700,429
1791386760,467
1791386820,479
1791386880,355
1791386940,573
1791387000,561
1791387060,1007
1791387120,812
1791387180,493
1791387240,389
1791387300,405
1791387360,353
1791387420,616
1791387480,826
1791387540,791
1791387600,536
1791387660,439
1791387720,351
1791387780,423
1791387840,313
1791387900,344
1791387960,508
1791388020,377
1791388080,320
1791388140,334
1791388200,241
1791388260,313
1791388320,478
1791388380,652
1791388440,425
1791388500,297
1791388560,287
1791388620,297
1791388680,232
1791388740,502
1791388800,572
1791388860,854
1791388920,885
1791388980,651
1791389040,591
1791389100,422
1791389160,749
1791389220,508
1791389280,416
1791389340,299
1791389400,335
1791389460,233
1791389520,309
1791389580,281
1791389640,331
1791389700,261
1791389760,320
1791389820,453
1791389880,274
1791389940,274
1791390000,362
1791390060,269
1791390120,390
1791390180,287
1791390240,245
1791390300,219
1791390360,315
1791390420,252
1791390480,244
1791390540,356
1791390600,386
1791390660,277
1791390720,241
1791390780,212
1791390840,231
1791390900,302
1791390960,366
1791391020,298
1791391080,397
1791391140,268
1791391200,268
1791391260,298
1791391320,218
1791391380,395
1791391440,425
1791391500,443
1791391560,966
1791391620,448
1791391680,409
1791391740,410
1791391800,268
1791391860,227
1791391920,297
1791391980,261
1791392040,210
1791392100,297
1791392160,312
1791392220,644
1791392280,312
1791392340,230
1791392400,375
1791392460,278
1791392520,1799
1791392580,686
1791392640,542
1791392700,388
1791392760,563
1791392820,471
1791392880,1003
1791392940,823
1791393000,853
1791393060,1216
1791393120,685
1791393180,500
1791393240,574
1791393300,663
1791393360,764
1791393420,452
1791393480,545
1791393540,480
1791393600,819
1791393660,644
1791393720,466
1791393780,527
1791393840,674
1791393900,509
1791393960,425
1791394020,431
1791394080,478
1791394140,491
1791394200,426
1791394260,301
1791394320,300
1791394380,294
1791394440,257
1791394500,308
1791394560,242
1791394620,229
1791394680,291
1791394740,237
1791394800,322
1791394860,321
1791394920,547
1791394980,374
1791395040,246
1791395100,453
1791395160,646
1791395220,652
1791395280,556
1791395340,379
1791395400,398
1791395460,356
1791395520,297
1791395580,300
1791395640,328
1791395700,357
1791395760,316
1791395820,202
1791395880,194
1791395940,254
1791396000,542
1791396060,328
1791396120,361
1791396180,200
1791396240,504
1791396300,761
1791396360,448
1791396420,607
1791396480,379
1791396540,401
1791396600,803
1791396660,641
1791396720,643
1791396780,527
1791396840,541
1791396900,673
1791396960,467
1791397020,156
1791397080,375
1791397140,267
1791397200,323
1791397260,193
1791397320,245
1791397380,176
1791397440,273
1791397500,282
1791397560,260
1791397620,297
1791397680,412
1791397740,314
1791397800,240
1791397860,256
1791397920,150
1791397980,158
1791398040,133
1791398100,245
1791398160,378
1791398220,537
1791398280,773
1791398340,387
1791398400,197
1791398460,278
1791398520,229
1791398580,410
1791398640,200
1791398700,171
1791398760,253
1791398820,180
1791398880,198
1791398940,227
1791399000,283
1791399060,170
1791399120,125
1791399180,128
1791399240,114
1791399300,231
1791399360,182
1791399420,211
1791399480,174
1791399540,238
1791399600,218
1791399660,110
1791399720,344
1791399780,699
1791399840,628
1791399900,456
1791399960,947
1791400020,591
1791400080,399
1791400140,302
1791400200,396
1791400260,283
1791400320,300
1791400380,250
1791400440,228
1791400500,277
1791400560,295
1791400620,280
1791400680,237
1791400740,190
1791400800,222
1791400860,173
1791400920,321
1791400980,184
1791401040,127
1791401100,163
1791401160,288
1791401220,208
1791401280,285
1791401340,204
1791401400,351
1791401460,333
1791401520,425
1791401580,127
1791401640,191
1791401700,330
1791401760,336
1791401820,342
1791401880,296
1791401940,240
1791402000,438
1791402060,336
1791402120,309
1791402180,233
1791402240,379
1791402300,322
1791402360,229
1791402420,234
1791402480,131
1791402540,235
1791402600,382
1791402660,262
1791402720,242
1791402780,239
1791402840,406
1791402900,525
1791402960,399
1791403020,627
1791403080,522
1791403140,813
1791403200,387
1791403260,226
1791403320,203
1791403380,174
1791403440,154
1791403500,264
1791403560,253
1791403620,215
1791403680,104
1791403740,157
1791403800,185
1791403860,162
1791403920,145
1791403980,163
1791404040,80
1791404100,127
1791404160,137
1791404220,112
1791404280,103
1791404340,77
1791404400,69
1791404460,83
1791404520,100
1791404580,87
1791404640,83
1791404700,95
1791404760,106
1791404820,62
1791404880,103
1791404940,224
1791405000,92
1791405060,76
1791405120,62
1791405180,102
1791405240,72
1791405300,73
1791405360,59
1791405420,98
1791405480,88
1791405540,66
1791405600,60
1791405660,80
1791405720,89
1791405780,55
1791405840,67
1791405900,90
1791405960,82
1791406020,65
1791406080,62
1791406140,82
1791406200,260
1791406260,148
1791406320,90
1791406380,110
1791406440,150
1791406500,293
1791406560,134
1791406620,255
1791406680,170
1791406740,41
1791410640,14
1791410700,355
1791410760,217
1791410820,252
1791410880,178
1791410940,89
1791411000,197
1791411060,191
1791411120,131
1791411180,171
1791411240,221
1791411300,133
1791411360,132
1791411420,149
1791411480,94
1791411540,169
1791411600,285
1791411660,93
1791411720,114
1791411780,75
1791411840,71
1791411900,93
1791411960,62
1791412020,81
1791412080,155
1791412140,111
1791412200,137
1791412260,122
1791412320,99
1791412380,99
1791412440,108
1791412500,194
1791412560,100
1791412620,75
1791412680,55
1791412740,30
1791412800,65
1791412860,104
1791412920,76
1791412980,160
1791413040,101
1791413100,170
1791413160,54
1791413220,37
1791413280,117
1791413340,74
1791413400,94
1791413460,44
1791413520,39
1791413580,91
1791413640,58
1791413700,83
1791413760,70
1791413820,68
1791413880,86
1791413940,122
1791414000,269
1791414060,135
1791414120,35
1791414180,80
1791414240,215
1791414300,117
1791414360,72
1791414420,201
1791414480,254
1791414540,200
1791414600,85
1791414660,76
1791414720,54
1791414780,40
1791414840,43
1791414900,88
1791414960,158
1791415020,35
1791415080,39
1791415140,30
1791415200,57
1791415260,162
1791415320,210
1791415380,280
1791415440,205
1791415500,182
1791415560,78
1791415620,138
1791415680,151
1791415740,213
1791415800,130
1791415860,198
1791415920,127
1791415980,244
1791416040,443
1791416100,153
1791416160,253
1791416220,370
1791416280,246
1791416340,197
1791416400,150
1791416460,165
1791416520,165
1791416580,163
1791416640,184
1791416700,313
1791416760,226
1791416820,136
1791416880,128
1791416940,197
1791417000,157
1791417060,164
1791417120,154
1791417180,255
1791417240,193
1791417300,223
1791417360,154
1791417420,265
1791417480,187
1791417540,219
1791417600,601
1791417660,465
1791417720,283
1791417780,310
1791417840,437
1791417900,681
1791417960,1224
1791418020,658
1791418080,519
1791418140,551
1791418200,528
1791418260,270
1791418320,573
1791418380,678
1791418440,378
1791418500,432
1791418560,343
1791418620,321
1791418680,257
1791418740,226
1791418800,373
1791418860,422
1791418920,395
1791418980,491
1791419040,493
1791419100,392
1791419160,454
1791419220,345
1791419280,344
1791419340,362
1791419400,429
1791419460,342
1791419520,336
1791419580,269
1791419640,244
1791419700,389
1791419760,459
1791419820,302
1791419880,223
1791419940,442
1791420000,495
1791420060,537
1791420120,433
1791420180,292
1791420240,312
1791420300,237
1791420360,399
1791420420,744
1791420480,684
1791420540,909
1791420600,918
1791420660,670
1791420720,780
1791420780,866
1791420840,592
1791420900,610
1791420960,544
1791421020,520
1791421080,700
1791421140,999
1791421200,2538
1791421260,1683
1791421320,1700
1791421380,1507
1791421440,1178
1791421500,1322
1791421560,882
1791421620,948
1791421680,1045
1791421740,655
1791421800,977
1791421860,824
1791421920,834
1791421980,579
1791422040,712
1791422100,901
1791422160,935
1791422220,861
1791422280,573
1791422340,580
1791422400,605
1791422460,559
1791422520,563
1791422580,689
1791422640,747
1791422700,699
1791422760,431
1791422820,549
1791422880,439
1791422940,464
1791423000,678
1791423060,579
1791423120,595
1791423180,675
1791423240,586
1791423300,484
1791423360,650
1791423420,424
1791423480,357
1791423540,481
1791423600,545
1791423660,376
1791423720,458
1791423780,303
1791423840,479
1791423900,807
1791423960,470
1791424020,553
1791424080,417
1791424140,369
1791424200,383
1791424260,405
1791424320,397
1791424380,400
1791424440,594
1791424500,584
1791424560,352
1791424620,499
1791424680,671
1791424740,708
1791424800,820
1791424860,511
1791424920,433
1791424980,747
1791425040,565
1791425100,645
1791425160,289
1791425220,399
1791425280,318
1791425340,325
1791425400,496
1791425460,230
1791425520,256
1791425580,341
1791425640,283
1791425700,249
1791425760,372
1791425820,208
1791425880,266
1791425940,196
1791426000,191
1791426060,259
1791426120,285
1791426180,260
1791426240,613
1791426300,270
1791426360,306
1791426420,218
1791426480,188
1791426540,231
1791426600,918
1791426660,658
1791426720,681
1791426780,782
1791426840,636
1791426900,692
1791426960,672
1791427020,524
1791427080,258
1791427140,375
1791427200,396
1791427260,405
1791427320,342
1791427380,249
1791427440,348
1791427500,263
1791427560,460
1791427620,565
1791427680,567
1791427740,672
1791427800,614
1791427860,442
1791427920,331
1791427980,373
1791428040,277
1791428100,455
1791428160,548
1791428220,531
1791428280,618
1791428340,621
1791428400,672
1791428460,453
1791428520,396
1791428580,388
1791428640,571
1791428700,443
1791428760,698
1791428820,508
1791428880,521
1791428940,466
1791429000,451
1791429060,641
1791429120,409
1791429180,264
1791429240,241
1791429300,376
1791429360,498
1791429420,497
1791429480,632
1791429540,640
1791429600,508
1791429660,711
1791429720,492
1791429780,558
1791429840,542
1791429900,564
1791429960,446
1791430020,534
1791430080,413
1791430140,344
1791430200,295
1791430260,145
1791430320,192
1791430380,173
1791430440,158
1791430500,110
1791430560,104
1791430620,144
1791430680,139
1791430740,188
1791430800,163
1791430860,250
1791430920,257
1791430980,225
1791431040,184
1791431100,225
1791431160,191
1791431220,149
1791431280,86
1791431340,211
1791431400,180
1791431460,148
1791431520,107
1791431580,194
1791431640,164
1791431700,257
1791431760,197
1791431820,141
1791431880,249
1791431940,168
1791432000,364
1791432060,187
1791432120,120
1791432180,118
1791432240,202
1791432300,138
1791432360,152
1791432420,112
1791432480,140
1791432540,201
1791432600,411
1791432660,301
1791432720,299
1791432780,463
1791432840,265
1791432900,232
1791432960,218
1791433020,156
1791433080,178
1791433140,174
1791433200,345
1791433260,252
1791433320,120
1791433380,259
1791433440,114
1791433500,276
1791433560,146
1791433620,148
1791433680,186
1791433740,166
1791433800,157
1791433860,168
1791433920,119
1791433980,146
1791434040,196
1791434100,226
1791434160,284
1791434220,237
1791434280,287
1791434340,148
1791434400,125
1791434460,214
1791434520,132
1791434580,174
1791434640,180
1791434700,193
1791434760,190
1791434820,142
1791434880,110
1791434940,188
1791435000,255
1791435060,140
1791435120,173
1791435180,125
1791435240,81
1791435300,170
1791435360,92
1791435420,196
1791435480,188
1791435540,233
1791435600,247
1791435660,347
1791435720,205
1791435780,170
1791435840,336
1791435900,272
1791435960,306
1791436020,287
1791436080,185
1791436140,161
1791436200,309
1791436260,256
1791436320,166
1791436380,187
1791436440,133
1791436500,206
1791436560,133
1791436620,165
1791436680,166
1791436740,130
1791436800,156
1791436860,112
1791436920,335
1791436980,217
1791437040,221
1791437100,398
1791437160,259
1791437220,133
1791437280,190
1791437340,281
1791437400,909
1791437460,685
1791437520,641
1791437580,688
1791437640,524
1791437700,563
1791437760,753
1791437820,636
1791437880,365
1791437940,552
1791438000,531
1791438060,794
1791438120,761
1791438180,512
1791438240,401
1791438300,514
1791438360,545
1791438420,500
1791438480,403
1791438540,368
1791438600,748
1791438660,814
1791438720,793
1791438780,806
1791438840,679
1791438900,622
1791438960,607
1791439020,471
1791439080,476
1791439140,443
1791439200,1101
1791439260,972
1791439320,699
1791439380,797
1791439440,523
1791439500,800
1791439560,933
1791439620,728
1791439680,663
1791439740,639
1791439800,829
1791439860,634
1791439920,612
1791439980,585
1791440040,585
1791440100,678
1791440160,743
1791440220,499
1791440280,333
1791440340,445
1791440400,610
1791440460,701
1791440520,647
1791440580,555
1791440640,553
1791440700,686
1791440760,698
1791440820,428
1791440880,402
1791440940,466
1791441000,562
1791441060,423
1791441120,399
1791441180,516
1791441240,392
1791441300,399
1791441360,400
1791441420,391
1791441480,412
1791441540,290
1791441600,572
1791441660,367
1791441720,589
1791441780,325
1791441840,401
1791441900,623
1791441960,711
1791442020,617
1791442080,520
1791442140,314
1791442200,381
1791442260,445
1791442320,574
1791442380,622
1791442440,394
1791442500,368
1791442560,392
1791442620,447
1791442680,317
1791442740,397
1791442800,614
1791442860,451
1791442920,419
1791442980,434
1791443040,410
1791443100,382
1791443160,537
1791443220,505
1791443280,341
1791443340,492
1791443400,519
1791443460,337
1791443520,527
1791443580,405
1791443640,299
1791443700,267
1791443760,289
1791443820,505
1791443880,344
1791443940,328
1791444000,403
1791444060,243
1791444120,533
1791444180,402
1791444240,437
1791444300,500
1791444360,465
1791444420,383
1791444480,451
1791444540,513
1791444600,614
1791444660,336
1791444720,288
1791444780,375
1791444840,732
1791444900,596
1791444960,488
1791445020,532
1791445080,477
1791445140,296
1791445200,251
1791445260,259
1791445320,242
1791445380,254
1791445440,329
1791445500,416
1791445560,349
1791445620,422
1791445680,276
1791445740,220
1791445800,287
1791445860,439
1791445920,283
1791445980,218
1791446040,364
1791446100,264
1791446160,419
1791446220,239
1791446280,269
1791446340,312
1791446400,437
1791446460,395
1791446520,339
1791446580,365
1791446640,487
1791446700,448
1791446760,704
1791446820,631
1791446880,349
1791446940,270
1791447000,478
1791447060,511
1791447120,365
1791447180,475
1791447240,372
1791447300,205
1791447360,144
1791447420,449
1791447480,422
1791447540,507
1791447600,450
1791447660,419
1791447720,364
1791447780,251
1791447840,256
1791447900,496
1791447960,617
1791448020,588
1791448080,318
1791448140,393
1791448200,1281
1791448260,641
1791448320,380
1791448380,272
1791448440,308
1791448500,324
1791448560,331
1791448620,349
1791448680,233
1791448740,378
1791448800,415
1791448860,477
1791448920,478
1791448980,360
1791449040,449
1791449100,353
1791449160,417
1791449220,619
1791449280,383
1791449340,325
1791449400,671
1791449460,506
1791449520,571
1791449580,470
1791449640,403
1791449700,285
1791449760,217
1791449820,258
1791449880,187
1791449940,178
1791450000,755
1791450060,975
1791450120,600
1791450180,623
1791450240,216
1791450300,325
1791450360,355
1791450420,288
1791450480,302
1791450540,239
1791450600,303
1791450660,281
1791450720,189
1791450780,360
1791450840,387
1791450900,357
1791450960,316
1791451020,486
1791451080,358
1791451140,211
1791451200,387
1791451260,261
1791451320,314
1791451380,263
1791451440,257
1791451500,288
1791451560,235
1791451620,216
1791451680,372
1791451740,571
1791451800,597
1791451860,747
1791451920,744
1791451980,506
1791452040,685
1791452100,376
1791452160,267
1791452220,464
1791452280,637
1791452340,229
1791452400,293
1791452460,293
1791452520,237
1791452580,170
1791452640,236
1791452700,184
1791452760,345
1791452820,507
1791452880,336
1791452940,428
1791453000,219
1791453060,472
1791453120,500
1791453180,492
1791453240,219
1791453300,439
1791453360,419
1791453420,517
1791453480,439
1791453540,360
1791453600,395
1791453660,524
1791453720,444
1791453780,292
1791453840,353
1791453900,252
1791453960,297
1791454020,278
1791454080,436
1791454140,375
1791454200,478
1791454260,387
1791454320,161
1791454380,271
1791454440,487
1791454500,377
1791454560,176
1791454620,125
1791454680,120
1791454740,206
1791454800,327
1791454860,388
1791454920,187
1791454980,220
1791455040,528
1791455100,578
1791455160,307
1791455220,286
1791455280,606
1791455340,796
1791455400,758
1791455460,478
1791455520,714
1791455580,655
1791455640,603
1791455700,770
1791455760,316
1791455820,253
1791455880,533
1791455940,619
1791456000,513
1791456060,249
1791456120,453
1791456180,571
1791456240,359
1791456300,383
1791456360,360
1791456420,411
1791456480,408
1791456540,304
1791456600,488
1791456660,457
1791456720,349
1791456780,441
1791456840,351
1791456900,309
1791456960,353
1791457020,318
1791457080,529
1791457140,546
1791457200,705
1791457260,339
1791457320,380
1791457380,267
1791457440,339
1791457500,241
1791457560,341
1791457620,338
1791457680,192
1791457740,277
1791457800,261
1791457860,373
1791457920,471
1791457980,527
1791458040,438
1791458100,749
1791458160,436
1791458220,349
1791458280,265
1791458340,321
1791458400,374
1791458460,308
1791458520,290
1791458580,356
1791458640,417
1791458700,350
1791458760,467
1791458820,284
1791458880,227
1791458940,298
1791459000,424
1791459060,309
1791459120,343
1791459180,450
1791459240,297
1791459300,414
1791459360,299
1791459420,1355
1791459480,828
1791459540,1282
1791459600,1326
1791459660,975
1791459720,1180
1791459780,1061
1791459840,598
1791459900,447
1791459960,530
1791460020,548
1791460080,333
1791460140,386
1791460200,561
1791460260,463
1791460320,380
1791460380,563
1791460440,614
1791460500,580
1791460560,561
1791460620,645
1791460680,464
1791460740,421
1791460800,707
1791460860,301
1791460920,377
1791460980,469
1791461040,564
1791461100,503
1791461160,391
1791461220,440
1791461280,560
1791461340,599
1791461400,474
1791461460,355
1791461520,297
1791461580,655
1791461640,488
1791461700,940
1791461760,623
1791461820,355
1791461880,346
1791461940,340
1791462000,879
1791462060,711
1791462120,568
1791462180,764
1791462240,437
1791462300,477
1791462360,490
1791462420,383
1791462480,360
1791462540,397
1791462600,1321
1791462660,763
1791462720,752
1791462780,505
1791462840,522
1791462900,973
1791462960,1331
1791463020,1074
1791463080,799
1791463140,608
1791463200,774
1791463260,483
1791463320,442
1791463380,675
1791463440,668
1791463500,737
1791463560,614
1791463620,716
1791463680,813
1791463740,925
1791463800,656
1791463860,918
1791463920,826
1791463980,551
1791464040,611
1791464100,472
1791464160,495
1791464220,517
1791464280,428
1791464340,555
1791464400,1137
1791464460,769
1791464520,882
1791464580,917
1791464640,739
1791464700,795
1791464760,701
1791464820,641
1791464880,1019
1791464940,964
1791465000,789
1791465060,992
1791465120,703
1791465180,693
1791465240,657
1791465300,732
1791465360,522
1791465420,702
1791465480,697
1791465540,668
1791465600,482
1791465660,793
1791465720,552
1791465780,962
1791465840,524
1791465900,484
1791465960,427
1791466020,526
1791466080,769
1791466140,554
1791466200,808
1791466260,923
1791466320,923
1791466380,834
1791466440,784
1791466500,1015
1791466560,938
1791466620,1139
1791466680,1058
1791466740,1069
1791466800,690
1791466860,467
1791466920,791
1791466980,665
1791467040,478
1791467100,714
1791467160,947
1791467220,946
1791467280,836
1791467340,1211
1791467400,1258
1791467460,1034
1791467520,904
1791467580,1024
1791467640,729
1791467700,739
1791467760,975
1791467820,782
1791467880,818
1791467940,977
1791468000,895
1791468060,768
1791468120,620
1791468180,656
1791468240,675
1791468300,930
1791468360,744
1791468420,531
1791468480,560
1791468540,613
1791468600,499
1791468660,793
1791468720,543
1791468780,669
1791468840,625
1791468900,522
1791468960,530
1791469020,594
1791469080,790
1791469140,451
1791469200,523
1791469260,927
1791469320,805
1791469380,541
1791469440,775
1791469500,630
1791469560,566
1791469620,459
1791469680,423
1791469740,617
1791469800,525
1791469860,546
1791469920,475
1791469980,523
1791470040,898
1791470100,909
1791470160,523
1791470220,700
1791470280,426
1791470340,599
1791470400,572
1791470460,742
1791470520,962
1791470580,941
1791470640,707
1791470700,653
1791470760,1157
1791470820,776
1791470880,1123
1791470940,524
1791471000,593
1791471060,784
1791471120,556
1791471180,1041
1791471240,1174
1791471300,936
1791471360,827
1791471420,1164
1791471480,1091
1791471540,464
1791471600,1038
1791471660,1227
1791471720,1358
1791471780,1088
1791471840,1156
1791471900,861
1791471960,960
1791472020,975
1791472080,617
1791472140,592
1791472200,959
1791472260,731
1791472320,932
1791472380,1035
1791472440,900
1791472500,919
1791472560,730
1791472620,915
1791472680,796
1791472740,884
1791472800,928
1791472860,1055
1791472920,459
1791472980,339
1791473040,454
1791473100,585
1791473160,444
1791473220,582
1791473280,500
1791473340,648
1791473400,669
1791473460,706
1791473520,510
1791473580,678
1791473640,631
1791473700,426
1791473760,651
1791473820,595
1791473880,454
1791473940,393
1791474000,354
1791474060,619
1791474120,345
1791474180,376
1791474240,689
1791474300,727
1791474360,597
1791474420,753
1791474480,538
1791474540,467
1791474600,315
1791474660,406
1791474720,391
1791474780,360
1791474840,284
1791474900,326
1791474960,325
1791475020,360
1791475080,288
1791475140,340
1791475200,417
1791475260,756
1791475320,679
1791475380,468
1791475440,630
1791475500,572
1791475560,532
1791475620,535
1791475680,576
1791475740,349
1791475800,421
1791475860,456
1791475920,471
1791475980,873
1791476040,515
1791476100,344
1791476160,306
1791476220,3733
1791476280,2752
1791476340,2048
1791476400,1297
1791476460,1574
1791476520,1179
1791476580,1221
1791476640,737
1791476700,748
1791476760,760
1791476820,650
1791476880,503
1791476940,552
1791477000,830
1791477060,769
1791477120,814
1791477180,690
1791477240,492
1791477300,686
1791477360,978
1791477420,1025
1791477480,467
1791477540,513
1791477600,685
1791477660,532
1791477720,465
1791477780,701
1791477840,427
1791477900,442
1791477960,411
1791478020,594
1791478080,468
1791478140,550
1791478200,855
1791478260,679
1791478320,953
1791478380,680
1791478440,604
1791478500,833
1791478560,753
1791478620,1385
1791478680,855
1791478740,621
1791478800,1052
1791478860,830
1791478920,1531
1791478980,845
1791479040,863
1791479100,1082
1791479160,925
1791479220,1033
1791479280,1203
1791479340,813
1791479400,788
1791479460,1068
1791479520,708
1791479580,365
1791479640,900
1791479700,891
1791479760,882
1791479820,1186
1791479880,1329
1791479940,1309
1791480000,1196
1791480060,865
1791480120,968
1791480180,1440
1791480240,1325
1791480300,938
1791480360,836
1791480420,1136
1791480480,1050
1791480540,1299
1791480600,714
1791480660,693
1791480720,488
1791480780,429
1791480840,554
1791480900,420
1791480960,387
1791481020,730
1791481080,373
1791481140,442
1791481200,447
1791481260,338
1791481320,521
1791481380,328
1791481440,370
1791481500,606
1791481560,356
1791481620,495
1791481680,530
1791481740,342
1791481800,367
1791481860,485
1791481920,275
1791481980,391
1791482040,584
1791482100,506
1791482160,661
1791482220,236
1791482280,304
1791482340,308
1791482400,657
1791482460,422
1791482520,378
1791482580,546
1791482640,342
1791482700,366
1791482760,398
1791482820,411
1791482880,609
1791482940,445
1791483000,605
1791483060,415
1791483120,420
1791483180,386
1791483240,279
1791483300,372
1791483360,323
1791483420,255
1791483480,278
1791483540,257
1791483600,250
1791483660,388
1791483720,255
1791483780,337
1791483840,296
1791483900,300
1791483960,397
1791484020,397
1791484080,1027
1791484140,616
1791484200,843
1791484260,682
1791484320,574
1791484380,556
1791484440,473
1791484500,430
1791484560,467
1791484620,498
1791484680,453
1791484740,344
1791484800,299
1791484860,433
1791484920,194
1791484980,177
1791485040,380
1791485100,413
1791485160,257
1791485220,240
1791485280,417
1791485340,208
1791485400,232
1791485460,255
1791485520,777
1791485580,539
1791485640,594
1791485700,535
1791485760,424
1791485820,520
1791485880,356
1791485940,640
1791486000,628
1791486060,202
1791486120,264
1791486180,169
1791486240,151
1791486300,175
1791486360,232
1791486420,278
1791486480,187
1791486540,167
1791486600,126
1791486660,116
1791486720,116
1791486780,144
1791486840,196
1791486900,264
1791486960,279
1791487020,355
1791487080,260
1791487140,301
1791487200,346
1791487260,175
1791487320,387
1791487380,334
1791487440,472
1791487500,376
1791487560,443
1791487620,392
1791487680,397
1791487740,299
1791487800,446
1791487860,366
1791487920,238
1791487980,258
1791488040,276
1791488100,144
1791488160,145
