1791151440,4141.605,4142.565,4141.595,4142.225,40
1791151500,4142.575,4146.525,4142.015,4144.61,649
1791151560,4144.56,4144.665,4141.805,4142.655,263
1791151620,4142.375,4143.725,4141.975,4142.29,175
1791151680,4142.285,4142.78,4142.215,4142.33,127
1791151740,4142.38,4143.255,4142.22,4142.9,112
1791151800,4142.96,4143.69,4142.725,4142.97,231
1791151860,4143.07,4143.635,4142.575,4143.53,139
1791151920,4143.49,4143.64,4142.615,4143.015,178
1791151980,4143.17,4143.175,4142.06,4142.095,117
1791152040,4142.085,4143.09,4140.74,4141.065,257
1791152100,4141.055,4142.265,4140.745,4141.4,273
1791152160,4141.39,4141.565,4139.145,4139.18,291
1791152220,4139.225,4139.635,4138.545,4139.475,228
1791152280,4139.425,4140.165,4138.995,4139.13,141
1791152340,4139.18,4140.28,4138.87,4139.87,178
1791152400,4139.89,4140.43,4139.675,4139.895,158
1791152460,4139.92,4140.005,4139.32,4139.645,133
1791152520,4139.695,4140.505,4139.365,4140.355,123
1791152580,4140.28,4140.33,4139.31,4139.84,101
1791152640,4139.89,4140.305,4139.295,4139.42,183
1791152700,4139.435,4140.21,4139.285,4139.32,170
1791152760,4139.335,4139.87,4138.715,4139.84,186
1791152820,4139.865,4140.66,4139.85,4140.415,195
1791152880,4140.455,4141.12,4140.455,4140.81,148
1791152940,4140.815,4141.855,4140.78,4141.34,178
1791153000,4141.355,4142.235,4140.825,4142.22,252
1791153060,4142.23,4142.4,4141.35,4141.74,308
1791153120,4141.725,4141.99,4141.43,4141.54,170
1791153180,4141.505,4142.32,4141.445,4141.485,149
1791153240,4141.545,4143.465,4141.545,4143.205,170
1791153300,4143.3,4143.525,4142.86,4143.115,160
1791153360,4143.055,4143.265,4143.055,4143.105,72
1791153420,4143.095,4143.195,4142.755,4142.82,53
1791153480,4142.87,4143.265,4142.785,4142.83,39
1791153540,4142.875,4143.155,4142.375,4142.62,83
1791153600,4142.64,4142.76,4142.35,4142.605,71
1791153660,4142.55,4142.605,4142.05,4142.125,68
1791153720,4142.075,4142.115,4141.805,4142.005,58
1791153780,4141.96,4142.765,4141.96,4142.41,134
1791153840,4142.365,4143.095,4142.21,4143.07,54
1791153900,4143.045,4144.7,4143.045,4144.075,150
1791153960,4143.92,4144.71,4143.795,4144.505,67
1791154020,4144.455,4144.925,4144.155,4144.925,39
1791154080,4144.875,4147.87,4144.875,4147.73,172
1791154140,4147.85,4148.06,4147.51,4147.955,80
1791154200,4147.855,4148.16,4147.305,4147.63,96
1791154260,4147.68,4148.27,4147.11,4147.7,131
1791154320,4147.65,4147.805,4147.275,4147.275,61
1791154380,4147.225,4147.615,4147.025,4147.44,54
1791154440,4147.435,4147.805,4147.255,4147.71,75
1791154500,4147.655,4148.14,4147.43,4148.14,77
1791154560,4148.19,4148.355,4147.53,4147.53,88
1791154620,4147.525,4147.995,4147.455,4147.945,76
1791154680,4147.875,4147.92,4147.43,4147.475,49
1791154740,4147.485,4147.98,4147.39,4147.78,68
1791154800,4147.715,4147.77,4146.47,4146.47,170
1791154860,4146.475,4147.68,4146.17,4146.905,174
1791154920,4146.88,4147.09,4144.59,4144.59,153
1791154980,4144.63,4145.85,4144.525,4144.93,164
1791155040,4144.955,4145.155,4143.96,4144.64,132
1791155100,4144.865,4145.4,4144.28,4144.58,136
1791155160,4144.63,4144.76,4143.975,4144.35,63
1791155220,4144.4,4144.49,4143.905,4144.26,69
1791155280,4144.31,4145.02,4144.26,4144.535,81
1791155340,4144.485,4144.69,4144.365,4144.445,91
1791155400,4144.37,4145.345,4143.98,4144.75,108
1791155460,4144.8,4144.8,4143.615,4143.83,103
1791155520,4143.815,4143.9,4142.36,4143.83,153
1791155580,4143.69,4145.93,4143.665,4145.55,179
1791155640,4145.6,4145.895,4144.93,4145.02,103
1791155700,4145.07,4145.07,4143.495,4143.965,194
1791155760,4143.79,4144.58,4143.365,4144.545,139
1791155820,4144.645,4144.865,4143.815,4144.25,103
1791155880,4144.3,4145.94,4144.3,4145.68,135
1791155940,4145.715,4146.51,4145.63,4146.51,157
1791156000,4146.46,4146.46,4145.19,4145.55,92
1791156060,4145.6,4146.105,4145.505,4145.655,58
1791156120,4145.735,4145.755,4144.93,4144.93,107
1791156180,4144.98,4145.545,4144.615,4144.71,197
1791156240,4144.815,4145.695,4144.385,4145.495,176
1791156300,4145.485,4146.165,4144.965,4146.12,120
1791156360,4146.125,4146.125,4145.005,4145.005,101
1791156420,4145.055,4145.47,4144.755,4145.43,141
1791156480,4145.425,4146.12,4145.225,4145.855,122
1791156540,4145.805,4145.995,4145.355,4145.405,75
1791156600,4145.425,4145.93,4145.06,4145.06,146
1791156660,4145.265,4145.39,4144.61,4144.695,104
1791156720,4144.595,4144.81,4143.66,4143.76,71
1791156780,4143.985,4144.75,4143.75,4144.505,103
1791156840,4144.48,4144.945,4144.22,4144.62,103
1791156900,4144.61,4145.705,4144.455,4145.065,135
1791156960,4145.07,4145.14,4144.625,4144.695,134
1791157020,4144.73,4144.82,4144.315,4144.4,93
1791157080,4144.405,4144.97,4144.305,4144.915,102
1791157140,4144.845,4145.3,4144.59,4145.3,123
1791157200,4145.295,4145.69,4145.055,4145.28,122
1791157260,4145.13,4145.44,4145.025,4145.105,105
1791157320,4145.055,4145.495,4144.97,4145.2,103
1791157380,4145.195,4145.215,4144.445,4144.615,120
1791157440,4144.61,4144.64,4144.3,4144.46,140
1791157500,4144.465,4144.525,4142.51,4142.67,258
1791157560,4142.665,4143.495,4142.665,4142.91,185
1791157620,4142.805,4142.915,4141.41,4142.525,201
1791157680,4142.625,4142.695,4141.6,4141.95,153
1791157740,4141.785,4141.835,4140.39,4141.275,349
1791157800,4141.21,4141.535,4140.66,4141.005,190
1791157860,4141.025,4142.29,4141.025,4141.58,276
1791157920,4141.585,4142.055,4141.355,4141.91,204
1791157980,4141.88,4142.55,4141.305,4142.485,245
1791158040,4142.495,4142.755,4141.53,4141.85,269
1791158100,4141.77,4141.925,4140.855,4141.5,306
1791158160,4141.42,4142.645,4141.155,4142.445,268
1791158220,4142.49,4142.625,4141.535,4142.575,224
1791158280,4142.575,4142.6,4141.66,4142.115,257
1791158340,4142.12,4143.43,4141.79,4142.7,335
1791158400,4142.705,4146.16,4142.51,4145.925,1142
1791158460,4145.875,4146.32,4144.72,4145.725,426
1791158520,4145.695,4148.6,4145.69,4147.765,512
1791158580,4147.695,4148.475,4146.97,4148.1,360
1791158640,4148.06,4150.325,4148.06,4150.01,420
1791158700,4149.93,4150.49,4149.23,4149.91,405
1791158760,4149.83,4150.14,4148.75,4149.86,434
1791158820,4149.88,4149.885,4148.265,4148.89,447
1791158880,4148.84,4149.73,4148.035,4149.185,448
1791158940,4149.175,4149.84,4148.95,4149.575,268
1791159000,4149.53,4150.64,4148.645,4150.64,299
1791159060,4150.65,4153.155,4150.12,4151.825,612
1791159120,4151.8,4151.8,4149.805,4149.97,528
1791159180,4150.02,4150.135,4148.595,4148.875,341
1791159240,4148.99,4149.44,4147.965,4149.095,440
1791159300,4149.075,4152.78,4148.8,4152.42,1259
1791159360,4152.33,4153.475,4149.44,4149.505,924
1791159420,4149.51,4149.755,4147.775,4149.06,790
1791159480,4149.085,4149.66,4148.01,4149.525,711
1791159540,4149.545,4151.915,4149.545,4151.73,780
1791159600,4151.735,4152.6,4151.235,4152.075,600
1791159660,4152.07,4153.535,4151.875,4152.81,591
1791159720,4152.81,4155.445,4152.42,4155.285,540
1791159780,4155.17,4157.095,4155.045,4157.03,516
1791159840,4157.055,4157.875,4155.615,4157.31,612
1791159900,4157.285,4157.955,4156.075,4157.575,484
1791159960,4157.57,4158.335,4154.8,4155.175,609
1791160020,4155.185,4156.965,4155.105,4156.58,365
1791160080,4156.63,4157.14,4154.62,4154.86,363
1791160140,4154.91,4155.57,4154.51,4155.515,317
1791160200,4155.495,4156.06,4153.835,4154.585,305
1791160260,4154.535,4155.285,4154.075,4154.575,234
1791160320,4154.525,4154.625,4152.995,4153.11,210
1791160380,4153.06,4153.705,4152.545,4153.58,156
1791160440,4153.38,4154.29,4152.77,4153.215,238
1791160500,4153.315,4153.425,4152.25,4153.005,304
1791160560,4152.955,4153.345,4152.12,4153.02,180
1791160620,4152.94,4153.415,4152.115,4152.91,331
1791160680,4152.915,4154,4152.815,4153.31,431
1791160740,4153.36,4154.035,4153.06,4153.645,206
1791160800,4153.63,4153.64,4152.005,4152.245,146
1791160860,4152.24,4152.705,4152,4152.28,159
1791160920,4152.235,4152.785,4151.405,4152.685,149
1791160980,4152.785,4153.235,4152.25,4152.485,306
1791161040,4152.49,4153.4,4152.49,4153.09,399
1791161100,4153.125,4153.295,4152.58,4153.135,394
1791161160,4153.155,4154.385,4152.47,4153.97,395
1791161220,4154.02,4155.65,4153.67,4155.06,512
1791161280,4154.985,4156.52,4154.465,4156.5,461
1791161340,4156.48,4156.48,4155.63,4156.09,450
1791161400,4156.06,4156.69,4155.645,4156.035,467
1791161460,4156.045,4156.195,4154.745,4154.83,293
1791161520,4154.875,4155.395,4154.6,4154.78,195
1791161580,4154.835,4156.23,4154.3,4155.49,273
1791161640,4155.37,4155.91,4154.86,4155.72,428
1791161700,4155.65,4156.19,4155.315,4156.19,276
1791161760,4156.18,4156.19,4154.12,4154.12,207
1791161820,4154.17,4155.23,4154.16,4154.765,309
1791161880,4154.795,4157.045,4154.7,4156.56,479
1791161940,4156.595,4156.97,4156.075,4156.48,269
1791162000,4156.43,4156.835,4153.53,4156.265,896
1791162060,4156.275,4158.245,4155.93,4158.145,972
1791162120,4158.155,4158.21,4156.605,4158.21,527
1791162180,4158.31,4158.81,4157.675,4158.585,275
1791162240,4158.59,4159.535,4158.04,4159.415,295
1791162300,4159.365,4160.74,4159.365,4159.935,377
1791162360,4159.98,4161.21,4159.895,4160.685,356
1791162420,4160.72,4161.43,4159.935,4160.98,259
1791162480,4160.88,4161.175,4158.78,4159.685,591
1791162540,4159.695,4160.05,4157.14,4157.215,481
1791162600,4157.18,4157.775,4156.14,4157.02,479
1791162660,4156.995,4158.22,4156.865,4157.61,519
1791162720,4157.675,4158.03,4156.605,4156.725,383
1791162780,4156.73,4158.23,4156.54,4157.695,409
1791162840,4157.615,4158.545,4157.49,4157.64,461
1791162900,4157.645,4157.825,4156.5,4157.375,684
1791162960,4157.4,4159.725,4157.28,4159.1,690
1791163020,4159.105,4159.12,4158,4158.34,320
1791163080,4158.29,4158.32,4157.29,4157.65,376
1791163140,4157.48,4158.5,4156.74,4158.245,494
1791163200,4158.225,4158.38,4154.12,4154.2,555
1791163260,4154.205,4154.77,4153.55,4153.83,498
1791163320,4153.845,4154.415,4153.4,4153.855,442
1791163380,4153.845,4154.76,4152.8,4153.505,628
1791163440,4153.525,4156.73,4153.375,4155.61,726
1791163500,4155.66,4157.725,4155.455,4156.835,538
1791163560,4156.84,4157.095,4155.195,4155.28,398
1791163620,4155.38,4156.455,4154.885,4154.91,320
1791163680,4154.885,4155.515,4154.805,4154.935,233
1791163740,4154.995,4156.65,4154.83,4156.37,399
1791163800,4156.4,4157.47,4154.96,4155.475,856
1791163860,4155.52,4156.145,4154.665,4156.125,498
1791163920,4156.13,4156.985,4155.36,4156.985,539
1791163980,4156.995,4156.995,4154.815,4155.22,651
1791164040,4155.245,4155.41,4153.57,4154.515,477
1791164100,4154.42,4154.425,4152.915,4153.92,583
1791164160,4153.86,4154.925,4153.77,4154.585,488
1791164220,4154.59,4154.955,4153.65,4153.705,402
1791164280,4153.7,4154.5,4153.16,4154.195,487
1791164340,4154.2,4154.98,4153.92,4154.975,499
1791164400,4154.98,4155.26,4154.455,4154.745,409
1791164460,4154.71,4154.735,4153.82,4154.655,309
1791164520,4154.65,4155.235,4153.74,4154.175,489
1791164580,4154.05,4154.24,4152.255,4153.685,549
1791164640,4153.69,4153.91,4152.475,4152.72,480
1791164700,4152.725,4155.395,4152.16,4155.14,809
1791164760,4155.125,4156.76,4154.13,4156.545,699
1791164820,4156.475,4158.82,4156.045,4157.805,592
1791164880,4157.785,4158.42,4157.155,4158.4,471
1791164940,4158.415,4158.715,4157.97,4158.43,334
1791165000,4158.435,4159.825,4158.435,4158.695,363
1791165060,4158.73,4159.89,4158.71,4159.08,373
1791165120,4159.05,4160.265,4158.815,4159.805,274
1791165180,4159.765,4160.65,4159.275,4160.37,350
1791165240,4160.32,4160.395,4159.165,4159.165,232
1791165300,4159.315,4160.51,4158.91,4159.595,288
1791165360,4159.61,4161.01,4159.325,4160.925,348
1791165420,4160.93,4161.355,4160.515,4160.88,344
1791165480,4160.845,4161.815,4160.68,4161.46,277
1791165540,4161.49,4161.505,4159.815,4160.34,343
1791165600,4160.3,4161.02,4159.49,4159.75,348
1791165660,4159.73,4160.935,4159.26,4160.635,407
1791165720,4160.61,4161.075,4159.86,4160.555,368
1791165780,4160.61,4160.61,4158.83,4159.865,398
1791165840,4159.89,4161.715,4159.7,4160.25,711
1791165900,4160.16,4160.815,4159.8,4160.53,444
1791165960,4160.555,4161.175,4159.885,4160.29,439
1791166020,4160.2,4160.71,4159.68,4160.24,435
1791166080,4160.185,4163.375,4160.1,4161.88,455
1791166140,4161.905,4162.345,4160.53,4160.8,470
1791166200,4160.815,4162.105,4160.71,4160.97,318
1791166260,4160.98,4161.435,4160.185,4160.315,360
1791166320,4160.43,4160.44,4158.84,4160.145,414
1791166380,4160.17,4161.68,4159.445,4161.675,509
1791166440,4161.81,4162.585,4160.055,4160.39,385
1791166500,4160.15,4160.53,4159.6,4160.145,241
1791166560,4160.055,4161.12,4159.755,4160.375,338
1791166620,4160.38,4160.445,4158.965,4159.36,461
1791166680,4159.325,4159.605,4158.985,4159.045,324
1791166740,4159.075,4159.265,4157.31,4158.8,811
1791166800,4158.805,4159.78,4158.26,4158.365,665
1791166860,4158.37,4158.37,4156.065,4158.065,656
1791166920,4158.115,4160.13,4157.93,4158.73,281
1791166980,4158.775,4161.245,4158.225,4160.425,461
1791167040,4160.44,4161.25,4159.74,4160.675,417
1791167100,4160.745,4161.32,4160.485,4161.165,249
1791167160,4161.265,4162.77,4161.255,4162.77,305
1791167220,4162.735,4163.005,4161.01,4161.105,252
1791167280,4161.17,4161.765,4159.475,4159.535,336
1791167340,4159.53,4160.405,4158.935,4159.415,524
1791167400,4159.41,4159.56,4157.89,4158.57,458
1791167460,4158.65,4159.575,4158.385,4159.105,463
1791167520,4159.015,4159.015,4156.64,4157.575,344
1791167580,4157.57,4158.07,4155.015,4155.515,399
1791167640,4155.61,4156.025,4154.365,4154.605,312
1791167700,4154.515,4154.975,4153.64,4154.89,398
1791167760,4154.895,4155.425,4154.305,4154.935,209
1791167820,4155.02,4155.675,4154.5,4155.05,481
1791167880,4155.09,4155.49,4153.635,4153.645,506
1791167940,4153.615,4155.095,4153.28,4154.63,633
1791168000,4154.55,4155.12,4154.15,4154.51,525
1791168060,4154.53,4155.15,4153.525,4154.88,495
1791168120,4154.84,4155.195,4154.52,4154.6,380
1791168180,4154.625,4154.885,4152.7,4153.825,580
1791168240,4153.94,4154.28,4152.9,4153.65,457
1791168300,4153.615,4155.52,4153.565,4154.175,483
1791168360,4154.235,4154.32,4152.6,4153.56,664
1791168420,4153.545,4153.705,4151.945,4151.945,731
1791168480,4151.94,4152.72,4150.15,4150.52,473
1791168540,4150.41,4150.51,4147.01,4147.245,1220
1791168600,4147.395,4148.22,4146.21,4146.35,853
1791168660,4146.24,4147.745,4145.76,4146.005,772
1791168720,4146.01,4146.6,4145.345,4146.135,852
1791168780,4146.115,4146.26,4144.345,4144.735,660
1791168840,4144.745,4144.985,4144.095,4144.385,762
1791168900,4144.38,4144.525,4140.545,4142.165,1281
1791168960,4142.16,4142.895,4140.235,4141.71,568
1791169020,4141.665,4142.7,4140.74,4142.465,705
1791169080,4142.375,4143.84,4140.54,4140.62,767
1791169140,4140.605,4143.22,4139.875,4142.97,723
1791169200,4142.92,4144.035,4142.39,4143.8,700
1791169260,4143.805,4144.3,4143.25,4143.605,756
1791169320,4143.585,4145.21,4142.17,4143.94,831
1791169380,4143.93,4143.93,4141.085,4142.33,762
1791169440,4142.39,4143.245,4141.345,4142.75,741
1791169500,4142.77,4143.24,4140.235,4140.79,838
1791169560,4140.76,4140.83,4137.27,4138.515,1033
1791169620,4138.57,4138.9,4136.935,4137.21,1073
1791169680,4137.165,4138.07,4136.635,4137.54,987
1791169740,4137.555,4138.28,4136.47,4137.695,861
1791169800,4137.635,4138.36,4137.115,4137.64,905
1791169860,4137.635,4139.055,4137.565,4138.75,843
1791169920,4138.725,4139.015,4137.31,4137.665,1097
1791169980,4137.67,4138.665,4137.01,4137.43,473
1791170040,4137.435,4139.05,4137.255,4137.95,417
1791170100,4138.09,4138.595,4137.435,4137.62,461
1791170160,4137.54,4139.31,4136.955,4139.31,428
1791170220,4139.275,4140.865,4139.17,4139.88,574
1791170280,4139.845,4140.93,4139.705,4140.455,342
1791170340,4140.46,4141.695,4140.215,4141.575,369
1791170400,4141.585,4142.38,4141.305,4141.73,342
1791170460,4141.68,4142.18,4141.02,4141.745,293
1791170520,4141.83,4142.165,4141.03,4141.805,311
1791170580,4141.725,4141.755,4139.21,4139.545,373
1791170640,4139.57,4140.92,4139.325,4140.32,328
1791170700,4140.33,4141.61,4139.95,4141.52,370
1791170760,4141.47,4142.26,4140.685,4142.125,328
1791170820,4142.12,4143.69,4142.115,4143.62,453
1791170880,4143.62,4144.315,4143.275,4144.075,399
1791170940,4144.05,4144.05,4143.165,4143.485,307
1791171000,4143.43,4143.805,4142.45,4143.36,461
1791171060,4143.37,4145.01,4142.74,4143.275,357
1791171120,4143.405,4144.515,4142.96,4143.75,370
1791171180,4143.78,4146.56,4143.78,4146.38,375
1791171240,4146.375,4146.445,4144.755,4144.94,268
1791171300,4144.945,4144.945,4142.885,4144.16,233
1791171360,4144.155,4144.875,4143.66,4144.195,218
1791171420,4144.135,4144.845,4143.605,4143.615,208
1791171480,4143.7,4144.26,4142.705,4143.965,336
1791171540,4143.915,4144.8,4143.575,4144.715,361
1791171600,4144.79,4145.68,4144.525,4145.61,374
1791171660,4145.535,4145.65,4143.73,4144.275,231
1791171720,4144.375,4144.475,4142.875,4143.45,242
1791171780,4143.405,4143.485,4141.96,4142.195,281
1791171840,4142.21,4144.335,4142.09,4143.595,279
1791171900,4143.635,4146.565,4143.17,4146.525,384
1791171960,4146.535,4146.76,4146.035,4146.61,313
1791172020,4146.635,4146.75,4145.625,4146,201
1791172080,4146.05,4146.05,4144.72,4144.725,210
1791172140,4144.72,4145.13,4144.21,4144.68,322
1791172200,4144.7,4145.565,4144.59,4145.335,257
1791172260,4145.32,4146.125,4145.14,4145.6,188
1791172320,4145.65,4145.7,4144.255,4144.62,237
1791172380,4144.635,4144.87,4143.89,4144.06,225
1791172440,4144.065,4144.405,4143.785,4144.345,182
1791172500,4144.5,4145.87,4144.5,4145.195,306
1791172560,4145.25,4145.55,4143.705,4143.805,317
1791172620,4143.795,4144.755,4143.78,4144.355,203
1791172680,4144.455,4144.74,4143.91,4143.955,219
1791172740,4143.96,4144.01,4143.22,4143.31,265
1791172800,4143.315,4143.615,4142.675,4142.985,334
1791172860,4142.955,4143.73,4142.085,4143.12,336
1791172920,4143.225,4143.385,4142.4,4142.455,210
1791172980,4142.54,4143.285,4141.12,4142.995,349
1791173040,4143,4143,4139.775,4139.875,251
1791173100,4139.985,4140.39,4139.13,4140.045,283
1791173160,4140.13,4140.54,4139.415,4140.11,374
1791173220,4140.155,4141.295,4138.715,4138.715,252
1791173280,4138.71,4140.74,4138.575,4139.635,408
1791173340,4139.65,4139.935,4139.23,4139.935,168
1791173400,4139.845,4139.845,4138.3,4138.955,219
1791173460,4138.715,4139.255,4137.175,4137.45,179
1791173520,4137.5,4137.93,4137.08,4137.2,213
1791173580,4137.3,4137.75,4136.88,4137.355,146
1791173640,4137.4,4137.44,4135.135,4135.17,496
1791173700,4135.23,4136.005,4133.92,4135.09,443
1791173760,4135.18,4135.615,4133.645,4133.705,388
1791173820,4133.72,4134.925,4132.07,4132.965,463
1791173880,4132.955,4132.995,4131.125,4131.155,427
1791173940,4131.205,4133.635,4131.175,4133.175,331
1791174000,4133.29,4133.625,4132.275,4132.38,311
1791174060,4132.445,4133.21,4131.7,4132.08,429
1791174120,4131.99,4132.775,4131.58,4132.05,329
1791174180,4132.15,4132.495,4130.33,4131.5,434
1791174240,4131.48,4132.9,4131.48,4132.315,276
1791174300,4132.29,4133.35,4132.09,4132.765,276
1791174360,4132.85,4133.105,4130.36,4130.61,341
1791174420,4130.66,4130.815,4129.4,4129.48,315
1791174480,4129.455,4129.49,4128.395,4128.78,365
1791174540,4128.775,4128.795,4124.75,4126.51,742
1791174600,4126.52,4127.845,4125.965,4127.78,926
1791174660,4127.805,4128.68,4126.115,4126.855,494
1791174720,4126.955,4128.34,4126.49,4126.83,674
1791174780,4126.67,4129.105,4126.255,4129.09,430
1791174840,4129.1,4129.885,4128.75,4129.77,445
1791174900,4129.685,4130.62,4127.575,4128.09,332
1791174960,4127.99,4131.845,4127.82,4131.015,457
1791175020,4130.965,4131.865,4130.38,4131.535,314
1791175080,4131.465,4132.01,4131.17,4131.27,154
1791175140,4131.17,4131.87,4130.125,4131.815,286
1791175200,4131.83,4133.29,4131.38,4132.94,439
1791175260,4132.945,4133.765,4132.315,4133.51,327
1791175320,4133.495,4133.82,4132.965,4133.51,158
1791175380,4133.56,4133.705,4132.61,4132.77,180
1791175440,4132.815,4133.855,4132.52,4133.615,277
1791175500,4133.62,4134.765,4133.05,4134.495,256
1791175560,4134.505,4134.57,4133.245,4133.75,283
1791175620,4133.755,4134.25,4133.505,4133.8,210
1791175680,4133.82,4134.54,4133.645,4134.5,326
1791175740,4134.515,4134.84,4133.8,4134.25,321
1791175800,4134.255,4134.55,4133.665,4133.755,233
1791175860,4133.79,4134.03,4133.1,4133.4,221
1791175920,4133.49,4133.505,4131.71,4132.835,174
1791175980,4132.83,4133.03,4132.18,4132.71,231
1791176040,4132.715,4132.95,4131.885,4132.42,367
1791176100,4132.44,4132.665,4131.3,4131.45,325
1791176160,4131.41,4131.41,4130.07,4131.075,266
1791176220,4131.175,4132.24,4131.075,4131.72,129
1791176280,4131.77,4132.26,4130.84,4131.555,175
1791176340,4131.655,4131.81,4131.12,4131.47,190
1791176400,4131.46,4132.685,4131.33,4131.82,323
1791176460,4131.775,4132.34,4131.45,4132.205,328
1791176520,4132.26,4133.455,4132.015,4132.22,359
1791176580,4132.2,4132.505,4131.245,4132.005,227
1791176640,4131.905,4132.275,4130.745,4132.225,325
1791176700,4132.275,4133.155,4132.225,4132.875,212
1791176760,4132.89,4135.28,4132.31,4135.13,282
1791176820,4135.19,4136.505,4134.365,4135.81,615
1791176880,4135.71,4137.315,4135.65,4136.555,402
1791176940,4136.465,4137.09,4136.16,4136.505,156
1791177000,4136.555,4136.6,4135.66,4135.78,227
1791177060,4135.73,4136.37,4135.585,4136.125,124
1791177120,4136.075,4136.92,4136.015,4136.66,176
1791177180,4136.61,4138.14,4136.61,4137.765,251
1791177240,4137.665,4140.28,4137.2,4138.775,362
1791177300,4138.625,4139.295,4136.95,4137.51,218
1791177360,4137.41,4137.975,4136.67,4137.505,202
1791177420,4137.555,4138.18,4137.325,4137.92,165
1791177480,4137.835,4138.29,4137.445,4137.825,216
1791177540,4137.89,4139.265,4137.47,4138.555,287
1791177600,4138.635,4139.545,4137.73,4138.45,246
1791177660,4138.5,4140.16,4138.435,4140.135,158
1791177720,4140.125,4140.31,4139.085,4139.245,263
1791177780,4139.295,4139.405,4135.78,4136.26,554
1791177840,4136.305,4137.7,4135.59,4137.7,315
1791177900,4137.65,4138.88,4137.385,4138.165,331
1791177960,4137.955,4138.52,4137.44,4137.8,280
1791178020,4137.83,4137.95,4136.78,4136.815,130
1791178080,4136.915,4138.195,4136.69,4137.15,265
1791178140,4137.155,4137.58,4136.72,4137.095,177
1791178200,4137.195,4137.195,4134.42,4135.495,319
1791178260,4135.545,4136.31,4134.735,4134.885,201
1791178320,4134.935,4135.655,4133.43,4133.43,254
1791178380,4133.545,4134.905,4133.43,4134.035,267
1791178440,4134.035,4135.065,4133.93,4134.525,188
1791178500,4134.575,4134.635,4133.095,4134.315,312
1791178560,4134.515,4137.24,4134.25,4137.16,414
1791178620,4137.21,4138.275,4137.02,4137.6,307
1791178680,4137.45,4137.92,4137.06,4137.585,188
1791178740,4137.535,4137.705,4136.995,4136.995,159
1791178800,4136.985,4137.395,4136.405,4136.795,248
1791178860,4136.79,4136.805,4135.375,4136.325,252
1791178920,4136.36,4137.43,4135.895,4137.43,220
1791178980,4137.33,4137.555,4136.975,4137.245,168
1791179040,4137.275,4140.88,4137.275,4140.8,285
1791179100,4140.725,4140.78,4138.65,4138.65,233
1791179160,4138.75,4140.3,4137.9,4140.195,265
1791179220,4140.145,4140.225,4139.245,4139.735,172
1791179280,4139.7,4140.94,4139.28,4140.235,340
1791179340,4140.205,4140.205,4138.53,4138.585,253
1791179400,4138.535,4138.735,4138.035,4138.085,299
1791179460,4138.33,4139.335,4138.01,4138.06,308
1791179520,4138.01,4138.095,4135.885,4136.73,314
1791179580,4136.68,4136.73,4135.08,4135.24,214
1791179640,4135.205,4135.205,4132.675,4133.2,411
1791179700,4133.25,4133.495,4131.685,4131.805,459
1791179760,4131.835,4132.25,4130.4,4132.19,645
1791179820,4132.195,4134.07,4132,4133.37,682
1791179880,4133.35,4134.63,4133.335,4134.255,467
1791179940,4134.26,4135.425,4134.2,4134.745,397
1791180000,4134.7,4139.76,4134.415,4139.61,1074
1791180060,4139.63,4143.99,4139.61,4143.52,937
1791180120,4143.475,4144.065,4141.09,4143.6,858
1791180180,4143.65,4144.925,4143,4143.92,679
1791180240,4143.87,4144.985,4142.02,4142.38,559
1791180300,4142.33,4143.835,4141.37,4143.76,586
1791180360,4143.67,4147.615,4143.41,4146.355,623
1791180420,4146.305,4146.625,4145.265,4145.75,350
1791180480,4145.695,4146.63,4145.055,4145.97,451
1791180540,4145.87,4146.85,4145.225,4146.405,480
1791180600,4146.47,4147.025,4145.51,4147.02,792
1791180660,4147.015,4148.69,4146.97,4148.265,808
1791180720,4148.06,4149.33,4147.81,4148.785,862
1791180780,4148.76,4150.99,4148.585,4150.445,492
1791180840,4150.545,4153.83,4150.43,4151.49,803
1791180900,4151.475,4153.685,4151.155,4153.165,868
1791180960,4153.16,4154.28,4152.515,4153.02,722
1791181020,4153.005,4154.14,4152.725,4152.825,800
1791181080,4152.875,4153.325,4151.25,4152.245,399
1791181140,4152.275,4152.975,4150.99,4151.2,663
1791181200,4151.22,4151.7,4147.91,4147.91,1036
1791181260,4147.855,4149.52,4146.875,4149.52,744
1791181320,4149.57,4154.485,4149.285,4153.445,625
1791181380,4153.495,4153.805,4152.59,4153.56,537
1791181440,4153.58,4155.21,4153.5,4154.18,415
1791181500,4154.255,4155.575,4153.02,4155.475,618
1791181560,4155.455,4155.635,4154.26,4154.48,465
1791181620,4154.455,4155.26,4152.85,4153.545,452
1791181680,4153.68,4155.76,4153.125,4155.675,514
1791181740,4155.67,4155.94,4154.415,4154.675,522
1791181800,4154.665,4154.665,4153.115,4153.99,1038
1791181860,4153.965,4154.74,4153.1,4153.6,834
1791181920,4153.595,4155.22,4153.325,4153.805,1072
1791181980,4153.8,4154.235,4150.465,4150.65,833
1791182040,4150.625,4151.27,4149.285,4150.01,913
1791182100,4150.06,4151.13,4149.21,4150.21,1065
1791182160,4150.215,4151.165,4149.585,4149.89,1223
1791182220,4149.885,4152.655,4149.88,4152.215,830
1791182280,4152.21,4152.615,4149.32,4149.595,715
1791182340,4149.62,4150.465,4148.735,4150.055,818
1791182400,4150.035,4150.38,4149.215,4150.295,694
1791182460,4150.29,4150.405,4149.235,4150.335,631
1791182520,4150.41,4152.215,4150.33,4152.015,576
1791182580,4151.985,4153.15,4151.205,4152.045,862
1791182640,4152.08,4152.39,4150.02,4152.305,551
1791182700,4152.425,4152.655,4150.99,4151.54,489
1791182760,4151.545,4152.525,4150.805,4151.095,688
1791182820,4151.075,4151.635,4150.525,4151.395,632
1791182880,4151.39,4151.41,4149.955,4150.35,903
1791182940,4150.345,4150.785,4148.565,4148.855,939
1791183000,4148.825,4149.64,4147.805,4147.965,848
1791183060,4147.995,4150.34,4147.9,4150.035,626
1791183120,4150.06,4150.335,4149.06,4150.225,517
1791183180,4150.23,4152.28,4149.98,4151.765,569
1791183240,4151.775,4151.785,4148.44,4150.05,956
1791183300,4150.035,4151.94,4149.895,4150.65,783
1791183360,4150.685,4152.05,4150.685,4151.08,497
1791183420,4151.115,4153.095,4150.92,4152.75,476
1791183480,4152.78,4154.55,4152.78,4154.37,456
1791183540,4154.44,4155.69,4153.97,4155.45,657
1791183600,4155.41,4155.92,4151.29,4151.925,1290
1791183660,4151.935,4153.15,4149.835,4151.23,964
1791183720,4151.18,4151.565,4149.385,4150.61,999
1791183780,4150.645,4152.655,4150.355,4151.785,768
1791183840,4151.775,4153.975,4151.705,4152.45,838
1791183900,4152.435,4155.11,4152.085,4154.97,625
1791183960,4155.05,4157.175,4154.71,4156.445,637
1791184020,4156.5,4158.645,4156.355,4157.83,565
1791184080,4157.835,4158.235,4156.415,4157.165,471
1791184140,4157.08,4157.67,4155.485,4155.655,462
1791184200,4155.705,4156.145,4154.785,4155.565,512
1791184260,4155.555,4155.555,4153.1,4153.425,678
1791184320,4153.435,4156.63,4153.42,4156.32,609
1791184380,4156.31,4156.825,4154.545,4156.32,754
1791184440,4156.235,4156.47,4154.96,4155.77,521
1791184500,4155.79,4156.135,4154.48,4154.93,443
1791184560,4154.885,4155.025,4153.865,4154.155,476
1791184620,4154.185,4156.13,4154.085,4155.06,450
1791184680,4155.085,4156.935,4154.705,4154.705,305
1791184740,4154.715,4155.17,4153.805,4154.405,314
1791184800,4154.355,4154.605,4152.16,4153.305,469
1791184860,4153.325,4155.17,4152.74,4154.445,603
1791184920,4154.505,4154.72,4153.265,4153.465,593
1791184980,4153.46,4154.095,4151.78,4152.065,646
1791185040,4152.045,4152.5,4151.16,4152.34,612
1791185100,4152.395,4154.245,4152.11,4154,749
1791185160,4153.99,4154.435,4153.31,4153.765,661
1791185220,4153.69,4154.295,4150.66,4150.855,592
1791185280,4150.94,4151.98,4150.645,4151.51,530
1791185340,4151.56,4153.07,4151.56,4153.055,442
1791185400,4153.07,4153.415,4151.635,4152.19,496
1791185460,4152.29,4153.37,4151.36,4151.515,473
1791185520,4151.465,4153.255,4151.17,4152.365,500
1791185580,4152.345,4155.08,4151.88,4154.03,562
1791185640,4154.005,4154.375,4152.785,4152.805,433
1791185700,4152.855,4154.28,4152.5,4153.48,347
1791185760,4153.49,4154.89,4153.24,4154.105,466
1791185820,4154.19,4155.085,4153.835,4155.07,428
1791185880,4155.02,4155.6,4153.995,4154.16,436
1791185940,4154.195,4154.95,4153.3,4154.875,301
1791186000,4154.795,4156.15,4154.76,4156.15,328
1791186060,4156.3,4157.72,4154.895,4155.95,727
1791186120,4155.955,4158.25,4155.835,4158.085,719
1791186180,4158.095,4158.995,4157.695,4158.445,617
1791186240,4158.455,4159.345,4157.055,4159.22,326
1791186300,4159.265,4166.355,4159.225,4160.22,1441
1791186360,4160.205,4162.285,4159.085,4160.155,768
1791186420,4160.12,4162.185,4159.745,4159.9,591
1791186480,4159.91,4160.005,4157.89,4157.91,451
1791186540,4157.92,4158.895,4157.915,4158.31,297
1791186600,4158.3,4159.36,4157.855,4158.035,319
1791186660,4157.975,4164.27,4157.975,4163.775,582
1791186720,4163.78,4164.2,4161.855,4162.055,645
1791186780,4162.155,4162.82,4162.005,4162.55,332
1791186840,4162.565,4162.805,4161.135,4161.135,324
1791186900,4161.055,4162.505,4160.75,4161.985,340
1791186960,4162.035,4162.235,4160.68,4161.385,352
1791187020,4161.235,4162.5,4161.09,4161.68,356
1791187080,4161.685,4162.45,4161.365,4161.685,308
1791187140,4161.665,4162.24,4160.445,4160.45,289
1791187200,4160.46,4161.74,4159.125,4160.785,1270
1791187260,4160.82,4164.765,4160.615,4162.93,910
1791187320,4162.92,4164.38,4162.6,4163.45,542
1791187380,4163.455,4164.955,4162.705,4163.79,689
1791187440,4163.81,4164.88,4162.775,4163.645,538
1791187500,4163.66,4165.62,4163.575,4164.665,637
1791187560,4164.78,4166.06,4164.67,4165.57,463
1791187620,4165.515,4165.92,4163.77,4163.845,647
1791187680,4163.855,4163.955,4161.815,4163.645,519
1791187740,4163.68,4166.165,4163.545,4165.225,343
1791187800,4165.305,4166.19,4164.525,4165.97,439
1791187860,4166.11,4168.05,4165.95,4167.675,639
1791187920,4167.635,4169.345,4166.895,4167.575,622
1791187980,4167.51,4168.465,4167.36,4167.555,452
1791188040,4167.5,4169.01,4167.14,4168.435,413
1791188100,4168.43,4169.4,4167.53,4168.415,365
1791188160,4168.315,4170.44,4168.315,4170.185,285
1791188220,4170.11,4170.16,4167.11,4167.655,492
1791188280,4167.685,4168.865,4167.575,4167.91,386
1791188340,4167.96,4168.865,4167.535,4168.3,311
1791188400,4168.265,4168.385,4167.04,4168.05,494
1791188460,4168.035,4168.15,4165.65,4166.43,397
1791188520,4166.525,4168.76,4166.235,4167.68,521
1791188580,4167.67,4167.885,4166.535,4167.555,691
1791188640,4167.54,4168.51,4167.215,4167.39,537
1791188700,4167.34,4167.68,4165.82,4166.47,924
1791188760,4166.445,4168.025,4165.785,4167.44,927
1791188820,4167.455,4169.255,4166.775,4168.895,548
1791188880,4168.89,4170.12,4167.295,4167.47,701
1791188940,4167.445,4167.96,4165.85,4165.9,414
1791189000,4165.885,4166.54,4164.78,4165.175,513
1791189060,4165.195,4166.205,4164.925,4165.66,366
1791189120,4165.6,4167.355,4165.175,4166.93,371
1791189180,4166.97,4167.04,4165.185,4165.185,493
1791189240,4165.155,4166.065,4162.815,4162.84,2051
1791189300,4162.86,4164.175,4162.445,4163.175,1065
1791189360,4163.125,4163.515,4161.68,4162.69,715
1791189420,4162.695,4163.76,4161.845,4163.54,710
1791189480,4163.595,4166.325,4163.595,4165.83,552
1791189540,4165.78,4166.22,4164.095,4165.22,454
1791189600,4165.245,4165.995,4164.015,4164.025,652
1791189660,4164.055,4164.83,4163.085,4163.475,369
1791189720,4163.41,4163.91,4162.175,4162.565,343
1791189780,4162.465,4165.11,4162,4163.625,488
1791189840,4163.615,4163.675,4161.595,4162.08,636
1791189900,4162.075,4162.235,4159.84,4160.975,495
1791189960,4160.925,4161.835,4160.915,4161.495,263
1791190020,4161.595,4162.265,4161.02,4161.515,488
1791190080,4161.525,4164.885,4161.435,4164.6,394
1791190140,4164.61,4169.885,4164.34,4168.965,1977
1791190200,4168.955,4168.955,4165.28,4166.96,1509
1791190260,4166.92,4168.595,4166.425,4168.065,1024
1791190320,4168.045,4169.07,4167.025,4167.805,721
1791190380,4167.78,4167.985,4165.205,4165.435,359
1791190440,4165.415,4165.515,4163.755,4163.855,347
1791190500,4163.955,4165.1,4163.485,4164.41,403
1791190560,4164.415,4165.085,4163.7,4164.425,326
1791190620,4164.485,4166.025,4164.185,4165.89,253
1791190680,4165.865,4167.365,4164.98,4167.26,598
1791190740,4167.255,4167.77,4166.125,4166.76,439
1791190800,4166.81,4167,4165.785,4166.07,399
1791190860,4165.98,4166.87,4165.325,4166.87,414
1791190920,4166.92,4168.685,4166.24,4167.99,570
1791190980,4167.995,4168,4166.565,4167.58,388
1791191040,4167.54,4168.065,4167.24,4168.02,397
1791191100,4168.065,4168.94,4167.77,4168.19,351
1791191160,4168.145,4169.165,4167.74,4168.91,431
1791191220,4168.815,4168.825,4167.705,4167.94,442
1791191280,4167.935,4168.84,4167.515,4167.54,317
1791191340,4167.44,4168.035,4167.29,4167.47,182
1791191400,4167.42,4167.75,4166.915,4167.41,227
1791191460,4167.51,4167.76,4167,4167.445,178
1791191520,4167.45,4167.55,4166.675,4167.04,156
1791191580,4167,4167.275,4166.555,4166.555,117
1791191640,4166.5,4167.105,4166.165,4166.595,192
1791191700,4166.695,4167.29,4165.985,4166.665,273
1791191760,4166.585,4167.865,4165.25,4165.93,353
1791191820,4165.995,4166.685,4165.635,4166.33,591
1791191880,4166.335,4166.88,4165.725,4166.275,800
1791191940,4166.28,4169.475,4166.28,4168.375,611
1791192000,4168.425,4168.765,4167.14,4167.235,315
1791192060,4167.27,4168.425,4166.78,4167.79,389
1791192120,4167.74,4169.46,4167.34,4169.31,299
1791192180,4169.25,4169.96,4167.495,4167.935,490
1791192240,4167.885,4168.445,4167.35,4167.72,612
1791192300,4167.715,4167.84,4166.53,4166.88,564
1791192360,4166.92,4167.63,4166.865,4167,220
1791192420,4166.965,4167.885,4166.765,4166.825,304
1791192480,4166.85,4167.635,4166.65,4167.105,355
1791192540,4167.1,4167.13,4165.81,4165.82,302
1791192600,4165.855,4166.565,4164.98,4165.015,435
1791192660,4164.95,4166.305,4164.945,4165.27,283
1791192720,4165.265,4165.27,4162.93,4163.465,363
1791192780,4163.505,4163.8,4161.75,4162.475,275
1791192840,4162.555,4163.475,4161.435,4161.55,336
1791192900,4161.46,4162.11,4160.95,4161.1,401
1791192960,4161.11,4161.915,4160.445,4160.445,540
1791193020,4160.46,4161.94,4160.215,4161.585,443
1791193080,4161.525,4161.535,4160.475,4161.025,318
1791193140,4160.975,4161.555,4160.375,4160.47,321
1791193200,4160.455,4161.15,4159.82,4160.635,411
1791193260,4160.62,4161.06,4160.025,4160.375,484
1791193320,4160.355,4160.355,4159.01,4159.03,247
1791193380,4159.045,4160.87,4159.045,4160.375,411
1791193440,4160.365,4160.635,4159.045,4159.265,270
1791193500,4159.25,4159.25,4156.215,4156.98,426
1791193560,4157.02,4157.445,4155.945,4157.28,505
1791193620,4157.33,4158.975,4157.28,4158.565,517
1791193680,4158.57,4159.38,4158.285,4158.875,384
1791193740,4158.84,4159.075,4158.4,4158.42,270
1791193800,4158.435,4159.34,4157.98,4157.985,223
1791193860,4158.035,4158.99,4157.985,4158.585,343
1791193920,4158.575,4159.115,4157.865,4158.21,389
1791193980,4158.275,4158.755,4158,4158.605,283
1791194040,4158.65,4159.79,4158.465,4158.49,418
1791194100,4158.545,4159.13,4158.435,4158.59,393
1791194160,4158.63,4159.565,4157.92,4159.395,495
1791194220,4159.4,4159.805,4158.935,4159.275,297
1791194280,4159.295,4159.55,4158.6,4159.41,235
1791194340,4159.48,4159.705,4158.52,4158.525,223
1791194400,4158.475,4158.93,4157.695,4158.395,447
1791194460,4158.405,4158.625,4157.72,4158.625,221
1791194520,4158.65,4159.295,4157.575,4157.62,435
1791194580,4157.6,4159.11,4157.32,4158.12,543
1791194640,4158.07,4158.395,4157.655,4158.075,316
1791194700,4158.09,4158.45,4157.04,4157.4,260
1791194760,4157.41,4159.02,4157.4,4158.505,333
1791194820,4158.495,4158.58,4156.69,4156.7,335
1791194880,4156.675,4159.29,4156.61,4158.79,512
1791194940,4158.815,4159.425,4156.925,4157.56,573
1791195000,4157.545,4158.805,4156.985,4157.685,487
1791195060,4157.7,4157.725,4156.705,4157.175,367
1791195120,4157.23,4157.65,4156.61,4156.8,291
1791195180,4156.775,4157.2,4156.21,4156.63,308
1791195240,4156.58,4158.78,4156.575,4158.74,358
1791195300,4158.705,4158.705,4156.58,4157.4,326
1791195360,4157.505,4157.525,4155.76,4155.84,348
1791195420,4155.765,4156.465,4155.62,4156.33,285
1791195480,4156.325,4156.93,4155.995,4156.395,303
1791195540,4156.325,4156.625,4155.685,4156.355,362
1791195600,4156.36,4157.365,4155.94,4156.665,316
1791195660,4156.575,4157.82,4156.24,4156.91,268
1791195720,4156.905,4157.515,4156.56,4156.665,250
1791195780,4156.615,4158.405,4156.565,4158.17,418
1791195840,4158.195,4158.855,4158.015,4158.275,416
1791195900,4158.215,4158.215,4157.045,4157.42,331
1791195960,4157.345,4158.57,4157.035,4158.34,279
1791196020,4158.335,4158.525,4157.54,4157.81,397
1791196080,4157.795,4159.185,4157.64,4158.455,310
1791196140,4158.48,4158.955,4157.73,4157.73,327
1791196200,4157.835,4158.46,4157.6,4158.39,241
1791196260,4158.31,4158.79,4157.825,4158.325,213
1791196320,4158.29,4158.59,4157.78,4158.415,241
1791196380,4158.395,4159.26,4158.265,4159.21,184
1791196440,4159.22,4159.225,4158.015,4158.335,226
1791196500,4158.385,4158.7,4158.175,4158.4,298
1791196560,4158.375,4158.755,4158,4158.39,241
1791196620,4158.44,4158.78,4158.045,4158.055,171
1791196680,4158.07,4158.725,4157.455,4157.745,296
1791196740,4157.7,4158.1,4157.16,4157.825,176
1791196800,4157.875,4158.535,4157.715,4158.07,197
1791196860,4158.095,4158.42,4156.905,4157.175,276
1791196920,4157.185,4158.345,4157.115,4157.725,228
1791196980,4157.675,4158.795,4157.625,4158.635,214
1791197040,4158.645,4158.74,4156.95,4157.105,294
1791197100,4157.085,4157.775,4156.71,4156.77,242
1791197160,4156.78,4157.485,4156.71,4157.07,274
1791197220,4157.135,4157.955,4156.895,4157.72,432
1791197280,4157.715,4158.83,4157.68,4158.285,287
1791197340,4158.245,4158.715,4157.885,4158.595,266
1791197400,4158.605,4159.365,4158.295,4158.625,308
1791197460,4158.63,4159.285,4158.09,4159.09,379
1791197520,4159.045,4159.85,4159.02,4159.585,177
1791197580,4159.595,4159.87,4158.99,4158.99,212
1791197640,4158.925,4163,4158.79,4160.72,883
1791197700,4160.755,4165.175,4160.565,4163.615,1499
1791197760,4163.625,4164.29,4162.46,4162.835,965
1791197820,4162.765,4163.465,4162.05,4162.555,359
1791197880,4162.525,4162.825,4161.53,4162.585,448
1791197940,4162.6,4162.755,4161.79,4161.9,379
1791198000,4161.95,4162.18,4159.715,4161.125,929
1791198060,4161.155,4161.425,4159.605,4161,602
1791198120,4161.005,4161.015,4158.635,4159.27,459
1791198180,4159.275,4160.95,4159.06,4160.215,385
1791198240,4160.25,4160.875,4160.05,4160.335,194
1791198300,4160.34,4160.945,4160.065,4160.74,277
1791198360,4160.69,4161.605,4160.605,4161.11,209
1791198420,4161.055,4161.455,4159.55,4159.63,178
1791198480,4159.73,4160.545,4159.63,4160.395,196
1791198540,4160.295,4160.865,4160.195,4160.375,178
1791198600,4160.32,4160.32,4159.21,4159.81,237
1791198660,4159.815,4161.245,4159.305,4160.295,222
1791198720,4160.26,4160.26,4159.365,4160.155,275
1791198780,4160.14,4161.24,4160.02,4161.205,267
1791198840,4161.325,4161.6,4160.66,4160.84,291
1791198900,4160.835,4161.74,4160.24,4161.155,259
1791198960,4161.3,4161.775,4159.845,4161.75,429
1791199020,4161.735,4162.98,4161.37,4162.74,407
1791199080,4162.71,4162.71,4161.325,4161.44,293
1791199140,4161.435,4161.965,4160.625,4160.935,282
1791199200,4160.92,4161.155,4159.95,4160.645,294
1791199260,4160.67,4160.8,4160.25,4160.495,177
1791199320,4160.445,4160.505,4159.22,4160.11,376
1791199380,4160.26,4161.385,4160.2,4160.41,262
1791199440,4160.46,4161.685,4160.375,4161.01,189
1791199500,4161.02,4162.125,4160.73,4160.945,267
1791199560,4161.04,4161.505,4160.705,4160.89,303
1791199620,4160.87,4165.61,4160.59,4163.195,1547
1791199680,4163.16,4166.135,4162.77,4166.02,528
1791199740,4166.05,4167.115,4165.06,4167.065,783
1791199800,4167.055,4168.625,4165.015,4165.165,792
1791199860,4165.22,4166.555,4164.755,4164.77,416
1791199920,4164.8,4165.96,4161.52,4161.67,603
1791199980,4161.67,4161.785,4159.46,4159.46,518
1791200040,4159.485,4160.455,4159.23,4160.15,537
1791200100,4160.21,4161.095,4160.045,4160.49,371
1791200160,4160.495,4161.555,4159.98,4161.285,278
1791200220,4161.335,4161.355,4160.075,4160.765,225
1791200280,4160.76,4160.86,4159.725,4159.935,344
1791200340,4160,4160.11,4158.27,4158.645,384
1791200400,4158.695,4159.475,4157.96,4158.945,318
1791200460,4158.955,4158.975,4157.49,4157.66,422
1791200520,4157.67,4158.035,4155.715,4155.87,750
1791200580,4155.885,4156.445,4155.325,4155.85,385
1791200640,4155.81,4155.86,4154.375,4154.63,312
1791200700,4154.575,4155.005,4153.38,4154.605,538
1791200760,4154.62,4154.935,4153.57,4154.255,547
1791200820,4154.21,4154.45,4152.985,4154.28,391
1791200880,4154.33,4154.795,4153.65,4153.71,302
1791200940,4153.7,4154.205,4152.515,4152.52,281
1791201000,4152.57,4153.025,4151.875,4152.46,244
1791201060,4152.515,4154.11,4151.87,4152.215,479
1791201120,4152.27,4153.49,4151.735,4152.82,349
1791201180,4152.825,4153.085,4151.065,4151.54,355
1791201240,4151.57,4152.86,4151.245,4152.82,508
1791201300,4152.8,4154.745,4152.405,4154.745,262
1791201360,4154.775,4155.135,4154,4154.355,290
1791201420,4154.32,4154.85,4153.78,4154.53,337
1791201480,4154.43,4155.8,4154.42,4155.43,440
1791201540,4155.48,4156.705,4154.955,4156.285,277
1791201600,4156.31,4157.44,4155.24,4156.01,555
1791201660,4156.03,4157.25,4156.005,4157.25,574
1791201720,4157.3,4157.55,4154.085,4156.31,540
1791201780,4156.36,4157.775,4156.34,4157.67,445
1791201840,4157.72,4158.355,4157.17,4157.32,238
1791201900,4157.37,4158.705,4156.94,4158.685,289
1791201960,4158.84,4159.185,4157.735,4157.865,307
1791202020,4157.89,4158.075,4157.085,4157.565,315
1791202080,4157.585,4158.335,4156.42,4158.335,303
1791202140,4158.345,4158.67,4156.81,4156.945,546
1791202200,4156.94,4158.65,4156.155,4157.755,800
1791202260,4157.785,4158.28,4156.83,4157.51,348
1791202320,4157.56,4158.145,4156.815,4158.125,337
1791202380,4158.03,4158.75,4157.54,4158.525,351
1791202440,4158.545,4158.545,4156.8,4156.925,452
1791202500,4156.945,4157.285,4155.395,4155.56,324
1791202560,4155.535,4157.74,4155.535,4156.515,728
1791202620,4156.545,4156.645,4155.71,4155.94,685
1791202680,4155.955,4156.425,4155.28,4155.5,675
1791202740,4155.505,4156.435,4154.205,4154.215,887
1791202800,4154.255,4156.055,4153.72,4155.505,540
1791202860,4155.655,4156.45,4154.96,4155.2,505
1791202920,4155.315,4156.485,4155.135,4156.005,437
1791202980,4156.045,4157.97,4155.425,4156.75,458
1791203040,4156.73,4157.785,4156.455,4157.765,485
1791203100,4157.815,4159.33,4157.585,4159.18,686
1791203160,4159.17,4160.65,4157.685,4160.62,477
1791203220,4160.625,4161.51,4160.355,4160.625,502
1791203280,4160.61,4161.795,4159.955,4159.96,530
1791203340,4159.965,4163.775,4159.665,4163.565,600
1791203400,4163.57,4163.995,4162.33,4163.8,1067
1791203460,4163.76,4164.475,4161.81,4162.51,716
1791203520,4162.53,4164.16,4161.925,4162.97,619
1791203580,4162.975,4164.6,4162.45,4164.29,760
1791203640,4164.34,4165.9,4164.07,4164.34,489
1791203700,4164.29,4166.1,4164.135,4165.77,565
1791203760,4165.82,4166.295,4164.715,4165.325,459
1791203820,4165.395,4165.79,4163.095,4163.895,590
1791203880,4163.945,4163.945,4162.24,4163.45,343
1791203940,4163.595,4163.99,4162.185,4162.295,398
1791204000,4162.265,4162.37,4160.675,4161.715,789
1791204060,4161.665,4162.895,4161.085,4161.91,504
1791204120,4161.885,4162.815,4161.435,4162.475,369
1791204180,4162.425,4162.79,4160.455,4161.175,477
1791204240,4161.19,4161.925,4160.535,4160.98,411
1791204300,4161.085,4162.825,4160.345,4162.615,372
1791204360,4162.62,4162.99,4159.65,4159.875,456
1791204420,4159.775,4160.445,4158.55,4159.555,675
1791204480,4159.635,4160.025,4156.855,4157.17,483
1791204540,4157.035,4157.445,4156.285,4156.555,340
1791204600,4156.505,4156.51,4154.915,4155.345,375
1791204660,4155.415,4156.865,4155.255,4156.125,430
1791204720,4156.08,4159.745,4155.245,4156.295,748
1791204780,4156.31,4157.13,4155.555,4156.925,417
1791204840,4156.99,4157.42,4156.035,4156.2,276
1791204900,4156.15,4156.15,4154.675,4155.41,466
1791204960,4155.535,4156.47,4154.835,4156.08,392
1791205020,4156.03,4158.26,4155.79,4157.14,414
1791205080,4157.145,4157.52,4156.59,4156.61,271
1791205140,4156.725,4157.065,4155.835,4156.645,228
1791205200,4156.59,4158.025,4155.89,4157.155,526
1791205260,4157.31,4158.12,4156.265,4156.895,327
1791205320,4156.94,4157.045,4155.395,4155.62,385
1791205380,4155.63,4155.82,4154.8,4155.205,320
1791205440,4155.255,4156.525,4154.005,4154.07,320
1791205500,4153.95,4154.06,4151.295,4151.41,364
1791205560,4151.465,4151.715,4148.325,4148.635,783
1791205620,4148.64,4149.54,4147.085,4148.59,427
1791205680,4148.49,4151.56,4147.85,4151.175,586
1791205740,4151.095,4152.785,4150.98,4152.73,435
1791205800,4152.78,4153.695,4151.63,4152.025,517
1791205860,4152.09,4152.565,4151.035,4151.97,450
1791205920,4152.01,4152.44,4150.445,4151.375,491
1791205980,4151.275,4151.975,4150.47,4151.455,340
1791206040,4151.555,4152.72,4150.575,4152.2,503
1791206100,4152.035,4153.58,4151.915,4153.35,332
1791206160,4153.225,4154.395,4152.695,4153.26,456
1791206220,4153.325,4154.42,4151.88,4153.49,657
1791206280,4153.475,4153.855,4153.03,4153.465,567
1791206340,4153.52,4153.52,4151.08,4151.36,473
1791206400,4151.31,4152.06,4150.045,4150.635,463
1791206460,4150.575,4151.435,4150.145,4151.245,275
1791206520,4151.27,4152.495,4150.565,4150.95,344
1791206580,4151,4152.61,4150.65,4152.49,326
1791206640,4152.54,4153.6,4150.495,4153.3,735
1791206700,4153.15,4153.855,4152.16,4152.75,738
1791206760,4152.865,4153.25,4151.58,4152.345,605
1791206820,4152.425,4153.355,4151.83,4152.615,398
1791206880,4152.74,4153.245,4151.21,4151.87,437
1791206940,4151.875,4153.24,4151.29,4152.94,530
1791207000,4152.92,4153.9,4151.61,4152.455,1032
1791207060,4152.405,4152.905,4149.82,4149.935,801
1791207120,4149.91,4150.19,4148.135,4148.745,1400
1791207180,4148.75,4149.71,4148.21,4148.45,1229
1791207240,4148.455,4150.39,4147.78,4149.615,921
1791207300,4149.565,4149.605,4145.905,4145.93,972
1791207360,4145.915,4146.64,4145.45,4145.45,757
1791207420,4145.5,4146.765,4144.82,4144.965,698
1791207480,4144.955,4146.12,4144.345,4145.01,733
1791207540,4144.93,4145.4,4142.31,4144.515,682
1791207600,4144.5,4144.63,4140.485,4141.625,835
1791207660,4141.645,4142.56,4140.545,4142.005,768
1791207720,4141.955,4143.575,4140.8,4143.17,811
1791207780,4143.185,4143.285,4139.75,4140.375,825
1791207840,4140.355,4140.45,4137.655,4138.58,526
1791207900,4138.6,4139.545,4135.175,4135.45,1042
1791207960,4135.405,4135.405,4131.545,4133.825,1237
1791208020,4133.78,4138.45,4133.78,4137.25,864
1791208080,4137.225,4139.525,4137.22,4138.255,1136
1791208140,4138.25,4139.625,4137.12,4139.245,1226
1791208200,4139.325,4142.62,4138.645,4141.32,1153
1791208260,4141.345,4143.615,4140.315,4142.625,1072
1791208320,4142.5,4143.29,4141.89,4141.995,844
1791208380,4142.01,4142.575,4140.935,4142.1,928
1791208440,4142.095,4144.56,4140.115,4140.15,1262
1791208500,4140.155,4140.215,4138.35,4138.365,924
1791208560,4138.36,4139.33,4136.005,4136.28,1024
1791208620,4136.265,4136.48,4134.81,4136.015,759
1791208680,4136.025,4136.58,4134.555,4134.99,497
1791208740,4134.965,4136.49,4134.755,4135.885,398
1791208800,4135.87,4139.45,4135.59,4139.275,1650
1791208860,4139.265,4144.955,4138.145,4143.91,1503
1791208920,4143.915,4144.75,4142.81,4143.87,928
1791208980,4143.92,4146.425,4143.595,4146.265,778
1791209040,4146.25,4146.535,4138.815,4138.82,1153
1791209100,4138.815,4143.135,4138.81,4142.45,914
1791209160,4142.55,4143.425,4140.75,4141.66,946
1791209220,4141.61,4142.515,4140.31,4140.345,588
1791209280,4140.335,4147.365,4139.075,4145.195,1463
1791209340,4145.12,4145.865,4141.47,4145.86,2032
1791209400,4145.575,4146.64,4141.16,4141.83,1110
1791209460,4141.78,4143.36,4140.74,4142.74,562
1791209520,4142.63,4143.28,4140.585,4141.32,649
1791209580,4141.4,4143.635,4141.275,4143.635,958
1791209640,4143.595,4143.595,4142.23,4142.59,602
1791209700,4142.565,4143.075,4141.57,4141.74,758
1791209760,4141.795,4141.795,4139.33,4139.61,1032
1791209820,4139.585,4142.105,4139.1,4141.755,878
1791209880,4141.73,4141.81,4140.245,4140.54,425
1791209940,4140.64,4141.515,4139.38,4139.38,478
1791210000,4139.475,4141.895,4139.25,4141.23,475
1791210060,4141.28,4141.68,4139.2,4140.6,534
1791210120,4140.575,4142.335,4140.29,4141.44,1084
1791210180,4141.39,4142.45,4139.705,4140.62,509
1791210240,4140.545,4141.99,4140.37,4140.51,444
1791210300,4140.52,4140.55,4138.36,4140.19,626
1791210360,4140.255,4142.315,4140,4141.61,536
1791210420,4141.575,4141.61,4139.415,4139.89,524
1791210480,4139.825,4140.785,4138.18,4138.375,612
1791210540,4138.39,4138.79,4137.215,4137.82,459
1791210600,4137.73,4138.09,4135.615,4136.325,684
1791210660,4136.41,4136.94,4133.875,4136.145,765
1791210720,4136.125,4137.135,4134.56,4135.32,774
1791210780,4135.305,4135.45,4133.51,4133.64,566
1791210840,4133.73,4135.285,4132.965,4134.48,546
1791210900,4134.505,4136.585,4134.055,4135.08,503
1791210960,4135.01,4136.395,4134.705,4135.6,664
1791211020,4135.65,4136.94,4135.225,4136.19,659
1791211080,4136.185,4137.145,4135.94,4136.275,465
1791211140,4136.27,4138.275,4134.925,4137.785,512
1791211200,4137.78,4139.615,4136.92,4139.555,584
1791211260,4139.505,4141.685,4139.495,4141.62,596
1791211320,4141.57,4142.44,4140.505,4140.755,695
1791211380,4140.745,4142.56,4140.02,4141.125,627
1791211440,4141.045,4141.73,4140.28,4140.89,689
1791211500,4140.96,4141.36,4137.91,4138.35,430
1791211560,4138.3,4138.83,4137.105,4138.8,490
1791211620,4138.75,4141.255,4138.295,4141.195,547
1791211680,4141.2,4141.73,4139.675,4140.5,689
1791211740,4140.505,4142.25,4140.365,4141.315,702
1791211800,4141.265,4143.2,4141.115,4142.575,1005
1791211860,4142.645,4144.335,4142.375,4143.82,1112
1791211920,4143.815,4144.23,4142.525,4143.385,932
1791211980,4143.455,4145.255,4143.3,4145.215,488
1791212040,4145.205,4147.21,4145.09,4146.445,861
1791212100,4146.435,4146.475,4143.59,4144.7,911
1791212160,4144.65,4146.25,4144.41,4145.915,689
1791212220,4145.93,4147.805,4145.515,4147.16,1338
1791212280,4147.17,4147.995,4146.985,4147.495,961
1791212340,4147.5,4148.425,4146.52,4147.09,753
1791212400,4147.1,4148.32,4146.605,4147.225,1213
1791212460,4147.17,4147.205,4144.735,4145.52,1277
1791212520,4145.56,4145.655,4143.925,4144.545,978
1791212580,4144.535,4145.02,4143.04,4143.42,1339
1791212640,4143.48,4144.11,4142.795,4143.905,676
1791212700,4143.805,4143.965,4142.175,4142.265,380
1791212760,4142.315,4143,4141.88,4142.915,423
1791212820,4142.905,4142.91,4141.125,4141.785,412
1791212880,4141.93,4143.525,4141.93,4142.95,323
1791212940,4143,4143.595,4140.885,4141.055,347
1791213000,4140.95,4140.95,4139.38,4140.81,395
1791213060,4140.76,4140.895,4139.265,4140.405,351
1791213120,4140.455,4141.805,4139.55,4139.78,320
1791213180,4139.93,4140.38,4139.37,4139.875,308
1791213240,4139.785,4139.84,4138.14,4138.37,327
1791213300,4138.42,4138.95,4136.105,4137.03,463
1791213360,4137.09,4137.405,4134.89,4136.5,536
1791213420,4136.505,4136.965,4135.055,4136.6,509
1791213480,4136.55,4137.195,4135.615,4137.195,288
1791213540,4137.145,4137.48,4136.655,4136.88,243
1791213600,4136.83,4137.29,4133.425,4133.665,453
1791213660,4133.565,4133.615,4129.215,4129.215,640
1791213720,4129.165,4129.94,4123.355,4127.71,1189
1791213780,4127.79,4130.885,4127.635,4130.095,763
1791213840,4130.1,4133.83,4130.06,4133.03,889
1791213900,4133.05,4135.5,4132.41,4135.215,634
1791213960,4135.29,4136.41,4135.105,4136.41,507
1791214020,4136.505,4137.875,4135.765,4137.45,521
1791214080,4137.505,4140.39,4136.96,4139.21,628
1791214140,4139.205,4141.17,4138.825,4139.525,755
1791214200,4139.575,4140.16,4138.2,4138.215,517
1791214260,4138.295,4138.63,4136.16,4136.59,451
1791214320,4136.58,4138.275,4136.07,4138.11,513
1791214380,4138.14,4138.25,4136.765,4137.605,580
1791214440,4137.585,4138.295,4136.765,4138.245,471
1791214500,4138.195,4138.64,4137.14,4137.635,400
1791214560,4137.585,4137.99,4136.225,4137.33,546
1791214620,4137.305,4137.94,4137.17,4137.655,536
1791214680,4137.705,4138.625,4137.495,4138.275,475
1791214740,4138.265,4138.43,4137.775,4138.06,373
1791214800,4138.05,4138.685,4137.18,4138.4,530
1791214860,4138.39,4139.265,4137.42,4138.435,439
1791214920,4138.45,4139.175,4137.68,4137.91,318
1791214980,4137.835,4138.56,4137.815,4138.345,271
1791215040,4138.41,4138.55,4135.94,4136.605,308
1791215100,4136.515,4136.58,4134.06,4134.145,313
1791215160,4134.195,4135.075,4133.93,4135.025,279
1791215220,4134.995,4135.02,4134.035,4134.925,202
1791215280,4134.975,4136.715,4134.915,4136.16,314
1791215340,4136.265,4137.57,4135.355,4137.555,377
1791215400,4137.56,4138.14,4136.605,4137.185,479
1791215460,4137.325,4138.615,4136.555,4138.44,380
1791215520,4138.37,4138.62,4137.225,4138.62,265
1791215580,4138.57,4138.825,4136.945,4137.03,228
1791215640,4136.98,4138.64,4136.98,4137.815,343
1791215700,4137.815,4138.205,4136.725,4138.12,334
1791215760,4138.07,4139.525,4137.11,4139.345,375
1791215820,4139.395,4139.62,4137.8,4137.895,256
1791215880,4137.915,4138.135,4136.475,4136.85,496
1791215940,4136.86,4137.3,4136.55,4136.83,313
1791216000,4137.01,4137.01,4134.93,4134.955,350
1791216060,4135.005,4135.325,4133.93,4134.53,362
1791216120,4134.58,4134.58,4133.52,4133.73,252
1791216180,4133.785,4133.975,4131.925,4131.965,269
1791216240,4132,4133.255,4132,4132.8,309
1791216300,4132.785,4132.785,4131.975,4132.295,287
1791216360,4132.245,4132.76,4131.605,4131.885,321
1791216420,4131.895,4132.85,4131.495,4132.34,454
1791216480,4132.32,4132.975,4132.115,4132.79,268
1791216540,4132.725,4133.755,4132.545,4133.655,188
1791216600,4133.7,4134.035,4132.985,4133.87,282
1791216660,4133.905,4133.99,4131.1,4131.25,285
1791216720,4131.3,4132.285,4131.15,4131.825,245
1791216780,4131.875,4131.88,4129.4,4129.715,214
1791216840,4129.74,4130.41,4129.6,4129.93,215
1791216900,4129.95,4130.575,4128.37,4128.465,423
1791216960,4128.425,4128.425,4127.28,4128.02,342
1791217020,4128.07,4129.21,4128.05,4128.97,254
1791217080,4128.975,4129.795,4128.52,4129.07,381
1791217140,4128.975,4129.325,4127.75,4128.94,253
1791217200,4128.945,4129.435,4128.355,4129.255,253
1791217260,4129.17,4129.545,4128.05,4129.49,373
1791217320,4129.395,4130.2,4129.095,4129.455,247
1791217380,4129.42,4129.98,4129.115,4129.565,200
1791217440,4129.565,4130.26,4128.76,4129.23,502
1791217500,4129.22,4129.555,4127.52,4127.905,472
1791217560,4127.855,4128.155,4127.065,4127.61,401
1791217620,4127.555,4127.975,4126.285,4127.31,511
1791217680,4127.305,4129,4127.11,4128.19,653
1791217740,4128.16,4128.85,4127.41,4127.915,678
1791217800,4127.945,4129.64,4127.63,4129.275,546
1791217860,4129.28,4129.365,4128.28,4129.1,256
1791217920,4129.04,4130.115,4128.435,4128.435,460
1791217980,4128.54,4129.8,4128.525,4129.405,336
1791218040,4129.465,4130.25,4128.685,4128.725,459
1791218100,4128.765,4130.16,4128.765,4129.19,364
1791218160,4129.09,4130.165,4128.9,4129.365,336
1791218220,4129.56,4129.875,4128.5,4128.975,230
1791218280,4128.935,4129.345,4128.585,4129.345,213
1791218340,4129.36,4131.135,4129.005,4130.615,278
1791218400,4130.59,4130.86,4129.73,4130.115,269
1791218460,4130.03,4130.325,4129.25,4129.425,264
1791218520,4129.415,4130.37,4129.25,4130.335,319
1791218580,4130.365,4131.19,4130.33,4130.67,272
1791218640,4130.62,4131.405,4130.56,4131.07,115
1791218700,4131.01,4131.27,4130.145,4130.615,269
1791218760,4130.665,4130.67,4128.64,4128.74,246
1791218820,4128.72,4129.485,4128.72,4129.055,309
1791218880,4129.045,4130.315,4128.97,4130.315,285
1791218940,4130.27,4130.27,4128.945,4129.065,223
1791219000,4129.075,4130.075,4129,4130.075,274
1791219060,4130.06,4131.355,4130.025,4130.57,208
1791219120,4130.625,4132.355,4130.57,4132.33,345
1791219180,4132.305,4132.425,4131.235,4131.41,359
1791219240,4131.465,4132.07,4131.16,4131.875,171
1791219300,4131.815,4131.98,4131.005,4131.305,301
1791219360,4131.345,4132.985,4130.995,4132.125,503
1791219420,4132.17,4132.39,4131.315,4131.71,366
1791219480,4131.755,4132.37,4131.62,4131.865,347
1791219540,4131.86,4132.005,4130.21,4130.56,646
1791219600,4130.605,4131.81,4130.54,4131.8,514
1791219660,4131.855,4132.315,4131.335,4131.445,364
1791219720,4131.48,4131.85,4129.67,4129.915,328
1791219780,4129.825,4130.375,4129.3,4130.235,321
1791219840,4130.325,4131.405,4130.18,4130.57,360
1791219900,4130.575,4130.665,4129.385,4129.615,295
1791219960,4129.605,4130.815,4129.605,4129.995,299
1791220020,4130.03,4130.575,4129.83,4129.93,389
1791220080,4129.915,4130.06,4128.51,4128.67,286
1791220140,4128.625,4128.71,4127.12,4127.15,399
1791220200,4127.12,4127.65,4126.37,4126.75,319
1791220260,4126.765,4127.3,4125.665,4126.985,485
1791220320,4126.95,4127.19,4126.245,4126.34,270
1791220380,4126.31,4126.755,4126.2,4126.47,217
1791220440,4126.51,4128.905,4126.38,4128.7,339
1791220500,4128.6,4130.565,4128.595,4129.96,320
1791220560,4130,4130,4127.645,4127.69,262
1791220620,4127.67,4127.9,4126.655,4127.13,279
1791220680,4127.03,4127.54,4126.12,4127.005,551
1791220740,4127.015,4127.615,4126.72,4127.615,308
1791220800,4127.555,4129.02,4127.455,4128.54,210
1791220860,4128.49,4129.515,4128.175,4129.18,246
1791220920,4129.25,4130.435,4129.13,4130.35,283
1791220980,4130.33,4131.26,4130.25,4130.325,259
1791221040,4130.225,4130.88,4130.02,4130.775,294
1791221100,4130.855,4131.235,4130.28,4130.57,287
1791221160,4130.515,4130.57,4129.16,4129.64,208
1791221220,4129.655,4129.66,4129.08,4129.565,248
1791221280,4129.615,4130.935,4129.4,4129.44,236
1791221340,4129.51,4130.31,4128.59,4129.935,422
1791221400,4129.885,4131.04,4128.38,4128.825,398
1791221460,4128.805,4129.9,4128.76,4129.4,298
1791221520,4129.425,4129.98,4128.42,4128.545,448
1791221580,4128.52,4129.335,4128.295,4129.09,258
1791221640,4129.14,4129.385,4129.005,4129.265,153
1791221700,4129.215,4129.74,4129.015,4129.145,206
1791221760,4129.155,4129.155,4128.095,4128.225,317
1791221820,4128.215,4128.43,4127.475,4128.43,224
1791221880,4128.33,4130.015,4128.28,4129.99,253
1791221940,4130.02,4130.45,4129.535,4129.835,310
1791222000,4129.89,4130.21,4129.59,4130.05,148
1791222060,4130.1,4131.82,4129.865,4131.61,279
1791222120,4131.6,4132.64,4131.51,4131.67,310
1791222180,4131.785,4133.31,4131.75,4132.835,188
1791222240,4132.84,4132.84,4132.06,4132.5,280
1791222300,4132.505,4132.98,4131.945,4132.125,393
1791222360,4132.03,4132.45,4131.58,4132.04,205
1791222420,4132.09,4132.335,4131.89,4132.23,162
1791222480,4132.32,4133.735,4132.295,4133.725,274
1791222540,4133.73,4134.145,4133.425,4134.145,171
1791222600,4134.195,4136.15,4134.195,4135.925,307
1791222660,4135.92,4136.215,4135.845,4135.93,245
1791222720,4135.925,4136.82,4135.455,4135.515,294
1791222780,4135.465,4136.44,4135.38,4136.185,181
1791222840,4136.235,4136.355,4135.275,4135.565,136
1791222900,4135.595,4136.36,4135.565,4135.885,338
1791222960,4135.89,4136.045,4135.445,4135.92,162
1791223020,4135.97,4136.8,4135.58,4136.39,253
1791223080,4136.41,4136.415,4135.595,4135.94,247
1791223140,4135.93,4136.975,4135.93,4136.865,182
1791223200,4136.905,4138.665,4136.86,4138.665,366
1791223260,4138.69,4139.51,4138.515,4139.2,286
1791223320,4139.195,4139.665,4138.655,4139.46,176
1791223380,4139.51,4140.48,4139.225,4140.105,301
1791223440,4140.03,4140.44,4139.71,4140.26,150
1791223500,4140.235,4141.76,4139.03,4141.155,421
1791223560,4141.16,4141.33,4140,4140.225,409
1791223620,4140.2,4140.24,4139.375,4140.115,249
1791223680,4140.215,4140.315,4139.1,4139.26,187
1791223740,4139.285,4139.585,4138.945,4139.375,168
1791223800,4139.365,4139.38,4138.38,4138.73,186
1791223860,4138.68,4138.77,4136.56,4136.57,220
1791223920,4136.62,4136.885,4135.46,4136.305,271
1791223980,4136.355,4136.94,4135.81,4136.4,249
1791224040,4136.405,4136.66,4136.095,4136.27,182
1791224100,4136.32,4136.615,4135.62,4136.205,224
1791224160,4136.22,4136.45,4135.65,4135.975,186
1791224220,4135.97,4136.76,4135.97,4136.525,242
1791224280,4136.565,4137.115,4136.12,4137.115,221
1791224340,4137.16,4137.31,4135.56,4135.56,202
1791224400,4135.555,4135.985,4134.915,4135.06,227
1791224460,4135.11,4136.28,4134.97,4135.265,193
1791224520,4135.23,4135.43,4134.74,4135.24,107
1791224580,4135.315,4135.685,4135.13,4135.455,135
1791224640,4135.45,4135.5,4133.71,4133.835,171
1791224700,4133.785,4134.655,4133.66,4133.945,171
1791224760,4133.895,4134.25,4133.675,4133.83,130
1791224820,4133.755,4134.52,4133.7,4133.985,184
1791224880,4133.995,4138.615,4133.995,4137.815,545
1791224940,4137.865,4138.61,4137.14,4137.23,317
1791225000,4137.26,4139.885,4137.26,4139.81,448
1791225060,4139.805,4140.315,4138.625,4139.35,301
1791225120,4139.4,4139.505,4137.845,4137.935,232
1791225180,4138.02,4138.02,4136.03,4136.355,305
1791225240,4136.34,4137.555,4135.965,4137.335,219
1791225300,4137.38,4138.765,4137.38,4138.6,385
1791225360,4138.605,4138.615,4137.91,4138.03,290
1791225420,4138.08,4138.23,4136.525,4136.675,186
1791225480,4136.725,4137.105,4135.99,4137.105,177
1791225540,4137.155,4137.73,4136.865,4137.03,166
1791225600,4136.985,4137.87,4136.56,4137.87,162
1791225660,4137.83,4138.28,4137.825,4137.935,185
1791225720,4137.93,4138.92,4137.765,4138.725,185
1791225780,4138.75,4139.115,4137.53,4137.71,209
1791225840,4137.79,4137.995,4137.52,4137.765,141
1791225900,4137.715,4138.615,4137.615,4138.425,214
1791225960,4138.465,4139.445,4138.4,4139.15,200
1791226020,4139.1,4139.85,4139.05,4139.5,171
1791226080,4139.6,4140.2,4139.595,4139.65,302
1791226140,4139.62,4140.635,4139.555,4140.135,148
1791226200,4140.085,4140.24,4139.47,4140.24,172
1791226260,4140.19,4140.75,4139.585,4140.45,165
1791226320,4140.465,4141.535,4140.465,4141.14,184
1791226380,4141.19,4141.73,4140.875,4141.44,129
1791226440,4141.49,4142.125,4141.39,4141.89,172
1791226500,4141.79,4142.63,4141.37,4141.7,202
1791226560,4141.64,4141.745,4141.18,4141.69,109
1791226620,4141.725,4142.69,4141.685,4142.45,150
1791226680,4142.5,4143.065,4142.07,4142.345,283
1791226740,4142.245,4143.1,4141.71,4143.1,296
1791226800,4143.2,4143.95,4142.275,4143.755,280
1791226860,4143.76,4143.82,4142.875,4142.895,317
1791226920,4142.945,4143.185,4141.945,4142.715,269
1791226980,4142.705,4143.27,4142.49,4142.85,241
1791227040,4142.845,4143.26,4142.48,4142.665,327
1791227100,4142.715,4143.18,4141.42,4141.915,351
1791227160,4141.97,4142.02,4140.86,4141.07,221
1791227220,4141.105,4141.31,4140.375,4140.665,144
1791227280,4140.87,4141.005,4139.975,4140.04,148
1791227340,4140.085,4140.835,4139.635,4140.195,162
1791227400,4140.245,4140.78,4140.185,4140.48,168
1791227460,4140.53,4140.865,4140.275,4140.73,151
1791227520,4140.725,4141.955,4140.48,4141.555,281
1791227580,4141.545,4141.92,4141.25,4141.515,184
1791227640,4141.51,4142.395,4140.885,4140.915,198
1791227700,4140.91,4141.745,4140.67,4141.4,165
1791227760,4141.35,4141.35,4140.1,4140.28,135
1791227820,4140.37,4140.37,4139.295,4139.695,218
1791227880,4139.795,4140.345,4139.425,4140.285,150
1791227940,4140.345,4141.125,4140.345,4140.465,176
1791228000,4140.375,4141.12,4140.345,4140.805,155
1791228060,4140.755,4141.6,4140.01,4141.12,284
1791228120,4141.17,4141.37,4140.41,4140.48,294
1791228180,4140.53,4141.485,4140.48,4141.17,164
1791228240,4141.07,4141.415,4140.52,4141.065,247
1791228300,4141.15,4142.335,4141,4142.325,388
1791228360,4142.315,4142.54,4141.63,4141.79,385
1791228420,4141.815,4142.095,4141.055,4142.04,213
1791228480,4142.01,4143.37,4141.76,4143.225,213
1791228540,4143.175,4143.28,4142.195,4142.335,218
1791228600,4142.285,4142.285,4141.92,4142.12,214
1791228660,4142.155,4143.57,4142.155,4143.09,196
1791228720,4142.97,4143.04,4142.31,4142.78,209
1791228780,4142.73,4143.62,4142.49,4143.53,105
1791228840,4143.58,4144.065,4143.41,4143.73,168
1791228900,4143.675,4143.95,4142.445,4142.48,193
1791228960,4142.485,4143.435,4142.055,4142.885,228
1791229020,4142.835,4143.145,4142.17,4142.91,138
1791229080,4142.86,4143.51,4142.82,4143.245,154
1791229140,4143.23,4143.765,4143.095,4143.245,107
1791229200,4143.295,4143.915,4143.295,4143.84,135
1791229260,4143.885,4144.2,4143.12,4143.185,211
1791229320,4143.17,4143.305,4142.685,4142.91,168
1791229380,4142.905,4143.105,4142.73,4142.875,180
1791229440,4142.845,4142.985,4142.11,4142.45,218
1791229500,4142.405,4142.655,4142.005,4142.04,347
1791229560,4142.1,4142.495,4141.355,4141.355,203
1791229620,4141.385,4141.51,4141.08,4141.245,179
1791229680,4141.235,4141.46,4140.96,4141.36,178
1791229740,4141.385,4141.66,4141.245,4141.405,223
1791229800,4141.36,4141.485,4140.53,4140.8,292
1791229860,4140.835,4140.85,4140.44,4140.54,171
1791229920,4140.545,4140.88,4139.755,4139.77,222
1791229980,4139.82,4140.21,4139.56,4139.68,256
1791230040,4139.685,4139.955,4139.23,4139.39,232
1791230100,4139.405,4140.57,4138.745,4140.57,314
1791230160,4140.455,4140.455,4139.445,4140.32,218
1791230220,4140.365,4140.925,4140.05,4140.845,272
1791230280,4140.89,4141.3,4140.265,4140.97,321
1791230340,4141.02,4141.05,4140.095,4140.87,413
1791230400,4140.925,4141.385,4140.305,4140.945,286
1791230460,4141,4141.005,4139.035,4139.255,151
1791230520,4139.18,4139.43,4137.62,4137.81,197
1791230580,4137.76,4138.525,4137.425,4138.43,262
1791230640,4138.45,4138.8,4137.76,4138.455,192
1791230700,4138.405,4138.74,4137.795,4137.795,175
1791230760,4137.845,4139.045,4137.755,4138.5,148
1791230820,4138.4,4139.05,4138.13,4139.05,76
1791230880,4139.11,4139.435,4138.64,4138.69,95
1791230940,4138.79,4139.475,4138.665,4138.665,108
1791231000,4138.61,4138.76,4138.45,4138.665,79
1791231060,4138.815,4139.34,4138.59,4138.93,71
1791231120,4139.03,4139.18,4138.7,4139.09,70
1791231180,4139.04,4139.065,4138.74,4138.83,48
1791231240,4138.88,4139.08,4138.68,4138.84,53
1791231300,4138.745,4139.535,4138.545,4139.435,137
1791231360,4139.385,4139.385,4138.56,4138.73,75
1791231420,4138.675,4139.28,4138.675,4139.215,72
1791231480,4139.185,4139.185,4138.875,4139.005,42
1791231540,4139.055,4139.16,4138.695,4138.98,83
1791231600,4138.915,4139.54,4138.6,4139.54,83
1791231660,4139.74,4141.015,4139.74,4141.015,120
1791231720,4141.03,4142.015,4140.905,4141,111
1791231780,4140.95,4141.38,4140.825,4140.96,55
1791231840,4140.91,4141.16,4140.47,4140.855,85
1791231900,4140.905,4141.44,4140.65,4141.34,79
1791231960,4141.505,4141.56,4140.94,4140.945,89
1791232020,4140.895,4141.16,4140.415,4140.47,79
1791232080,4140.61,4141.28,4140.435,4141.135,63
1791232140,4141.175,4141.72,4140.94,4141.01,63
1791232200,4141.06,4141.095,4140.49,4140.525,56
1791232260,4140.655,4140.955,4140.21,4140.51,83
1791232320,4140.46,4140.71,4140.035,4140.18,71
1791232380,4140.135,4140.135,4139.445,4139.595,63
1791232440,4139.745,4139.97,4139.27,4139.61,37
1791232500,4139.66,4139.86,4138.935,4138.935,64
1791232560,4138.915,4139.27,4138.7,4139.07,61
1791232620,4138.97,4139.395,4138.87,4139.285,50
1791232680,4139.335,4139.68,4139.255,4139.485,70
1791232740,4139.435,4139.65,4139.18,4139.275,64
1791232800,4139.185,4140.625,4139.175,4140.445,75
1791232860,4140.395,4140.515,4140.155,4140.435,79
1791232920,4140.385,4140.435,4140.115,4140.18,37
1791232980,4140.23,4140.23,4139.73,4139.895,58
1791233040,4139.945,4140.35,4139.74,4140.115,60
1791233100,4140.165,4140.95,4139.95,4140.92,116
1791233160,4140.82,4142.05,4140.82,4141.715,74
1791233220,4141.55,4141.69,4141.21,4141.565,58
1791233280,4141.515,4143.36,4141.485,4143.205,122
1791233340,4143.135,4143.135,4142.56,4142.635,85
1791233400,4142.505,4142.855,4142,4142.01,127
1791233460,4141.76,4142.145,4141.655,4142.145,103
1791233520,4142.21,4142.515,4141.775,4141.85,126
1791233580,4141.87,4142.14,4141.375,4141.525,106
1791233640,4141.585,4141.61,4141.225,4141.5,170
1791233700,4141.53,4142.315,4141.47,4141.835,125
1791233760,4141.985,4141.985,4141.535,4141.615,119
1791233820,4141.65,4142.015,4140.57,4140.62,134
1791233880,4140.67,4140.805,4140.355,4140.395,61
1791233940,4140.445,4140.525,4140.345,4140.525,17
1791237840,4143.54,4143.705,4143.54,4143.65,16
1791237900,4143.72,4144.26,4143.665,4143.81,224
1791237960,4143.705,4144.42,4143.48,4143.48,141
1791238020,4143.44,4143.76,4142.895,4143.04,76
1791238080,4143.02,4143.88,4142.895,4143.57,144
1791238140,4143.52,4143.52,4142.615,4143.43,153
1791238200,4143.2,4143.305,4142.485,4142.66,234
1791238260,4142.645,4143.03,4141.83,4142.65,172
1791238320,4142.65,4143.05,4142.25,4142.775,182
1791238380,4142.815,4142.82,4142.63,4142.73,19
1791238440,4142.76,4143.02,4142.59,4142.71,50
1791238500,4142.69,4143.105,4142.415,4143.105,133
1791238560,4143.055,4143.2,4142.48,4142.745,147
1791238620,4142.765,4143.385,4142.73,4143.175,93
1791238680,4143.03,4143.68,4143.03,4143.08,99
1791238740,4143.13,4143.295,4142.715,4142.97,101
1791238800,4142.74,4142.77,4142.345,4142.435,89
1791238860,4142.425,4142.85,4142,4142.685,45
1791238920,4142.585,4143.135,4142.39,4142.705,64
1791238980,4142.605,4143.075,4142.475,4142.96,74
1791239040,4142.91,4143.485,4142.765,4143.135,84
1791239100,4143.245,4143.41,4143.075,4143.175,37
1791239160,4143.14,4143.14,4142.96,4143.06,35
1791239220,4142.96,4143.04,4142.35,4142.35,32
1791239280,4142.3,4142.83,4142.185,4142.665,58
1791239340,4142.615,4142.865,4142.575,4142.845,37
1791239400,4142.795,4143.51,4142.795,4143.225,55
1791239460,4143.235,4143.41,4142.975,4143.36,31
1791239520,4143.41,4144.46,4143.36,4144.21,69
1791239580,4144.26,4144.26,4143.75,4143.75,45
1791239640,4143.715,4143.935,4143.695,4143.935,59
1791239700,4143.89,4144.22,4143.73,4143.985,106
1791239760,4143.97,4144.125,4143.7,4144.075,105
1791239820,4144.125,4144.425,4143.785,4144.425,63
1791239880,4144.325,4144.425,4144,4144,36
1791239940,4143.94,4144.255,4143.94,4144.24,31
1791240000,4144.245,4145.205,4144.24,4145.155,62
1791240060,4145.17,4145.395,4144.945,4145.195,62
1791240120,4145.145,4145.145,4144.385,4144.525,59
1791240180,4144.575,4144.64,4144.225,4144.275,29
1791240240,4144.215,4144.415,4144.16,4144.255,36
1791240300,4144.205,4144.205,4143.72,4143.82,43
1791240360,4143.185,4143.185,4141.535,4141.535,72
1791240420,4141.59,4142.415,4141.48,4141.64,58
1791240480,4141.69,4142.135,4141.535,4142.12,58
1791240540,4142.27,4142.4,4141.93,4141.93,30
1791240600,4141.98,4141.995,4141.7,4141.84,24
1791240660,4141.845,4141.94,4141.17,4141.315,45
1791240720,4141.325,4141.51,4141.31,4141.41,19
1791240780,4141.335,4141.335,4140.95,4141.06,33
1791240840,4141.11,4141.54,4141.035,4141.37,56
1791240900,4141.27,4141.855,4141.055,4141.175,85
1791240960,4141.125,4141.56,4141.025,4141.37,34
1791241020,4141.32,4141.61,4141.185,4141.2,44
1791241080,4141.15,4141.215,4140.83,4141.105,52
1791241140,4141.1,4141.1,4140.845,4140.88,7
1791241200,4140.835,4141.97,4140.515,4140.68,274
1791241260,4140.745,4141.33,4140.7,4140.91,73
1791241320,4140.86,4141.16,4140.81,4140.925,54
1791241380,4140.875,4141.035,4140.12,4140.645,75
1791241440,4140.64,4140.99,4140.48,4140.52,130
1791241500,4140.505,4140.85,4140.365,4140.515,73
1791241560,4140.595,4140.69,4139.59,4139.855,56
1791241620,4139.805,4139.805,4138.9,4139.27,88
1791241680,4139.525,4139.65,4139.235,4139.615,43
1791241740,4139.665,4139.945,4139.505,4139.51,35
1791241800,4139.41,4139.41,4138.955,4139.105,49
1791241860,4139.205,4139.205,4138.935,4139.01,59
1791241920,4139.015,4139.12,4138.535,4138.785,129
1791241980,4138.83,4138.905,4138.545,4138.595,60
1791242040,4138.575,4138.575,4138.3,4138.545,30
1791242100,4138.475,4139.005,4138.275,4138.605,117
1791242160,4138.63,4138.73,4137.945,4137.945,53
1791242220,4137.98,4138.855,4137.905,4138.785,172
1791242280,4138.805,4139.345,4138.705,4139.325,102
1791242340,4139.275,4139.705,4139.04,4139.245,171
1791242400,4139.24,4139.775,4139.235,4139.465,233
1791242460,4139.475,4139.72,4139.415,4139.555,68
1791242520,4139.59,4139.985,4139.32,4139.395,180
1791242580,4139.385,4140.56,4139.38,4140.165,201
1791242640,4140.16,4140.965,4139.945,4140.93,98
1791242700,4140.83,4140.93,4140.49,4140.66,55
1791242760,4140.65,4141.025,4140.58,4140.85,79
1791242820,4140.855,4140.93,4139.835,4140.46,89
1791242880,4140.5,4140.81,4139.975,4140.495,158
1791242940,4140.505,4140.77,4140.1,4140.105,202
1791243000,4140.175,4140.175,4138.77,4139.29,124
1791243060,4139.285,4139.535,4138.485,4139.4,176
1791243120,4139.38,4140.185,4139.195,4140.07,106
1791243180,4140.125,4140.465,4140.03,4140.285,57
1791243240,4140.335,4140.545,4139.735,4139.835,66
1791243300,4139.805,4140.9,4139.805,4140.755,124
1791243360,4140.66,4140.7,4140.06,4140.14,114
1791243420,4140.14,4140.33,4138.945,4138.965,90
1791243480,4138.9,4138.965,4138.36,4138.95,136
1791243540,4138.995,4139.275,4138.82,4138.855,81
1791243600,4138.83,4138.99,4138.32,4138.42,99
1791243660,4138.385,4138.385,4137.685,4137.685,93
1791243720,4137.6,4137.715,4137.235,4137.24,66
1791243780,4137.235,4137.415,4137.025,4137.14,47
1791243840,4137.035,4137.365,4136.725,4137.04,161
1791243900,4137.03,4137.145,4136.51,4136.635,230
1791243960,4136.645,4137.1,4136.3,4136.47,149
1791244020,4136.475,4136.775,4135.225,4135.63,184
1791244080,4135.595,4136.19,4135.445,4135.705,119
1791244140,4135.7,4135.74,4134.935,4135.125,273
1791244200,4135.095,4135.11,4133.53,4134.13,293
1791244260,4134.19,4134.89,4134.125,4134.745,132
1791244320,4134.7,4134.935,4133.805,4134.31,186
1791244380,4134.315,4134.5,4134.095,4134.325,139
1791244440,4134.305,4135.375,4134.305,4135.105,131
1791244500,4135.05,4135.67,4134.78,4135.255,130
1791244560,4135.205,4135.205,4134.185,4134.19,220
1791244620,4134.24,4134.865,4133.835,4134.82,108
1791244680,4134.705,4134.775,4133.825,4134.395,159
1791244740,4134.355,4135.13,4134.3,4134.325,192
1791244800,4134.385,4137.29,4133.94,4136.565,597
1791244860,4136.49,4136.82,4135.43,4136.025,260
1791244920,4135.975,4137.65,4135.505,4137.085,331
1791244980,4137.075,4137.075,4135.145,4135.195,239
1791245040,4135.28,4135.49,4134.705,4135.015,163
1791245100,4134.965,4135.18,4133.935,4134.2,195
1791245160,4134.015,4134.59,4133.17,4133.335,317
1791245220,4133.31,4134.97,4133.31,4134.935,195
1791245280,4135.015,4135.085,4134.095,4134.385,206
1791245340,4134.425,4134.585,4133.665,4133.84,143
1791245400,4133.9,4135.3,4133.455,4134.345,294
1791245460,4134.355,4135.03,4134.125,4135.03,227
1791245520,4135.01,4136.48,4134.96,4136.28,342
1791245580,4136.235,4136.605,4135.825,4136.58,213
1791245640,4136.585,4136.6,4135.67,4136.02,187
1791245700,4136.065,4137.245,4135.81,4136.415,712
1791245760,4136.445,4136.715,4135.58,4136.285,515
1791245820,4136.29,4138.34,4136.13,4138.175,476
1791245880,4138.215,4141.04,4138.16,4140.585,470
1791245940,4140.605,4141.3,4140.1,4140.175,375
1791246000,4140.17,4140.26,4138.415,4139.335,288
1791246060,4139.34,4140.195,4139.32,4139.825,182
1791246120,4139.835,4140.9,4139.645,4140.88,232
1791246180,4140.915,4141.475,4140.875,4141.205,195
1791246240,4141.175,4141.46,4140.43,4140.635,270
1791246300,4140.63,4140.88,4139.98,4140.605,478
1791246360,4140.635,4141.1,4139.87,4140.12,477
1791246420,4140.11,4141.66,4139.92,4141.605,411
1791246480,4141.62,4141.72,4140.23,4140.23,238
1791246540,4140.165,4141.24,4140.085,4140.79,271
1791246600,4140.765,4140.765,4138.07,4139.215,472
1791246660,4139.21,4142.18,4139.21,4141.315,462
1791246720,4141.31,4142.71,4141.275,4142.335,340
1791246780,4142.325,4144.97,4141.62,4141.625,534
1791246840,4141.585,4142.93,4141.045,4141.19,737
1791246900,4141.28,4142.53,4139.28,4139.42,530
1791246960,4139.38,4139.93,4137.94,4137.94,465
1791247020,4137.935,4137.935,4135.95,4136.055,454
1791247080,4136.04,4138.505,4136.04,4137.28,383
1791247140,4137.285,4137.6,4136.39,4136.74,357
1791247200,4136.735,4137.74,4136.635,4137.36,355
1791247260,4137.41,4137.455,4136.05,4137.05,221
1791247320,4137.005,4137.715,4136.055,4136.055,201
1791247380,4136.02,4138.34,4135.79,4138.315,450
1791247440,4138.365,4138.57,4138.005,4138.455,319
1791247500,4138.41,4140.54,4138.405,4140.54,515
1791247560,4140.555,4142.245,4140.28,4142.245,475
1791247620,4142.25,4143.52,4141.975,4142.92,545
1791247680,4142.925,4142.935,4141.61,4142.505,377
1791247740,4142.57,4145.97,4142.555,4145.005,474
1791247800,4145.115,4146.25,4144.51,4145.355,417
1791247860,4145.435,4146.385,4144.945,4146.355,430
1791247920,4146.345,4146.47,4145.65,4146.11,458
1791247980,4146.105,4146.665,4145.95,4146.375,279
1791248040,4146.37,4146.585,4145.51,4146.05,279
1791248100,4145.985,4147.52,4145.165,4145.27,246
1791248160,4145.29,4145.785,4144.305,4145.265,355
1791248220,4145.23,4146.505,4144.725,4146.06,198
1791248280,4146.11,4147.165,4145.86,4146.66,328
1791248340,4146.65,4151.385,4146.65,4150.945,700
1791248400,4150.96,4152.27,4149.64,4149.7,965
1791248460,4149.655,4150.495,4147.785,4150.115,729
1791248520,4149.98,4150.325,4147.36,4148.075,655
1791248580,4148.07,4149.275,4146.15,4146.86,576
1791248640,4146.89,4147.915,4146.145,4147.76,606
1791248700,4147.715,4148.48,4146.42,4147.765,505
1791248760,4147.715,4149.2,4147.3,4148.66,317
1791248820,4148.675,4150.59,4148.46,4150.59,294
1791248880,4150.54,4151.22,4150.07,4150.905,351
1791248940,4150.9,4152.005,4150.655,4151.005,516
1791249000,4151,4152.185,4150.455,4151.39,505
1791249060,4151.395,4151.535,4149.34,4149.68,541
1791249120,4149.7,4150.63,4148.825,4149.05,584
1791249180,4149.04,4149.505,4148.555,4148.83,446
1791249240,4148.825,4150.245,4148.825,4149.51,396
1791249300,4149.435,4149.585,4145.96,4146.65,712
1791249360,4146.66,4147.88,4144.205,4144.815,446
1791249420,4144.805,4145.435,4143.85,4144.935,462
1791249480,4144.88,4145.07,4143.62,4144.14,508
1791249540,4144.11,4144.35,4141.14,4141.9,513
1791249600,4141.8,4142.375,4140.655,4140.655,417
1791249660,4140.605,4141.225,4139.59,4140.205,402
1791249720,4140.255,4140.97,4139.68,4140.94,371
1791249780,4140.87,4141.665,4140.215,4141.18,567
1791249840,4141.245,4141.73,4138.95,4139.625,474
1791249900,4139.475,4139.78,4137.665,4138.21,429
1791249960,4138.15,4138.15,4135.58,4137.225,665
1791250020,4137.17,4138.56,4137.16,4138.12,678
1791250080,4138.135,4138.495,4137,4137.63,527
1791250140,4137.635,4137.635,4136.31,4136.38,429
1791250200,4136.315,4136.435,4134.595,4135.6,745
1791250260,4135.62,4136.465,4133.97,4136.06,740
1791250320,4136.025,4137.715,4135.88,4137.715,580
1791250380,4137.675,4138.5,4136.7,4137.53,497
1791250440,4137.515,4138.2,4135.58,4135.78,537
1791250500,4135.785,4137.075,4134.895,4135.8,642
1791250560,4135.805,4137.505,4135.705,4136.795,607
1791250620,4136.81,4137.9,4135.805,4136.255,476
1791250680,4136.33,4136.475,4133.81,4134.33,554
1791250740,4134.355,4135.54,4133.755,4134.355,414
1791250800,4134.12,4134.335,4131.095,4131.36,399
1791250860,4131.385,4132.425,4131.025,4132.29,529
1791250920,4132.34,4132.765,4131.21,4132.44,279
1791250980,4132.39,4133.39,4132.36,4132.58,198
1791251040,4132.73,4134.18,4132.73,4133.29,244
1791251100,4133.34,4133.93,4132.415,4133.215,318
1791251160,4133.22,4133.24,4131.03,4132.03,494
1791251220,4132.02,4132.165,4130.905,4132.165,482
1791251280,4132.175,4132.565,4131.17,4132.125,520
1791251340,4132.135,4132.95,4131.255,4131.395,517
1791251400,4131.4,4133.17,4130.91,4133,715
1791251460,4133.04,4133.77,4132.865,4133.545,425
1791251520,4133.425,4133.49,4131.105,4131.18,217
1791251580,4131.155,4131.69,4130.115,4130.175,270
1791251640,4130.17,4130.945,4129.655,4129.825,256
1791251700,4129.725,4130.12,4129,4129.81,345
1791251760,4129.865,4131.965,4129.51,4131.755,238
1791251820,4131.665,4131.675,4130.52,4131.32,422
1791251880,4131.33,4131.635,4130.735,4131.14,380
1791251940,4131.15,4131.15,4129.265,4130.35,487
1791252000,4130.325,4131.305,4129.76,4129.76,484
1791252060,4129.75,4130.085,4129.04,4129.59,269
1791252120,4129.54,4130.355,4129.185,4129.71,181
1791252180,4129.66,4130.125,4129.46,4129.885,125
1791252240,4129.87,4130.22,4128.61,4128.71,169
1791252300,4128.735,4130.035,4128.28,4129.48,370
1791252360,4129.565,4130.105,4129.285,4129.56,305
1791252420,4129.64,4130.545,4129.45,4130.145,284
1791252480,4130.16,4130.56,4129.66,4130.405,269
1791252540,4130.42,4130.85,4129.115,4130.295,472
1791252600,4130.355,4130.52,4129.21,4129.73,191
1791252660,4129.655,4130.66,4129.155,4129.68,229
1791252720,4129.59,4129.895,4127.76,4129.085,227
1791252780,4129.035,4129.52,4128.875,4129.415,293
1791252840,4129.425,4131.02,4128.94,4130.665,387
1791252900,4130.67,4131.295,4130.445,4130.725,416
1791252960,4130.745,4131.405,4129.895,4129.895,338
1791253020,4129.965,4130.72,4129.6,4130.41,335
1791253080,4130.415,4131.63,4129.475,4129.56,285
1791253140,4129.52,4129.94,4128.825,4129.48,375
1791253200,4129.68,4130.67,4129.33,4130.045,305
1791253260,4130.05,4130.295,4128.705,4128.71,208
1791253320,4128.72,4129.015,4127.225,4128.845,270
1791253380,4128.84,4129.235,4128.39,4128.845,184
1791253440,4128.95,4129.165,4128.35,4128.395,158
1791253500,4128.445,4128.84,4128.045,4128.735,161
1791253560,4128.71,4128.77,4126.885,4127.285,264
1791253620,4127.26,4127.55,4126.645,4127.185,189
1791253680,4127.295,4127.34,4126.565,4127.245,251
1791253740,4127.265,4127.335,4126.55,4126.735,244
1791253800,4126.74,4127.705,4124.93,4126.275,418
1791253860,4126.28,4126.72,4126.15,4126.2,314
1791253920,4126.205,4128.19,4125.965,4127.165,348
1791253980,4127.16,4127.365,4126.28,4126.555,237
1791254040,4126.53,4126.925,4121.81,4122.485,788
1791254100,4122.435,4122.52,4103.515,4115.31,2544
1791254160,4115.36,4116.59,4114.005,4114.89,1160
1791254220,4114.85,4122.56,4114.85,4122.535,1039
1791254280,4122.48,4126.015,4120.27,4120.895,1420
1791254340,4120.965,4122.39,4119.88,4122.3,746
1791254400,4122.38,4122.84,4120.68,4122.06,849
1791254460,4122.04,4122.57,4121.405,4122.32,594
1791254520,4122.335,4123.235,4121.9,4122.96,434
1791254580,4122.955,4123.125,4121.6,4121.74,241
1791254640,4121.715,4121.82,4121.165,4121.27,249
1791254700,4121.3,4122.11,4121.06,4121.45,343
1791254760,4121.535,4122.01,4121.08,4121.11,227
1791254820,4121.115,4122.285,4120.77,4122.14,237
1791254880,4122.16,4124.31,4121.995,4124.22,409
1791254940,4124.335,4128.965,4124.335,4127.985,583
1791255000,4127.965,4130.7,4127.965,4129.34,587
1791255060,4129.29,4135.51,4129.29,4134.345,796
1791255120,4134.395,4135.54,4134.34,4135.04,555
1791255180,4135.05,4138.96,4134.755,4137.325,705
1791255240,4137.315,4137.58,4136.325,4136.335,368
1791255300,4136.34,4137.915,4135.81,4136.67,339
1791255360,4136.585,4136.68,4133.945,4134.155,340
1791255420,4134.12,4134.165,4131.745,4131.86,654
1791255480,4131.885,4132.865,4130.13,4130.83,801
1791255540,4130.815,4130.815,4129.2,4130.47,656
1791255600,4130.43,4131.46,4129.46,4130.745,741
1791255660,4130.72,4132.18,4129.74,4132.125,598
1791255720,4132.135,4133.055,4130.48,4133.055,576
1791255780,4133.015,4133.3,4131.5,4131.5,463
1791255840,4131.55,4133.07,4131.195,4132.625,414
1791255900,4132.605,4133,4132.06,4132.275,354
1791255960,4132.28,4133.16,4130.985,4130.985,296
1791256020,4131.035,4132.41,4130.61,4130.61,202
1791256080,4130.535,4130.855,4129.49,4129.49,305
1791256140,4129.485,4130.41,4129.135,4129.44,408
1791256200,4129.455,4130.605,4129.235,4130.165,300
1791256260,4129.885,4130.555,4128.885,4128.885,268
1791256320,4128.9,4130.145,4128.795,4130.145,273
1791256380,4130.135,4130.145,4129.275,4129.275,193
1791256440,4129.3,4129.495,4128.57,4128.76,171
1791256500,4128.72,4129.315,4126.72,4128.8,384
1791256560,4128.805,4129.555,4128.015,4129.145,275
1791256620,4129.155,4129.24,4128.42,4128.465,193
1791256680,4128.48,4129.495,4127.945,4128.34,195
1791256740,4128.245,4129.635,4127.78,4129.35,301
1791256800,4129.36,4129.995,4128.255,4128.445,307
1791256860,4128.46,4130.155,4128.225,4130.13,279
1791256920,4130.125,4130.755,4129.91,4130.03,328
1791256980,4130.005,4130.88,4128.35,4130.29,389
1791257040,4130.295,4130.855,4129.03,4129.47,275
1791257100,4129.545,4129.84,4128.825,4128.845,157
1791257160,4128.865,4128.865,4127.695,4128.21,342
1791257220,4128.2,4128.2,4126.51,4126.895,198
1791257280,4126.89,4127.485,4126.31,4127.485,214
1791257340,4127.515,4128.57,4127.315,4127.985,272
1791257400,4127.93,4128.08,4125.22,4126.525,465
1791257460,4126.5,4127.705,4125.62,4126.85,249
1791257520,4126.75,4127.53,4126.24,4126.62,234
1791257580,4126.59,4127.05,4126.19,4126.22,175
1791257640,4126.21,4126.585,4124.74,4124.835,262
1791257700,4124.795,4125.965,4124.76,4125.055,269
1791257760,4125.075,4125.76,4125.015,4125.39,175
1791257820,4125.415,4128.27,4124.835,4127.175,387
1791257880,4127.15,4128.25,4126.545,4128.135,332
1791257940,4128.125,4128.125,4125.805,4125.99,276
1791258000,4126.05,4126.085,4124.105,4125.735,470
1791258060,4125.75,4128.405,4125.75,4128.405,281
1791258120,4128.425,4129.465,4127.225,4129.4,262
1791258180,4129.405,4131.56,4129.405,4131.33,380
1791258240,4131.29,4133.925,4131.06,4132.06,499
1791258300,4132.035,4132.32,4131.245,4131.77,297
1791258360,4131.82,4132.55,4131.22,4131.665,365
1791258420,4131.67,4132.345,4130.53,4131.61,420
1791258480,4131.6,4131.835,4128.06,4129.85,555
1791258540,4129.805,4131.755,4129.215,4131.515,422
1791258600,4131.52,4132.215,4129.935,4130.15,347
1791258660,4130.135,4130.285,4129.225,4129.865,273
1791258720,4129.88,4129.88,4128.4,4128.485,384
1791258780,4128.515,4128.595,4126.795,4127.285,520
1791258840,4127.415,4127.485,4124.545,4124.835,487
1791258900,4124.84,4127.07,4124.815,4126.18,617
1791258960,4126.08,4127.215,4125.9,4127.215,319
1791259020,4127.225,4127.685,4126.62,4127.015,338
1791259080,4127.035,4128.16,4127.005,4128.07,263
1791259140,4128.115,4128.805,4127.6,4128.705,352
1791259200,4128.7,4130.22,4128.645,4129.54,291
1791259260,4129.525,4129.625,4127.305,4127.65,325
1791259320,4127.655,4130.475,4127.435,4129.35,242
1791259380,4129.4,4130.575,4129.225,4130.37,251
1791259440,4130.295,4130.885,4129.565,4130.62,235
1791259500,4130.67,4131.085,4129.78,4130.03,218
1791259560,4130.025,4130.705,4129.39,4129.845,185
1791259620,4129.895,4130.275,4129.17,4130.035,167
1791259680,4130.015,4130.3,4129.575,4129.97,117
1791259740,4129.92,4131.13,4129.92,4130.47,146
1791259800,4130.475,4130.545,4128.1,4128.125,245
1791259860,4128.175,4128.22,4126.935,4127.02,269
1791259920,4127.03,4127.335,4126.045,4126.795,254
1791259980,4126.8,4127.875,4126.375,4126.77,296
1791260040,4126.755,4126.92,4126.055,4126.24,280
1791260100,4126.225,4126.855,4126.115,4126.335,321
1791260160,4126.355,4126.69,4125.905,4126.68,251
1791260220,4126.685,4126.795,4125.935,4125.985,156
1791260280,4126.035,4127.24,4125.99,4126.96,267
1791260340,4126.995,4127.665,4126.555,4127.6,172
1791260400,4127.75,4127.81,4127.095,4127.6,115
1791260460,4127.57,4128.05,4127.4,4127.995,105
1791260520,4127.98,4128.25,4127.535,4127.735,110
1791260580,4127.785,4128.795,4126.865,4127.29,145
1791260640,4127.28,4127.465,4126.255,4127.445,157
1791260700,4127.5,4127.815,4126.73,4127.04,182
1791260760,4127.09,4127.51,4126.74,4127.46,70
1791260820,4127.195,4127.195,4126.46,4126.5,86
1791260880,4126.585,4126.77,4125.96,4126.62,126
1791260940,4126.61,4127.705,4126.36,4127.33,413
1791261000,4127.32,4128.305,4127.235,4127.985,351
1791261060,4127.965,4128.065,4126.885,4127.085,175
1791261120,4127.075,4127.16,4125.9,4126.3,166
1791261180,4126.305,4127.225,4126.295,4126.455,247
1791261240,4126.465,4127.04,4125.445,4125.85,270
1791261300,4125.92,4126.925,4125.76,4126.785,224
1791261360,4126.735,4127.64,4125.88,4127.165,322
1791261420,4126.93,4127.455,4126.01,4126.815,224
1791261480,4126.795,4126.905,4123.865,4124.885,339
1791261540,4124.94,4125.02,4123.62,4123.62,199
1791261600,4123.64,4123.74,4121.44,4123.05,426
1791261660,4123.09,4123.985,4122.785,4123.515,258
1791261720,4123.525,4123.83,4120.905,4122.035,295
1791261780,4122.06,4122.495,4121.38,4121.88,305
1791261840,4121.885,4122.245,4121.63,4121.74,234
1791261900,4121.705,4122.115,4121.44,4121.735,249
1791261960,4121.745,4122.245,4121.22,4121.775,268
1791262020,4121.765,4121.77,4121.31,4121.54,197
1791262080,4121.545,4122.38,4120.81,4120.81,213
1791262140,4120.825,4121.7,4120.565,4121.3,267
1791262200,4121.27,4121.535,4120.67,4121.045,296
1791262260,4121.06,4121.495,4120.73,4120.94,250
1791262320,4120.995,4121.495,4120.41,4121.46,265
1791262380,4121.44,4123.905,4121.115,4122.72,396
1791262440,4122.67,4124.71,4122.1,4124.29,307
1791262500,4124.3,4124.31,4121.955,4122.49,399
1791262560,4122.44,4123.6,4122.175,4122.2,326
1791262620,4122.135,4122.945,4121.345,4121.84,273
1791262680,4121.895,4123.05,4121.855,4122.55,216
1791262740,4122.545,4122.545,4121.26,4121.59,278
1791262800,4121.585,4122.425,4121.055,4122.2,285
1791262860,4122.125,4123.865,4121.65,4123.865,297
1791262920,4123.935,4124.755,4122.935,4123.22,245
1791262980,4123.17,4123.765,4122.15,4122.295,185
1791263040,4122.295,4123.875,4122.23,4123.65,209
1791263100,4123.685,4124.645,4123.445,4123.76,208
1791263160,4123.77,4123.84,4121.8,4122.355,163
1791263220,4122.37,4122.495,4121.65,4122.11,143
1791263280,4122.105,4122.28,4121.515,4121.685,140
1791263340,4121.74,4122.92,4121.695,4122.245,208
1791263400,4122.18,4122.44,4120.515,4121.045,365
1791263460,4121.025,4121.265,4120.72,4121.13,262
1791263520,4121.08,4122.09,4120.875,4121.995,229
1791263580,4122.045,4123.295,4121.865,4122.97,226
1791263640,4122.955,4122.995,4122.11,4122.11,176
1791263700,4122.095,4123.395,4121.525,4123.335,210
1791263760,4123.34,4124.68,4123.185,4124.48,275
1791263820,4124.545,4126.115,4123.355,4123.81,404
1791263880,4123.8,4124.37,4123.33,4123.355,266
1791263940,4123.34,4123.97,4123.34,4123.745,150
1791264000,4123.74,4124.08,4123.355,4123.99,157
1791264060,4123.975,4124.605,4123.26,4123.645,272
1791264120,4123.615,4124.145,4122.82,4122.985,267
1791264180,4122.98,4123.52,4122.805,4123.52,145
1791264240,4123.595,4124.045,4123.11,4123.925,161
1791264300,4123.895,4124.21,4122.11,4122.175,278
1791264360,4122.145,4122.88,4121.7,4121.75,262
1791264420,4121.76,4121.88,4120.4,4121.06,569
1791264480,4121.055,4121.79,4120.88,4121.72,300
1791264540,4121.585,4122.25,4121.555,4121.73,194
1791264600,4121.725,4121.77,4120.095,4120.71,282
1791264660,4120.705,4121.6,4120.705,4121.195,195
1791264720,4121.2,4122.11,4121.135,4121.555,195
1791264780,4121.65,4121.93,4121.265,4121.59,240
1791264840,4121.64,4124.7,4121.49,4124.2,297
1791264900,4124.125,4124.47,4123.1,4123.665,194
1791264960,4123.66,4125.275,4123.09,4123.47,275
1791265020,4123.52,4124.685,4123.23,4124.595,291
1791265080,4124.515,4124.7,4123.455,4123.65,178
1791265140,4123.63,4123.63,4121.88,4121.915,192
1791265200,4121.82,4122.63,4121.465,4122.385,207
1791265260,4122.375,4123.02,4121.615,4122.625,234
1791265320,4122.675,4122.945,4121.735,4121.815,247
1791265380,4121.81,4122.495,4121.715,4122.2,208
1791265440,4122.195,4122.455,4121.68,4121.94,232
1791265500,4122.06,4122.585,4121.515,4122.405,226
1791265560,4122.41,4122.705,4122.135,4122.685,107
1791265620,4122.735,4123.11,4122.145,4122.82,215
1791265680,4122.775,4122.885,4122.145,4122.375,275
1791265740,4122.345,4122.885,4122.06,4122.74,196
1791265800,4122.67,4122.78,4121.57,4121.895,340
1791265860,4121.945,4122.82,4121.86,4122.68,203
1791265920,4122.575,4122.925,4121.275,4121.48,195
1791265980,4121.485,4121.71,4120.29,4120.785,282
1791266040,4120.735,4120.75,4119.97,4120.265,361
1791266100,4120.275,4120.77,4119.91,4120.275,304
1791266160,4120.31,4121.19,4120.265,4120.495,230
1791266220,4120.5,4120.72,4117.57,4117.595,420
1791266280,4117.55,4119.495,4116.835,4119.35,699
1791266340,4119.29,4120.26,4118.045,4120.175,450
1791266400,4120.17,4121.025,4118.925,4118.965,682
1791266460,4118.98,4119.07,4115.765,4117.33,556
1791266520,4117.255,4117.815,4113.44,4113.905,852
1791266580,4113.95,4117.38,4113.44,4117.21,780
1791266640,4117.2,4118.24,4115.86,4117.165,834
1791266700,4117.17,4118.835,4116.97,4118.165,785
1791266760,4117.895,4118.125,4116.965,4117.09,517
1791266820,4117.065,4118.335,4116.94,4118.15,422
1791266880,4118.175,4119.535,4117.93,4119.23,553
1791266940,4119.285,4121.075,4118.91,4121.03,307
1791267000,4120.98,4121.65,4120.05,4120.105,404
1791267060,4120.135,4120.545,4119.18,4119.755,305
1791267120,4119.77,4122.465,4119.77,4121.785,375
1791267180,4121.7,4123.56,4120.42,4122.92,544
1791267240,4122.97,4123.36,4122.285,4122.89,318
1791267300,4122.935,4126.7,4122.935,4126.23,613
1791267360,4126.185,4127.785,4125.695,4126.185,891
1791267420,4126.18,4128.615,4126.175,4127.11,473
1791267480,4127.13,4127.28,4125.555,4126.195,427
1791267540,4126.055,4128.85,4126.055,4128.335,315
1791267600,4128.31,4128.45,4126.6,4128.155,450
1791267660,4128.12,4129.955,4127.36,4129.025,679
1791267720,4128.975,4129.77,4128.09,4129.28,616
1791267780,4129.285,4130.05,4128.605,4130.01,364
1791267840,4130.015,4131.34,4129.395,4130.965,450
1791267900,4131.015,4131.39,4129.36,4130.875,460
1791267960,4130.915,4131.31,4130.635,4130.94,317
1791268020,4130.935,4134.275,4130.89,4133.26,468
1791268080,4133.225,4134.435,4132.795,4133.64,517
1791268140,4133.595,4134.515,4132.93,4133.895,515
1791268200,4133.875,4135.28,4132.455,4132.58,1032
1791268260,4132.785,4133.515,4132.25,4133.09,713
1791268320,4133.135,4134.015,4132.85,4133.72,468
1791268380,4133.715,4134.545,4131.645,4131.66,479
1791268440,4131.76,4131.885,4130.695,4130.855,449
1791268500,4130.85,4131.71,4129.56,4130.475,531
1791268560,4130.45,4131.535,4129.805,4130.485,305
1791268620,4130.59,4131.07,4129.4,4130.805,263
1791268680,4130.905,4132.2,4130.755,4131.125,331
1791268740,4131.175,4132.705,4130.95,4131.47,482
1791268800,4131.375,4132.025,4131,4131.33,256
1791268860,4131.28,4131.775,4130.075,4130.64,297
1791268920,4130.645,4131.24,4130.04,4131.095,226
1791268980,4131.085,4131.525,4130.505,4130.67,292
1791269040,4130.635,4131.105,4130.235,4130.615,266
1791269100,4130.705,4133.165,4130.415,4133.065,559
1791269160,4133.085,4134.925,4132.59,4132.595,458
1791269220,4132.59,4134.045,4132.33,4133.365,568
1791269280,4133.345,4133.745,4132.265,4132.54,322
1791269340,4132.59,4132.815,4131.99,4132.565,253
1791269400,4132.55,4133.4,4132.285,4133.045,250
1791269460,4133.055,4133.115,4131.87,4131.965,354
1791269520,4132,4132.295,4130.08,4131.28,240
1791269580,4131.29,4131.735,4130.93,4130.965,252
1791269640,4130.975,4131.785,4130.87,4131.39,256
1791269700,4131.34,4132.29,4130.92,4132.265,236
1791269760,4132.345,4133.31,4131.395,4131.395,248
1791269820,4131.405,4131.935,4130.13,4131.185,275
1791269880,4131.235,4131.93,4130.975,4131.355,184
1791269940,4131.335,4132.375,4131.255,4131.445,193
1791270000,4131.395,4132.25,4130.825,4131.08,705
1791270060,4131.13,4131.23,4129.525,4130.12,437
1791270120,4130.175,4132.37,4129.655,4132.37,363
1791270180,4132.45,4134.38,4131.695,4132.86,650
1791270240,4132.855,4134,4131.255,4131.5,450
1791270300,4131.615,4132.805,4131.285,4132.805,512
1791270360,4132.75,4134.48,4132.71,4132.945,429
1791270420,4132.92,4133.555,4129.68,4129.86,536
1791270480,4129.82,4130.4,4129.125,4130.34,442
1791270540,4130.24,4131.09,4129.68,4130.805,324
1791270600,4130.87,4130.955,4129.07,4129.095,440
1791270660,4129.195,4130.06,4128.43,4129.975,337
1791270720,4130.025,4131.815,4129.945,4131.76,455
1791270780,4131.71,4133.75,4130.55,4133.75,527
1791270840,4133.825,4138.225,4133.825,4138.22,1022
1791270900,4138.235,4140.545,4137.61,4139.525,1447
1791270960,4139.47,4143.34,4139.02,4142.01,910
1791271020,4142.14,4142.405,4138.365,4138.935,706
1791271080,4138.915,4141.72,4138.595,4141.115,493
1791271140,4141.145,4141.23,4138.735,4139,502
1791271200,4138.98,4139.78,4137.515,4139.565,372
1791271260,4139.495,4139.79,4137.635,4137.935,549
1791271320,4138.065,4138.21,4137.035,4137.795,386
1791271380,4137.755,4139,4136.935,4139,405
1791271440,4139.005,4139.325,4137.535,4137.99,459
1791271500,4137.925,4138.82,4136.365,4136.93,365
1791271560,4136.97,4137.975,4136.39,4137.485,424
1791271620,4137.39,4137.835,4136.9,4137.04,393
1791271680,4137.015,4137.53,4136.07,4136.105,320
1791271740,4136.07,4136.765,4134.365,4134.87,337
1791271800,4134.665,4135.63,4133.685,4135.23,436
1791271860,4135.085,4135.855,4133.06,4134.045,536
1791271920,4134.05,4137.29,4133.9,4137.17,493
1791271980,4137.22,4139.895,4137.065,4138.41,350
1791272040,4138.46,4138.58,4135.93,4136.21,384
1791272100,4136.12,4137.82,4135.885,4136.63,440
1791272160,4136.71,4137.46,4136.335,4137.14,400
1791272220,4137.045,4137.535,4136.015,4136.64,369
1791272280,4136.64,4136.945,4135.245,4136.44,710
1791272340,4136.455,4137.68,4136.165,4136.725,566
1791272400,4136.7,4138.59,4136.625,4138.115,529
1791272460,4138.12,4138.895,4137.24,4137.74,340
1791272520,4137.765,4138.23,4136.305,4136.895,434
1791272580,4136.9,4137.31,4136.12,4137.055,360
1791272640,4137.105,4138.905,4137.095,4138.475,465
1791272700,4138.51,4140.72,4138.105,4140.72,638
1791272760,4140.73,4141.73,4139.74,4141.315,493
1791272820,4141.41,4141.605,4139.635,4140,305
1791272880,4140.025,4141.115,4139.705,4140.085,215
1791272940,4140.07,4140.865,4139.135,4139.175,350
1791273000,4139.16,4140.485,4139.095,4139.67,420
1791273060,4139.83,4140.005,4137.735,4137.825,508
1791273120,4137.775,4138.67,4137.14,4138.61,488
1791273180,4138.615,4139.65,4138.055,4139.27,372
1791273240,4139.355,4141.03,4139.005,4140.67,265
1791273300,4140.71,4141.34,4140.23,4141.25,265
1791273360,4141.26,4141.81,4139.86,4140.15,449
1791273420,4140.155,4141.015,4139.72,4140.61,405
1791273480,4140.56,4140.955,4139.64,4140.105,311
1791273540,4140.07,4140.575,4139.35,4140.005,500
1791273600,4139.99,4142.105,4139.85,4142.01,797
1791273660,4141.96,4143.98,4141.96,4143.23,401
1791273720,4143.28,4143.56,4142.595,4142.835,380
1791273780,4142.805,4143.895,4142.06,4143.545,467
1791273840,4143.515,4143.71,4141.665,4141.695,404
1791273900,4141.865,4143.09,4141.585,4142.22,402
1791273960,4142.155,4143.365,4141.935,4142.495,464
1791274020,4142.5,4142.635,4139.81,4139.92,610
1791274080,4139.945,4140.3,4138.57,4139.035,800
1791274140,4139.015,4141.41,4138.67,4140.825,630
1791274200,4140.835,4141.49,4140.115,4140.295,510
1791274260,4140.305,4140.775,4138.89,4138.895,213
1791274320,4138.995,4139.83,4137.92,4138.9,362
1791274380,4138.85,4141.01,4138.75,4140.555,537
1791274440,4140.52,4141.86,4139.965,4140.09,412
1791274500,4140.12,4144.275,4140.01,4144.065,608
1791274560,4144.045,4144.45,4142.49,4142.915,540
1791274620,4142.94,4143.32,4141.535,4141.565,378
1791274680,4141.535,4142.02,4140.64,4141.04,326
1791274740,4141.055,4142.265,4140.75,4141.775,346
1791274800,4141.85,4142.2,4140.78,4141.33,558
1791274860,4141.41,4144.04,4141.385,4144.04,470
1791274920,4144.025,4145.775,4143.825,4145.56,351
1791274980,4145.395,4145.685,4144.455,4144.54,259
1791275040,4144.465,4145.245,4143.965,4144.775,478
1791275100,4144.795,4145.89,4144.595,4145.325,337
1791275160,4145.33,4146.415,4145.225,4145.92,277
1791275220,4145.97,4146.23,4145.395,4145.995,173
1791275280,4145.86,4147.4,4145.59,4146.395,248
1791275340,4146.445,4146.445,4145.36,4146.015,434
1791275400,4145.975,4147.56,4145.64,4146.985,437
1791275460,4146.98,4149.98,4146.885,4149.845,553
1791275520,4149.795,4149.845,4146.155,4146.52,376
1791275580,4146.545,4147.12,4146.245,4146.375,400
1791275640,4146.37,4147.045,4145.19,4146.37,327
1791275700,4146.42,4147.955,4146.16,4147.955,254
1791275760,4147.905,4148.72,4146.855,4148.72,370
1791275820,4148.715,4150.84,4148.615,4149.04,674
1791275880,4148.93,4149.155,4148.135,4149.145,267
1791275940,4149.045,4149.115,4148.26,4148.295,278
1791276000,4148.36,4149.285,4147.55,4148.89,339
1791276060,4148.84,4150.185,4148.745,4149.92,284
1791276120,4149.945,4152.025,4149.945,4151.725,329
1791276180,4151.665,4153.33,4151.665,4152.73,404
1791276240,4152.68,4153.97,4152.64,4152.7,247
1791276300,4152.825,4153.655,4151.965,4153.105,307
1791276360,4153.09,4154.38,4152.405,4153.635,561
1791276420,4153.565,4153.61,4151.42,4151.88,455
1791276480,4151.79,4152.445,4151.195,4151.36,342
1791276540,4151.31,4151.84,4150.45,4151.09,393
1791276600,4151.085,4153.45,4150.855,4153.45,646
1791276660,4153.375,4154.105,4152.47,4153.76,490
1791276720,4153.74,4153.895,4151.765,4151.83,306
1791276780,4151.915,4152.925,4151.915,4151.955,226
1791276840,4151.9,4152.54,4151.845,4152.15,246
1791276900,4152.135,4152.615,4151.045,4151.685,494
1791276960,4151.67,4153.845,4151.115,4153.625,312
1791277020,4153.41,4153.975,4153.1,4153.64,212
1791277080,4153.615,4154.635,4153.615,4154.54,323
1791277140,4154.565,4155.765,4153.975,4155.445,436
1791277200,4155.36,4155.77,4154.195,4155.255,360
1791277260,4155.205,4155.255,4153.885,4155.07,385
1791277320,4155.06,4156.77,4154.66,4155.69,431
1791277380,4155.72,4156.04,4153.615,4153.69,598
1791277440,4153.7,4154.52,4153.29,4153.38,394
1791277500,4153.445,4153.81,4152.97,4152.995,357
1791277560,4152.975,4153.52,4152.735,4153.09,313
1791277620,4153.04,4153.335,4152.305,4152.845,285
1791277680,4152.875,4153.175,4151.75,4152.035,298
1791277740,4152.01,4153.28,4151.91,4152.235,312
1791277800,4152.265,4152.4,4151.84,4151.88,365
1791277860,4151.895,4154.435,4150.19,4152.35,576
1791277920,4152.32,4152.325,4150.185,4150.77,538
1791277980,4150.79,4152.56,4150.79,4151.3,508
1791278040,4151.25,4151.395,4149.91,4150.155,372
1791278100,4150.205,4151.79,4150.06,4151.41,261
1791278160,4151.46,4153.785,4151.45,4153.3,488
1791278220,4153.35,4154.69,4153.35,4154.63,381
1791278280,4154.645,4156.405,4154.59,4155.69,599
1791278340,4155.695,4155.75,4155.19,4155.69,433
1791278400,4155.74,4157.105,4155.48,4156.53,266
1791278460,4156.595,4157.62,4156.445,4156.92,275
1791278520,4156.905,4156.93,4155.295,4155.4,278
1791278580,4155.445,4156.305,4155.155,4156.305,285
1791278640,4156.285,4156.535,4155.27,4155.985,271
1791278700,4156.01,4157.03,4155.595,4156.73,201
1791278760,4156.83,4157.215,4156.445,4156.905,146
1791278820,4156.815,4156.905,4156.05,4156.64,132
1791278880,4156.6,4156.715,4155.87,4156.19,245
1791278940,4156.215,4157.215,4156.08,4156.66,431
1791279000,4156.665,4157.725,4155.27,4156.235,378
1791279060,4156.285,4156.82,4155.555,4156.2,385
1791279120,4156.15,4157.29,4155.99,4156.915,341
1791279180,4156.88,4157.76,4155.885,4156.2,412
1791279240,4156.185,4158.375,4155.625,4157.08,962
1791279300,4157.13,4157.24,4155.445,4156.44,461
1791279360,4156.375,4156.54,4154.665,4154.91,423
1791279420,4154.9,4155.495,4154.56,4154.97,250
1791279480,4155.06,4156.1,4154.69,4154.875,186
1791279540,4154.915,4155.245,4154.595,4155,277
1791279600,4155.17,4155.43,4154.545,4154.885,224
1791279660,4155.04,4156.635,4154.9,4156.185,238
1791279720,4156.28,4156.31,4154.085,4154.195,266
1791279780,4154.165,4154.5,4153.705,4153.89,232
1791279840,4153.895,4154.165,4153.605,4153.85,395
1791279900,4153.855,4153.89,4153.015,4153.17,498
1791279960,4153.185,4153.7,4153.075,4153.35,525
1791280020,4153.355,4153.475,4152.67,4153.25,328
1791280080,4153.245,4153.695,4153.12,4153.35,352
1791280140,4153.36,4154.34,4153.355,4154.01,389
1791280200,4154.08,4154.265,4153.28,4153.74,281
1791280260,4153.705,4154.635,4153.17,4153.545,268
1791280320,4153.575,4153.63,4152.4,4153.01,452
1791280380,4153,4153.22,4152.32,4152.755,422
1791280440,4152.685,4152.78,4151.575,4151.77,269
1791280500,4151.785,4152.295,4151.785,4152.105,315
1791280560,4152.13,4152.615,4151.86,4151.93,401
1791280620,4151.95,4152.62,4150.955,4152.5,503
1791280680,4152.505,4152.57,4151.865,4152.185,305
1791280740,4152.21,4153.105,4151.955,4152.305,366
1791280800,4152.455,4153.025,4152.025,4152.33,317
1791280860,4152.35,4152.68,4152.175,4152.34,158
1791280920,4152.23,4153.1,4152.23,4152.9,387
1791280980,4152.905,4153.795,4152.54,4152.775,324
1791281040,4152.78,4152.81,4152.18,4152.365,252
1791281100,4152.415,4152.415,4150.63,4151.825,257
1791281160,4151.875,4152.885,4151.23,4151.46,202
1791281220,4151.49,4151.935,4151.37,4151.73,149
1791281280,4151.78,4151.795,4150.815,4151.175,141
1791281340,4151.275,4151.89,4150.87,4151.09,194
1791281400,4151.19,4151.82,4150.815,4151.32,154
1791281460,4151.47,4151.955,4151.37,4151.455,140
1791281520,4151.465,4152.82,4150.88,4151.565,443
1791281580,4151.545,4152.58,4151.375,4152.25,158
1791281640,4152.3,4152.45,4151.705,4151.755,175
1791281700,4151.705,4151.92,4150.925,4151.48,226
1791281760,4151.5,4152.34,4151.26,4151.365,271
1791281820,4151.315,4151.55,4149.855,4150.245,222
1791281880,4150.185,4150.23,4148.87,4150.07,445
1791281940,4150.145,4151.405,4150.1,4151.075,219
1791282000,4151.07,4152.185,4150.775,4152.09,218
1791282060,4152.12,4153.565,4151.92,4153.525,314
1791282120,4153.545,4153.72,4152.66,4153.125,188
1791282180,4153.07,4153.29,4152.695,4153.265,298
1791282240,4153.315,4154.325,4153.315,4153.475,353
1791282300,4153.42,4153.5,4152.305,4152.58,244
1791282360,4152.63,4152.955,4151.985,4152.955,171
1791282420,4152.96,4154.725,4152.83,4153.945,309
1791282480,4153.95,4154.895,4153.54,4154.115,320
1791282540,4154.17,4154.245,4153.655,4154.22,213
1791282600,4154.305,4155.57,4154.25,4155.24,185
1791282660,4155.25,4156.48,4155.08,4155.75,190
1791282720,4155.7,4156.115,4155.385,4155.74,180
1791282780,4155.785,4158.225,4155.485,4156.96,345
1791282840,4156.98,4157.72,4156.82,4157.195,277
1791282900,4157.145,4158.8,4156.75,4157.945,409
1791282960,4157.93,4158.66,4157.365,4158.335,271
1791283020,4158.375,4158.995,4158.135,4158.595,170
1791283080,4158.645,4158.995,4158.14,4158.14,111
1791283140,4158.175,4158.325,4157.245,4157.59,256
1791283200,4157.605,4158.86,4157.335,4158.86,187
1791283260,4158.895,4160.135,4158.565,4158.66,358
1791283320,4158.685,4160.255,4158.52,4159.045,241
1791283380,4158.995,4160.55,4158.875,4160.25,513
1791283440,4160.245,4160.84,4159.7,4160.31,453
1791283500,4160.315,4160.66,4159.725,4159.87,195
1791283560,4159.9,4160.325,4158.92,4158.96,232
1791283620,4158.91,4159.695,4157.81,4159.63,323
1791283680,4159.735,4159.905,4158.6,4159.105,246
1791283740,4159.16,4159.95,4158.91,4159.645,152
1791283800,4159.695,4160.27,4159.06,4159.475,134
1791283860,4159.545,4160.23,4159.505,4159.74,164
1791283920,4159.72,4160.83,4159.325,4160.585,205
1791283980,4160.67,4160.785,4160.465,4160.465,84
1791284040,4160.52,4160.52,4160.08,4160.315,153
1791284100,4160.33,4160.535,4159.425,4159.55,176
1791284160,4159.6,4159.765,4159,4159.195,159
1791284220,4159.19,4159.605,4158.915,4159.325,134
1791284280,4159.315,4159.32,4158.445,4158.72,195
1791284340,4158.66,4159.09,4158.16,4158.455,202
1791284400,4158.48,4159.715,4157.905,4158.285,380
1791284460,4158.335,4158.46,4157.7,4158.105,223
1791284520,4158.12,4158.825,4158.035,4158.59,172
1791284580,4158.63,4158.63,4157.86,4157.96,148
1791284640,4157.965,4157.965,4157.25,4157.44,253
1791284700,4157.46,4157.74,4156.555,4157.105,145
1791284760,4157.005,4157.125,4156.485,4156.655,258
1791284820,4156.645,4157.245,4156.44,4156.45,127
1791284880,4156.475,4156.665,4155.985,4156.635,110
1791284940,4156.66,4157.06,4156.56,4156.73,128
1791285000,4156.685,4157.145,4156.225,4156.78,213
1791285060,4156.79,4159.135,4156.66,4159.1,267
1791285120,4159.205,4160.72,4159.1,4159.98,255
1791285180,4159.985,4160.97,4158.955,4160.17,363
1791285240,4160.16,4160.68,4159.24,4160.535,218
1791285300,4160.585,4161.97,4160.575,4161.3,310
1791285360,4161.27,4163.16,4160.835,4161.865,327
1791285420,4161.87,4162.895,4161.795,4162.895,296
1791285480,4162.92,4164.63,4162.92,4163.98,629
1791285540,4163.97,4164.95,4163.385,4163.94,368
1791285600,4163.99,4164.255,4163.01,4163.16,271
1791285660,4163.235,4164.73,4162.54,4164.48,377
1791285720,4164.495,4165.56,4164.145,4164.815,558
1791285780,4164.82,4165.955,4163.495,4163.495,430
1791285840,4163.575,4163.945,4162.04,4162.98,518
1791285900,4163.025,4164.75,4162.735,4164.75,350
1791285960,4164.775,4165.035,4162.9,4163.74,409
1791286020,4163.765,4164.955,4163.73,4163.77,429
1791286080,4163.805,4165.305,4163.79,4164.97,376
1791286140,4164.895,4165.465,4164.615,4164.83,313
1791286200,4164.895,4166.935,4164.625,4166.085,573
1791286260,4165.985,4166.84,4165.69,4165.805,384
1791286320,4165.92,4167.77,4165.395,4167.435,494
1791286380,4167.485,4169.345,4167.485,4169.305,401
1791286440,4169.255,4169.37,4167.95,4168.48,510
1791286500,4168.47,4168.93,4168.005,4168.93,332
1791286560,4168.93,4169.755,4167.975,4169.74,331
1791286620,4169.75,4169.81,4168.15,4168.465,634
1791286680,4168.48,4170.41,4168.435,4169.895,409
1791286740,4169.85,4171.965,4168.895,4170.16,713
1791286800,4170.145,4170.24,4168.855,4169.6,399
1791286860,4169.56,4170.135,4167.735,4168.785,556
1791286920,4168.7,4170.77,4168.635,4170.385,440
1791286980,4170.395,4172.575,4169.74,4172.425,682
1791287040,4172.4,4172.475,4171.29,4172.12,510
1791287100,4172.145,4172.56,4170.04,4172.555,462
1791287160,4172.59,4173.64,4171.955,4172.25,687
1791287220,4172.325,4174.02,4171.865,4173.575,561
1791287280,4173.59,4174.095,4172.635,4174.095,427
1791287340,4174.105,4174.105,4173.34,4173.605,361
1791287400,4173.625,4174.02,4173.165,4173.61,367
1791287460,4173.525,4174.58,4173.025,4174.28,537
1791287520,4174.305,4174.635,4173.555,4173.58,324
1791287580,4173.59,4174.03,4172.83,4172.92,395
1791287640,4172.915,4173.72,4171.925,4173.22,399
1791287700,4173.275,4173.71,4173.07,4173.165,285
1791287760,4173.155,4174.795,4172.645,4174.44,357
1791287820,4174.465,4174.845,4172.115,4172.555,453
1791287880,4172.58,4173.675,4172.34,4173.45,251
1791287940,4173.4,4173.795,4172.63,4173.44,352
1791288000,4173.49,4174.57,4173.105,4173.935,610
1791288060,4173.95,4176.28,4173.52,4175.65,652
1791288120,4175.63,4176.455,4175.205,4176.26,395
1791288180,4176.255,4177.08,4176.14,4176.55,385
1791288240,4176.56,4177.065,4175.725,4176.555,263
1791288300,4176.61,4177.28,4175.05,4175.425,469
1791288360,4175.445,4176.175,4174.76,4175.71,360
1791288420,4175.705,4176.525,4175.39,4176.125,315
1791288480,4176.105,4177.78,4175.825,4177.25,354
1791288540,4177.3,4177.3,4175.65,4175.895,319
1791288600,4175.96,4176.775,4175.12,4176.005,331
1791288660,4176.015,4176.985,4175.32,4176.92,367
1791288720,4176.955,4179.685,4176.92,4178.14,525
1791288780,4178.275,4178.56,4176.7,4177.8,455
1791288840,4177.77,4178.485,4177.25,4178.485,376
1791288900,4178.495,4178.66,4176.655,4177.055,422
1791288960,4177.065,4177.315,4176.22,4176.97,570
1791289020,4176.965,4176.965,4174.055,4174.3,432
1791289080,4174.315,4177.07,4174.17,4176.865,679
1791289140,4176.87,4177.215,4175.855,4176.48,462
1791289200,4176.49,4178.365,4174.73,4176.42,798
1791289260,4176.39,4178.07,4176.39,4178.04,485
1791289320,4178.14,4179.07,4176.41,4178.265,543
1791289380,4178.355,4179.185,4177.795,4179.15,410
1791289440,4179.2,4179.43,4178.205,4178.74,481
1791289500,4178.67,4179.605,4177.525,4178.945,406
1791289560,4179.005,4179.17,4175.32,4177.63,792
1791289620,4177.57,4177.81,4175.88,4176.095,638
1791289680,4176.165,4176.29,4175.005,4175.53,337
1791289740,4175.54,4175.865,4174.665,4175.855,274
1791289800,4176.04,4176.86,4173.405,4174,481
1791289860,4173.95,4174.68,4173.2,4173.535,569
1791289920,4173.535,4174.415,4173.17,4173.49,527
1791289980,4173.47,4173.575,4171.435,4171.485,474
1791290040,4171.51,4171.635,4170.265,4170.46,650
1791290100,4170.38,4171.585,4170.01,4171.06,496
1791290160,4171.065,4172.6,4170.44,4170.8,558
1791290220,4170.865,4174.815,4170.7,4174.58,807
1791290280,4174.565,4175.925,4174.465,4174.645,454
1791290340,4174.56,4175.83,4174.5,4174.885,341
1791290400,4174.85,4175.44,4173.555,4174.25,425
1791290460,4174.26,4175.105,4172.675,4173.04,501
1791290520,4173.03,4173.745,4171.375,4172.285,584
1791290580,4172.295,4172.5,4171.09,4171.78,442
1791290640,4171.815,4173.4,4171.815,4172.575,405
1791290700,4172.58,4172.87,4171.18,4171.67,438
1791290760,4171.715,4173.27,4170.35,4170.36,330
1791290820,4170.385,4170.775,4169.13,4169.13,513
1791290880,4169.075,4169.13,4167.625,4168.01,525
1791290940,4167.99,4168.395,4166.665,4167.4,470
1791291000,4167.405,4171.56,4165.805,4169.61,1568
1791291060,4169.575,4174.385,4167.72,4173.7,1317
1791291120,4173.675,4173.825,4170.485,4170.53,1088
1791291180,4170.545,4171.44,4169.38,4171.325,695
1791291240,4171.375,4171.375,4168.73,4169.24,587
1791291300,4169.265,4169.4,4167.565,4169.32,670
1791291360,4169.3,4170.265,4168.03,4168.14,534
1791291420,4168.105,4171.6,4167.845,4171.295,575
1791291480,4171.345,4171.395,4169.76,4170.035,305
1791291540,4170,4171.41,4169.99,4170.095,277
1791291600,4170.135,4171.54,4169.235,4171.41,516
1791291660,4171.36,4171.46,4169.44,4170.155,550
1791291720,4170.08,4171.4,4169.365,4169.455,568
1791291780,4169.5,4169.77,4168.28,4169.435,673
1791291840,4169.385,4169.805,4167.74,4168.145,472
1791291900,4168.105,4170.175,4168.065,4169.835,540
1791291960,4169.785,4171.005,4168.665,4170.155,505
1791292020,4170.145,4170.265,4169.21,4169.46,424
1791292080,4169.425,4170.515,4168.74,4170.305,319
1791292140,4170.255,4173.195,4170.13,4173.165,463
1791292200,4173.19,4173.63,4172.04,4172.64,463
1791292260,4172.655,4173.325,4171.375,4171.71,336
1791292320,4171.725,4174.09,4171.66,4173.775,621
1791292380,4173.7,4174.545,4172.715,4173.99,389
1791292440,4174,4174.395,4171.87,4172.305,299
1791292500,4172.255,4172.36,4170.11,4170.705,326
1791292560,4170.625,4171.11,4167.585,4167.92,433
1791292620,4167.905,4167.905,4165.615,4165.615,489
1791292680,4165.715,4165.915,4163.98,4164.425,321
1791292740,4164.485,4165.31,4162.94,4165.31,389
1791292800,4165.36,4167.125,4164.92,4166.395,480
1791292860,4166.315,4167.075,4165.81,4166.39,328
1791292920,4166.48,4166.965,4164.89,4165.25,394
1791292980,4165.215,4165.215,4163.025,4164.385,504
1791293040,4164.38,4165.08,4163.985,4164.77,453
1791293100,4164.79,4164.885,4162.79,4163.085,551
1791293160,4162.91,4163.62,4161.05,4162.225,531
1791293220,4162.155,4162.61,4161.235,4161.64,440
1791293280,4161.655,4162.335,4161.25,4162.08,363
1791293340,4162.14,4162.725,4161.43,4161.485,365
1791293400,4161.595,4164.51,4160.89,4164.115,1119
1791293460,4164.165,4165.105,4162.68,4164.26,1030
1791293520,4164.265,4164.27,4160.685,4161.915,1312
1791293580,4161.92,4162.48,4160.895,4162.105,1190
1791293640,4162.05,4162.915,4161.655,4161.675,907
1791293700,4161.68,4163.47,4161.09,4163.16,1066
1791293760,4163.115,4164.065,4162.48,4163.8,860
1791293820,4163.865,4164.745,4162.835,4162.835,475
1791293880,4162.735,4162.735,4160.54,4161.615,772
1791293940,4161.565,4161.865,4159.08,4159.78,446
1791294000,4159.68,4160.035,4156.755,4157.025,475
1791294060,4156.975,4158.225,4156.6,4157.205,799
1791294120,4157.18,4158.915,4155.67,4158.495,715
1791294180,4158.415,4160.015,4157.635,4158.095,503
1791294240,4158.06,4159.155,4157.645,4158.49,459
1791294300,4158.495,4158.495,4155.225,4156,846
1791294360,4156.025,4156.7,4154.985,4155.675,571
1791294420,4155.555,4156.77,4155.04,4155.465,820
1791294480,4155.455,4155.895,4154.99,4155.875,703
1791294540,4155.89,4156.315,4154.845,4155.855,686
1791294600,4155.825,4157.28,4155.525,4156.2,548
1791294660,4156.25,4157.68,4155.665,4156.56,497
1791294720,4156.52,4156.615,4154.52,4155,724
1791294780,4154.985,4156.085,4153.56,4155.83,611
1791294840,4155.805,4156.125,4154.03,4154.03,590
1791294900,4153.995,4154.66,4151.93,4154.21,978
1791294960,4154.165,4155.265,4153.505,4155.26,528
1791295020,4155.21,4155.31,4153.725,4154.375,680
1791295080,4154.38,4155.18,4153.345,4154.28,939
1791295140,4154.31,4154.73,4152.62,4152.625,1002
1791295200,4152.63,4155.425,4151.925,4154.465,990
1791295260,4154.54,4156.73,4153.66,4154.885,849
1791295320,4154.805,4156.105,4153.75,4154.06,804
1791295380,4154.01,4156.1,4153.97,4154.805,491
1791295440,4154.87,4158.04,4154.53,4155.715,791
1791295500,4155.725,4156.585,4154.92,4156.585,823
1791295560,4156.58,4157.785,4155.715,4156.865,990
1791295620,4156.82,4158.625,4156.705,4157.265,908
1791295680,4157.275,4157.37,4153.565,4154.005,573
1791295740,4153.91,4156.225,4153.285,4156.225,1115
1791295800,4156.23,4156.85,4153.4,4153.75,1001
1791295860,4153.865,4153.865,4152.13,4153.45,798
1791295920,4153.41,4153.845,4152.795,4153.215,773
1791295980,4153.13,4154.94,4152.895,4154.285,692
1791296040,4154.275,4155.765,4153.53,4154.9,603
1791296100,4154.935,4155.435,4154.055,4154.2,626
1791296160,4154.22,4154.305,4151.34,4151.44,451
1791296220,4151.34,4152.62,4150.885,4150.885,317
1791296280,4150.835,4151.345,4148.115,4148.78,510
1791296340,4148.765,4150.01,4147.905,4148.91,624
1791296400,4148.925,4149.6,4147.945,4148.33,491
1791296460,4148.38,4149.48,4148.165,4148.495,574
1791296520,4148.57,4149.575,4147.765,4147.88,539
1791296580,4147.93,4149.125,4147.68,4148.135,538
1791296640,4148.13,4148.285,4144.22,4146.535,854
1791296700,4146.55,4146.695,4145.36,4146.595,425
1791296760,4146.635,4147.07,4145.86,4146.05,491
1791296820,4146.055,4147.04,4145.34,4145.775,429
1791296880,4145.925,4146.42,4143.825,4144.95,388
1791296940,4145.035,4146.355,4144.56,4146.135,569
1791297000,4146.095,4146.465,4143.585,4144.54,548
1791297060,4144.59,4146.4,4144.54,4146.035,533
1791297120,4146,4147.585,4145.155,4147.125,1054
1791297180,4147.075,4149.15,4146.39,4148.585,473
1791297240,4148.6,4150.98,4148.015,4150.895,555
1791297300,4150.915,4152.155,4150.28,4151.64,463
1791297360,4151.71,4152.03,4150.225,4151.475,443
1791297420,4151.525,4152.385,4150.78,4150.79,522
1791297480,4150.84,4151.31,4149.645,4151.18,666
1791297540,4150.985,4151.2,4148.955,4149.43,705
1791297600,4149.42,4149.87,4148.645,4148.89,690
1791297660,4148.875,4150.195,4148.35,4150.035,608
1791297720,4149.99,4150.98,4149.315,4150.71,556
1791297780,4150.635,4152.84,4150.595,4152.475,617
1791297840,4152.455,4152.915,4151.965,4152.685,524
1791297900,4152.68,4153.15,4152.145,4152.945,863
1791297960,4152.89,4153.08,4151.19,4151.465,734
1791298020,4151.56,4151.815,4150.375,4150.965,559
1791298080,4151.035,4151.11,4149.17,4150.21,465
1791298140,4150.225,4152.13,4150.225,4151.01,390
1791298200,4151.105,4153.605,4151.01,4153.45,344
1791298260,4153.42,4155.475,4153.265,4155.325,419
1791298320,4155.275,4155.38,4153.78,4154.455,551
1791298380,4154.575,4157.25,4154.025,4157.035,475
1791298440,4157.03,4157.65,4155.28,4155.7,535
1791298500,4155.75,4155.945,4154.555,4155.27,368
1791298560,4155.22,4156.165,4155.17,4155.875,307
1791298620,4155.925,4155.925,4153.77,4154.17,297
1791298680,4154.025,4155.1,4153.345,4154.52,348
1791298740,4154.58,4156.9,4154.53,4156.27,302
1791298800,4156.36,4158.365,4155.875,4158.275,558
1791298860,4158.27,4158.755,4157.66,4158.07,652
1791298920,4158.055,4162,4157.55,4161.815,990
1791298980,4161.825,4163.72,4161.64,4162.81,1204
1791299040,4162.79,4163.21,4160.55,4160.935,834
1791299100,4160.985,4161.33,4160.205,4160.835,406
1791299160,4160.79,4163.93,4160.37,4163.375,823
1791299220,4163.485,4163.745,4159.56,4160.42,542
1791299280,4160.365,4160.755,4159.395,4160.235,495
1791299340,4160.285,4161.555,4159.725,4160.72,528
1791299400,4160.73,4162.665,4160.625,4162.61,530
1791299460,4162.615,4163.065,4161.555,4162.2,462
1791299520,4162.3,4162.925,4161.315,4162.66,293
1791299580,4162.655,4163.145,4161.95,4163.01,279
1791299640,4163.055,4163.27,4162.61,4162.625,298
1791299700,4162.62,4164.895,4162.62,4164.825,462
1791299760,4164.81,4164.85,4163.08,4163.19,411
1791299820,4163.225,4163.39,4162.055,4163.375,531
1791299880,4163.35,4163.405,4162.41,4163.27,357
1791299940,4163.25,4163.595,4162.035,4162.525,421
1791300000,4162.475,4164.05,4161.3,4164.05,619
1791300060,4164,4164.605,4163.14,4163.19,486
1791300120,4163.23,4163.275,4162.49,4162.95,350
1791300180,4163,4163.575,4162.275,4163.265,282
1791300240,4163.255,4163.915,4162.345,4163.51,387
1791300300,4163.56,4164.045,4162.595,4163.095,335
1791300360,4163.045,4164.245,4162.85,4163.995,315
1791300420,4164.045,4164.315,4162.76,4164.315,326
1791300480,4164.465,4165.115,4163.605,4164.205,473
1791300540,4164.155,4164.605,4162.755,4163.34,606
1791300600,4163.29,4164.15,4161.61,4161.61,542
1791300660,4161.66,4163.66,4161.51,4163.605,456
1791300720,4163.61,4164.95,4162.98,4164.94,401
1791300780,4165.14,4166.315,4165.09,4165.885,346
1791300840,4165.835,4169.08,4165.835,4168.455,370
1791300900,4168.48,4168.805,4165.3,4166.45,531
1791300960,4166.485,4167.49,4166.03,4166.695,411
1791301020,4166.745,4167.435,4166.51,4167.045,279
1791301080,4167.06,4167.26,4165.62,4166.875,363
1791301140,4166.835,4167.29,4166.32,4167.115,289
1791301200,4167.175,4167.225,4165.61,4166.65,455
1791301260,4166.85,4167.455,4166.49,4166.83,283
1791301320,4166.92,4167.04,4166.115,4167.005,316
1791301380,4166.95,4167.945,4166.94,4167.635,234
1791301440,4167.685,4169.28,4167.405,4169.025,460
1791301500,4169.01,4169.05,4166.42,4167.015,515
1791301560,4166.995,4168.63,4164.85,4168.525,1122
1791301620,4168.52,4169.035,4168.04,4168.225,901
1791301680,4168.28,4169.325,4168.27,4168.69,807
1791301740,4168.715,4169.18,4167.985,4168.28,704
1791301800,4168.33,4169.97,4168.275,4169.77,667
1791301860,4169.81,4170.56,4167.115,4167.19,861
1791301920,4167.18,4167.2,4165.57,4165.795,820
1791301980,4165.84,4165.98,4164.975,4165.495,795
1791302040,4165.425,4165.53,4164.225,4164.61,515
1791302100,4164.65,4165.67,4164.525,4165.25,537
1791302160,4165.275,4165.65,4164.12,4165.43,492
1791302220,4165.365,4165.78,4164.995,4165.005,324
1791302280,4165.045,4165.5,4164.335,4165.06,390
1791302340,4165.13,4165.325,4163.93,4164.71,445
1791302400,4164.695,4165.975,4163.44,4163.49,613
1791302460,4163.505,4163.77,4162.97,4163.59,595
1791302520,4163.62,4164.775,4163.62,4164.265,433
1791302580,4164.3,4165.16,4163.43,4163.43,595
1791302640,4163.42,4164.045,4162.275,4163.625,620
1791302700,4163.695,4164.02,4162.8,4163.615,523
1791302760,4163.59,4164.465,4163.405,4164.095,630
1791302820,4164.155,4164.82,4163.515,4164.34,468
1791302880,4164.415,4165.32,4162.675,4163.05,564
1791302940,4162.96,4163.22,4162.385,4163.11,408
1791303000,4163.1,4163.71,4162.35,4163.56,432
1791303060,4163.61,4163.61,4161.05,4161.65,417
1791303120,4161.66,4162.14,4161.125,4161.3,371
1791303180,4161.37,4162.32,4160.925,4161.445,486
1791303240,4161.47,4163.42,4161.245,4163.13,653
1791303300,4163.135,4163.745,4161.96,4163.075,404
1791303360,4163.125,4164.705,4163.045,4163.295,505
1791303420,4163.29,4163.845,4163.095,4163.435,551
1791303480,4163.45,4164.47,4163.355,4164.47,376
1791303540,4164.455,4164.65,4162.045,4162.59,438
1791303600,4162.54,4162.89,4162.02,4162.66,513
1791303660,4162.625,4163.805,4162.545,4163.47,421
1791303720,4163.66,4164.075,4162.865,4163.265,335
1791303780,4163.285,4165.01,4163.25,4164.53,288
1791303840,4164.55,4165.11,4163.13,4164.04,377
1791303900,4164.035,4164.035,4162.12,4162.905,398
1791303960,4162.885,4163.14,4162.395,4162.69,446
1791304020,4162.705,4162.785,4161.48,4161.795,381
1791304080,4161.8,4161.845,4160.585,4160.86,545
1791304140,4160.85,4161.185,4160.42,4160.87,429
1791304200,4160.845,4161.44,4160.655,4161.255,406
1791304260,4161.25,4161.6,4160.785,4161.185,407
1791304320,4161.2,4161.62,4160.56,4160.74,412
1791304380,4160.79,4160.815,4159.95,4160.665,479
1791304440,4160.65,4161.575,4160.045,4160.11,306
1791304500,4160.165,4160.95,4160.02,4160.715,389
1791304560,4160.68,4162.02,4160.345,4161.975,378
1791304620,4161.93,4161.995,4160.16,4160.55,359
1791304680,4160.475,4160.55,4159.285,4159.92,363
1791304740,4159.925,4160.79,4159.74,4160.61,329
1791304800,4160.675,4160.705,4159.58,4160.185,329
1791304860,4160.2,4160.2,4159.035,4159.825,346
1791304920,4159.875,4160.505,4159.545,4159.71,332
1791304980,4159.77,4160.205,4159.24,4160.16,277
1791305040,4160.065,4161.33,4159.98,4160.75,443
1791305100,4160.605,4161.68,4159.965,4160.745,358
1791305160,4160.74,4161.04,4159.58,4159.605,276
1791305220,4159.595,4159.955,4158.57,4159,290
1791305280,4158.985,4159.19,4156.145,4157.135,526
1791305340,4157.155,4157.45,4156.64,4156.88,379
1791305400,4156.885,4157.525,4156.595,4157.045,332
1791305460,4157.04,4157.09,4156.555,4156.845,235
1791305520,4156.85,4156.9,4156.46,4156.58,297
1791305580,4156.62,4156.65,4155.47,4156.01,345
1791305640,4155.975,4156.06,4155.135,4155.755,401
1791305700,4155.73,4156.05,4154.37,4154.71,580
1791305760,4154.62,4155.265,4154.205,4155.08,325
1791305820,4155.13,4156.32,4155.06,4155.545,381
1791305880,4155.505,4156.395,4155.44,4155.77,295
1791305940,4155.775,4157.12,4155.775,4156.86,359
1791306000,4156.915,4157.92,4156.69,4157.38,411
1791306060,4157.385,4157.835,4157,4157.835,286
1791306120,4157.8,4157.995,4156.55,4156.91,463
1791306180,4156.84,4158.23,4156.815,4157.82,425
1791306240,4157.83,4159.62,4157.695,4159.53,380
1791306300,4159.535,4160.895,4159.52,4160.515,289
1791306360,4160.52,4161.31,4160.34,4161.07,226
1791306420,4161.065,4161.875,4160.415,4161.71,221
1791306480,4161.625,4162.95,4161.475,4162.265,288
1791306540,4162.26,4163.77,4161.815,4163.675,345
1791306600,4163.665,4164,4163.27,4163.785,455
1791306660,4163.78,4164.745,4163.615,4164.175,311
1791306720,4164.18,4164.47,4162.63,4162.63,395
1791306780,4162.635,4163.045,4162.2,4162.665,508
1791306840,4162.7,4163.115,4161.89,4162.3,293
1791306900,4162.365,4162.865,4161.955,4162.67,294
1791306960,4162.74,4164.27,4162.685,4163.215,414
1791307020,4163.2,4163.755,4162.475,4162.535,294
1791307080,4162.64,4162.835,4161.75,4162.24,306
1791307140,4162.145,4162.46,4161.125,4161.25,315
1791307200,4161.245,4162.24,4160.41,4162.02,602
1791307260,4162.08,4162.49,4159.73,4161.165,652
1791307320,4161.195,4161.315,4158.795,4159.74,602
1791307380,4159.72,4159.99,4157.795,4158.985,607
1791307440,4159.035,4160.025,4158.445,4160.015,700
1791307500,4160.01,4160.48,4159.425,4160.265,438
1791307560,4160.295,4161.245,4160.19,4160.25,319
1791307620,4160.18,4160.185,4158.915,4159.85,500
1791307680,4159.79,4160.3,4158.995,4158.995,348
1791307740,4159.005,4161.105,4158.195,4160.935,770
1791307800,4160.885,4161.2,4160.36,4160.44,445
1791307860,4160.52,4161.915,4160.35,4161,482
1791307920,4160.995,4161.485,4160.73,4161.345,383
1791307980,4161.285,4162.865,4161.17,4162.8,354
1791308040,4162.76,4163.625,4162.545,4163,343
1791308100,4162.92,4163.895,4162.695,4163.455,430
1791308160,4163.46,4163.465,4162.585,4163.205,323
1791308220,4163.235,4163.765,4163.14,4163.17,328
1791308280,4163.22,4163.375,4162.55,4163.095,252
1791308340,4163.145,4163.375,4162.39,4162.39,324
1791308400,4162.395,4163.22,4162.15,4163.13,346
1791308460,4163.135,4164.165,4162.925,4164.03,248
1791308520,4164.105,4164.615,4163.535,4163.82,301
1791308580,4163.815,4165.435,4163.625,4165.215,513
1791308640,4165.225,4165.49,4164.915,4164.975,430
1791308700,4164.965,4165.125,4163.89,4164.445,482
1791308760,4164.415,4164.645,4163.71,4164.25,393
1791308820,4164.195,4164.435,4163.9,4164.24,231
1791308880,4164.255,4164.785,4164.115,4164.745,251
1791308940,4164.695,4165.15,4164.37,4165.15,297
1791309000,4165.165,4165.865,4164.96,4165.13,330
1791309060,4165.105,4166.01,4165.105,4165.96,343
1791309120,4165.915,4166.33,4165.69,4166.005,333
1791309180,4166.03,4166.21,4165.545,4165.595,223
1791309240,4165.65,4166.03,4164.305,4165.05,548
1791309300,4165.035,4165.285,4164.695,4164.775,387
1791309360,4164.755,4165.02,4164.255,4164.36,266
1791309420,4164.345,4165.39,4164.25,4165.385,317
1791309480,4165.375,4165.65,4164.8,4165.55,238
1791309540,4165.5,4165.545,4164.82,4164.875,389
1791309600,4164.89,4165.39,4164.565,4164.705,348
1791309660,4164.735,4165.705,4164.25,4165.47,475
1791309720,4165.42,4165.965,4165.36,4165.88,343
1791309780,4165.885,4167.165,4165.885,4167.165,404
1791309840,4167.175,4167.195,4166.56,4166.775,358
1791309900,4166.705,4167.2,4166.255,4166.44,312
1791309960,4166.405,4167.47,4166.34,4167.385,365
1791310020,4167.365,4168.305,4167.175,4167.86,460
1791310080,4167.78,4168.24,4167.74,4167.98,320
1791310140,4167.97,4168.02,4167.08,4167.545,359
1791310200,4167.56,4168.285,4167.56,4168.215,314
1791310260,4168.27,4168.58,4167.86,4168.485,267
1791310320,4168.49,4168.875,4168.25,4168.745,288
1791310380,4168.805,4169.33,4168.14,4169.33,382
1791310440,4169.375,4170.055,4168.975,4169.67,383
1791310500,4169.625,4170.29,4169.59,4170.105,458
1791310560,4170.125,4170.445,4169.83,4169.845,485
1791310620,4169.85,4171.065,4169.705,4170.92,455
1791310680,4170.95,4172.61,4170.92,4172.415,543
1791310740,4172.425,4172.99,4171.855,4171.975,465
1791310800,4171.93,4172.1,4170.82,4171.345,523
1791310860,4171.34,4171.41,4170.745,4171.025,377
1791310920,4171.02,4171.265,4169.8,4170.23,423
1791310980,4170.235,4170.67,4168.265,4168.265,513
1791311040,4168.28,4169.515,4167.825,4169.285,461
1791311100,4169.3,4169.335,4168.47,4168.96,386
1791311160,4168.945,4170.22,4168.65,4170.16,446
1791311220,4170.175,4170.525,4169.165,4169.17,451
1791311280,4169.165,4169.68,4168.8,4168.85,675
1791311340,4168.785,4169.23,4168.21,4169.035,551
1791311400,4169.05,4169.585,4168.395,4168.88,494
1791311460,4168.885,4168.97,4167.69,4167.885,507
1791311520,4167.92,4168.345,4167.63,4167.86,466
1791311580,4167.855,4168.105,4167.615,4167.8,343
1791311640,4167.845,4168.2,4167.475,4167.55,311
1791311700,4167.56,4168.09,4167.49,4167.54,467
1791311760,4167.545,4167.975,4166.565,4167.87,429
1791311820,4167.845,4168.435,4167.155,4168.43,410
1791311880,4168.46,4168.75,4168,4168.225,415
1791311940,4168.265,4168.385,4167.76,4167.825,345
1791312000,4167.8,4168.18,4167.135,4168.095,277
1791312060,4168.13,4168.7,4167.925,4168.51,442
1791312120,4168.485,4170.035,4168.47,4169.93,464
1791312180,4169.905,4170.255,4169.55,4169.875,387
1791312240,4169.89,4170.31,4169.755,4170.205,329
1791312300,4170.27,4170.605,4169.61,4169.97,412
1791312360,4169.875,4169.995,4169.125,4169.735,380
1791312420,4169.76,4171.64,4169.68,4171.495,413
1791312480,4171.52,4172.715,4171.52,4172.365,348
1791312540,4172.285,4172.975,4172.145,4172.85,241
1791312600,4172.915,4173.195,4172.44,4173.095,355
1791312660,4173.045,4173.17,4172.69,4173.16,276
1791312720,4173.155,4173.165,4171.9,4172.355,347
1791312780,4172.35,4172.56,4172.07,4172.07,240
1791312840,4172,4172.225,4171.925,4172.105,221
1791312900,4172.185,4174.965,4172.165,4174.94,444
1791312960,4174.91,4176.555,4174.645,4176.41,354
1791313020,4176.375,4176.77,4175.38,4175.99,351
1791313080,4176,4176.59,4176,4176.315,277
1791313140,4176.36,4176.38,4175.64,4175.71,318
1791313200,4175.7,4179.45,4175.565,4176.84,941
1791313260,4176.83,4178.9,4175.915,4178.59,599
1791313320,4178.595,4184.385,4178.595,4180.84,1221
1791313380,4180.88,4180.885,4177.985,4178.065,765
1791313440,4178.08,4178.285,4177.12,4177.865,673
1791313500,4177.9,4178.445,4177.805,4178.28,460
1791313560,4178.275,4178.295,4176.76,4176.87,412
1791313620,4176.885,4177.405,4176.585,4177.14,317
1791313680,4177.12,4177.915,4176.97,4177.65,426
1791313740,4177.625,4177.67,4176.435,4176.55,390
1791313800,4176.565,4177.01,4176.445,4176.715,437
1791313860,4176.72,4176.835,4175.405,4175.565,350
1791313920,4175.515,4175.605,4175.115,4175.225,345
1791313980,4175.255,4176.81,4175.13,4176.125,351
1791314040,4176.09,4176.485,4175.95,4176.3,343
1791314100,4176.315,4177.08,4176.1,4177.05,308
1791314160,4177.06,4177.285,4176.295,4177.04,345
1791314220,4177.075,4177.305,4176.06,4176.115,351
1791314280,4176.105,4176.105,4173.735,4173.765,477
1791314340,4173.76,4174.295,4173.755,4174.23,315
1791314400,4174.215,4175.53,4174.15,4174.935,415
1791314460,4174.94,4175.165,4174.56,4174.605,365
1791314520,4174.62,4174.645,4174.005,4174.005,249
1791314580,4174.035,4174.1,4173.44,4174.1,260
1791314640,4174.07,4174.175,4173.585,4173.615,300
1791314700,4173.58,4174.59,4173.555,4173.62,289
1791314760,4173.625,4174.025,4173.49,4173.72,352
1791314820,4173.655,4174.05,4172.94,4173.24,312
1791314880,4173.23,4173.495,4172.295,4172.48,467
1791314940,4172.385,4172.53,4171.805,4171.94,521
1791315000,4171.98,4171.98,4170.615,4171.4,411
1791315060,4171.405,4171.87,4171.18,4171.43,433
1791315120,4171.425,4171.52,4170.45,4170.825,306
1791315180,4170.765,4170.765,4169.79,4170.19,325
1791315240,4170.2,4170.315,4169.065,4169.065,337
1791315300,4169.04,4169.67,4168.91,4169.3,352
1791315360,4169.305,4169.73,4168.775,4169.02,322
1791315420,4168.97,4169.09,4168.145,4168.235,262
1791315480,4168.24,4169.165,4168.06,4169.055,303
1791315540,4169.05,4169.35,4168.51,4168.51,257
1791315600,4168.595,4169.28,4168.585,4169.25,362
1791315660,4169.235,4169.235,4168.895,4169.01,167
1791315720,4169.045,4169.61,4169,4169.24,330
1791315780,4169.245,4169.625,4169.05,4169.075,452
1791315840,4169.07,4169.255,4168.605,4168.85,423
1791315900,4168.86,4170.01,4168.67,4169.76,433
1791315960,4169.755,4170.01,4168.96,4169.085,481
1791316020,4169.09,4169.515,4168.81,4169.14,329
1791316080,4169.145,4169.275,4168.455,4168.74,232
1791316140,4168.715,4168.81,4167.09,4167.255,381
1791316200,4167.21,4168.205,4166.895,4166.945,454
1791316260,4166.975,4167.805,4166.68,4166.78,402
1791316320,4166.81,4167.695,4166.81,4167.45,503
1791316380,4167.455,4167.635,4167.02,4167.52,444
1791316440,4167.495,4167.99,4166.97,4167.43,426
1791316500,4167.345,4168.825,4167.265,4168.43,633
1791316560,4168.45,4169.44,4168.42,4169.345,369
1791316620,4169.265,4169.355,4168.445,4169.14,403
1791316680,4169.12,4169.63,4168.68,4169.085,724
1791316740,4169.1,4169.91,4169.08,4169.56,1122
1791316800,4169.565,4170.175,4169.285,4169.54,414
1791316860,4169.55,4169.57,4168.715,4169.07,270
1791316920,4169.065,4169.13,4167.83,4168.56,231
1791316980,4168.705,4169.065,4168.45,4168.455,173
1791317040,4168.48,4168.935,4168.345,4168.925,116
1791317100,4168.905,4168.99,4168.425,4168.65,137
1791317160,4168.645,4168.925,4168.335,4168.43,152
1791317220,4168.445,4168.975,4168.39,4168.85,117
1791317280,4168.7,4169.455,4168.7,4168.925,132
1791317340,4168.82,4169.16,4168.615,4169.09,206
1791317400,4169.08,4170.275,4168.97,4169.265,237
1791317460,4169.235,4169.245,4168.48,4168.565,172
1791317520,4168.57,4168.855,4168.15,4168.5,115
1791317580,4168.45,4168.555,4168.085,4168.135,148
1791317640,4168.15,4168.43,4167.86,4167.865,112
1791317700,4167.815,4167.86,4167.52,4167.62,54
1791317760,4167.665,4167.975,4166.61,4166.69,234
1791317820,4166.715,4167.3,4166.64,4167.055,107
1791317880,4166.955,4167,4166.11,4166.33,124
1791317940,4166.305,4166.33,4164.9,4164.94,199
1791318000,4164.995,4165.545,4163.98,4164.645,237
1791318060,4164.675,4164.78,4163.485,4163.485,110
1791318120,4163.615,4164.105,4163.335,4164.05,138
1791318180,4164.15,4164.17,4163.355,4163.505,119
1791318240,4163.565,4164.13,4163.38,4163.885,155
1791318300,4163.835,4164.345,4163.075,4163.155,168
1791318360,4163.18,4163.425,4162.62,4162.88,142
1791318420,4162.86,4163.38,4162.445,4163.205,154
1791318480,4163.155,4163.505,4163.105,4163.505,104
1791318540,4163.51,4164.5,4163.51,4164.135,143
1791318600,4164.085,4164.49,4163.54,4164.105,195
1791318660,4164.12,4164.15,4163.585,4163.6,77
1791318720,4163.55,4163.55,4163.04,4163.245,53
1791318780,4163.295,4163.295,4162.545,4162.82,73
1791318840,4162.87,4163.345,4162.735,4163.025,101
1791318900,4163.08,4163.115,4162.515,4162.985,115
1791318960,4163.015,4163.61,4162.99,4163.465,120
1791319020,4163.505,4164.075,4163.505,4163.515,110
1791319080,4163.465,4164.495,4163.465,4164.1,75
1791319140,4164.075,4164.385,4163.86,4163.985,77
1791319200,4163.97,4163.97,4163.335,4163.835,190
1791319260,4163.765,4163.935,4163.545,4163.705,130
1791319320,4163.655,4163.705,4162.59,4163.14,104
1791319380,4163.155,4163.185,4162.97,4162.995,49
1791319440,4163.01,4163.425,4162.98,4163.42,100
1791319500,4163.395,4163.435,4162.305,4162.55,108
1791319560,4162.545,4162.82,4162.2,4162.68,81
1791319620,4162.685,4163.195,4162.685,4163.055,67
1791319680,4163.02,4163.25,4162.355,4162.995,101
1791319740,4162.99,4163.305,4162.545,4162.99,146
1791319800,4163.055,4163.4,4162.955,4163.285,110
1791319860,4163.275,4164.4,4163.18,4164.39,100
1791319920,4164.4,4164.84,4163.99,4164.01,115
1791319980,4164.02,4164.33,4163.8,4164.26,114
1791320040,4164.285,4164.495,4163.84,4163.99,104
1791320100,4163.945,4164.09,4163.415,4163.64,171
1791320160,4163.63,4163.715,4163.235,4163.235,139
1791320220,4163.27,4163.755,4163.125,4163.74,92
1791320280,4163.79,4164.03,4163.62,4163.855,112
1791320340,4163.855,4163.855,4163.855,4163.855,1
1791324240,4166.64,4166.785,4166.64,4166.74,4
1791324300,4166.65,4166.705,4165.445,4165.935,195
1791324360,4165.93,4166.41,4165.445,4166.055,161
1791324420,4166.045,4166.815,4166.04,4166.365,180
1791324480,4166.37,4166.94,4166.315,4166.395,162
1791324540,4166.385,4166.61,4166.115,4166.245,166
1791324600,4166.26,4166.915,4166.21,4166.65,129
1791324660,4166.67,4166.94,4166.235,4166.85,172
1791324720,4166.84,4167.265,4166.74,4166.79,77
1791324780,4166.795,4167.31,4166.785,4166.835,104
1791324840,4166.825,4167.22,4166.595,4166.705,133
1791324900,4166.485,4166.685,4166.175,4166.175,46
1791324960,4166.175,4166.73,4166.175,4166.625,42
1791325020,4166.77,4167.035,4166.525,4166.575,34
1791325080,4166.645,4166.66,4166.28,4166.45,36
1791325140,4166.525,4166.68,4166.395,4166.575,17
1791325200,4166.555,4166.765,4166.285,4166.35,34
1791325260,4166.37,4166.695,4166.37,4166.41,23
1791325320,4166.54,4166.87,4166.375,4166.725,33
1791325380,4166.68,4166.785,4166.53,4166.57,19
1791325440,4166.565,4166.995,4166.565,4166.785,33
1791325500,4166.845,4167.325,4166.48,4167.31,121
1791325560,4167.315,4167.435,4166.61,4166.805,101
1791325620,4166.775,4167.605,4166.62,4167.44,67
1791325680,4167.375,4167.505,4166.865,4166.865,23
1791325740,4166.86,4166.875,4166.09,4166.145,42
1791325800,4165.985,4166.005,4165.12,4165.195,114
1791325860,4165.125,4165.125,4164.515,4164.76,126
1791325920,4164.7,4165.295,4164.595,4164.63,90
1791325980,4164.615,4165.14,4164.485,4164.865,148
1791326040,4164.88,4165.01,4164.06,4164.155,109
1791326100,4164.17,4164.615,4163.77,4163.84,135
1791326160,4163.845,4164.57,4163.845,4164.235,90
1791326220,4164.265,4164.415,4164.01,4164.275,39
1791326280,4164.325,4164.515,4163.67,4163.675,81
1791326340,4163.625,4163.77,4163.26,4163.355,29
1791326400,4163.365,4163.365,4162.53,4162.53,67
1791326460,4162.67,4162.715,4162.5,4162.515,47
1791326520,4162.505,4163.29,4162.44,4162.935,52
1791326580,4162.9,4163.165,4162.5,4163.165,57
1791326640,4163.355,4163.53,4163.255,4163.305,31
1791326700,4163.25,4164.36,4162.85,4163.6,178
1791326760,4163.595,4163.75,4162.83,4162.925,168
1791326820,4162.92,4163.205,4162.82,4162.95,79
1791326880,4162.96,4163.545,4162.88,4163.305,94
1791326940,4163.41,4163.44,4162.925,4163.145,89
1791327000,4163.275,4163.44,4162.62,4162.83,53
1791327060,4162.72,4163.03,4162.67,4162.905,36
1791327120,4162.86,4162.87,4161.905,4162.005,113
1791327180,4161.955,4162.4,4161.565,4162.195,75
1791327240,4162.23,4162.83,4162.165,4162.735,82
1791327300,4162.785,4163.6,4162.585,4163.225,63
1791327360,4163.165,4163.57,4162.995,4163.345,89
1791327420,4163.36,4163.36,4163.015,4163.06,34
1791327480,4163.015,4163.235,4162.75,4162.99,62
1791327540,4163.03,4163.425,4162.925,4163.39,104
1791327600,4163.38,4163.43,4162.605,4162.96,181
1791327660,4162.97,4163.855,4162.97,4163.075,126
1791327720,4163.025,4163.56,4162.835,4163.485,99
1791327780,4163.54,4165.475,4163.525,4164.11,158
1791327840,4164.075,4164.075,4163.785,4163.81,38
1791327900,4163.705,4165.605,4163.46,4164.825,210
1791327960,4164.74,4165.275,4164.555,4165.27,109
1791328020,4165.255,4165.255,4164.045,4164.16,93
1791328080,4164.175,4164.505,4164.145,4164.385,63
1791328140,4164.445,4164.445,4164.28,4164.31,41
1791328200,4164.325,4165.98,4164.325,4165.665,78
1791328260,4165.765,4165.765,4165.425,4165.43,48
1791328320,4165.38,4165.525,4165.24,4165.31,28
1791328380,4165.325,4165.59,4165.11,4165.59,33
1791328440,4165.505,4165.505,4165.22,4165.27,18
1791328500,4165.265,4166.02,4165.165,4165.595,66
1791328560,4165.59,4165.805,4165.48,4165.495,35
1791328620,4165.42,4165.68,4165.385,4165.385,49
1791328680,4165.52,4166.71,4165.52,4166.465,66
1791328740,4166.47,4166.57,4166.085,4166.11,45
1791328800,4166.035,4166.035,4165.48,4165.635,60
1791328860,4165.605,4165.605,4165.285,4165.48,42
1791328920,4165.455,4165.68,4165.42,4165.595,37
1791328980,4165.565,4166.045,4165.545,4166.045,42
1791329040,4166.065,4166.665,4166.05,4166.58,78
1791329100,4166.52,4168.51,4166.515,4168.37,186
1791329160,4168.35,4168.66,4167.685,4167.685,100
1791329220,4167.695,4168.81,4167.695,4168.8,142
1791329280,4168.79,4169.32,4168.32,4168.55,266
1791329340,4168.48,4169.935,4168.27,4169.22,215
1791329400,4169.18,4169.465,4168.875,4169.435,261
1791329460,4169.41,4170,4168.455,4168.525,239
1791329520,4168.475,4169.185,4168.465,4168.905,136
1791329580,4168.9,4168.915,4167.65,4168.495,234
1791329640,4168.45,4168.45,4167.705,4167.745,253
1791329700,4167.77,4168.395,4167.725,4167.79,213
1791329760,4167.8,4168.165,4167.525,4167.645,197
1791329820,4167.655,4167.845,4167.445,4167.845,117
1791329880,4167.84,4168.005,4167.39,4167.445,151
1791329940,4167.435,4167.715,4166.59,4166.595,141
1791330000,4166.59,4166.59,4165.84,4165.84,66
1791330060,4165.935,4166.29,4165.435,4166.22,96
1791330120,4166.27,4167.215,4166.22,4166.995,97
1791330180,4167.05,4167.18,4166.545,4166.77,123
1791330240,4166.84,4167.18,4166.63,4166.63,51
1791330300,4166.715,4167.085,4166.015,4166.435,201
1791330360,4166.485,4166.815,4166.14,4166.355,127
1791330420,4166.255,4166.42,4165.86,4166.165,125
1791330480,4166.25,4166.35,4165.525,4165.91,143
1791330540,4165.93,4166.39,4165.81,4166.03,98
1791330600,4166.075,4166.865,4166.03,4166.77,129
1791330660,4166.775,4167.355,4166.485,4167.32,93
1791330720,4167.325,4168.085,4167.325,4167.985,131
1791330780,4167.965,4168.015,4166.96,4167.485,163
1791330840,4167.5,4167.875,4167.315,4167.605,134
1791330900,4167.595,4167.595,4166.94,4167.37,197
1791330960,4167.355,4167.47,4166.76,4166.78,126
1791331020,4166.82,4166.82,4166.06,4166.355,331
1791331080,4166.385,4166.6,4165.935,4165.96,208
1791331140,4166.065,4166.47,4165.865,4165.955,119
1791331200,4165.89,4166.465,4163.84,4164.72,954
1791331260,4164.7,4166.12,4164.395,4165.715,886
1791331320,4165.695,4166.725,4165.25,4165.29,668
1791331380,4165.295,4165.625,4164.865,4164.895,367
1791331440,4164.925,4165.11,4163.79,4164.115,411
1791331500,4164.14,4165.325,4163.87,4164.115,322
1791331560,4164.15,4164.5,4163.67,4164,210
1791331620,4164.04,4164.285,4163.38,4163.68,165
1791331680,4163.675,4164.565,4162.655,4162.655,314
1791331740,4162.645,4163.83,4162.11,4163.38,331
1791331800,4163.4,4165.25,4163.235,4163.84,326
1791331860,4163.845,4166.705,4163.515,4166.575,298
1791331920,4166.58,4169.605,4166.4,4168.725,480
1791331980,4168.715,4168.785,4167.43,4168.18,393
1791332040,4168.215,4169.04,4168.215,4169.02,233
1791332100,4169.01,4169.16,4166.535,4167.085,527
1791332160,4167.09,4169.39,4166.97,4168.885,447
1791332220,4168.835,4169,4167.045,4167.815,594
1791332280,4167.78,4167.78,4166.28,4166.455,562
1791332340,4166.495,4166.63,4164.945,4165.635,499
1791332400,4165.63,4165.955,4163.8,4163.855,438
1791332460,4163.885,4164.105,4162.29,4163.075,311
1791332520,4163.11,4163.395,4162.485,4162.5,290
1791332580,4162.465,4163.36,4162.345,4163.205,250
1791332640,4163.18,4163.44,4162.49,4162.99,374
1791332700,4162.925,4163.425,4162.08,4162.38,371
1791332760,4162.43,4162.63,4161.42,4161.95,386
1791332820,4162.15,4162.33,4161.715,4162.095,217
1791332880,4162.105,4162.19,4160.25,4160.655,335
1791332940,4160.63,4161.475,4160.09,4160.22,423
1791333000,4160.175,4160.47,4158.69,4158.915,579
1791333060,4158.885,4159.565,4158.51,4159.23,446
1791333120,4159.235,4159.26,4157.105,4158.05,484
1791333180,4158.155,4158.315,4155.73,4156.25,469
1791333240,4156.085,4156.965,4155.625,4156.965,417
1791333300,4156.98,4157.445,4155.55,4156.98,538
1791333360,4157,4158.345,4156.725,4158.22,442
1791333420,4158.225,4160.005,4158.19,4159.98,474
1791333480,4159.985,4160.545,4159.48,4159.99,443
1791333540,4159.945,4161.235,4159.665,4160.95,364
1791333600,4160.915,4161.68,4160.45,4161.52,254
1791333660,4161.53,4162.025,4160.86,4161.145,394
1791333720,4161.195,4161.72,4160.96,4161.225,326
1791333780,4161.28,4162.745,4160.14,4161.73,527
1791333840,4161.715,4162.405,4161.665,4162.375,357
1791333900,4162.365,4162.625,4160.035,4160.3,434
1791333960,4160.275,4160.555,4158.385,4158.4,434
1791334020,4158.47,4158.47,4157.565,4157.75,284
1791334080,4157.68,4159.26,4157.55,4158.695,332
1791334140,4158.645,4158.735,4157.485,4158.265,161
1791334200,4158.165,4158.565,4157.11,4157.92,228
1791334260,4157.965,4158.015,4157.16,4157.915,206
1791334320,4157.865,4158.46,4156.8,4158.325,237
1791334380,4158.275,4158.275,4157.305,4157.46,192
1791334440,4157.435,4158.305,4157.395,4157.98,171
1791334500,4157.93,4157.93,4156.605,4156.895,210
1791334560,4156.845,4156.995,4156.375,4156.58,220
1791334620,4156.625,4157.04,4155.55,4156.835,273
1791334680,4156.97,4157.595,4156.845,4157.19,306
1791334740,4157.085,4157.235,4155.805,4156.235,334
1791334800,4156.165,4156.285,4154.23,4154.325,592
1791334860,4154.235,4155.28,4153.095,4153.095,413
1791334920,4153.105,4154.195,4152.84,4153.395,398
1791334980,4153.35,4153.835,4152.73,4153.075,331
1791335040,4153.065,4153.91,4152.25,4153.9,389
1791335100,4153.955,4153.97,4152.64,4152.905,385
1791335160,4153.005,4154.38,4151.79,4153.2,362
1791335220,4153.305,4153.55,4152.3,4152.83,256
1791335280,4152.78,4153.705,4152.615,4153.37,210
1791335340,4153.42,4153.965,4152.72,4153.58,237
1791335400,4153.555,4153.555,4152.35,4152.825,257
1791335460,4152.91,4153.46,4152.55,4152.975,213
1791335520,4153.05,4154.115,4152.7,4153.33,227
1791335580,4153.28,4153.73,4152.675,4152.825,162
1791335640,4152.925,4153.31,4152.045,4152.15,211
1791335700,4152.095,4152.705,4151.69,4151.975,301
1791335760,4151.94,4153.28,4151.725,4152.62,235
1791335820,4152.57,4152.76,4151.81,4152.36,164
1791335880,4152.315,4152.365,4151.59,4151.725,151
1791335940,4151.675,4152.12,4151.295,4152.12,175
1791336000,4152.035,4152.345,4151.195,4151.2,305
1791336060,4151.19,4151.19,4150.155,4150.17,273
1791336120,4150.28,4150.775,4150.16,4150.42,204
1791336180,4150.41,4150.455,4149.89,4150.075,370
1791336240,4150.025,4150.66,4149.84,4150.575,324
1791336300,4150.58,4151.46,4150.33,4151.35,523
1791336360,4151.355,4152.63,4151.25,4152,565
1791336420,4152.06,4152.935,4152.02,4152.585,281
1791336480,4152.635,4153.02,4152.19,4152.785,227
1791336540,4152.705,4153.125,4152.265,4152.42,330
1791336600,4152.345,4154.545,4152.12,4154.065,726
1791336660,4154.06,4154.77,4153.595,4154.685,423
1791336720,4154.605,4155.12,4153.8,4154.045,300
1791336780,4154.085,4154.65,4153.96,4154.315,308
1791336840,4154.33,4154.64,4152.16,4152.575,533
1791336900,4152.605,4153.555,4151.69,4153.18,334
1791336960,4153.15,4153.89,4153.145,4153.675,190
1791337020,4153.715,4154.285,4153.2,4153.675,308
1791337080,4153.8,4153.885,4152.375,4153.085,395
1791337140,4153.16,4154.62,4152.72,4153.75,414
1791337200,4153.74,4154.215,4153.2,4154.135,273
1791337260,4154.145,4154.355,4152.36,4152.405,287
1791337320,4152.435,4152.485,4150.43,4151,284
1791337380,4151.03,4151.03,4149.455,4149.545,265
1791337440,4149.58,4151.405,4149.45,4151.225,312
1791337500,4151.215,4151.89,4150.665,4150.73,234
1791337560,4150.735,4150.915,4148.235,4148.455,292
1791337620,4148.405,4149.69,4148.405,4149.62,226
1791337680,4149.615,4150.725,4149.35,4149.705,217
1791337740,4149.605,4150.195,4149.165,4149.725,245
1791337800,4149.735,4149.96,4147.34,4147.72,284
1791337860,4147.62,4148.32,4147.25,4148.235,228
1791337920,4148.245,4148.745,4148.02,4148.265,238
1791337980,4148.305,4148.305,4147.565,4147.765,290
1791338040,4147.81,4147.81,4146.315,4147.26,227
1791338100,4147.21,4148.51,4147.035,4147.89,325
1791338160,4147.94,4148.625,4147.515,4147.785,237
1791338220,4147.835,4148.26,4147.645,4147.86,172
1791338280,4147.85,4148.115,4147.39,4147.6,178
1791338340,4147.55,4147.995,4147.095,4147.31,213
1791338400,4147.3,4147.89,4146.255,4146.505,289
1791338460,4146.55,4146.585,4145.395,4145.6,207
1791338520,4145.65,4146.185,4145.08,4145.495,223
1791338580,4145.515,4146.025,4144.76,4145.27,311
1791338640,4145.265,4145.48,4144.16,4144.95,489
1791338700,4144.905,4144.905,4142.765,4142.975,453
1791338760,4142.97,4143.575,4141.51,4142.2,521
1791338820,4142.22,4142.79,4140.275,4141.31,467
1791338880,4141.255,4144.525,4141.255,4143.1,371
1791338940,4143,4143.135,4142.295,4142.92,377
1791339000,4142.915,4143.945,4142.84,4143.62,460
1791339060,4143.68,4144.22,4142.645,4142.775,396
1791339120,4142.945,4144.015,4142.395,4143.89,399
1791339180,4143.88,4144.285,4143.18,4144.265,338
1791339240,4144.27,4144.4,4142.145,4142.975,578
1791339300,4142.98,4143.715,4142.37,4143.64,560
1791339360,4143.63,4144.535,4143.46,4143.64,504
1791339420,4143.585,4144.485,4142.995,4144.41,479
1791339480,4144.425,4144.995,4144.085,4144.26,461
1791339540,4144.195,4144.37,4143.605,4143.64,474
1791339600,4143.65,4144.115,4143.165,4143.855,428
1791339660,4143.845,4144.31,4143.34,4143.37,557
1791339720,4143.365,4143.425,4142.665,4143.25,527
1791339780,4143.23,4144.455,4143.14,4143.965,499
1791339840,4144.03,4144.44,4143.465,4143.57,296
1791339900,4143.575,4145.665,4143.385,4145.615,483
1791339960,4145.735,4146.135,4145.23,4145.645,366
1791340020,4145.64,4146,4144.975,4145.875,303
1791340080,4145.88,4146.42,4145.52,4146.305,318
1791340140,4146.34,4147.38,4146.34,4147.1,408
1791340200,4147.11,4147.93,4146.675,4147.845,438
1791340260,4147.865,4147.915,4146.16,4146.805,354
1791340320,4146.715,4147.315,4146.645,4147.215,234
1791340380,4147.255,4148.235,4147.135,4148.135,259
1791340440,4148.1,4148.42,4147.07,4147.84,265
1791340500,4147.875,4148.505,4147.46,4147.865,234
1791340560,4147.805,4147.835,4146.905,4147.025,174
1791340620,4147.075,4147.075,4146.04,4146.285,211
1791340680,4146.29,4146.45,4145.305,4145.62,261
1791340740,4145.63,4146.275,4144.755,4145.805,247
1791340800,4145.825,4146.69,4145.205,4146.38,372
1791340860,4146.37,4147,4145.955,4146.8,420
1791340920,4146.765,4148.015,4146.69,4147.675,289
1791340980,4147.59,4148.37,4147.545,4147.57,202
1791341040,4147.575,4147.855,4147.2,4147.58,277
1791341100,4147.585,4149.31,4147.535,4148.36,450
1791341160,4148.31,4148.47,4147.795,4148.065,215
1791341220,4148.01,4148.275,4147.08,4147.305,228
1791341280,4147.355,4147.505,4146.425,4146.46,232
1791341340,4146.465,4147.055,4146.395,4146.63,307
1791341400,4146.62,4147.335,4146.535,4146.775,269
1791341460,4146.795,4146.845,4145.445,4146.045,366
1791341520,4146.08,4146.705,4145.63,4146.59,448
1791341580,4146.545,4146.545,4145.775,4146.215,371
1791341640,4146.21,4146.225,4145.48,4145.59,246
1791341700,4145.535,4145.76,4144.94,4145.075,266
1791341760,4145.06,4145.075,4143.715,4144.145,333
1791341820,4144.19,4144.195,4142.245,4142.66,263
1791341880,4142.745,4142.865,4142.17,4142.48,165
1791341940,4142.53,4143.08,4142.355,4142.715,195
1791342000,4142.59,4142.59,4141.42,4141.955,253
1791342060,4142.005,4142.275,4141.055,4141.165,192
1791342120,4141.28,4142.42,4141.28,4142.37,171
1791342180,4142.47,4142.535,4141.875,4142.33,156
1791342240,4142.305,4142.735,4141.56,4141.66,118
1791342300,4141.605,4141.685,4140.325,4141.075,257
1791342360,4141.175,4141.585,4140.195,4141.35,249
1791342420,4141.36,4143.015,4140.71,4142.4,271
1791342480,4142.35,4142.955,4142.06,4142.91,293
1791342540,4142.915,4143.31,4141.785,4141.785,195
1791342600,4141.735,4142.11,4140.88,4140.975,278
1791342660,4141,4141.455,4140.32,4141.125,287
1791342720,4141.14,4141.235,4139.69,4139.85,321
1791342780,4139.8,4140.495,4139.51,4139.65,227
1791342840,4139.405,4140.745,4138.715,4139.805,348
1791342900,4139.815,4140.59,4139.63,4140.135,245
1791342960,4140.225,4140.405,4138.34,4138.915,537
1791343020,4138.925,4139.76,4138.66,4139.425,438
1791343080,4139.41,4140.165,4139.245,4139.94,316
1791343140,4140.01,4140.16,4139.63,4139.855,353
1791343200,4139.83,4140.5,4139.415,4139.745,394
1791343260,4139.75,4140.25,4139.385,4139.665,313
1791343320,4139.655,4139.725,4138.92,4139.605,356
1791343380,4139.595,4139.885,4139.495,4139.54,151
1791343440,4139.535,4139.795,4139.445,4139.455,121
1791343500,4139.465,4142.52,4139.465,4142.52,252
1791343560,4142.47,4144.05,4142.345,4143.8,202
1791343620,4143.805,4144.16,4143.365,4143.455,138
1791343680,4143.45,4143.87,4142.475,4142.73,181
1791343740,4142.72,4143.02,4142.25,4142.625,160
1791343800,4142.65,4143.265,4142.335,4142.755,173
1791343860,4142.705,4143.99,4142.335,4143.59,203
1791343920,4143.49,4144.11,4143.275,4143.525,141
1791343980,4143.475,4144.225,4143.235,4143.765,218
1791344040,4143.72,4144.14,4142.82,4143,253
1791344100,4143.005,4143.595,4142.385,4143.465,304
1791344160,4143.395,4143.69,4142.94,4143.13,214
1791344220,4143.095,4143.645,4142.905,4143.505,251
1791344280,4143.5,4144.265,4143.385,4144.065,191
1791344340,4144.015,4144.835,4143.72,4144.35,240
1791344400,4144.375,4144.83,4143.42,4143.98,150
1791344460,4143.93,4144.765,4143.775,4144.45,123
1791344520,4144.465,4144.6,4143.935,4144.215,151
1791344580,4144.245,4146.86,4144.16,4146.62,328
1791344640,4146.63,4146.63,4145.675,4145.785,283
1791344700,4145.78,4146.55,4145.775,4146.135,233
1791344760,4146.205,4146.64,4145.03,4145.105,247
1791344820,4144.955,4145.795,4144.735,4145.33,138
1791344880,4145.385,4146.775,4145.025,4146.35,330
1791344940,4146.375,4148.39,4146.35,4148.245,266
1791345000,4148.225,4148.23,4145.155,4145.155,319
1791345060,4145.15,4145.535,4144.925,4144.925,283
1791345120,4144.93,4145.355,4144.705,4145.275,269
1791345180,4145.27,4145.27,4144.365,4144.365,223
1791345240,4144.36,4144.975,4143.975,4144.685,368
1791345300,4144.7,4145.245,4144.655,4145.065,264
1791345360,4145.115,4145.78,4145.04,4145.675,155
1791345420,4145.695,4145.82,4143.84,4143.95,192
1791345480,4143.84,4144.145,4143.54,4144.045,62
1791345540,4144.095,4144.095,4143.435,4143.52,141
1791345600,4143.5,4143.88,4142.905,4143.815,266
1791345660,4143.805,4144.645,4143.265,4144.605,210
1791345720,4144.555,4144.78,4143.81,4144.28,173
1791345780,4144.37,4144.37,4143.69,4143.89,149
1791345840,4143.82,4143.89,4142.78,4143.125,116
1791345900,4143.08,4143.31,4142.53,4142.845,127
1791345960,4142.695,4143.295,4142.565,4142.775,103
1791346020,4142.725,4142.79,4141.41,4142.045,164
1791346080,4141.995,4142.195,4141.78,4142.1,81
1791346140,4142.025,4142.925,4141.975,4142.7,133
1791346200,4142.775,4143.36,4142.33,4142.58,176
1791346260,4142.6,4143.44,4142.6,4143.055,118
1791346320,4142.98,4143.25,4142.825,4143.18,61
1791346380,4143.23,4143.86,4143.14,4143.405,144
1791346440,4143.455,4143.645,4142.365,4142.695,101
1791346500,4142.645,4142.97,4142.275,4142.785,114
1791346560,4142.54,4142.685,4141.42,4141.505,153
1791346620,4141.455,4141.97,4140.91,4141.765,180
1791346680,4141.76,4141.775,4141.38,4141.63,96
1791346740,4141.68,4141.845,4141.335,4141.435,108
1791346800,4141.445,4141.945,4140.57,4141.515,258
1791346860,4141.465,4142.52,4141.465,4142.465,119
1791346920,4142.47,4142.92,4142.39,4142.53,132
1791346980,4142.52,4142.705,4142.415,4142.575,86
1791347040,4142.515,4142.625,4142.315,4142.37,79
1791347100,4142.14,4143.115,4142.09,4142.925,135
1791347160,4142.92,4143.23,4142.73,4142.965,117
1791347220,4142.97,4142.99,4142.12,4142.415,151
1791347280,4142.375,4142.595,4141.935,4142.185,72
1791347340,4142.13,4142.485,4141.725,4142.14,135
1791347400,4142.09,4142.515,4141.87,4141.875,81
1791347460,4141.88,4142.025,4140.855,4140.965,122
1791347520,4140.975,4141.025,4139.6,4140.25,191
1791347580,4140.325,4140.33,4139.56,4139.615,124
1791347640,4139.575,4140.51,4139.525,4139.66,133
1791347700,4139.71,4139.86,4138.725,4138.995,158
1791347760,4138.915,4139.105,4138.6,4139.015,154
1791347820,4138.945,4138.945,4138.64,4138.91,80
1791347880,4138.945,4139.595,4138.775,4139.41,195
1791347940,4139.42,4139.69,4139.215,4139.275,124
1791348000,4139.18,4139.255,4138.585,4138.685,94
1791348060,4138.74,4138.93,4138.12,4138.84,131
1791348120,4138.825,4139.24,4138.515,4138.87,103
1791348180,4138.875,4138.975,4137.7,4137.99,125
1791348240,4137.985,4138.215,4137.02,4137.185,206
1791348300,4137.205,4138.475,4136.89,4138.245,145
1791348360,4138.145,4138.695,4138.06,4138.535,111
1791348420,4138.51,4139.005,4138.385,4138.89,148
1791348480,4138.79,4138.83,4138.395,4138.54,65
1791348540,4138.59,4138.885,4137.69,4138.455,152
1791348600,4138.405,4139.355,4138.135,4139.13,146
1791348660,4139.125,4139.19,4138.405,4138.625,234
1791348720,4138.595,4138.735,4137.46,4137.46,129
1791348780,4137.45,4137.985,4136.615,4136.875,254
1791348840,4136.92,4138.155,4136.55,4137.27,244
1791348900,4137.29,4137.835,4136.785,4137.77,161
1791348960,4137.64,4137.885,4136.685,4136.685,108
1791349020,4136.635,4137.19,4136.475,4137.145,135
1791349080,4137.28,4137.435,4136.17,4136.435,307
1791349140,4136.455,4136.52,4134.93,4135.26,247
1791349200,4135.31,4135.65,4134.135,4134.77,267
1791349260,4134.775,4135.41,4134.49,4134.765,248
1791349320,4134.71,4134.77,4133.84,4134.12,369
1791349380,4134.13,4134.445,4133.6,4133.77,173
1791349440,4133.71,4135.43,4133.685,4135.415,386
1791349500,4135.435,4137.065,4135.405,4136.38,360
1791349560,4136.385,4136.71,4136.33,4136.465,255
1791349620,4136.44,4136.87,4136.02,4136.765,289
1791349680,4136.75,4136.785,4134.625,4134.625,339
1791349740,4134.62,4134.965,4134.275,4134.315,247
1791349800,4134.345,4135.175,4133.335,4135.12,685
1791349860,4135.095,4135.435,4134.47,4134.775,267
1791349920,4134.78,4134.83,4134.08,4134.72,421
1791349980,4134.715,4134.84,4134.23,4134.74,182
1791350040,4134.745,4135.21,4134.295,4134.305,375
1791350100,4134.21,4134.53,4133.3,4133.825,233
1791350160,4133.87,4133.92,4133.235,4133.54,184
1791350220,4133.525,4133.565,4132.675,4133.225,234
1791350280,4133.275,4133.83,4132.835,4132.99,203
1791350340,4132.995,4133.56,4132.74,4132.855,138
1791350400,4132.825,4133.4,4132.74,4132.85,162
1791350460,4132.88,4133.23,4131.965,4131.965,273
1791350520,4131.995,4132.27,4131.475,4132.17,192
1791350580,4132.15,4133.315,4132.15,4133.1,201
1791350640,4133.085,4133.28,4132.46,4132.78,155
1791350700,4132.765,4134.355,4132.69,4133.905,235
1791350760,4133.91,4134.46,4133.42,4133.715,234
1791350820,4133.61,4134.15,4133.545,4133.735,182
1791350880,4133.74,4134.455,4133.425,4134.13,170
1791350940,4134.075,4134.205,4133.31,4133.91,149
1791351000,4133.925,4134.15,4133.095,4133.47,232
1791351060,4133.43,4133.51,4132.35,4133.275,224
1791351120,4133.28,4133.705,4133.11,4133.3,162
1791351180,4133.315,4134.13,4132.62,4133.69,203
1791351240,4133.725,4134.34,4133.46,4133.605,199
1791351300,4133.61,4134.935,4133.575,4134.31,213
1791351360,4134.3,4134.995,4133.455,4134.76,240
1791351420,4134.785,4136.275,4134.3,4135.765,237
1791351480,4135.715,4137.025,4135.4,4136.355,317
1791351540,4136.22,4137.075,4135.195,4135.835,269
1791351600,4135.865,4137.24,4135.735,4136.465,184
1791351660,4136.47,4137.24,4136.435,4137.03,170
1791351720,4137.025,4137.13,4136.17,4136.5,235
1791351780,4136.56,4137.1,4136.275,4136.56,251
1791351840,4136.57,4137.165,4136.465,4136.89,180
1791351900,4136.905,4137.53,4136.07,4136.09,250
1791351960,4135.99,4136.18,4135.29,4135.965,236
1791352020,4135.995,4136.805,4135.765,4136.55,188
1791352080,4136.505,4137.635,4136.255,4136.48,252
1791352140,4136.475,4136.98,4136.27,4136.705,255
1791352200,4136.67,4137.675,4136.41,4136.82,153
1791352260,4136.81,4137.24,4136.315,4136.43,171
1791352320,4136.59,4137.07,4136.405,4136.63,194
1791352380,4136.685,4136.685,4135.25,4135.44,237
1791352440,4135.43,4135.64,4133.785,4134.09,198
1791352500,4134.015,4134.55,4131.93,4132.9,361
1791352560,4132.915,4133.315,4132.505,4132.91,242
1791352620,4132.905,4132.905,4130.935,4131.74,350
1791352680,4131.725,4133.495,4131.66,4132.03,541
1791352740,4132.15,4132.38,4128.76,4128.85,363
1791352800,4128.84,4129.88,4128.63,4129.205,502
1791352860,4129.18,4129.43,4127.61,4127.785,487
1791352920,4127.77,4128.24,4127.08,4127.815,624
1791352980,4127.835,4129.545,4127.795,4129.545,426
1791353040,4129.55,4130.7,4128.64,4130.7,545
1791353100,4130.725,4132.785,4130.555,4132.13,478
1791353160,4132.115,4132.33,4131.495,4131.54,426
1791353220,4131.525,4132.365,4131.205,4132.03,371
1791353280,4132.035,4132.765,4131.345,4132.525,472
1791353340,4132.435,4132.93,4132.155,4132.5,368
1791353400,4132.51,4134.455,4132.38,4133.42,452
1791353460,4133.365,4134.195,4132.98,4134.195,333
1791353520,4134.24,4135.7,4134.21,4135.175,347
1791353580,4135.185,4135.43,4133.29,4134.37,459
1791353640,4134.38,4134.565,4134.015,4134.09,298
1791353700,4134.08,4134.395,4133.56,4134.37,268
1791353760,4134.375,4135.395,4133.125,4134.53,350
1791353820,4134.58,4134.675,4134,4134.485,158
1791353880,4134.505,4134.605,4133.02,4133.66,307
1791353940,4133.555,4134.115,4133.465,4133.94,248
1791354000,4133.83,4134.07,4133.25,4133.66,202
1791354060,4133.65,4133.905,4132.85,4133.425,243
1791354120,4133.435,4133.47,4131.54,4131.79,371
1791354180,4131.735,4132.11,4130.34,4130.945,356
1791354240,4131,4131.035,4129.8,4130.415,248
1791354300,4130.515,4130.995,4129.855,4130.84,488
1791354360,4130.885,4130.915,4129.975,4130.4,425
1791354420,4130.405,4131.075,4130.145,4130.145,361
1791354480,4130.15,4130.995,4130.15,4130.59,248
1791354540,4130.65,4131.62,4130.435,4131.415,516
1791354600,4131.43,4132.515,4131.11,4132.43,770
1791354660,4132.415,4132.7,4130.72,4130.76,518
1791354720,4130.765,4131.105,4129.895,4131.085,547
1791354780,4131.09,4133.8,4130.87,4133.635,481
1791354840,4133.655,4134.17,4133.085,4133.51,676
1791354900,4133.495,4134.955,4133.415,4134.28,588
1791354960,4134.19,4134.22,4132.18,4132.195,542
1791355020,4132.175,4132.65,4131.685,4131.735,316
1791355080,4131.705,4132.45,4131.655,4132.19,519
1791355140,4132.17,4132.76,4131.93,4132.655,312
1791355200,4132.715,4133.755,4132.525,4133.68,255
1791355260,4133.67,4135.075,4133.66,4134.01,253
1791355320,4134.015,4134.245,4133.105,4134.245,306
1791355380,4134.23,4134.48,4133.595,4133.98,345
1791355440,4133.965,4134.245,4133.37,4133.54,287
1791355500,4133.505,4135.015,4133.405,4134.295,320
1791355560,4134.285,4134.83,4133.555,4134.31,259
1791355620,4134.26,4134.595,4133.295,4133.91,232
1791355680,4133.925,4134.665,4133.805,4134.04,307
1791355740,4134.02,4135.055,4134.02,4134.695,268
1791355800,4134.7,4134.935,4133.95,4134.445,206
1791355860,4134.46,4134.46,4133.565,4133.885,246
1791355920,4133.89,4133.92,4133.21,4133.23,179
1791355980,4133.28,4133.495,4132.64,4132.69,174
1791356040,4132.64,4132.76,4132.225,4132.51,259
1791356100,4132.555,4132.655,4131.735,4132.2,357
1791356160,4132.205,4132.205,4131.09,4131.555,227
1791356220,4131.635,4133.145,4131.555,4133.025,195
1791356280,4133.03,4133.92,4132.025,4132.07,366
1791356340,4132.035,4132.075,4130.61,4130.64,366
1791356400,4130.635,4131.485,4130.25,4131.085,527
1791356460,4131.135,4132.68,4130.24,4132.085,538
1791356520,4132.04,4132.515,4130.435,4131.685,539
1791356580,4131.605,4131.985,4130.355,4131.21,642
1791356640,4131.225,4133.955,4131.09,4133.695,764
1791356700,4133.64,4133.79,4133.17,4133.43,502
1791356760,4133.33,4134.21,4132.32,4133.96,337
1791356820,4133.91,4134.005,4132.545,4133.05,218
1791356880,4133.03,4134.97,4132.745,4134.78,340
1791356940,4134.785,4134.85,4133.435,4134.61,419
1791357000,4134.605,4135.255,4134.105,4134.79,459
1791357060,4134.795,4134.97,4132.32,4133.315,434
1791357120,4133.325,4134.705,4132.79,4133.08,385
1791357180,4133.05,4133.69,4132.21,4133.24,229
1791357240,4133.15,4133.39,4131.72,4131.745,215
1791357300,4131.75,4132,4130.45,4131.085,326
1791357360,4131.075,4131.21,4129.41,4129.54,376
1791357420,4129.5,4129.74,4128.32,4129.5,506
1791357480,4129.45,4129.71,4128.51,4129.16,246
1791357540,4129.21,4129.915,4128.745,4129.425,317
1791357600,4129.37,4131.02,4129.3,4130.97,373
1791357660,4130.975,4132.45,4130.63,4131.78,574
1791357720,4131.755,4134.005,4131.575,4133.775,342
1791357780,4133.675,4133.695,4132.875,4133.575,247
1791357840,4133.615,4134.065,4132.67,4133.475,320
1791357900,4133.47,4134.025,4133.115,4133.5,576
1791357960,4133.475,4134.825,4133.26,4134.005,495
1791358020,4133.955,4135.615,4133.3,4135.595,413
1791358080,4135.55,4135.76,4133.64,4133.65,497
1791358140,4133.5,4133.86,4132.495,4133.08,305
1791358200,4133.085,4134.065,4132.66,4133.98,440
1791358260,4133.965,4134.31,4132.88,4134.125,549
1791358320,4134.21,4138.165,4134.21,4138.135,403
1791358380,4138.085,4139.66,4137.125,4137.19,502
1791358440,4137.205,4137.705,4136.245,4137.25,445
1791358500,4137.2,4137.825,4136.045,4136.045,387
1791358560,4135.995,4136.75,4135.18,4136.165,464
1791358620,4136.145,4136.98,4135.885,4136.98,296
1791358680,4136.93,4137.735,4134.99,4135.51,323
1791358740,4135.46,4135.78,4134.765,4135.135,337
1791358800,4135.215,4136.32,4134.98,4135.695,292
1791358860,4135.545,4136.66,4135.205,4135.77,431
1791358920,4135.725,4138.445,4135.305,4137.515,465
1791358980,4137.465,4138.05,4136.79,4136.93,315
1791359040,4136.89,4138.18,4136.21,4137.3,499
1791359100,4137.4,4137.45,4136.85,4136.97,188
1791359160,4136.99,4136.995,4135.125,4135.52,487
1791359220,4135.515,4135.53,4133.965,4134.285,342
1791359280,4134.315,4134.935,4133.745,4134.46,274
1791359340,4134.455,4134.455,4133.355,4133.775,337
1791359400,4133.685,4133.995,4133.165,4133.995,418
1791359460,4134,4135.05,4131.735,4134.775,711
1791359520,4134.765,4134.865,4133.635,4133.835,437
1791359580,4133.785,4133.785,4131.95,4132.77,799
1791359640,4132.77,4133.695,4132.285,4133.65,753
1791359700,4133.55,4133.665,4131.465,4131.465,738
1791359760,4131.455,4131.895,4130.675,4131.3,832
1791359820,4131.335,4131.665,4128.755,4129.04,462
1791359880,4129.03,4132.28,4128.755,4132.195,493
1791359940,4132.145,4133.585,4131.51,4132.81,680
1791360000,4132.77,4133.52,4132.04,4132.365,496
1791360060,4132.435,4132.59,4128.95,4129.875,401
1791360120,4129.775,4131.1,4128.82,4130.84,487
1791360180,4130.91,4135.325,4130.85,4134.775,686
1791360240,4134.78,4135.745,4134.19,4135.55,413
1791360300,4135.525,4137.055,4134.98,4136.195,367
1791360360,4136.17,4136.65,4135.325,4135.355,411
1791360420,4135.475,4135.685,4133.725,4134.95,482
1791360480,4134.88,4135.62,4134.145,4134.46,306
1791360540,4134.41,4134.765,4132.16,4132.835,350
1791360600,4132.81,4133.365,4131.915,4132.06,353
1791360660,4132.03,4132.045,4130.62,4131.685,515
1791360720,4131.69,4132.575,4130.605,4132.425,377
1791360780,4132.375,4132.725,4131.255,4131.81,431
1791360840,4131.805,4132.715,4131.6,4132.43,360
1791360900,4132.48,4132.485,4130.54,4131.345,268
1791360960,4131.34,4131.34,4128.94,4129.32,312
1791361020,4129.365,4130.885,4128.575,4130.65,472
1791361080,4130.7,4131.18,4130.05,4130.285,219
1791361140,4130.365,4130.47,4129.13,4130.31,314
1791361200,4130.36,4130.95,4129.715,4130.15,264
1791361260,4130.2,4131.065,4130.2,4130.475,306
1791361320,4130.385,4130.925,4129.63,4129.63,236
1791361380,4129.58,4130.88,4128.815,4129.335,333
1791361440,4129.34,4129.34,4126.715,4126.92,522
1791361500,4126.97,4127.93,4124.9,4127.63,561
1791361560,4127.58,4129.18,4127,4127.29,378
1791361620,4127.295,4128.96,4127.005,4127.52,720
1791361680,4127.525,4128.375,4126.49,4126.685,432
1791361740,4126.645,4127.21,4125.57,4126.18,546
1791361800,4126.19,4127.58,4124.97,4127.49,401
1791361860,4127.55,4128.835,4127.105,4127.85,350
1791361920,4127.75,4129.035,4127.3,4128.365,284
1791361980,4128.385,4128.875,4127.08,4127.34,253
1791362040,4127.255,4127.995,4126.36,4127.995,268
1791362100,4128.08,4128.72,4127.41,4127.96,308
1791362160,4127.955,4128.18,4126.765,4127.45,345
1791362220,4127.38,4127.905,4126.57,4127.275,284
1791362280,4127.365,4127.755,4126.76,4127.15,206
1791362340,4127.25,4127.99,4127.055,4127.515,229
1791362400,4127.52,4127.52,4125.55,4125.56,268
1791362460,4125.61,4126.675,4125.385,4125.735,290
1791362520,4125.73,4126.23,4125.05,4125.845,179
1791362580,4125.88,4127.11,4125.6,4126.855,243
1791362640,4126.88,4127.78,4126.875,4126.915,217
1791362700,4126.83,4127.17,4126.11,4126.535,266
1791362760,4126.52,4126.98,4125.81,4126.825,311
1791362820,4126.82,4127.705,4126.6,4126.95,260
1791362880,4126.965,4127.48,4125.82,4126.315,253
1791362940,4126.31,4126.77,4125.655,4126.07,211
1791363000,4126.095,4126.45,4124.415,4125.335,455
1791363060,4125.35,4125.7,4124.16,4125.375,327
1791363120,4125.42,4125.93,4125.205,4125.405,199
1791363180,4125.455,4125.455,4124.485,4124.485,196
1791363240,4124.445,4125.55,4124.05,4124.635,195
1791363300,4124.655,4125.87,4124.53,4124.74,247
1791363360,4124.79,4125.375,4124.13,4125.375,139
1791363420,4125.325,4125.525,4124.35,4124.77,182
1791363480,4124.76,4124.95,4122.665,4123.34,393
1791363540,4123.33,4124.05,4122.96,4123.83,268
1791363600,4123.8,4125.435,4123.515,4124.97,340
1791363660,4124.99,4125.48,4124.58,4125.04,334
1791363720,4124.99,4125.875,4124.54,4125.11,279
1791363780,4125.16,4125.16,4123.19,4123.26,227
1791363840,4123.21,4123.66,4122.585,4123.335,323
1791363900,4123.355,4123.935,4122.57,4122.98,290
1791363960,4123.02,4123.405,4119.985,4120.54,455
1791364020,4120.59,4120.59,4119.48,4120.035,324
1791364080,4120.065,4121.815,4119.76,4121.63,384
1791364140,4121.635,4123.605,4121.44,4123.4,415
1791364200,4123.39,4123.64,4122.265,4122.27,511
1791364260,4122.275,4122.77,4122.125,4122.57,285
1791364320,4122.67,4123.415,4122.195,4122.23,329
1791364380,4122.245,4122.865,4121.755,4122.555,303
1791364440,4122.655,4124.23,4122.48,4123.78,202
1791364500,4123.86,4124.035,4123.015,4123.4,259
1791364560,4123.45,4123.55,4121.855,4122.145,227
1791364620,4122.14,4123.16,4121.705,4122.09,320
1791364680,4122.095,4122.65,4121.64,4122.57,217
1791364740,4122.55,4122.97,4121.29,4121.59,291
1791364800,4121.635,4122.125,4121.19,4121.545,234
1791364860,4121.595,4121.595,4120.41,4121.4,268
1791364920,4121.405,4122.15,4120.755,4122.01,253
1791364980,4121.96,4122.32,4121.425,4121.785,265
1791365040,4121.885,4122.365,4121.115,4121.715,204
1791365100,4121.77,4122.465,4121.325,4122.29,221
1791365160,4122.335,4123.25,4122.335,4122.485,286
1791365220,4122.6,4123.03,4121.895,4122.645,199
1791365280,4122.645,4122.645,4121.38,4121.475,270
1791365340,4121.47,4122.07,4120.395,4120.615,442
1791365400,4120.595,4121.28,4119.5,4120.15,523
1791365460,4120.21,4120.47,4118.92,4119.285,313
1791365520,4119.335,4120.705,4118.595,4120.275,305
1791365580,4120.175,4120.79,4119.735,4119.845,199
1791365640,4119.795,4119.95,4118.64,4118.64,259
1791365700,4118.79,4119.69,4118.745,4119.39,212
1791365760,4119.345,4119.79,4118.245,4119.79,189
1791365820,4119.94,4121,4119.83,4120.69,169
1791365880,4120.685,4120.74,4119.04,4119.315,234
1791365940,4119.31,4119.815,4118.465,4119.75,264
1791366000,4119.7,4120.075,4118.695,4118.835,263
1791366060,4118.825,4118.84,4117.545,4117.965,280
1791366120,4117.915,4118.41,4117.52,4118.27,257
1791366180,4118.305,4119.465,4117.79,4119.295,187
1791366240,4119.3,4119.96,4119.17,4119.905,241
1791366300,4119.91,4119.91,4118.565,4118.955,206
1791366360,4118.94,4118.94,4117.2,4117.62,244
1791366420,4117.67,4119.59,4117.155,4119.295,241
1791366480,4119.3,4119.605,4118.58,4119.095,203
1791366540,4119.1,4119.26,4118.53,4119.045,184
1791366600,4118.995,4119.1,4118.19,4118.9,276
1791366660,4118.925,4119.07,4118.19,4118.285,220
1791366720,4118.29,4118.92,4117.905,4118.475,242
1791366780,4118.5,4118.77,4117.1,4117.735,315
1791366840,4117.675,4118.955,4117.43,4118.92,221
1791366900,4118.87,4119.82,4117.24,4117.56,304
1791366960,4117.555,4117.64,4116.63,4116.805,212
1791367020,4116.755,4118.365,4116.755,4118.235,253
1791367080,4118.23,4118.76,4118.075,4118.38,231
1791367140,4118.28,4120.34,4118.225,4119.7,455
1791367200,4119.655,4119.855,4117.725,4117.99,528
1791367260,4117.985,4118.065,4116.625,4117.21,306
1791367320,4117.175,4117.53,4116.355,4116.965,340
1791367380,4117.075,4119.585,4116.965,4119.145,445
1791367440,4119.175,4120.465,4118.85,4119.995,508
1791367500,4119.935,4120.035,4117.46,4117.83,342
1791367560,4117.825,4118.085,4116.48,4117.31,413
1791367620,4117.215,4117.74,4115.54,4116.76,563
1791367680,4116.825,4117.185,4115.48,4116.1,648
1791367740,4116.095,4117.615,4115.835,4116.605,407
1791367800,4116.64,4117.425,4116.605,4117.34,536
1791367860,4117.345,4118.325,4116.83,4118.12,517
1791367920,4118.035,4118.085,4115.745,4115.935,274
1791367980,4115.94,4116.175,4115.205,4115.455,378
1791368040,4115.485,4116.55,4115.26,4116.39,600
1791368100,4116.305,4117.3,4115.895,4117.275,595
1791368160,4117.295,4117.42,4115.22,4115.235,582
1791368220,4115.23,4115.96,4114.47,4115.41,469
1791368280,4115.415,4115.74,4114.855,4115.63,367
1791368340,4115.625,4116.375,4115.62,4115.835,238
1791368400,4115.85,4116.595,4114.135,4114.495,617
1791368460,4114.475,4115.66,4114.22,4115.47,466
1791368520,4115.5,4115.8,4114.89,4115.28,591
1791368580,4115.3,4116.365,4114.96,4116.085,663
1791368640,4116.105,4116.87,4115.705,4116.755,571
1791368700,4116.75,4117.915,4116.525,4117.475,674
1791368760,4117.49,4117.675,4116.49,4116.675,432
1791368820,4116.57,4116.995,4115.91,4116.15,524
1791368880,4116.145,4116.765,4115.93,4115.94,375
1791368940,4115.92,4116.09,4114.38,4114.38,441
1791369000,4114.36,4115.385,4111.97,4112.24,596
1791369060,4112.175,4112.365,4110.21,4110.36,436
1791369120,4110.295,4110.755,4109.23,4110.44,571
1791369180,4110.445,4111.495,4110.445,4110.73,649
1791369240,4110.67,4111.39,4109.55,4111.37,664
1791369300,4111.325,4112.99,4111.195,4112.845,571
1791369360,4112.855,4112.925,4111.385,4112.885,472
1791369420,4112.89,4114.99,4112.605,4114.86,634
1791369480,4114.84,4115.82,4114.84,4115.18,456
1791369540,4115.165,4116.56,4115.09,4116.28,346
1791369600,4116.215,4116.3,4115.215,4115.925,286
1791369660,4115.88,4115.995,4114.585,4114.635,387
1791369720,4114.69,4114.805,4112.185,4112.905,623
1791369780,4112.915,4114.275,4112.595,4113.615,628
1791369840,4113.595,4113.915,4112.53,4113.245,595
1791369900,4113.295,4113.845,4112.5,4112.875,489
1791369960,4112.825,4112.91,4111.005,4112.745,432
1791370020,4112.55,4113.855,4112.24,4113.45,317
1791370080,4113.41,4114.335,4113.05,4114.005,288
1791370140,4114.08,4114.41,4113.275,4113.855,362
1791370200,4113.865,4116.02,4113.795,4115.465,376
1791370260,4115.45,4117.465,4115.38,4117.43,273
1791370320,4117.425,4117.64,4116.235,4117.445,293
1791370380,4117.44,4117.65,4116.255,4116.6,356
1791370440,4116.54,4118.065,4116.475,4117.905,317
1791370500,4117.9,4118.42,4117.5,4117.865,501
1791370560,4117.87,4118.03,4116.845,4117.265,474
1791370620,4117.26,4118.56,4117.26,4117.425,453
1791370680,4117.42,4117.99,4116.46,4117.295,428
1791370740,4117.28,4117.475,4116.855,4117.075,239
1791370800,4117.045,4117.75,4116.345,4117.475,607
1791370860,4117.435,4118.58,4117.19,4118.495,371
1791370920,4118.47,4118.895,4117.465,4117.555,371
1791370980,4117.685,4119.095,4117.55,4118.385,373
1791371040,4118.375,4119.105,4118.155,4119.1,431
1791371100,4119.105,4119.855,4118.32,4119.72,453
1791371160,4119.675,4120.16,4119.185,4119.62,590
1791371220,4119.615,4120.26,4119.52,4119.945,398
1791371280,4119.915,4120.035,4119.37,4119.835,359
1791371340,4119.89,4120.23,4119.71,4120.13,400
1791371400,4120.145,4120.45,4119.725,4119.8,322
1791371460,4119.805,4121.51,4119.8,4121.465,309
1791371520,4121.485,4121.81,4120.26,4120.605,486
1791371580,4120.58,4121.38,4120.33,4120.875,326
1791371640,4120.87,4121.135,4120.12,4121.135,248
1791371700,4121.155,4121.155,4119.455,4120.17,313
1791371760,4120.22,4120.27,4119.09,4119.24,218
1791371820,4119.22,4119.7,4118.865,4119.42,284
1791371880,4119.47,4120.34,4119.47,4120.025,345
1791371940,4120.05,4121.055,4119.205,4119.84,330
1791372000,4119.885,4120.09,4119.285,4119.325,112
1791372060,4119.375,4119.72,4118.915,4119.475,126
1791372120,4119.425,4120.165,4119.38,4119.38,148
1791372180,4119.28,4119.95,4119.125,4119.735,195
1791372240,4119.725,4119.735,4118.825,4119.585,137
1791372300,4119.64,4119.95,4117.41,4118.42,526
1791372360,4118.46,4119.36,4117.93,4119.28,452
1791372420,4119.295,4119.695,4118.72,4118.915,319
1791372480,4118.92,4119.685,4118.62,4119.575,271
1791372540,4119.58,4122.17,4119.49,4119.73,492
1791372600,4119.685,4119.685,4117.49,4119.53,1186
1791372660,4119.475,4120.365,4118.04,4118.685,1137
1791372720,4118.7,4118.77,4117.77,4118.34,601
1791372780,4118.39,4119.005,4117.8,4118.71,419
1791372840,4118.77,4120.08,4118.71,4119.935,457
1791372900,4119.96,4121.37,4119.745,4120.88,237
1791372960,4120.825,4121.22,4119.975,4120.065,299
1791373020,4120.12,4120.81,4119.78,4120.725,369
1791373080,4120.715,4120.905,4118.825,4118.925,244
1791373140,4119.025,4119.58,4118.07,4118.085,243
1791373200,4118.075,4118.085,4116.24,4116.62,370
1791373260,4116.665,4117.755,4116.665,4117.355,359
1791373320,4117.35,4117.77,4116.645,4116.975,305
1791373380,4116.955,4117.435,4116.31,4116.655,383
1791373440,4116.66,4117.87,4116.465,4117.175,341
1791373500,4117.075,4117.305,4116.46,4117.21,248
1791373560,4117.205,4117.205,4115.925,4116.67,255
1791373620,4116.695,4117.275,4115.585,4115.635,225
1791373680,4115.685,4117.54,4115.685,4117.21,323
1791373740,4117.295,4118.18,4117.015,4117.88,562
1791373800,4117.89,4118,4115.56,4115.71,399
1791373860,4115.64,4116.415,4115.115,4115.85,465
1791373920,4115.88,4116.245,4115.195,4115.205,349
1791373980,4115.24,4116.735,4115.24,4116.265,417
1791374040,4116.33,4118.485,4116.105,4118.295,373
1791374100,4118.285,4119.8,4117.59,4119.58,338
1791374160,4119.59,4120.44,4118.91,4120.205,494
1791374220,4120.11,4121.76,4119.645,4121.165,651
1791374280,4121.185,4122.07,4119.96,4121.61,545
1791374340,4121.51,4122.785,4120.61,4121.82,594
1791374400,4121.775,4123.835,4121.11,4123.36,476
1791374460,4123.38,4123.835,4122.065,4122.355,466
1791374520,4122.365,4123.165,4122.015,4122.555,386
1791374580,4122.635,4124.415,4122.425,4123.45,351
1791374640,4123.48,4124.03,4122.4,4122.565,289
1791374700,4122.515,4123.495,4122.315,4123.44,305
1791374760,4123.45,4124.365,4123.215,4123.955,380
1791374820,4123.915,4123.99,4123.455,4123.715,444
1791374880,4123.675,4124.225,4123.315,4123.855,289
1791374940,4123.9,4124.145,4122.275,4122.59,360
1791375000,4122.54,4123.265,4121.74,4122.18,277
1791375060,4122.185,4122.34,4120.055,4120.155,538
1791375120,4120.085,4120.505,4119.57,4120.265,456
1791375180,4120.17,4120.69,4119.905,4120.355,394
1791375240,4120.38,4120.84,4119.37,4119.765,365
1791375300,4119.76,4120.13,4116.455,4116.455,455
1791375360,4116.43,4118.52,4115.8,4118.41,606
1791375420,4118.415,4119.445,4118.405,4118.895,436
1791375480,4118.995,4119.325,4117.605,4117.605,410
1791375540,4117.61,4118.54,4117.115,4118.34,450
1791375600,4118.415,4123.465,4118.205,4121.14,921
1791375660,4121.09,4121.14,4117.105,4117.2,384
1791375720,4117.105,4117.895,4116.385,4116.83,535
1791375780,4116.66,4116.71,4112.92,4113.775,1022
1791375840,4113.785,4114.95,4112.215,4113.14,988
1791375900,4113.025,4113.155,4107.34,4107.39,1265
1791375960,4107.33,4107.33,4096.035,4096.485,2358
1791376020,4096.555,4098.04,4084.285,4086.31,2357
1791376080,4086.33,4087.705,4080.295,4080.295,2183
1791376140,4080.26,4084.355,4080.13,4080.625,2136
1791376200,4080.55,4081.735,4073.485,4075.48,2376
1791376260,4075.575,4084.34,4075.575,4084.31,2258
1791376320,4084.325,4089.405,4082.655,4088.26,2263
1791376380,4088.21,4088.25,4082.595,4083.005,2027
1791376440,4082.94,4082.94,4079.38,4080.875,1389
1791376500,4080.985,4085.09,4080.115,4083.905,1343
1791376560,4083.925,4086.26,4083.19,4084.255,1500
1791376620,4084.24,4086.72,4079.075,4081.06,1403
1791376680,4081.135,4084.555,4079.085,4083.315,1313
1791376740,4083.36,4087.045,4077.465,4077.515,1325
1791376800,4077.545,4078.55,4072.61,4073.11,1615
1791376860,4073.195,4078.28,4072.405,4077.45,1186
1791376920,4077.565,4079.28,4074.475,4079.125,1151
1791376980,4079.02,4080.495,4075.835,4076.355,1053
1791377040,4076.19,4076.515,4071.9,4071.98,985
1791377100,4072.06,4074.43,4071.31,4072.525,1287
1791377160,4072.57,4072.57,4069.065,4069.19,1233
1791377220,4069.235,4077.13,4068.5,4077.13,1553
1791377280,4077.14,4078.24,4074.205,4076.705,1479
1791377340,4076.635,4077.735,4073.6,4074.47,1461
1791377400,4074.39,4074.475,4068.44,4068.46,1629
1791377460,4068.435,4070.74,4066.535,4070.295,1506
1791377520,4070.345,4080.2,4070.235,4080.06,1569
1791377580,4080.125,4082.845,4080.075,4082.67,1066
1791377640,4082.6,4084.37,4081.085,4081.2,1126
1791377700,4081.055,4084.845,4079.865,4084.23,1048
1791377760,4084.17,4085.71,4082.205,4085.625,919
1791377820,4085.665,4088.42,4085.665,4088.24,997
1791377880,4088.225,4089.355,4085.065,4086.295,997
1791377940,4086.305,4087.825,4085.01,4087.585,866
1791378000,4087.405,4091.915,4086.98,4091.7,1275
1791378060,4091.8,4095.04,4089.075,4091.38,1578
1791378120,4091.225,4091.225,4086.895,4089.285,1380
1791378180,4089.31,4091.29,4088.955,4089.44,951
1791378240,4089.49,4092,4089.465,4089.81,1322
1791378300,4089.94,4092.125,4089.525,4090.865,780
1791378360,4090.915,4091.365,4089.285,4090.945,807
1791378420,4090.96,4092.18,4089.865,4090.63,1114
1791378480,4090.65,4091.015,4088.145,4089.515,810
1791378540,4089.48,4090.025,4087.29,4088.83,799
1791378600,4088.855,4089.56,4087.33,4087.94,642
1791378660,4087.925,4088.77,4086.86,4088.135,546
1791378720,4088.185,4091.32,4087.885,4089.335,572
1791378780,4089.435,4093.195,4089.2,4092.87,645
1791378840,4092.915,4094.445,4092.38,4094.38,590
1791378900,4094.46,4094.965,4092.72,4093.34,625
1791378960,4093.555,4095.525,4093.18,4094.1,813
1791379020,4094.12,4095.18,4092.965,4095.135,668
1791379080,4095.175,4095.85,4094.36,4095.76,478
1791379140,4095.745,4097.455,4095.745,4096.67,438
1791379200,4096.585,4097.35,4095.18,4097.34,516
1791379260,4097.345,4098.55,4096.23,4096.395,447
1791379320,4096.36,4097.19,4095.845,4096,365
1791379380,4095.96,4096.65,4094.375,4096.65,560
1791379440,4096.58,4096.655,4090.795,4090.795,839
1791379500,4090.79,4091.825,4089.62,4089.635,687
1791379560,4089.7,4090.21,4087.93,4088.095,860
1791379620,4088.15,4089.56,4087.78,4089.15,620
1791379680,4089.145,4090.695,4088.575,4090.55,658
1791379740,4090.5,4091.345,4089.965,4090.15,974
1791379800,4090.295,4092.64,4089.86,4091.73,1592
1791379860,4091.74,4094.425,4091.325,4091.695,1467
1791379920,4091.745,4091.81,4086.215,4086.305,1065
1791379980,4086.205,4088.255,4085.92,4086.125,1000
1791380040,4086.055,4087.505,4084.565,4087,919
1791380100,4087.115,4088.76,4086.29,4086.7,705
1791380160,4086.875,4087.17,4084.595,4086.505,731
1791380220,4086.47,4086.81,4084.675,4085.2,714
1791380280,4085.25,4085.525,4082.42,4083.785,1114
1791380340,4083.745,4085.345,4082.97,4083.125,1043
1791380400,4083.11,4084.275,4082.505,4083.995,1002
1791380460,4084.025,4085.415,4082.66,4084.485,821
1791380520,4084.51,4088.495,4084.355,4088.04,1198
1791380580,4088.06,4088.655,4086.945,4088.17,1036
1791380640,4088.19,4090.7,4087.955,4089.3,872
1791380700,4089.345,4094.54,4089.345,4094.345,1662
1791380760,4094.34,4096.935,4093.11,4093.16,1104
1791380820,4093.11,4093.16,4090.405,4091.175,1166
1791380880,4091.17,4092.8,4090.81,4091.35,1254
1791380940,4091.305,4095.79,4091.105,4093.135,1067
1791381000,4093.23,4098.85,4093.18,4097.885,1247
1791381060,4097.9,4099.395,4096.8,4097.605,1300
1791381120,4097.675,4099.05,4095.525,4097.7,964
1791381180,4097.735,4098.7,4096.12,4096.7,973
1791381240,4096.745,4097.355,4095.775,4097.225,1036
1791381300,4097,4097.825,4095.165,4096.485,997
1791381360,4096.55,4096.695,4092.77,4093.45,984
1791381420,4093.455,4093.455,4090.61,4092.485,913
1791381480,4092.46,4094.935,4092.46,4094.77,878
1791381540,4094.72,4098.395,4094.395,4098.28,722
1791381600,4098.365,4099.855,4097.515,4099.3,1701
1791381660,4099.275,4101.285,4098.845,4099.885,1208
1791381720,4099.78,4100.225,4094.25,4095.575,1019
1791381780,4095.5,4095.95,4094.21,4095.15,988
1791381840,4095.17,4096.525,4094.395,4095.505,898
1791381900,4095.49,4096.45,4093.465,4094.175,947
1791381960,4094.185,4096.275,4093.28,4096.275,878
1791382020,4096.29,4097.44,4094.92,4094.92,714
1791382080,4094.9,4097.075,4094.82,4096.22,550
1791382140,4096.215,4096.25,4094.22,4095.835,601
1791382200,4095.91,4098.09,4095.37,4097.755,761
1791382260,4097.765,4100.045,4096.965,4099.655,786
1791382320,4099.685,4100.355,4098.265,4098.88,712
1791382380,4098.96,4098.96,4096.68,4097.135,657
1791382440,4097.175,4098.515,4097.08,4097.895,789
1791382500,4097.93,4101.15,4097.595,4098.815,1142
1791382560,4098.77,4099.945,4097.895,4099.46,731
1791382620,4099.495,4100.37,4098.235,4100.195,588
1791382680,4100.22,4103.72,4100.055,4102.105,981
1791382740,4102.095,4102.965,4096.945,4097.01,1027
1791382800,4097.015,4099.17,4095.445,4097.845,896
1791382860,4097.925,4098.38,4095.905,4097.175,716
1791382920,4097.07,4099.39,4096.65,4097.62,786
1791382980,4097.565,4099.85,4097.415,4097.95,1001
1791383040,4097.975,4098.39,4096.415,4098.315,607
1791383100,4098.325,4100.015,4097.665,4099.135,740
1791383160,4099.05,4099.47,4096.535,4096.845,606
1791383220,4096.81,4097.76,4095.195,4097.76,588
1791383280,4097.775,4099.51,4097.28,4097.62,605
1791383340,4097.675,4099.605,4097.245,4099.605,809
1791383400,4099.555,4102.595,4099.035,4100.455,1075
1791383460,4100.465,4104.08,4100.295,4103.58,856
1791383520,4103.585,4106.08,4102.82,4104.45,938
1791383580,4104.465,4105.95,4102.35,4103.345,700
1791383640,4103.365,4105.895,4103.065,4104.94,639
1791383700,4104.97,4106.505,4102.005,4106.055,807
1791383760,4105.92,4106.595,4103.35,4103.4,743
1791383820,4103.425,4104.945,4101.485,4102.355,669
1791383880,4102.36,4105.12,4102.26,4104.75,772
1791383940,4104.765,4105.995,4103.745,4105.745,658
1791384000,4105.865,4108.82,4105.865,4108.53,626
1791384060,4108.48,4108.53,4105.745,4106.35,569
1791384120,4106.365,4106.67,4103.855,4104.385,546
1791384180,4104.245,4104.885,4102.93,4104.385,632
1791384240,4104.46,4104.765,4102.35,4102.35,522
1791384300,4102.4,4104.9,4102.205,4104.37,523
1791384360,4104.385,4105.67,4104.14,4105.45,544
1791384420,4105.47,4105.825,4103.11,4103.935,684
1791384480,4104.015,4104.575,4103.345,4104.07,487
1791384540,4104.085,4104.085,4102.5,4102.905,666
1791384600,4102.925,4105.22,4102.525,4105.015,632
1791384660,4105,4106.985,4104.65,4106.87,581
1791384720,4106.935,4107.53,4106.01,4106.03,491
1791384780,4105.955,4106.585,4105.09,4105.15,414
1791384840,4105.16,4106.215,4103.71,4104.335,533
1791384900,4104.4,4106.69,4103.75,4106.62,489
1791384960,4106.705,4108.415,4106.705,4107.945,783
1791385020,4107.93,4108.005,4104.53,4105.07,744
1791385080,4105.125,4105.4,4103.805,4104.96,610
1791385140,4104.845,4104.86,4102.66,4104.37,436
1791385200,4104.4,4104.63,4101.245,4101.295,858
1791385260,4101.29,4104.36,4100.895,4103.845,824
1791385320,4103.795,4105.39,4102.88,4102.88,660
1791385380,4102.835,4102.835,4099.135,4100.345,885
1791385440,4100.43,4101.18,4100.06,4100.385,394
1791385500,4100.325,4102.725,4100.325,4102.445,631
1791385560,4102.45,4104.08,4101.72,4103.095,750
1791385620,4103.125,4103.755,4102.075,4102.62,541
1791385680,4102.665,4104.83,4101.79,4104.765,558
1791385740,4104.74,4105.405,4103.415,4104.11,632
1791385800,4104.115,4104.84,4102.265,4102.47,500
1791385860,4102.52,4102.85,4101.37,4101.67,283
1791385920,4101.72,4101.95,4099.565,4099.87,533
1791385980,4099.875,4107.955,4099.65,4107.255,2384
1791386040,4107.26,4107.945,4103.6,4103.625,1056
1791386100,4103.605,4106.98,4103.525,4105.09,553
1791386160,4105.07,4105.07,4102.105,4103.87,946
1791386220,4103.89,4103.89,4101.89,4102.125,642
1791386280,4102.12,4102.285,4099.615,4101.25,517
1791386340,4101.35,4103.75,4100.945,4102.515,589
1791386400,4102.615,4103.61,4102.405,4102.44,447
1791386460,4102.435,4102.78,4099.41,4099.85,815
1791386520,4100.02,4101.175,4098.79,4101.02,441
1791386580,4101.08,4101.235,4100.005,4100.04,368
1791386640,4100.115,4102.04,4100.11,4101.395,409
1791386700,4101.39,4101.4,4099.875,4100.76,429
1791386760,4100.75,4100.955,4099.36,4100.105,467
1791386820,4100.1,4101.165,4100.095,4100.42,479
1791386880,4100.36,4101.955,4100.03,4101.535,355
1791386940,4101.525,4103.475,4100.65,4102.9,573
1791387000,4102.95,4106.525,4102.17,4106.38,561
1791387060,4106.395,4110.39,4106.255,4109.52,1007
1791387120,4109.655,4110.515,4106.505,4106.505,812
1791387180,4106.485,4107.815,4106.145,4106.82,493
1791387240,4106.835,4108.035,4105.37,4107.94,389
1791387300,4108.05,4110.17,4107.89,4109.815,405
1791387360,4109.845,4111.58,4108.77,4111.58,353
1791387420,4111.68,4113.23,4111.245,4111.485,616
1791387480,4111.5,4111.5,4109.18,4110.13,826
1791387540,4110.12,4110.51,4108.435,4108.435,791
1791387600,4108.425,4108.995,4107.38,4108.63,536
1791387660,4108.695,4109.495,4107.435,4108.825,439
1791387720,4108.775,4108.89,4107.375,4108.02,351
1791387780,4108.1,4108.68,4107.54,4108.035,423
1791387840,4107.985,4109.13,4107.275,4108.62,313
1791387900,4108.77,4109.755,4108.545,4108.785,344
1791387960,4108.8,4109.345,4107.79,4108.875,508
1791388020,4108.87,4109.14,4106.975,4107.355,377
1791388080,4107.305,4107.6,4106.055,4106.725,320
1791388140,4106.775,4107.12,4105.165,4105.165,334
1791388200,4105.27,4105.93,4105.08,4105.22,241
1791388260,4105.17,4105.815,4103.405,4103.725,313
1791388320,4103.65,4103.71,4102.1,4103.155,478
1791388380,4103.18,4104.05,4102.805,4103.74,652
1791388440,4103.73,4105.205,4103.15,4105.19,425
1791388500,4105.185,4105.98,4104.685,4105.615,297
1791388560,4105.625,4107.215,4105.495,4106.065,287
1791388620,4106.02,4107.075,4105.88,4106.46,297
1791388680,4106.56,4106.66,4105.68,4106.66,232
1791388740,4106.61,4106.79,4105.23,4105.6,502
1791388800,4105.555,4107.225,4105.345,4106.66,572
1791388860,4106.61,4108.52,4102.805,4103.17,854
1791388920,4103.16,4107.315,4101.965,4106.685,885
1791388980,4106.7,4108.045,4106.495,4107.625,651
1791389040,4107.635,4109.865,4106.615,4109.365,591
1791389100,4109.415,4110.48,4108.93,4110.045,422
1791389160,4110.04,4114.685,4109.96,4113.705,749
1791389220,4113.64,4114.705,4111.83,4111.935,508
1791389280,4111.985,4112.24,4111.035,4111.995,416
1791389340,4111.9,4112.945,4111.305,4111.75,299
1791389400,4111.735,4112.555,4110.795,4111.415,335
1791389460,4111.375,4111.58,4110.4,4111.205,233
1791389520,4111.28,4112.22,4110.76,4111.945,309
1791389580,4111.995,4112.385,4111.52,4111.73,281
1791389640,4111.8,4111.8,4109.815,4110.425,331
1791389700,4110.52,4111.415,4110.26,4110.84,261
1791389760,4110.89,4111.575,4110.545,4110.805,320
1791389820,4110.8,4111.82,4110.03,4111.425,453
1791389880,4111.475,4112.355,4110.84,4112.21,274
1791389940,4112.16,4112.915,4111.92,4112.64,274
1791390000,4112.605,4113.14,4112.435,4112.64,362
1791390060,4112.65,4113.25,4112.035,4112.82,269
1791390120,4112.87,4114.43,4112.87,4113.825,390
1791390180,4113.775,4114.54,4113.425,4114.495,287
1791390240,4114.57,4114.715,4113.02,4113.57,245
1791390300,4113.52,4114.43,4113.45,4113.785,219
1791390360,4113.885,4114.135,4112.145,4113.755,315
1791390420,4113.78,4114.085,4113.055,4113.735,252
1791390480,4113.76,4114.685,4113.595,4113.835,244
1791390540,4113.82,4114.54,4113.33,4114.405,356
1791390600,4114.355,4115.285,4113.575,4114.085,386
1791390660,4114.09,4114.185,4113.285,4113.385,277
1791390720,4113.39,4114.07,4112.74,4113.29,241
1791390780,4113.34,4113.905,4112.73,4112.79,212
1791390840,4112.78,4113.005,4111.24,4111.3,231
1791390900,4111.29,4111.56,4109.905,4110.155,302
1791390960,4110.275,4111.31,4109.8,4111.125,366
1791391020,4111.155,4111.91,4110.55,4110.555,298
1791391080,4110.64,4112.54,4110.41,4110.995,397
1791391140,4111.135,4111.64,4109.255,4109.795,268
1791391200,4109.845,4109.845,4107.75,4107.955,268
1791391260,4108.005,4108.61,4107.32,4108.61,298
1791391320,4108.655,4109.415,4107.955,4109.125,218
1791391380,4109.175,4109.39,4107.59,4107.76,395
1791391440,4107.655,4108.885,4107.51,4108.415,425
1791391500,4108.41,4110.095,4108.4,4109.845,443
1791391560,4109.895,4112.295,4109.245,4109.635,966
1791391620,4109.625,4110.2,4109.015,4109.355,448
1791391680,4109.37,4109.395,4108.425,4108.645,409
1791391740,4108.65,4109.155,4107.52,4107.71,410
1791391800,4107.72,4108.68,4107.35,4108.68,268
1791391860,4108.615,4109.37,4108.42,4108.565,227
1791391920,4108.515,4110.255,4108.515,4109.755,297
1791391980,4109.75,4109.86,4108.58,4108.945,261
1791392040,4108.94,4109.78,4108.785,4109.25,210
1791392100,4109.4,4110.04,4108.955,4109.55,297
1791392160,4109.575,4110.15,4109.31,4110.145,312
1791392220,4110.185,4110.925,4109.31,4109.81,644
1791392280,4109.865,4109.935,4108.965,4109.285,312
1791392340,4109.33,4109.875,4109.02,4109.535,230
1791392400,4109.575,4109.895,4108.75,4109.5,375
1791392460,4109.45,4109.645,4108.37,4108.585,278
1791392520,4108.665,4114.765,4108.505,4114.13,1799
1791392580,4114.225,4115.505,4111.315,4111.315,686
1791392640,4111.365,4113.51,4111.13,4112.86,542
1791392700,4112.93,4113.21,4112.055,4112.395,388
1791392760,4112.415,4115.475,4111.58,4114.44,563
1791392820,4114.365,4117.46,4113.59,4117.46,471
1791392880,4117.465,4118.745,4116.78,4117.475,1003
1791392940,4117.4,4119.545,4116.855,4119.47,823
1791393000,4119.52,4122.55,4118.71,4122.39,853
1791393060,4122.44,4127.005,4121.73,4122.525,1216
1791393120,4122.51,4123.345,4120.515,4122.485,685
1791393180,4122.495,4122.535,4119.47,4119.47,500
1791393240,4119.46,4120.755,4118.415,4119.82,574
1791393300,4119.91,4120.835,4118.235,4120.555,663
1791393360,4120.6,4121.58,4119.865,4120.26,764
1791393420,4120.36,4120.36,4118.64,4119.265,452
1791393480,4119.32,4121.205,4119.155,4120.805,545
1791393540,4120.815,4121.01,4119.93,4120.31,480
1791393600,4120.315,4123.005,4120.075,4120.805,819
1791393660,4120.73,4121.44,4119.6,4120.605,644
1791393720,4120.65,4120.77,4120.055,4120.54,466
1791393780,4120.565,4121.24,4118.96,4120,527
1791393840,4119.985,4120.165,4118.32,4118.755,674
1791393900,4118.715,4119.29,4116.885,4117.075,509
1791393960,4117.115,4117.52,4115.93,4116.235,425
1791394020,4116.285,4116.84,4114.625,4115.115,431
1791394080,4115.225,4116.77,4113.875,4116.325,478
1791394140,4116.36,4116.41,4113.965,4114.18,491
1791394200,4114.215,4116.69,4113.315,4116.49,426
1791394260,4116.44,4117.055,4115.27,4115.405,301
1791394320,4115.455,4115.5,4113.59,4114.185,300
1791394380,4114.135,4115.23,4113.925,4114.435,294
1791394440,4114.385,4114.95,4113.795,4114.79,257
1791394500,4114.795,4115.745,4114.135,4115.25,308
1791394560,4115.255,4115.45,4113.825,4114.93,242
1791394620,4114.94,4115.13,4113.07,4114.045,229
1791394680,4113.995,4114.045,4112.665,4113.22,291
1791394740,4113.295,4113.67,4112.555,4112.845,237
1791394800,4112.935,4112.935,4111.39,4112.495,322
1791394860,4112.55,4112.795,4111.595,4111.61,321
1791394920,4111.625,4113.015,4111.525,4111.585,547
1791394980,4111.59,4111.995,4111.08,4111.795,374
1791395040,4111.745,4111.805,4111.115,4111.715,246
1791395100,4111.67,4112.32,4111.37,4111.86,453
1791395160,4111.85,4114.295,4111.84,4113.81,646
1791395220,4113.845,4115.52,4113.46,4114.03,652
1791395280,4114.05,4114.325,4112.005,4112.28,556
1791395340,4112.285,4112.71,4111.85,4111.85,379
1791395400,4111.92,4112.345,4111.04,4111.46,398
1791395460,4111.45,4111.87,4111.04,4111.75,356
1791395520,4111.725,4111.76,4110.23,4110.23,297
1791395580,4110.33,4110.585,4109.415,4110.205,300
1791395640,4110.3,4110.57,4109.41,4109.65,328
1791395700,4109.63,4109.97,4109.1,4109.275,357
1791395760,4109.33,4109.58,4108.48,4108.955,316
1791395820,4108.96,4109.695,4108.89,4109.435,202
1791395880,4109.425,4110.025,4109.33,4110.025,194
1791395940,4110.05,4110.585,4110.05,4110.295,254
1791396000,4110.305,4110.63,4109.385,4110.48,542
1791396060,4110.53,4110.545,4108.975,4109.625,328
1791396120,4109.66,4111.25,4109.32,4110.79,361
1791396180,4110.76,4111.505,4110.265,4110.585,200
1791396240,4110.62,4115.145,4110.55,4114.945,504
1791396300,4115.095,4119.98,4114.82,4117.69,761
1791396360,4117.72,4118.295,4116.62,4116.83,448
1791396420,4116.81,4116.81,4115.35,4116.645,607
1791396480,4116.62,4116.62,4115.105,4115.19,379
1791396540,4115.265,4115.29,4113.545,4114.805,401
1791396600,4114.785,4114.815,4113.205,4113.695,803
1791396660,4113.685,4114.375,4113.03,4114.085,641
1791396720,4114.08,4114.225,4113.02,4114.095,643
1791396780,4114.09,4114.52,4113.215,4113.535,527
1791396840,4113.505,4113.94,4112.865,4113.185,541
1791396900,4113.175,4113.6,4112.125,4112.63,673
1791396960,4112.64,4113.1,4112.35,4112.73,467
1791397020,4112.735,4113.335,4112.11,4112.76,156
1791397080,4112.765,4112.81,4111.745,4111.925,375
1791397140,4111.95,4113.73,4111.765,4113.235,267
1791397200,4113.165,4113.23,4112.165,4112.245,323
1791397260,4112.31,4112.485,4111.935,4112.21,193
1791397320,4112.34,4113.05,4111.355,4111.445,245
1791397380,4111.48,4111.68,4110.92,4111,176
1791397440,4111.05,4111.64,4110.35,4111.115,273
1791397500,4111.165,4111.49,4110.26,4110.4,282
1791397560,4110.325,4111.63,4110.225,4111.58,260
1791397620,4111.63,4112.295,4110.525,4111.38,297
1791397680,4111.375,4112.76,4111.375,4111.73,412
1791397740,4111.68,4111.855,4110.92,4111.67,314
1791397800,4111.745,4112.105,4110.44,4110.65,240
1791397860,4110.505,4110.925,4109.915,4110.605,256
1791397920,4110.555,4111.04,4110.32,4110.58,150
1791397980,4110.545,4111.275,4110.48,4110.675,158
1791398040,4110.71,4110.89,4110.255,4110.645,133
1791398100,4110.745,4112.16,4109.47,4111.525,245
1791398160,4111.49,4111.805,4110.355,4111.08,378
1791398220,4111.09,4111.74,4110.385,4110.385,537
1791398280,4110.4,4110.505,4107.11,4107.82,773
1791398340,4107.815,4108.99,4107.785,4108.565,387
1791398400,4108.515,4110.57,4108.515,4110.485,197
1791398460,4110.48,4110.79,4109.585,4109.795,278
1791398520,4109.84,4111.05,4109.645,4110.4,229
1791398580,4110.45,4112.025,4110.19,4110.39,410
1791398640,4110.49,4111.15,4109.89,4110.085,200
1791398700,4110.185,4110.185,4109.21,4109.5,171
1791398760,4109.4,4110.58,4108.82,4109.17,253
1791398820,4109.12,4110.065,4109.055,4109.805,180
1791398880,4109.705,4111.33,4109.705,4111.015,198
1791398940,4111.115,4112.045,4111.005,4111.8,227
1791399000,4111.805,4113.305,4111.33,4111.825,283
1791399060,4111.765,4112.16,4111.45,4112.09,170
1791399120,4112.04,4112.515,4111.46,4112.515,125
1791399180,4112.465,4112.565,4111.03,4111.545,128
1791399240,4111.495,4111.645,4110.48,4110.755,114
1791399300,4110.795,4111.52,4110.795,4111.025,231
1791399360,4111.105,4111.475,4110.82,4111.145,182
1791399420,4111.15,4111.34,4109.855,4110.105,211
1791399480,4110.055,4110.175,4109.215,4109.535,174
1791399540,4109.42,4109.85,4109.025,4109.15,238
1791399600,4109.1,4110.165,4108.61,4110.015,218
1791399660,4109.915,4110.45,4109.59,4110.45,110
1791399720,4110.4,4110.565,4107.875,4108.365,344
1791399780,4108.415,4108.935,4105.93,4106.015,699
1791399840,4106.01,4107.66,4105.665,4107.55,628
1791399900,4107.595,4108.915,4107.265,4108.465,456
1791399960,4108.43,4108.515,4104.47,4105.225,947
1791400020,4105.24,4106.105,4104.59,4104.77,591
1791400080,4104.685,4105.78,4102.94,4105.73,399
1791400140,4105.78,4106.79,4104.77,4104.825,302
1791400200,4104.875,4106.435,4104.855,4105.85,396
1791400260,4105.9,4106.935,4105.8,4106.17,283
1791400320,4106.2,4107.9,4106.15,4107.475,300
1791400380,4107.405,4107.955,4107.06,4107.5,250
1791400440,4107.54,4108.44,4106.78,4107.255,228
1791400500,4107.305,4107.475,4105.915,4107.34,277
1791400560,4107.325,4109.125,4107.265,4108.9,295
1791400620,4108.86,4108.975,4107.83,4108.635,280
1791400680,4108.485,4108.795,4107.905,4108.665,237
1791400740,4108.66,4109.095,4108.28,4109.085,190
1791400800,4109.135,4109.835,4108.285,4108.425,222
1791400860,4108.485,4109.215,4108.375,4108.895,173
1791400920,4108.95,4108.965,4107.92,4108.565,321
1791400980,4108.45,4109.145,4108.31,4109.095,184
1791401040,4109.145,4109.325,4108.37,4108.485,127
1791401100,4108.4,4108.615,4107.145,4107.355,163
1791401160,4107.405,4107.485,4106.48,4107.42,288
1791401220,4107.48,4107.49,4106.95,4107.365,208
1791401280,4107.415,4107.58,4106.835,4106.88,285
1791401340,4106.835,4107.12,4106.485,4106.775,204
1791401400,4106.785,4107.62,4106.605,4107.415,351
1791401460,4107.47,4107.605,4105.77,4106.535,333
1791401520,4106.575,4107.415,4106.33,4106.35,425
1791401580,4106.335,4106.7,4105.69,4106.525,127
1791401640,4106.475,4106.935,4106.27,4106.595,191
1791401700,4106.62,4106.62,4105.56,4105.81,330
1791401760,4105.805,4106.3,4105.6,4105.645,336
1791401820,4105.655,4106.18,4105.4,4105.925,342
1791401880,4105.9,4106.755,4105.335,4106.275,296
1791401940,4106.34,4106.5,4105.765,4105.895,240
1791402000,4105.91,4107.205,4105.15,4105.395,438
1791402060,4105.4,4105.645,4104.845,4105.09,336
1791402120,4105.1,4105.985,4104.9,4105.84,309
1791402180,4105.705,4105.71,4105.03,4105.03,233
1791402240,4105.04,4105.32,4104.135,4104.565,379
1791402300,4104.605,4104.68,4103.095,4103.845,322
1791402360,4103.83,4104.17,4103.19,4103.385,229
1791402420,4103.35,4104.055,4102.595,4103.195,234
1791402480,4103.185,4103.185,4102.12,4102.695,131
1791402540,4102.645,4103.485,4102.645,4102.975,235
1791402600,4103.005,4103.585,4102.18,4102.545,382
1791402660,4102.595,4103.21,4101.915,4101.965,262
1791402720,4102.01,4102.615,4101.48,4102.06,242
1791402780,4101.91,4102.52,4101.01,4102.495,239
1791402840,4102.505,4102.97,4101.235,4101.285,406
1791402900,4101.35,4102.255,4101.275,4101.53,525
1791402960,4101.57,4102.69,4101.53,4102.225,399
1791403020,4102.235,4102.31,4100.765,4100.785,627
1791403080,4100.82,4101.285,4100.3,4100.76,522
1791403140,4100.745,4101.4,4100.625,4101.075,813
1791403200,4101.025,4104.395,4100.745,4103.925,387
1791403260,4103.935,4104.47,4102.96,4103.545,226
1791403320,4103.595,4103.595,4102.405,4103.365,203
1791403380,4103.355,4103.795,4102.87,4103.19,174
1791403440,4103.32,4103.87,4103.32,4103.625,154
1791403500,4103.65,4104.52,4103.325,4104.095,264
1791403560,4104.155,4104.795,4103.905,4104.61,253
1791403620,4104.64,4105.26,4104.11,4105.02,215
1791403680,4105.13,4105.435,4104.895,4105.015,104
1791403740,4105.025,4105.105,4104.455,4104.64,157
1791403800,4104.65,4104.925,4104.35,4104.655,185
1791403860,4104.645,4105.81,4104.455,4105.72,162
1791403920,4105.625,4106.345,4105.055,4106.29,145
1791403980,4106.245,4107.075,4105.82,4106.59,163
1791404040,4106.635,4106.685,4106.195,4106.525,80
1791404100,4106.555,4107.725,4106.105,4107.345,127
1791404160,4107.34,4107.9,4107.055,4107.645,137
1791404220,4107.66,4108.09,4107.455,4107.97,112
1791404280,4108.05,4108.055,4107.535,4107.665,103
1791404340,4107.715,4108.2,4107.665,4107.915,77
1791404400,4107.855,4108.46,4107.815,4108.385,69
1791404460,4108.435,4109.185,4108.185,4109.185,83
1791404520,4109.255,4110.44,4109.195,4110.22,100
1791404580,4110.245,4110.665,4109.785,4109.86,87
1791404640,4109.79,4110.14,4109.67,4109.74,83
1791404700,4109.84,4111.42,4109.77,4111.32,95
1791404760,4111.37,4112.06,4111.03,4111.94,106
1791404820,4111.89,4112.03,4111.48,4111.93,62
1791404880,4112.03,4112.08,4111.36,4111.795,103
1791404940,4111.815,4113.07,4111.745,4112.38,224
1791405000,4112.43,4113.245,4112.15,4113.245,92
1791405060,4113.225,4113.325,4111.735,4111.76,76
1791405120,4111.89,4111.955,4111.36,4111.36,62
1791405180,4111.31,4111.31,4110.1,4110.2,102
1791405240,4110.15,4110.47,4109.63,4109.63,72
1791405300,4109.78,4109.78,4109.125,4109.355,73
1791405360,4109.405,4110.2,4109.345,4109.95,59
1791405420,4109.9,4110.695,4109.9,4110.295,98
1791405480,4110.165,4110.355,4109.695,4109.71,88
1791405540,4109.66,4109.66,4109.09,4109.6,66
1791405600,4109.55,4109.75,4109.435,4109.595,60
1791405660,4109.695,4109.745,4108.305,4108.475,80
1791405720,4108.525,4108.71,4107.92,4108.66,89
1791405780,4108.71,4109.155,4108.66,4108.955,55
1791405840,4109.055,4109.075,4108.485,4109.075,67
1791405900,4108.975,4109.31,4108.585,4108.785,90
1791405960,4108.865,4109.14,4108.635,4109.11,82
1791406020,4109.09,4109.14,4108.635,4109.035,65
1791406080,4109.135,4109.54,4108.88,4108.88,62
1791406140,4108.995,4109.57,4108.895,4109.515,82
1791406200,4109.565,4111.01,4108.23,4108.34,260
1791406260,4108.33,4108.33,4107.17,4107.255,148
1791406320,4107.22,4107.225,4106.365,4106.41,90
1791406380,4106.51,4106.95,4105.835,4106.755,110
1791406440,4106.705,4107.37,4106.665,4107.12,150
1791406500,4107.15,4109.58,4107.15,4109.21,293
1791406560,4109.26,4110.3,4109.21,4110.29,134
1791406620,4110.315,4110.495,4109.605,4109.755,255
1791406680,4109.775,4110.975,4109.775,4110.92,170
1791406740,4110.97,4111.33,4110.93,4111.33,41
1791410640,4112.73,4112.77,4112.54,4112.64,14
1791410700,4112.63,4112.75,4111.37,4111.63,355
1791410760,4111.705,4111.875,4110.665,4110.705,217
1791410820,4110.71,4111.215,4109.59,4110.055,252
1791410880,4110.07,4110.07,4109.165,4109.6,178
1791410940,4109.615,4110.435,4109.495,4109.96,89
1791411000,4109.905,4110.925,4109.905,4110.545,197
1791411060,4110.55,4111.06,4109.305,4110.805,191
1791411120,4110.915,4110.965,4109.595,4109.915,131
1791411180,4109.93,4109.965,4109.07,4109.11,171
1791411240,4108.96,4109.34,4107.985,4108.245,221
1791411300,4108.335,4108.97,4108.055,4108.425,133
1791411360,4108.26,4108.73,4107.875,4108.065,132
1791411420,4108.055,4108.98,4107.99,4108.42,149
1791411480,4108.43,4108.735,4108.36,4108.555,94
1791411540,4108.56,4108.74,4107.9,4107.96,169
1791411600,4107.97,4107.97,4106.54,4106.655,285
1791411660,4106.715,4106.88,4106.135,4106.675,93
1791411720,4106.685,4106.96,4106.05,4106.9,114
1791411780,4106.85,4106.935,4106.235,4106.465,75
1791411840,4106.515,4106.53,4105.445,4105.79,71
1791411900,4105.69,4105.695,4104.97,4105.41,93
1791411960,4105.34,4105.425,4104.72,4104.975,62
1791412020,4104.96,4105.225,4104.73,4104.97,81
1791412080,4104.95,4105.38,4103.445,4104.65,155
1791412140,4104.7,4105.955,4104.555,4105.83,111
1791412200,4105.875,4106.465,4105.65,4106.305,137
1791412260,4106.255,4106.675,4106.04,4106.275,122
1791412320,4106.265,4106.425,4105.7,4105.915,99
1791412380,4105.92,4106.295,4104.98,4105.055,99
1791412440,4105.05,4105.225,4104.48,4104.86,108
1791412500,4104.86,4105.43,4103.755,4104.11,194
1791412560,4104.08,4104.345,4103.77,4104.03,100
1791412620,4104.085,4104.58,4103.79,4103.9,75
1791412680,4103.91,4104.48,4103.9,4104.13,55
1791412740,4104.23,4104.385,4104.08,4104.36,30
1791412800,4104.31,4104.925,4104.24,4104.925,65
1791412860,4104.93,4105.035,4104.54,4104.655,104
1791412920,4104.66,4104.88,4104.54,4104.68,76
1791412980,4104.695,4105.235,4104.695,4104.96,160
1791413040,4104.985,4105.18,4104.9,4105.18,101
1791413100,4105.17,4105.34,4104.96,4105.075,170
1791413160,4105.15,4105.365,4105.015,4105.135,54
1791413220,4105.22,4105.49,4105.17,4105.255,37
1791413280,4105.305,4105.85,4105.205,4105.61,117
1791413340,4105.56,4105.715,4105.375,4105.71,74
1791413400,4105.69,4106.705,4105.52,4106.6,94
1791413460,4106.595,4106.675,4106.24,4106.57,44
1791413520,4106.56,4106.815,4106.305,4106.765,39
1791413580,4106.815,4106.875,4106.295,4106.395,91
1791413640,4106.485,4106.495,4105.795,4105.98,58
1791413700,4106.1,4106.11,4105.39,4105.775,83
1791413760,4105.675,4105.725,4105.055,4105.175,70
1791413820,4105.16,4105.985,4105.06,4105.985,68
1791413880,4105.935,4106.23,4105.295,4105.61,86
1791413940,4105.66,4106.79,4105.61,4106.55,122
1791414000,4106.465,4107.465,4106.13,4107.1,269
1791414060,4107.09,4107.655,4106.955,4107.08,135
1791414120,4107.055,4107.715,4106.99,4107.655,35
1791414180,4107.57,4108.245,4107.195,4108.245,80
1791414240,4108.195,4109.98,4108.195,4109.695,215
1791414300,4109.71,4109.71,4108.575,4108.575,117
1791414360,4108.68,4109.035,4108.46,4108.78,72
1791414420,4108.775,4108.775,4106.885,4108.255,201
1791414480,4108.155,4110.035,4107.91,4109.4,254
1791414540,4109.345,4109.78,4108.875,4109.575,200
1791414600,4109.585,4109.83,4109.445,4109.445,85
1791414660,4109.545,4109.635,4108.94,4109.53,76
1791414720,4109.63,4109.855,4109.295,4109.36,54
1791414780,4109.51,4109.645,4109.33,4109.64,40
1791414840,4109.54,4109.705,4109.385,4109.61,43
1791414900,4109.53,4110.8,4109.46,4110.735,88
1791414960,4110.565,4111.055,4110.135,4110.46,158
1791415020,4110.5,4110.975,4110.36,4110.87,35
1791415080,4111.075,4111.4,4111.015,4111.07,39
1791415140,4111.075,4111.22,4110.99,4111.025,30
1791415200,4111.075,4111.305,4110.825,4111.025,57
1791415260,4111.08,4111.89,4110.77,4111.32,162
1791415320,4111.335,4111.94,4110.67,4110.825,210
1791415380,4110.805,4111.415,4109.395,4109.935,280
1791415440,4109.905,4110.52,4108.87,4110.19,205
1791415500,4110.275,4110.47,4109.39,4109.62,182
1791415560,4109.615,4110.15,4109.565,4110.09,78
1791415620,4110.15,4111,4109.58,4109.72,138
1791415680,4109.7,4110.555,4109.07,4109.07,151
1791415740,4109.095,4109.435,4107.895,4108.565,213
1791415800,4108.56,4108.945,4107.88,4108.855,130
1791415860,4108.85,4109.67,4108.315,4109.225,198
1791415920,4109.18,4109.56,4108.945,4109.375,127
1791415980,4109.34,4111.94,4109.34,4111.685,244
1791416040,4111.705,4112.66,4110.275,4111.475,443
1791416100,4111.49,4112.25,4111.31,4112.12,153
1791416160,4112.205,4113.7,4112.035,4113.545,253
1791416220,4113.535,4114.025,4112.17,4113.99,370
1791416280,4113.995,4114.295,4113.53,4114.225,246
1791416340,4114.235,4114.31,4112.655,4112.86,197
1791416400,4112.76,4113.495,4112.745,4113.01,150
1791416460,4113.015,4113.18,4112.67,4113.18,165
1791416520,4113.065,4113.83,4112.95,4113.205,165
1791416580,4113.19,4113.28,4112.56,4112.695,163
1791416640,4112.68,4112.895,4111.925,4112.235,184
1791416700,4112.265,4112.415,4111.165,4112.075,313
1791416760,4112.065,4112.065,4111.33,4111.33,226
1791416820,4111.385,4111.77,4110.605,4110.61,136
1791416880,4110.66,4110.93,4110.4,4110.745,128
1791416940,4110.735,4111.22,4110.235,4110.345,197
1791417000,4110.355,4110.855,4110.2,4110.68,157
1791417060,4110.66,4110.67,4109.38,4109.92,164
1791417120,4109.97,4110.07,4109.175,4109.25,154
1791417180,4109.26,4110.3,4109.26,4109.735,255
1791417240,4109.73,4109.73,4108.535,4109.13,193
1791417300,4109.135,4109.715,4108.43,4109.67,223
1791417360,4109.72,4110.24,4109.205,4109.35,154
1791417420,4109.36,4109.72,4108.665,4109.655,265
1791417480,4109.67,4109.895,4109.335,4109.37,187
1791417540,4109.385,4109.56,4108.15,4108.385,219
1791417600,4108.195,4110.185,4108.035,4110.075,601
1791417660,4109.92,4110.625,4108.91,4110.075,465
1791417720,4110.115,4110.335,4109.395,4110.155,283
1791417780,4110.14,4110.51,4109.78,4110.22,310
1791417840,4110.215,4111.655,4110.215,4111.145,437
1791417900,4111.115,4111.56,4109.32,4109.495,681
1791417960,4109.52,4110.32,4107.02,4108.445,1224
1791418020,4108.455,4108.98,4108.245,4108.395,658
1791418080,4108.38,4108.79,4107.31,4107.78,519
1791418140,4107.805,4107.89,4106.925,4106.95,551
1791418200,4107.005,4107.59,4105.745,4106.545,528
1791418260,4106.555,4107.31,4106.1,4106.795,270
1791418320,4106.74,4110.65,4106.535,4110.635,573
1791418380,4110.645,4112.545,4109.125,4109.26,678
1791418440,4109.275,4111.25,4109.275,4110.465,378
1791418500,4110.46,4111.165,4108.805,4109.545,432
1791418560,4109.555,4109.975,4108.755,4109.405,343
1791418620,4109.44,4110.115,4108.84,4109.17,321
1791418680,4109.22,4110.865,4109.165,4109.905,257
1791418740,4109.93,4110.255,4109.275,4109.435,226
1791418800,4109.485,4109.705,4106.885,4108.415,373
1791418860,4108.44,4108.92,4107.185,4107.185,422
1791418920,4107.195,4108.665,4106.89,4107.945,395
1791418980,4108.01,4109.865,4106.12,4109.8,491
1791419040,4109.82,4109.87,4107.98,4109.775,493
1791419100,4109.82,4110.02,4107.83,4108.555,392
1791419160,4108.615,4109.085,4107.115,4108.42,454
1791419220,4108.41,4108.41,4106.51,4107.065,345
1791419280,4107.07,4108.68,4106.535,4108.505,344
1791419340,4108.49,4108.55,4107.155,4107.65,362
1791419400,4107.705,4107.705,4106.35,4106.635,429
1791419460,4106.6,4107.7,4106.265,4106.29,342
1791419520,4106.305,4107.83,4105.8,4107.59,336
1791419580,4107.625,4108.89,4107.495,4108.215,269
1791419640,4108.235,4109.34,4108.15,4109.045,244
1791419700,4109.05,4109.96,4108.765,4109.295,389
1791419760,4109.315,4110.995,4108.8,4110.145,459
1791419820,4110.14,4111.105,4108.505,4109.215,302
1791419880,4109.165,4109.505,4107.825,4108,223
1791419940,4108.06,4108.59,4106.045,4107.015,442
1791420000,4107.005,4109.52,4106.995,4107.29,495
1791420060,4107.275,4109.195,4107.195,4107.98,537
1791420120,4107.975,4108.315,4106.235,4106.535,433
1791420180,4106.63,4107.915,4105.56,4105.56,292
1791420240,4105.61,4106.99,4105.61,4106.345,312
1791420300,4106.315,4107.175,4105.79,4107.065,237
1791420360,4107.08,4110.815,4107,4110.43,399
1791420420,4110.43,4111.215,4109.235,4110.5,744
1791420480,4110.505,4112.095,4108.805,4111.515,684
1791420540,4111.53,4115.79,4111.45,4115.68,909
1791420600,4115.675,4117.735,4115.36,4115.69,918
1791420660,4115.695,4116.755,4115.255,4115.66,670
1791420720,4115.65,4118.06,4115.21,4117.585,780
1791420780,4117.525,4118.795,4117.155,4118.51,866
1791420840,4118.525,4119.22,4117.53,4117.775,592
1791420900,4117.725,4119.855,4117.64,4119.55,610
1791420960,4119.525,4119.72,4117.53,4117.53,544
1791421020,4117.5,4120.495,4117.46,4120.04,520
1791421080,4120.14,4120.52,4118.135,4118.17,700
1791421140,4118.2,4119.85,4116.995,4116.995,999
1791421200,4117.01,4127.305,4116.125,4123.77,2538
1791421260,4123.725,4129.74,4123.69,4128.815,1683
1791421320,4128.85,4132.135,4127.77,4131.7,1700
1791421380,4131.705,4132.805,4129.4,4130.5,1507
1791421440,4130.43,4133.27,4129.51,4129.875,1178
1791421500,4129.9,4134.915,4129.81,4133.135,1322
1791421560,4133.16,4135.27,4130.85,4131.125,882
1791421620,4131.08,4131.72,4127.65,4127.81,948
1791421680,4127.9,4128.83,4125.165,4127.34,1045
1791421740,4127.315,4127.69,4126.025,4126.19,655
1791421800,4126.24,4126.24,4122.765,4123.44,977
1791421860,4123.45,4125.63,4122.98,4125.305,824
1791421920,4125.31,4126.34,4124.75,4125.41,834
1791421980,4125.32,4125.32,4122.75,4122.785,579
1791422040,4122.775,4124.72,4121.325,4121.52,712
1791422100,4121.465,4121.465,4118.875,4119.82,901
1791422160,4119.81,4120.635,4119.065,4120.18,935
1791422220,4120.17,4122.625,4119.93,4121.035,861
1791422280,4120.96,4124.24,4120.96,4122.865,573
1791422340,4123.025,4124.23,4122.105,4124.01,580
1791422400,4124.005,4124.33,4120.96,4121.54,605
1791422460,4121.61,4121.955,4120.01,4120.47,559
1791422520,4120.37,4120.57,4119.125,4120.005,563
1791422580,4119.99,4122.075,4119.29,4121.245,689
1791422640,4121.195,4124.25,4119.745,4123.915,747
1791422700,4124.09,4127.435,4123.93,4127.235,699
1791422760,4127.245,4129.225,4127.245,4128.695,431
1791422820,4128.645,4129.35,4126.805,4127.77,549
1791422880,4127.72,4128.145,4126.23,4128.02,439
1791422940,4128.085,4129.265,4127.62,4128.765,464
1791423000,4128.72,4130.205,4127.535,4127.72,678
1791423060,4127.825,4128.79,4127.41,4128.17,579
1791423120,4128.08,4128.735,4126.82,4128.21,595
1791423180,4128.18,4130.695,4128.015,4130.21,675
1791423240,4130.2,4130.825,4129,4129.985,586
1791423300,4129.97,4133.565,4129.92,4133.25,484
1791423360,4133.255,4134.95,4132.7,4133.885,650
1791423420,4133.9,4134.575,4132.5,4132.605,424
1791423480,4132.625,4133.295,4132.33,4132.92,357
1791423540,4132.91,4133.565,4132.01,4133.085,481
1791423600,4133.1,4134.56,4132.95,4133.515,545
1791423660,4133.36,4133.97,4131.975,4132.425,376
1791423720,4132.545,4132.89,4130.96,4131.19,458
1791423780,4131.09,4132.3,4130.88,4131.415,303
1791423840,4131.465,4132.9,4130.855,4132.225,479
1791423900,4132.29,4132.81,4129.13,4129.495,807
1791423960,4129.445,4134.055,4129.39,4134.05,470
1791424020,4134.045,4135.99,4133.84,4135.1,553
1791424080,4135.115,4136.315,4134.14,4136.165,417
1791424140,4136.13,4137.325,4135.045,4137.28,369
1791424200,4137.26,4137.6,4133.795,4134.015,383
1791424260,4133.995,4134.25,4132.96,4133.21,405
1791424320,4133.175,4134.47,4133.08,4134.43,397
1791424380,4134.345,4134.48,4133.28,4134.06,400
1791424440,4134.055,4135.415,4132.83,4133.16,594
1791424500,4133.21,4133.63,4132.1,4133.1,584
1791424560,4133.155,4133.905,4132.805,4133.14,352
1791424620,4133.165,4135.03,4133.165,4134.315,499
1791424680,4134.335,4134.465,4132.695,4132.705,671
1791424740,4132.71,4133.28,4132.145,4133.135,708
1791424800,4133.145,4134.33,4132.495,4134.31,820
1791424860,4134.26,4134.975,4133.88,4134.515,511
1791424920,4134.525,4135.32,4133.86,4134.335,433
1791424980,4134.37,4138.92,4134.305,4137.335,747
1791425040,4137.33,4138.875,4137.275,4138.67,565
1791425100,4138.665,4139.12,4137.65,4138.46,645
1791425160,4138.41,4138.775,4137.9,4138.36,289
1791425220,4138.31,4138.66,4137.345,4138.145,399
1791425280,4138.175,4138.645,4137.49,4138.48,318
1791425340,4138.28,4139.16,4137.845,4138.85,325
1791425400,4138.855,4138.94,4138.32,4138.445,496
1791425460,4138.48,4138.75,4137.895,4138.105,230
1791425520,4138.07,4138.845,4137.64,4138.83,256
1791425580,4138.825,4139.575,4138.685,4138.955,341
1791425640,4138.935,4139.32,4138.205,4138.545,283
1791425700,4138.45,4139.005,4138.205,4138.99,249
1791425760,4138.995,4140.33,4138.4,4138.585,372
1791425820,4138.55,4139.565,4138.28,4139.455,208
1791425880,4139.465,4139.935,4138.65,4139.645,266
1791425940,4139.65,4139.77,4139.06,4139.225,196
1791426000,4139.155,4139.365,4138.51,4138.86,191
1791426060,4138.815,4138.88,4137.265,4137.865,259
1791426120,4138.015,4138.56,4137.765,4138.025,285
1791426180,4137.99,4137.99,4136.945,4136.96,260
1791426240,4136.955,4137.66,4135.87,4137.075,613
1791426300,4137.125,4137.395,4136.275,4137.395,270
1791426360,4137.425,4138.86,4136.925,4137.175,306
1791426420,4137.18,4139.04,4136.935,4138.885,218
1791426480,4138.925,4138.945,4137.88,4137.96,188
1791426540,4137.945,4137.95,4137.09,4137.385,231
1791426600,4137.335,4137.635,4136.21,4137.055,918
1791426660,4137.07,4138.285,4136.405,4137.74,658
1791426720,4137.745,4139.665,4137.745,4139.09,681
1791426780,4139.07,4141.78,4138.93,4140.815,782
1791426840,4140.79,4143.04,4140.755,4142.71,636
1791426900,4142.685,4143.065,4140.74,4140.74,692
1791426960,4140.765,4142.165,4140.765,4141.385,672
1791427020,4141.445,4142.585,4141.1,4142.045,524
1791427080,4142.05,4142.065,4141.325,4141.375,258
1791427140,4141.495,4141.495,4139.295,4140.355,375
1791427200,4140.33,4140.695,4138.58,4138.58,396
1791427260,4138.485,4139.16,4137.745,4138.99,405
1791427320,4139.08,4141.695,4138.99,4141.34,342
1791427380,4141.3,4142.315,4140.79,4141.85,249
1791427440,4141.815,4143.425,4141.59,4143.085,348
1791427500,4143.155,4143.335,4140.985,4141.085,263
1791427560,4141,4142.075,4140.995,4141.56,460
1791427620,4141.555,4141.635,4139.86,4140.215,565
1791427680,4140.165,4140.43,4139.35,4139.67,567
1791427740,4139.785,4139.84,4137.47,4137.69,672
1791427800,4137.685,4137.915,4136.52,4136.565,614
1791427860,4136.585,4136.875,4135.265,4136.19,442
1791427920,4136.135,4136.19,4134.095,4134.095,331
1791427980,4134.095,4134.275,4132.875,4134.135,373
1791428040,4134.28,4134.335,4132.88,4133.025,277
1791428100,4133.06,4133.91,4132.015,4132.95,455
1791428160,4132.885,4133.255,4132.2,4133.065,548
1791428220,4133.07,4133.205,4132,4132.545,531
1791428280,4132.555,4133.715,4132.23,4133.15,618
1791428340,4133.135,4133.645,4132.385,4133.51,621
1791428400,4133.535,4135.68,4133.17,4135.2,672
1791428460,4135.085,4135.24,4133.705,4133.81,453
1791428520,4133.79,4135.195,4133.48,4133.67,396
1791428580,4133.72,4135.52,4133.55,4134.65,388
1791428640,4134.62,4135.185,4133.54,4133.65,571
1791428700,4133.655,4134.11,4133.335,4133.48,443
1791428760,4133.5,4133.56,4132.33,4133.34,698
1791428820,4133.345,4133.795,4132.18,4133.135,508
1791428880,4133.15,4133.32,4132.085,4132.525,521
1791428940,4132.545,4132.74,4130.765,4130.885,466
1791429000,4130.935,4131.095,4129.57,4129.675,451
1791429060,4129.705,4130.125,4128.73,4128.92,641
1791429120,4128.88,4130.42,4128.75,4130.045,409
1791429180,4129.995,4131.155,4129.335,4130.03,264
1791429240,4130.005,4130.605,4128.545,4129.18,241
1791429300,4129.195,4130.17,4129.105,4129.475,376
1791429360,4129.49,4130.395,4129.275,4130.395,498
1791429420,4130.355,4130.37,4129.095,4130.005,497
1791429480,4130.04,4132.23,4129.86,4132.18,632
1791429540,4132.155,4132.195,4131.095,4131.415,640
1791429600,4131.39,4132.855,4131.13,4132.79,508
1791429660,4132.88,4134.565,4132.61,4133.59,711
1791429720,4133.6,4135.065,4133.53,4134.965,492
1791429780,4134.97,4137.42,4134.97,4136.845,558
1791429840,4136.865,4137.365,4133.12,4133.505,542
1791429900,4133.495,4135.245,4132.85,4132.85,564
1791429960,4132.84,4132.84,4130.915,4132.445,446
1791430020,4132.455,4133.1,4132.17,4132.35,534
1791430080,4132.31,4134.175,4132.26,4134.105,413
1791430140,4134.12,4135.22,4134.035,4134.94,344
1791430200,4135.04,4136.08,4134.27,4135.81,295
1791430260,4135.82,4136.455,4135.55,4136.225,145
1791430320,4136.175,4136.93,4135.11,4135.425,192
1791430380,4135.375,4135.425,4133.56,4134.105,173
1791430440,4134.24,4134.8,4133.875,4134.63,158
1791430500,4134.68,4135.62,4134.68,4135.62,110
1791430560,4135.715,4136.335,4135.545,4135.71,104
1791430620,4135.81,4137.055,4135.63,4137.02,144
1791430680,4137.095,4138.08,4137.095,4138.03,139
1791430740,4138.065,4138.545,4137.725,4138.085,188
1791430800,4138.185,4138.53,4137.39,4137.55,163
1791430860,4137.545,4137.695,4136.2,4137.385,250
1791430920,4137.365,4137.925,4135.97,4135.97,257
1791430980,4135.975,4137.08,4135.885,4136.69,225
1791431040,4136.77,4137.47,4136.6,4137.205,184
1791431100,4137.21,4137.835,4136.83,4137.795,225
1791431160,4137.835,4138.9,4137.835,4138.39,191
1791431220,4138.35,4139.355,4138.135,4138.37,149
1791431280,4138.32,4139.475,4138.155,4139.47,86
1791431340,4139.475,4140.24,4139.28,4140.03,211
1791431400,4140.025,4140.155,4139.105,4139.255,180
1791431460,4139.305,4139.43,4137.66,4138.01,148
1791431520,4137.965,4137.965,4137.025,4137.125,107
1791431580,4137.075,4138.18,4137.075,4137.23,194
1791431640,4137.205,4137.85,4137.12,4137.465,164
1791431700,4137.56,4137.79,4135.82,4136.125,257
1791431760,4136.18,4136.43,4135.565,4136.17,197
1791431820,4136.12,4136.265,4135.755,4136.1,141
1791431880,4136.125,4137.195,4135.85,4137.135,249
1791431940,4137.065,4137.245,4136.36,4136.475,168
1791432000,4136.525,4137.65,4136.29,4137.5,364
1791432060,4137.45,4138.055,4137.165,4137.835,187
1791432120,4137.805,4137.93,4137.04,4137.54,120
1791432180,4137.505,4137.64,4136.99,4137.215,118
1791432240,4137.22,4138.035,4136.89,4137.255,202
1791432300,4137.235,4138.015,4137.21,4137.96,138
1791432360,4138.01,4138.885,4137.65,4138.825,152
1791432420,4138.885,4139.07,4138.535,4139.005,112
1791432480,4138.975,4139.6,4138.91,4139.36,140
1791432540,4139.41,4140.545,4139.32,4140.24,201
1791432600,4140.195,4142.035,4139.84,4141.585,411
1791432660,4141.58,4141.92,4139.735,4139.995,301
1791432720,4140.005,4140.035,4139.395,4139.46,299
1791432780,4139.475,4139.555,4138.585,4138.805,463
1791432840,4138.8,4138.8,4136.97,4137.055,265
1791432900,4137.035,4137.445,4136.675,4137.36,232
1791432960,4137.385,4138.115,4137.265,4137.555,218
1791433020,4137.615,4137.75,4136.62,4136.71,156
1791433080,4136.705,4136.83,4136.28,4136.28,178
1791433140,4136.285,4136.805,4136.285,4136.64,174
1791433200,4136.625,4136.625,4134.955,4135.25,345
1791433260,4135.215,4135.58,4134.645,4135.31,252
1791433320,4135.16,4135.285,4134.48,4134.48,120
1791433380,4134.475,4134.48,4133.615,4133.91,259
1791433440,4133.93,4134.125,4133.55,4134.015,114
1791433500,4133.99,4135.565,4133.965,4134.97,276
1791433560,4134.98,4135.315,4134.63,4135.285,146
1791433620,4135.28,4135.475,4135.115,4135.29,148
1791433680,4135.31,4135.905,4135.195,4135.61,186
1791433740,4135.545,4135.995,4135.325,4135.64,166
1791433800,4135.65,4135.65,4135.015,4135.41,157
1791433860,4135.39,4135.475,4134.735,4135.255,168
1791433920,4135.26,4135.27,4134,4134,119
1791433980,4134.085,4134.495,4133.845,4133.935,146
1791434040,4133.985,4134.285,4132.72,4132.845,196
1791434100,4132.85,4133.41,4132.005,4132.285,226
1791434160,4132.29,4132.93,4131.795,4132.35,284
1791434220,4132.315,4132.405,4132.035,4132.27,237
1791434280,4132.26,4132.565,4132,4132.515,287
1791434340,4132.545,4132.545,4131.595,4131.925,148
1791434400,4131.95,4132.39,4131.95,4132.375,125
1791434460,4132.36,4132.36,4130.945,4131.575,214
1791434520,4131.65,4132.145,4131.475,4131.48,132
1791434580,4131.425,4131.87,4131.06,4131.83,174
1791434640,4131.81,4133.18,4131.7,4132.44,180
1791434700,4132.46,4133.37,4132.1,4133.025,193
1791434760,4133.045,4134.435,4133.025,4133.775,190
1791434820,4133.79,4134.165,4133.15,4133.15,142
1791434880,4133.25,4133.685,4133.175,4133.56,110
1791434940,4133.46,4134.945,4133.23,4134.655,188
1791435000,4134.65,4135.04,4134.34,4134.99,255
1791435060,4134.93,4135.285,4134.75,4134.75,140
1791435120,4134.76,4134.8,4133.735,4134.325,173
1791435180,4134.33,4134.39,4133.85,4134.235,125
1791435240,4134.285,4134.39,4134.13,4134.315,81
1791435300,4134.305,4134.985,4134.255,4134.68,170
1791435360,4134.735,4134.985,4134.225,4134.43,92
1791435420,4134.44,4135.325,4134.09,4135.245,196
1791435480,4135.24,4135.37,4134.63,4135.03,188
1791435540,4135.04,4135.235,4133.52,4133.55,233
1791435600,4133.555,4133.555,4131.92,4132.025,247
1791435660,4132.015,4132.75,4131.165,4132.29,347
1791435720,4132.31,4133.205,4132.29,4132.365,205
1791435780,4132.415,4133.405,4132.365,4133.055,170
1791435840,4133.095,4133.84,4132.735,4133.81,336
1791435900,4133.76,4135.705,4133.56,4135.525,272
1791435960,4135.605,4135.72,4132.945,4133.13,306
1791436020,4133.12,4134.74,4133.12,4134.49,287
1791436080,4134.66,4134.715,4133.405,4133.42,185
1791436140,4133.505,4134.22,4133.23,4134.07,161
1791436200,4134.09,4135.265,4133.98,4135.155,309
1791436260,4135.115,4135.745,4134.995,4135.405,256
1791436320,4135.4,4135.73,4134.535,4134.71,166
1791436380,4134.66,4134.76,4132.465,4132.54,187
1791436440,4132.59,4132.83,4132.18,4132.47,133
1791436500,4132.44,4132.88,4132.16,4132.88,206
1791436560,4132.78,4133.25,4132.34,4132.665,133
1791436620,4132.705,4132.705,4131.435,4131.705,165
1791436680,4131.755,4132.055,4130.8,4131.605,166
1791436740,4131.655,4131.97,4131.545,4131.59,130
1791436800,4131.54,4132.075,4131.225,4131.285,156
1791436860,4131.345,4131.555,4130.66,4130.66,112
1791436920,4130.535,4130.905,4130.15,4130.23,335
1791436980,4130.255,4130.91,4130.045,4130.055,217
1791437040,4130.075,4130.15,4129.67,4129.96,221
1791437100,4129.975,4130.045,4128.435,4128.595,398
1791437160,4128.6,4129.12,4128.18,4129.11,259
1791437220,4129.065,4129.82,4128.96,4129.115,133
1791437280,4129.055,4129.31,4128.415,4128.435,190
1791437340,4128.39,4128.685,4127.99,4128.465,281
1791437400,4128.365,4128.385,4124.49,4125.31,909
1791437460,4125.295,4128.96,4125.295,4127.91,685
1791437520,4128.03,4130.345,4127.22,4129.8,641
1791437580,4129.82,4132.955,4128.27,4132.3,688
1791437640,4132.315,4132.315,4130.4,4130.68,524
1791437700,4130.665,4133.39,4130.565,4133.39,563
1791437760,4133.46,4134.195,4129.6,4131.99,753
1791437820,4131.945,4131.99,4128.965,4129.01,636
1791437880,4128.96,4129.54,4127.77,4128.78,365
1791437940,4128.805,4129.765,4128.285,4129.17,552
1791438000,4129.255,4129.915,4128.265,4128.355,531
1791438060,4128.405,4130.48,4128.31,4129.575,794
1791438120,4129.58,4131.485,4127.795,4131.25,761
1791438180,4131.3,4131.43,4128.355,4128.435,512
1791438240,4128.45,4128.45,4125.85,4126.245,401
1791438300,4126.18,4127.13,4125.43,4125.465,514
1791438360,4125.445,4125.445,4123.095,4123.95,545
1791438420,4124.03,4124.865,4123.585,4124.865,500
1791438480,4124.815,4125.685,4124.21,4125.325,403
1791438540,4125.415,4126.885,4125.15,4125.495,368
1791438600,4125.415,4126.055,4122.92,4123.61,748
1791438660,4123.625,4124.295,4120.875,4121.12,814
1791438720,4121.125,4121.22,4119.265,4120.515,793
1791438780,4120.445,4120.645,4117.42,4117.435,806
1791438840,4117.425,4117.935,4116.815,4117.875,679
1791438900,4117.89,4119.195,4116.965,4117.405,622
1791438960,4117.39,4118.22,4116.06,4117.895,607
1791439020,4117.89,4119.05,4117.495,4118.59,471
1791439080,4118.61,4118.63,4117.65,4118.065,476
1791439140,4117.98,4119.39,4117.58,4117.905,443
1791439200,4117.885,4121.565,4117.855,4119.97,1101
1791439260,4119.945,4120.43,4118.635,4119.635,972
1791439320,4119.63,4120.755,4118.23,4119.44,699
1791439380,4119.505,4120.205,4119.02,4119.685,797
1791439440,4119.69,4120.505,4119.17,4119.575,523
1791439500,4119.56,4119.78,4118.77,4119.585,800
1791439560,4119.59,4121.06,4118.85,4119.19,933
1791439620,4119.215,4120.625,4118.795,4120.45,728
1791439680,4120.46,4121.175,4120.075,4121.175,663
1791439740,4121.145,4121.59,4120.235,4121.435,639
1791439800,4121.44,4122.095,4119.63,4120.8,829
1791439860,4120.855,4121.585,4119.675,4120.41,634
1791439920,4120.385,4120.81,4119.79,4120.525,612
1791439980,4120.4,4121.39,4119.74,4121.005,585
1791440040,4121.03,4122.325,4120.725,4121.93,585
1791440100,4121.875,4121.875,4120.635,4121.235,678
1791440160,4121.125,4121.355,4119.615,4120.295,743
1791440220,4120.27,4121.865,4120.265,4121.02,499
1791440280,4120.97,4121.325,4119.915,4120.175,333
1791440340,4120.265,4120.35,4118.095,4119.36,445
1791440400,4119.33,4119.42,4116.995,4117.705,610
1791440460,4117.735,4118.1,4116.83,4117.605,701
1791440520,4117.53,4118.825,4117.195,4118.305,647
1791440580,4118.315,4118.77,4117.22,4117.655,555
1791440640,4117.705,4118.52,4116.56,4117.545,553
1791440700,4117.57,4118.23,4116.63,4116.92,686
1791440760,4117.01,4117.13,4114.69,4115.355,698
1791440820,4115.255,4116.965,4115.1,4116.5,428
1791440880,4116.53,4116.755,4115.31,4115.91,402
1791440940,4115.86,4117.345,4115.695,4116.255,466
1791441000,4116.205,4118.06,4116.18,4117.15,562
1791441060,4117.1,4117.1,4115.775,4116.935,423
1791441120,4117.025,4117.63,4116.345,4116.515,399
1791441180,4116.49,4117.605,4115.275,4115.555,516
1791441240,4115.55,4115.76,4114.665,4115.265,392
1791441300,4115.445,4116.33,4115.13,4116.135,399
1791441360,4116.13,4116.21,4114.555,4114.95,400
1791441420,4115.035,4116.34,4114.44,4116.215,391
1791441480,4116.295,4118.005,4115.64,4116.99,412
1791441540,4116.945,4118.09,4116.805,4118.04,290
1791441600,4117.99,4120.08,4117.965,4119.565,572
1791441660,4119.485,4122.115,4119.285,4122.115,367
1791441720,4122.145,4123.11,4120.76,4122.755,589
1791441780,4122.71,4123.67,4122.64,4123.305,325
1791441840,4123.255,4125.425,4123.255,4125.33,401
1791441900,4125.415,4126.65,4125.165,4126.345,623
1791441960,4126.32,4126.46,4124.19,4124.58,711
1791442020,4124.575,4125.085,4122.165,4123.565,617
1791442080,4123.56,4124.985,4123.005,4124.755,520
1791442140,4124.75,4125.465,4124.71,4125.065,314
1791442200,4125.09,4126.11,4124.68,4126.11,381
1791442260,4126.245,4126.97,4124.675,4124.95,445
1791442320,4124.945,4124.945,4123.805,4124.445,574
1791442380,4124.42,4125.88,4124.42,4125.555,622
1791442440,4125.55,4125.895,4124.315,4124.695,394
1791442500,4124.715,4124.965,4123.22,4123.405,368
1791442560,4123.335,4123.75,4123.065,4123.7,392
1791442620,4123.695,4124.485,4123.24,4123.24,447
1791442680,4123.33,4123.785,4123.09,4123.275,317
1791442740,4123.195,4123.365,4121.74,4121.835,397
1791442800,4121.86,4122.12,4119.97,4120.435,614
1791442860,4120.51,4120.79,4119.155,4119.915,451
1791442920,4119.965,4121.42,4119.595,4120.33,419
1791442980,4120.38,4121.9,4119.57,4119.875,434
1791443040,4119.965,4121.12,4119.875,4120.86,410
1791443100,4120.91,4122.055,4120.53,4121.095,382
1791443160,4121.11,4122.135,4119.745,4121.975,537
1791443220,4121.985,4124.39,4121.985,4123.65,505
1791443280,4123.6,4123.92,4122.66,4122.855,341
1791443340,4122.87,4125.01,4122.87,4124.755,492
1791443400,4124.74,4126.43,4124.275,4125.74,519
1791443460,4125.71,4125.89,4123.68,4124.69,337
1791443520,4124.74,4125.445,4124.105,4124.705,527
1791443580,4124.695,4126.815,4124.485,4125.925,405
1791443640,4125.875,4126.38,4124.815,4124.86,299
1791443700,4124.88,4125.53,4123.22,4124.135,267
1791443760,4124.165,4126.8,4124.07,4126.625,289
1791443820,4126.62,4126.885,4125.61,4126.15,505
1791443880,4126.07,4126.195,4125.52,4125.78,344
1791443940,4125.83,4126.655,4125.14,4126.505,328
1791444000,4126.51,4127.8,4125.69,4127.72,403
1791444060,4127.77,4128.88,4127.57,4128.005,243
1791444120,4128.06,4130.21,4127.955,4128.91,533
1791444180,4128.96,4129.7,4128.53,4129.38,402
1791444240,4129.36,4129.455,4128.2,4128.285,437
1791444300,4128.28,4128.37,4126.415,4127,500
1791444360,4127.01,4127.505,4125.45,4126.19,465
1791444420,4126.195,4126.565,4124.895,4124.915,383
1791444480,4124.93,4125.825,4124.81,4124.93,451
1791444540,4124.91,4125.305,4124.4,4125.005,513
1791444600,4125.02,4125.305,4123.975,4124.855,614
1791444660,4124.85,4125.005,4123.67,4124.065,336
1791444720,4124.055,4124.055,4121.385,4121.665,288
1791444780,4121.66,4121.87,4120.045,4120.055,375
1791444840,4120.135,4121.26,4118.85,4119.71,732
1791444900,4119.67,4121.85,4119.065,4121.595,596
1791444960,4121.53,4122.085,4119.215,4121.575,488
1791445020,4121.58,4123.005,4121.335,4122.9,532
1791445080,4122.955,4122.965,4121.84,4121.84,477
1791445140,4121.8,4121.895,4120.47,4120.475,296
1791445200,4120.47,4121.45,4120.14,4121.34,251
1791445260,4121.3,4121.965,4120.87,4121.475,259
1791445320,4121.47,4122.35,4120.505,4120.88,242
1791445380,4120.795,4120.795,4119.3,4119.3,254
1791445440,4119.31,4119.755,4118.82,4119.225,329
1791445500,4119.175,4119.765,4118.57,4118.76,416
1791445560,4118.71,4119.63,4118.57,4119.435,349
1791445620,4119.44,4120.42,4118.885,4118.895,422
1791445680,4118.9,4119.635,4118.16,4119.125,276
1791445740,4119.13,4119.85,4118.975,4119.755,220
1791445800,4119.695,4120.58,4119.62,4120.105,287
1791445860,4120.08,4121.24,4119.96,4121.135,439
1791445920,4121.13,4121.56,4120.465,4120.985,283
1791445980,4121.035,4121.5,4120.43,4121.35,218
1791446040,4121.215,4121.795,4119.96,4120.67,364
1791446100,4120.655,4121.135,4119.79,4120.135,264
1791446160,4120.225,4120.41,4118.965,4119.46,419
1791446220,4119.4,4119.95,4118.975,4119.125,239
1791446280,4119.075,4119.775,4118.72,4119.01,269
1791446340,4119.005,4120.39,4118.83,4120.21,312
1791446400,4120.2,4120.2,4118.465,4119.185,437
1791446460,4119.195,4121.295,4118.78,4121.12,395
1791446520,4121.2,4122.32,4120.785,4122.07,339
1791446580,4122.12,4124.155,4121.865,4123.88,365
1791446640,4123.885,4127.15,4123.8,4126.875,487
1791446700,4126.93,4128.95,4126.82,4128.225,448
1791446760,4128.275,4129.15,4126.15,4126.775,704
1791446820,4126.85,4128.06,4126.07,4127.405,631
1791446880,4127.455,4127.945,4126.505,4126.68,349
1791446940,4126.715,4127.68,4126.53,4127.155,270
1791447000,4127.205,4127.525,4126.05,4126.535,478
1791447060,4126.435,4126.455,4124.785,4126.2,511
1791447120,4126.21,4128.275,4126.195,4128.045,365
1791447180,4128.055,4129.045,4126.935,4127.03,475
1791447240,4127.015,4129.08,4126.755,4128.78,372
1791447300,4128.83,4129.375,4128.605,4128.815,205
1791447360,4128.79,4129.82,4128.69,4129.69,144
1791447420,4129.69,4130.685,4128.725,4128.75,449
1791447480,4128.81,4129.7,4128.215,4128.915,422
1791447540,4128.905,4130.11,4128.905,4129.13,507
1791447600,4129.11,4129.545,4128.425,4128.83,450
1791447660,4128.815,4128.825,4127.435,4127.555,419
1791447720,4127.545,4129.44,4127.27,4128.305,364
1791447780,4128.35,4130.46,4127.69,4130.25,251
1791447840,4130.24,4130.3,4129.34,4129.35,256
1791447900,4129.4,4133.265,4129.26,4132.135,496
1791447960,4132.195,4132.215,4128.815,4129.89,617
1791448020,4129.905,4130.49,4129.2,4130.29,588
1791448080,4130.39,4130.39,4128.65,4128.935,318
1791448140,4129,4129.035,4127.85,4128.045,393
1791448200,4128.09,4132.07,4126.825,4127.16,1281
1791448260,4127.26,4131.075,4127.105,4128.245,641
1791448320,4128.195,4128.615,4125.285,4126,380
1791448380,4126.05,4127.05,4125.91,4126.46,272
1791448440,4126.435,4127.03,4125.99,4126.69,308
1791448500,4126.53,4127.885,4125.66,4126.925,324
1791448560,4126.89,4127.195,4125.95,4126.49,331
1791448620,4126.595,4126.625,4125.265,4125.815,349
1791448680,4125.89,4126.33,4125.505,4125.78,233
1791448740,4125.775,4125.775,4123.345,4123.49,378
1791448800,4123.51,4123.51,4122.455,4122.525,415
1791448860,4122.47,4123.49,4121.145,4123.335,477
1791448920,4123.405,4124.02,4122.755,4123.42,478
1791448980,4123.45,4124.99,4123.275,4123.635,360
1791449040,4123.63,4124.675,4123.325,4124.37,449
1791449100,4124.405,4125.505,4123.655,4124.875,353
1791449160,4124.825,4126.85,4124.775,4126.775,417
1791449220,4126.795,4128.41,4126.08,4126.595,619
1791449280,4126.695,4126.955,4124.32,4124.725,383
1791449340,4124.825,4126.45,4124.81,4126.38,325
1791449400,4126.39,4127.485,4126.295,4127.19,671
1791449460,4127.215,4127.84,4126.985,4127.45,506
1791449520,4127.44,4127.49,4126.305,4126.43,571
1791449580,4126.435,4126.805,4125.435,4126.805,470
1791449640,4126.685,4127.01,4125.91,4126.775,403
1791449700,4126.76,4128.06,4126.445,4127.24,285
1791449760,4127.34,4128.28,4127.34,4128.19,217
1791449820,4128.165,4128.29,4127.245,4127.435,258
1791449880,4127.485,4127.565,4126.39,4126.51,187
1791449940,4126.465,4127.17,4126.375,4126.425,178
1791450000,4126.475,4129.995,4125.59,4128.81,755
1791450060,4128.845,4130.265,4127.705,4129.245,975
1791450120,4129.295,4130.79,4128.135,4130.715,600
1791450180,4130.705,4130.71,4128.9,4128.9,623
1791450240,4128.98,4130.78,4128.865,4130.71,216
1791450300,4130.76,4130.89,4127.82,4127.82,325
1791450360,4127.825,4128.475,4126.82,4127.5,355
1791450420,4127.52,4128.77,4127.345,4128.645,288
1791450480,4128.62,4128.64,4127.625,4127.785,302
1791450540,4127.815,4128.43,4127.665,4128.22,239
1791450600,4128.27,4128.315,4126.8,4126.86,303
1791450660,4126.795,4127.89,4126.555,4126.845,281
1791450720,4126.84,4127.225,4126.07,4126.09,189
1791450780,4126.04,4127.325,4125.345,4126.8,360
1791450840,4126.76,4126.81,4124.555,4125.295,387
1791450900,4125.3,4125.3,4123.095,4123.54,357
1791450960,4123.49,4123.82,4122.56,4123.065,316
1791451020,4123.03,4125.085,4122.72,4124.88,486
1791451080,4124.855,4125.065,4124.37,4124.94,358
1791451140,4124.945,4125.2,4124.45,4124.69,211
1791451200,4124.64,4124.715,4122.78,4123.9,387
1791451260,4123.815,4124.24,4123.46,4123.6,261
1791451320,4123.515,4124.4,4122.53,4123.93,314
1791451380,4123.935,4125.43,4123.595,4124.12,263
1791451440,4124.07,4124.165,4122.97,4123.31,257
1791451500,4123.29,4123.705,4123.065,4123.405,288
1791451560,4123.41,4124.27,4123.135,4124.05,235
1791451620,4124.1,4124.75,4123.97,4124.58,216
1791451680,4124.6,4125.63,4123.88,4124.115,372
1791451740,4124.075,4125.43,4123.305,4124.52,571
1791451800,4124.49,4125.42,4121.895,4122.895,597
1791451860,4122.88,4123.345,4121.915,4123.155,747
1791451920,4123.085,4124.335,4122.4,4122.87,744
1791451980,4122.83,4123.14,4121.305,4122.09,506
1791452040,4122.095,4122.785,4120.37,4121.815,685
1791452100,4121.83,4124.19,4121.745,4123.335,376
1791452160,4123.35,4123.505,4122.565,4122.95,267
1791452220,4122.905,4123.31,4122.555,4122.87,464
1791452280,4122.875,4123.4,4121.49,4122.81,637
1791452340,4122.8,4123.185,4121.995,4122.05,229
1791452400,4121.995,4122.515,4121.29,4121.78,293
1791452460,4121.785,4122.26,4120.71,4120.71,293
1791452520,4120.66,4121.83,4120.2,4120.955,237
1791452580,4120.895,4120.895,4119.59,4119.64,170
1791452640,4119.59,4120.02,4119.43,4119.92,236
1791452700,4119.845,4121.06,4119.685,4120.765,184
1791452760,4120.76,4121.44,4120.53,4120.965,345
1791452820,4120.975,4121.545,4120.125,4120.845,507
1791452880,4120.83,4121.465,4120.615,4121.41,336
1791452940,4121.465,4121.74,4121.05,4121.52,428
1791453000,4121.57,4121.87,4120.75,4120.81,219
1791453060,4120.795,4122.59,4119.67,4122.375,472
1791453120,4122.315,4122.355,4121.25,4121.81,500
1791453180,4121.795,4122.775,4121.795,4122.29,492
1791453240,4122.33,4122.67,4121.89,4122.55,219
1791453300,4122.505,4123.335,4122.14,4122.67,439
1791453360,4122.685,4123.76,4122.57,4122.82,419
1791453420,4122.785,4123.445,4122.19,4123.4,517
1791453480,4123.375,4123.45,4122.715,4123.33,439
1791453540,4123.33,4123.615,4122.73,4123.615,360
1791453600,4123.575,4124.14,4121.985,4122.145,395
1791453660,4122.15,4123.605,4122.105,4123.305,524
1791453720,4123.275,4123.975,4123.215,4123.71,444
1791453780,4123.8,4124.06,4122.535,4122.76,292
1791453840,4122.71,4122.805,4121.54,4122.5,353
1791453900,4122.525,4123.045,4121.97,4122.665,252
1791453960,4122.635,4124.245,4122.605,4124.035,297
1791454020,4124,4125.74,4123.61,4125.585,278
1791454080,4125.63,4126.085,4125.025,4125.525,436
1791454140,4125.565,4125.565,4123.775,4123.925,375
1791454200,4123.905,4124.05,4122.205,4122.73,478
1791454260,4122.71,4123.5,4122.015,4122.2,387
1791454320,4122.235,4122.445,4121.67,4122.145,161
1791454380,4122.095,4123.13,4121.88,4122.925,271
1791454440,4122.965,4123.505,4122.24,4122.98,487
1791454500,4122.985,4123.475,4122.595,4123.265,377
1791454560,4123.365,4123.92,4122.165,4122.38,176
1791454620,4122.465,4122.68,4121.92,4121.965,125
1791454680,4121.915,4122.335,4121.795,4121.81,120
1791454740,4121.76,4121.875,4119.72,4120.325,206
1791454800,4120.375,4121.7,4119.59,4121.7,327
1791454860,4121.705,4122.215,4120.61,4121.53,388
1791454920,4121.54,4121.92,4121,4121.165,187
1791454980,4121.05,4121.385,4120.435,4121.15,220
1791455040,4121.1,4121.415,4119.84,4120.04,528
1791455100,4120.015,4120.015,4117.01,4117.125,578
1791455160,4117.075,4117.345,4115.875,4116.685,307
1791455220,4116.68,4118.68,4116.52,4117.92,286
1791455280,4117.87,4118.87,4117.82,4117.9,606
1791455340,4117.99,4118.325,4117.215,4117.215,796
1791455400,4117.205,4119.02,4116.805,4116.845,758
1791455460,4116.805,4116.955,4115.805,4116.05,478
1791455520,4116.085,4116.435,4114.48,4115.36,714
1791455580,4115.39,4115.895,4113.085,4113.345,655
1791455640,4113.425,4114.68,4112.51,4113.735,603
1791455700,4113.705,4113.71,4111.41,4112.56,770
1791455760,4112.635,4112.785,4112.12,4112.5,316
1791455820,4112.49,4112.515,4110.91,4111.895,253
1791455880,4111.815,4112.635,4111.265,4111.64,533
1791455940,4111.59,4111.68,4109.97,4111.615,619
1791456000,4111.62,4113.405,4111.25,4111.94,513
1791456060,4111.84,4111.91,4110.85,4111.11,249
1791456120,4111.16,4111.52,4110.035,4110.32,453
1791456180,4110.335,4112.84,4110.04,4111.08,571
1791456240,4111.195,4115.685,4111.195,4115.395,359
1791456300,4115.405,4117.12,4114.685,4117.02,383
1791456360,4117.12,4118.505,4116.57,4117.995,360
1791456420,4118.15,4118.265,4116.185,4117.715,411
1791456480,4117.76,4118.875,4117.395,4117.625,408
1791456540,4117.675,4118.515,4117.01,4118.015,304
1791456600,4118,4118.815,4116.98,4118.77,488
1791456660,4118.85,4122.635,4118.735,4122.565,457
1791456720,4122.84,4123.56,4122.495,4122.545,349
1791456780,4122.475,4122.475,4120.335,4120.335,441
1791456840,4120.355,4120.43,4119.32,4119.405,351
1791456900,4119.41,4120.45,4119.3,4119.665,309
1791456960,4119.7,4121.595,4119.66,4120.565,353
1791457020,4120.485,4120.485,4119.17,4119.42,318
1791457080,4119.425,4121.25,4119.04,4120.625,529
1791457140,4120.63,4122.645,4120.435,4122.06,546
1791457200,4121.98,4122.345,4120.48,4120.99,705
1791457260,4120.98,4121.355,4119.445,4119.61,339
1791457320,4119.64,4121.025,4118.55,4118.74,380
1791457380,4118.765,4119.545,4118.475,4118.53,267
1791457440,4118.58,4118.725,4116.325,4116.85,339
1791457500,4116.77,4117.435,4115.755,4115.94,241
1791457560,4115.95,4116.985,4115.37,4115.48,341
1791457620,4115.43,4115.735,4115.08,4115.235,338
1791457680,4115.19,4115.785,4114.78,4115.515,192
1791457740,4115.51,4116.335,4114.855,4115.31,277
1791457800,4115.395,4116.155,4114.88,4116.005,261
1791457860,4115.955,4116.36,4115.44,4115.995,373
1791457920,4115.955,4117.37,4115.46,4117.225,471
1791457980,4117.235,4118.48,4116.185,4118.475,527
1791458040,4118.455,4118.48,4117.475,4118.28,438
1791458100,4118.315,4120.82,4117.87,4120.055,749
1791458160,4120.08,4121.475,4120.08,4121.38,436
1791458220,4121.395,4122.47,4120.39,4120.955,349
1791458280,4120.975,4121.42,4120.09,4121.185,265
1791458340,4121.175,4121.19,4119.495,4120.005,321
1791458400,4120,4120.895,4119.805,4120.48,374
1791458460,4120.52,4121.345,4120.185,4121.28,308
1791458520,4121.32,4121.445,4120.08,4121.395,290
1791458580,4121.59,4122.165,4121.4,4121.99,356
1791458640,4121.98,4122.095,4120.87,4121.595,417
1791458700,4121.505,4124.035,4121.5,4123.585,350
1791458760,4123.605,4123.965,4122.555,4122.62,467
1791458820,4122.71,4122.775,4121.85,4122.46,284
1791458880,4122.51,4123.14,4122.47,4123.05,227
1791458940,4123.005,4123.945,4122.79,4123.88,298
1791459000,4123.87,4124.095,4122.465,4122.535,424
1791459060,4122.5,4123.075,4121.98,4122.835,309
1791459120,4122.735,4124,4122.245,4123.83,343
1791459180,4123.85,4124.125,4123.245,4123.4,450
1791459240,4123.335,4123.335,4121.62,4121.905,297
1791459300,4121.725,4122.7,4119.865,4119.87,414
1791459360,4119.85,4120.575,4119.305,4119.425,299
1791459420,4119.43,4123.975,4118.975,4122.765,1355
1791459480,4122.815,4124.63,4121.635,4122.635,828
1791459540,4122.675,4125.855,4121.86,4125.565,1282
1791459600,4125.635,4130.595,4125.25,4129.045,1326
1791459660,4129.05,4130.055,4127.545,4128.32,975
1791459720,4128.31,4128.31,4125.3,4125.435,1180
1791459780,4125.455,4126.52,4123.07,4124.385,1061
1791459840,4124.38,4124.685,4122.59,4122.765,598
1791459900,4122.68,4125.035,4122.635,4124.995,447
1791459960,4124.985,4124.995,4124.04,4124.41,530
1791460020,4124.4,4125.49,4123.755,4123.815,548
1791460080,4123.955,4124.04,4122.77,4123.035,333
1791460140,4123.135,4123.88,4122.705,4123.145,386
1791460200,4123.21,4125.815,4123.075,4124.645,561
1791460260,4124.57,4126.465,4124.16,4126.035,463
1791460320,4126.025,4128.015,4125.325,4127.87,380
1791460380,4127.93,4128.765,4127.415,4128.035,563
1791460440,4128,4128.365,4126.92,4127.9,614
1791460500,4127.96,4128.47,4127.125,4127.16,580
1791460560,4127.085,4127.085,4125.595,4126.66,561
1791460620,4126.655,4127.52,4124.675,4124.675,645
1791460680,4124.775,4125.395,4124.445,4124.555,464
1791460740,4124.56,4125.17,4123.97,4124.665,421
1791460800,4124.645,4125.335,4123.775,4125.045,707
1791460860,4125.05,4125.155,4123.565,4123.725,301
1791460920,4123.74,4125.465,4122.7,4125.045,377
1791460980,4125.09,4126.295,4124.77,4126.28,469
1791461040,4126.245,4126.245,4124.555,4125.47,564
1791461100,4125.455,4126.825,4124.665,4125.97,503
1791461160,4125.99,4127.42,4125.28,4126.53,391
1791461220,4126.52,4127.515,4125.59,4126.925,440
1791461280,4126.975,4127.925,4126.08,4126.08,560
1791461340,4126.11,4126.11,4123.945,4124.41,599
1791461400,4124.435,4124.935,4123.915,4124.235,474
1791461460,4124.165,4125.105,4122.935,4124.86,355
1791461520,4124.85,4125.525,4124.37,4125.525,297
1791461580,4125.575,4126.285,4123.53,4123.975,655
1791461640,4124.02,4125.335,4123.71,4124.325,488
1791461700,4124.4,4125.09,4121.39,4123.24,940
1791461760,4123.135,4124.24,4121.905,4124.09,623
1791461820,4124.145,4124.43,4122.15,4122.15,355
1791461880,4122.205,4123.05,4121.445,4121.895,346
1791461940,4121.875,4125.555,4121.875,4125.075,340
1791462000,4125.105,4128.175,4123.955,4126.635,879
1791462060,4126.62,4126.99,4124.695,4124.725,711
1791462120,4124.695,4125.225,4123.63,4125.185,568
1791462180,4125.145,4125.975,4123.76,4124.105,764
1791462240,4124.185,4126.38,4123.705,4126.175,437
1791462300,4126.04,4129.425,4125.79,4129.42,477
1791462360,4129.435,4130.38,4127.74,4128.56,490
1791462420,4128.59,4130.08,4128.565,4129.615,383
1791462480,4129.565,4130.5,4129.445,4130.34,360
1791462540,4130.425,4132.37,4130.425,4131.245,397
1791462600,4131.255,4131.58,4121.185,4121.25,1321
1791462660,4121.265,4123.365,4121.2,4123.235,763
1791462720,4123.225,4125.37,4122.99,4124.135,752
1791462780,4124.165,4124.89,4122.33,4124.1,505
1791462840,4124.115,4124.825,4121.8,4121.81,522
1791462900,4121.89,4125.225,4120.775,4124.155,973
1791462960,4124.085,4124.22,4121.165,4122.55,1331
1791463020,4122.575,4123.38,4121.9,4123.04,1074
1791463080,4123.025,4123.025,4121.905,4122.805,799
1791463140,4122.815,4123.5,4122.565,4122.825,608
1791463200,4122.905,4123.69,4121.93,4123.02,774
1791463260,4123.03,4124,4121.955,4122.63,483
1791463320,4122.625,4123.76,4122.41,4123,442
1791463380,4123.03,4123.14,4121.01,4121.945,675
1791463440,4121.935,4121.935,4118.415,4119.495,668
1791463500,4119.5,4119.585,4118.015,4118.65,737
1791463560,4118.66,4118.69,4117.47,4117.925,614
1791463620,4117.96,4119.28,4117.935,4119.04,716
1791463680,4118.99,4119.895,4118.41,4119.755,813
1791463740,4119.745,4119.815,4118.07,4118.17,925
1791463800,4118.175,4118.195,4116.62,4117.065,656
1791463860,4117.085,4117.65,4115.435,4116.105,918
1791463920,4116.1,4116.155,4113.44,4113.84,826
1791463980,4113.79,4116.565,4113.455,4116.49,551
1791464040,4116.535,4118.565,4116.15,4118.405,611
1791464100,4118.33,4118.725,4116.71,4116.71,472
1791464160,4116.69,4117.62,4116.305,4117.62,495
1791464220,4117.705,4117.97,4117.12,4117.915,517
1791464280,4117.95,4118.925,4117.075,4118.005,428
1791464340,4118.07,4119.255,4117.765,4118.85,555
1791464400,4118.85,4120.23,4115.95,4119.915,1137
1791464460,4119.885,4121.335,4117.48,4117.54,769
1791464520,4117.58,4118.265,4115.6,4118,882
1791464580,4118.015,4119.56,4116.97,4118.99,917
1791464640,4118.975,4120.81,4118.475,4119.515,739
1791464700,4119.54,4122.21,4118.845,4121.22,795
1791464760,4121.225,4125.355,4121.225,4124.575,701
1791464820,4124.545,4126.225,4124.055,4126.18,641
1791464880,4126.225,4128.07,4125.905,4126.775,1019
1791464940,4126.905,4127.43,4123.545,4125.905,964
1791465000,4125.955,4126.705,4125,4126.59,789
1791465060,4126.565,4129.335,4125.805,4127.65,992
1791465120,4127.715,4129.16,4126.38,4126.86,703
1791465180,4126.935,4127.82,4126.31,4126.31,693
1791465240,4126.295,4126.675,4124.75,4126.57,657
1791465300,4126.55,4126.86,4125.22,4125.54,732
1791465360,4125.52,4125.87,4123.67,4123.965,522
1791465420,4124.115,4124.915,4123.655,4124.26,702
1791465480,4124.265,4124.265,4122.645,4123.275,697
1791465540,4123.305,4124.3,4122.805,4123.42,668
1791465600,4123.37,4124.545,4123.37,4124.14,482
1791465660,4124.245,4127.42,4124.145,4126.965,793
1791465720,4126.78,4127.055,4125.39,4126.325,552
1791465780,4126.39,4127.405,4124.685,4124.81,962
1791465840,4124.805,4125.26,4122.82,4124.4,524
1791465900,4124.405,4124.48,4122.745,4123.105,484
1791465960,4123.09,4123.09,4121.945,4122.31,427
1791466020,4122.26,4122.26,4120.495,4121.265,526
1791466080,4121.285,4122.54,4120.72,4122.375,769
1791466140,4122.34,4123.955,4121.575,4123.4,554
1791466200,4123.55,4125.13,4122.42,4123.255,808
1791466260,4123.28,4129.28,4122.875,4129.065,923
1791466320,4129.23,4130.03,4127.935,4128.13,923
1791466380,4128.07,4129.92,4126.48,4126.515,834
1791466440,4126.505,4127.05,4125.64,4125.715,784
1791466500,4125.71,4125.71,4123.37,4125.205,1015
1791466560,4125.2,4126.63,4124.345,4125.46,938
1791466620,4125.455,4127.23,4124.685,4126.9,1139
1791466680,4126.925,4128.855,4126.645,4126.81,1058
1791466740,4126.795,4126.81,4125.025,4126.215,1069
1791466800,4126.205,4126.67,4122.695,4122.695,690
1791466860,4122.845,4124.325,4121.455,4121.525,467
1791466920,4121.455,4121.915,4120.29,4121.22,791
1791466980,4121.23,4125.34,4121.23,4125.145,665
1791467040,4125.1,4126.035,4124.545,4125.74,478
1791467100,4125.69,4126.055,4124.365,4124.64,714
1791467160,4124.61,4128.64,4123.935,4127.83,947
1791467220,4127.88,4130.04,4127.24,4129.81,946
1791467280,4129.805,4130.465,4128.885,4129.33,836
1791467340,4129.32,4131.095,4128.505,4129.13,1211
1791467400,4129.125,4131.07,4127.475,4131.04,1258
1791467460,4131.065,4133.9,4131.065,4133,1034
1791467520,4132.93,4133.42,4129.965,4130.63,904
1791467580,4130.62,4131.96,4130.3,4130.82,1024
1791467640,4130.84,4131.715,4129.465,4131.495,729
1791467700,4131.515,4132.675,4130.425,4131.05,739
1791467760,4131.1,4131.46,4130.155,4130.91,975
1791467820,4130.89,4131.665,4130.085,4130.595,782
1791467880,4130.645,4131.455,4130.22,4130.835,818
1791467940,4130.885,4131.99,4129.735,4129.995,977
1791468000,4129.99,4130.175,4128.085,4128.115,895
1791468060,4128.125,4128.125,4125.56,4126.215,768
1791468120,4126.175,4127.46,4124.82,4125.855,620
1791468180,4125.745,4126.01,4123.845,4123.995,656
1791468240,4123.99,4125.405,4123.31,4124.66,675
1791468300,4124.665,4125.56,4123.53,4125.37,930
1791468360,4125.365,4127.26,4125.16,4126.38,744
1791468420,4126.51,4127.06,4125.925,4126.715,531
1791468480,4126.74,4126.88,4124.05,4124.05,560
1791468540,4124.015,4124.32,4123.025,4123.845,613
1791468600,4123.85,4124.35,4122.98,4123.06,499
1791468660,4123.11,4124.06,4121.93,4123.69,793
1791468720,4123.72,4125.14,4123.63,4124.94,543
1791468780,4125,4126.735,4124.9,4126.605,669
1791468840,4126.615,4127.12,4122.91,4123.625,625
1791468900,4123.46,4124.81,4123.35,4124.22,522
1791468960,4124.16,4124.435,4122.82,4123.44,530
1791469020,4123.495,4128.855,4123.145,4128.58,594
1791469080,4128.595,4130.36,4128.595,4129.91,790
1791469140,4129.86,4131.335,4129.28,4130.415,451
1791469200,4130.465,4134.475,4129.755,4133.705,523
1791469260,4133.755,4136.39,4133.705,4135.025,927
1791469320,4134.955,4135.455,4133.115,4135.3,805
1791469380,4135.25,4135.26,4133.365,4133.81,541
1791469440,4133.83,4135.51,4133.21,4133.4,775
1791469500,4133.405,4134.19,4133.175,4133.975,630
1791469560,4133.985,4134.86,4133.03,4133.56,566
1791469620,4133.685,4134.885,4133.645,4134.395,459
1791469680,4134.4,4136.965,4134.125,4136.52,423
1791469740,4136.47,4137.42,4136.13,4137.175,617
1791469800,4136.985,4137.15,4134.235,4135.765,525
1791469860,4135.745,4137.32,4135.44,4137.045,546
1791469920,4136.955,4137.23,4135.885,4137.015,475
1791469980,4137.005,4137.27,4135.235,4136.685,523
1791470040,4136.595,4140.48,4136.305,4140.14,898
1791470100,4140.185,4140.26,4134.31,4134.435,909
1791470160,4134.415,4134.6,4132.795,4133.015,523
1791470220,4133.02,4134.345,4131.86,4132.34,700
1791470280,4132.385,4133.06,4131.93,4132.59,426
1791470340,4132.49,4133.29,4130.535,4130.885,599
1791470400,4130.91,4131.33,4128.175,4128.26,572
1791470460,4128.35,4128.62,4126.45,4128.39,742
1791470520,4128.37,4129.275,4127.22,4128.12,962
1791470580,4128.125,4128.61,4126.345,4126.91,941
1791470640,4126.905,4127.015,4125.295,4126.515,707
1791470700,4126.43,4126.51,4123.685,4124.265,653
1791470760,4124.275,4125.415,4122.155,4123.275,1157
1791470820,4123.06,4124.185,4122.82,4123.875,776
1791470880,4123.87,4126.085,4123.62,4125.6,1123
1791470940,4125.605,4125.985,4125.215,4125.85,524
1791471000,4125.95,4127.055,4125.475,4126.08,593
1791471060,4126.095,4127.23,4125.425,4126.52,784
1791471120,4126.51,4127.895,4126.225,4126.29,556
1791471180,4126.275,4127.805,4125.33,4126.89,1041
1791471240,4126.805,4126.89,4124.185,4125.545,1174
1791471300,4125.52,4126.6,4124.695,4125.01,936
1791471360,4125.015,4125.995,4124.67,4125.285,827
1791471420,4125.275,4126.885,4124.9,4125.97,1164
1791471480,4125.975,4126.25,4124.685,4125.46,1091
1791471540,4125.485,4125.835,4124.315,4124.435,464
1791471600,4124.41,4124.61,4121.34,4121.765,1038
1791471660,4121.825,4122.34,4120.025,4120.225,1227
1791471720,4120.255,4121.675,4119.4,4121.48,1358
1791471780,4121.485,4122.395,4120.52,4121.245,1088
1791471840,4121.26,4122.09,4120.235,4121.235,1156
1791471900,4121.175,4121.88,4119.57,4120.41,861
1791471960,4120.395,4121.19,4119.73,4120.69,960
1791472020,4120.69,4120.8,4118.8,4120.545,975
1791472080,4120.53,4121.39,4119.54,4119.915,617
1791472140,4119.9,4120.645,4118.53,4118.725,592
1791472200,4118.66,4119.385,4116.365,4117.435,959
1791472260,4117.415,4118.905,4116.44,4117.59,731
1791472320,4117.605,4117.605,4116.11,4116.88,932
1791472380,4116.875,4117.495,4116.01,4117.075,1035
1791472440,4117.095,4117.095,4115.48,4115.76,900
1791472500,4115.69,4116.135,4113.06,4115.975,919
1791472560,4115.95,4116.045,4114.365,4115.29,730
1791472620,4115.295,4116.925,4114.695,4116.28,915
1791472680,4116.225,4116.545,4114.86,4115.585,796
1791472740,4115.57,4115.66,4113.63,4114.505,884
1791472800,4114.555,4115.82,4114.16,4114.685,928
1791472860,4114.655,4116.2,4114.405,4115.76,1055
1791472920,4115.75,4117.17,4115.695,4117.08,459
1791472980,4117.075,4117.18,4115.125,4115.235,339
1791473040,4115.28,4115.99,4114.505,4115.795,454
1791473100,4115.84,4116.09,4114.485,4114.66,585
1791473160,4114.69,4116.17,4114.545,4115.49,444
1791473220,4115.485,4116.185,4114.855,4116.105,582
1791473280,4116.08,4117.56,4116.01,4117.535,500
1791473340,4117.465,4117.465,4116.175,4116.625,648
1791473400,4116.565,4117.03,4115.22,4115.56,669
1791473460,4115.51,4115.56,4112.95,4115.05,706
1791473520,4114.99,4115.485,4114.25,4115.175,510
1791473580,4115.165,4116.225,4114.695,4114.84,678
1791473640,4114.855,4116.25,4114.695,4115.73,631
1791473700,4115.745,4116.28,4115.325,4116.16,426
1791473760,4116.15,4116.445,4113.905,4114.64,651
1791473820,4114.645,4117.025,4114.305,4115.915,595
1791473880,4115.815,4116.13,4115.015,4115.915,454
1791473940,4115.9,4116.89,4115.785,4116.275,393
1791474000,4116.235,4117.425,4115.945,4116.89,354
1791474060,4116.9,4118.57,4116.675,4117.625,619
1791474120,4117.615,4118.45,4117.215,4117.235,345
1791474180,4117.03,4117.465,4116.12,4116.905,376
1791474240,4116.955,4117.265,4115.905,4116.57,689
1791474300,4116.575,4117.18,4115.23,4115.4,727
1791474360,4115.395,4115.455,4114.315,4115.005,597
1791474420,4114.955,4117.54,4114.92,4116.03,753
1791474480,4116.005,4116.345,4114.26,4114.95,538
1791474540,4115.03,4115.165,4112.815,4113.89,467
1791474600,4113.875,4114.29,4113.38,4113.95,315
1791474660,4114.01,4115.065,4113.81,4114.015,406
1791474720,4113.945,4114.18,4112.095,4112.25,391
1791474780,4112.24,4113.715,4112.11,4112.365,360
1791474840,4112.41,4113.13,4111.86,4111.99,284
1791474900,4112.015,4112.665,4111.6,4111.86,326
1791474960,4111.765,4112.05,4110.92,4110.935,325
1791475020,4110.965,4113.03,4110.945,4112.19,360
1791475080,4112.21,4112.415,4111.635,4112.135,288
1791475140,4112.11,4112.375,4111.515,4112.085,340
1791475200,4111.815,4112.71,4111.135,4111.135,417
1791475260,4111.13,4111.715,4107.45,4108.99,756
1791475320,4108.97,4110.735,4108.395,4109.25,679
1791475380,4109.24,4110.01,4108.29,4108.3,468
1791475440,4108.29,4109.515,4108.02,4108.8,630
1791475500,4108.785,4108.785,4106.565,4107.33,572
1791475560,4107.25,4107.565,4105.525,4106.31,532
1791475620,4106.215,4107.325,4106.01,4106.015,535
1791475680,4106.005,4109.41,4105.5,4109.395,576
1791475740,4109.365,4110.14,4108.79,4110.14,349
1791475800,4110.12,4111.19,4110.12,4110.81,421
1791475860,4110.79,4112.65,4110.7,4112.19,456
1791475920,4112.18,4113.18,4111.755,4112.895,471
1791475980,4112.89,4113.09,4111.125,4111.375,873
1791476040,4111.38,4112.345,4110.895,4112.24,515
1791476100,4112.175,4112.26,4110.97,4111.865,344
1791476160,4111.835,4111.895,4110.125,4110.125,306
1791476220,4110.18,4132.915,4109.425,4126.855,3733
1791476280,4126.85,4128.46,4120.925,4121.725,2752
1791476340,4121.78,4123.855,4119.675,4120.255,2048
1791476400,4120.275,4121.57,4118.865,4119.21,1297
1791476460,4119.16,4120.265,4116.815,4120.215,1574
1791476520,4120.24,4120.985,4118.475,4118.96,1179
1791476580,4118.95,4122.4,4118.925,4121.26,1221
1791476640,4121.21,4122.43,4120.145,4121.835,737
1791476700,4121.985,4122.68,4120.035,4120.26,748
1791476760,4120.25,4121.545,4120.095,4120.52,760
1791476820,4120.47,4120.78,4117.745,4117.9,650
1791476880,4117.85,4119.49,4117.565,4118.46,503
1791476940,4118.36,4118.895,4116.915,4117.775,552
1791477000,4117.785,4119.6,4117.425,4117.505,830
1791477060,4117.555,4118.035,4116.855,4117.575,769
1791477120,4117.585,4120.59,4117.575,4120.165,814
1791477180,4120.2,4120.485,4117.98,4119.135,690
1791477240,4119.235,4120.145,4118.985,4119.805,492
1791477300,4119.77,4119.845,4118.435,4118.885,686
1791477360,4118.92,4119.63,4116.145,4116.145,978
1791477420,4116.15,4118.285,4115.175,4116.915,1025
1791477480,4116.89,4117.655,4116.625,4116.87,467
1791477540,4116.86,4119.115,4116.49,4118.79,513
1791477600,4118.765,4122.695,4118.71,4121.255,685
1791477660,4121.355,4121.415,4120.15,4121.19,532
1791477720,4121.175,4121.92,4120.725,4120.925,465
1791477780,4120.875,4121.11,4118.815,4120.325,701
1791477840,4120.275,4120.555,4119.3,4119.375,427
1791477900,4119.475,4120.52,4118.69,4120.405,442
1791477960,4120.47,4122.24,4119.95,4121.06,411
1791478020,4121.235,4121.38,4117.43,4117.45,594
1791478080,4117.55,4118.855,4116.78,4118.51,468
1791478140,4118.68,4121.09,4118.29,4120.705,550
1791478200,4120.665,4123.265,4120.655,4121.325,855
1791478260,4121.275,4123.405,4120.91,4123.165,679
1791478320,4123.165,4123.545,4121.77,4121.96,953
1791478380,4122.04,4122.765,4121.155,4122.645,680
1791478440,4122.595,4122.795,4121.765,4122.07,604
1791478500,4122.075,4123.855,4121.5,4123.38,833
1791478560,4123.48,4125.29,4122.615,4122.925,753
1791478620,4122.89,4126.45,4122.63,4123.515,1385
1791478680,4123.61,4124.94,4123.175,4124.465,855
1791478740,4124.455,4126,4123.72,4123.85,621
1791478800,4123.865,4125.55,4123.07,4125.03,1052
1791478860,4124.93,4127.305,4124.685,4126.37,830
1791478920,4126.28,4128.45,4125.585,4128.435,1531
1791478980,4128.55,4129.475,4125.07,4125.29,845
1791479040,4125.39,4128.23,4124.705,4128.23,863
1791479100,4128.1,4133.815,4127.93,4133.04,1082
1791479160,4133.04,4134.875,4131.845,4133.105,925
1791479220,4133.13,4134.58,4131.715,4132.705,1033
1791479280,4132.8,4133.475,4131.385,4132.875,1203
1791479340,4132.925,4133.035,4130.99,4131.09,813
1791479400,4131.14,4132.8,4130.61,4132.285,788
1791479460,4132.28,4134.615,4131.995,4133.93,1068
1791479520,4133.94,4135.915,4133.63,4135.395,708
1791479580,4135.345,4135.485,4134.215,4134.575,365
1791479640,4134.525,4135.245,4131.43,4132.075,900
1791479700,4132.095,4135.145,4131.685,4133.995,891
1791479760,4133.985,4137.685,4133.98,4137.43,882
1791479820,4137.48,4144.125,4136.855,4143.635,1186
1791479880,4143.625,4145.3,4142.665,4143.435,1329
1791479940,4143.44,4146.125,4142.58,4143.15,1309
1791480000,4143.125,4143.425,4139.46,4139.685,1196
1791480060,4139.635,4140.295,4137.915,4138.06,865
1791480120,4138.055,4141.36,4137.58,4140.755,968
1791480180,4140.805,4140.855,4137.56,4139.395,1440
1791480240,4139.39,4139.995,4136.08,4136.505,1325
1791480300,4136.5,4136.89,4135.035,4135.19,938
1791480360,4135.13,4136.595,4133.72,4136.465,836
1791480420,4136.49,4136.825,4134.795,4136.335,1136
1791480480,4136.41,4136.52,4134.05,4135.995,1050
1791480540,4135.985,4136.065,4130.505,4130.99,1299
1791480600,4131.065,4131.405,4129.02,4129.41,714
1791480660,4129.455,4131.855,4129.225,4131.855,693
1791480720,4131.805,4132.925,4131.2,4131.41,488
1791480780,4131.36,4132.175,4130.76,4132.01,429
1791480840,4131.81,4131.91,4129.625,4130.27,554
1791480900,4130.19,4131.6,4130.165,4130.88,420
1791480960,4130.91,4132.405,4130.875,4132.015,387
1791481020,4131.985,4132.7,4131.12,4131.64,730
1791481080,4131.59,4131.74,4130.25,4131.115,373
1791481140,4131.01,4132.23,4130.65,4131.98,442
1791481200,4132.02,4132.265,4129.865,4130.685,447
1791481260,4130.69,4131.59,4129.94,4130.055,338
1791481320,4130.045,4131.415,4129.51,4130.43,521
1791481380,4130.48,4131.265,4129.995,4131.165,328
1791481440,4131.28,4131.575,4130.205,4130.94,370
1791481500,4130.99,4131.68,4130.045,4130.915,606
1791481560,4130.865,4133.355,4130.515,4132.12,356
1791481620,4132.07,4132.115,4129.935,4129.98,495
1791481680,4129.98,4130.525,4128.895,4129.495,530
1791481740,4129.565,4129.745,4127.77,4127.975,342
1791481800,4127.92,4128.61,4127.36,4128.3,367
1791481860,4128.215,4128.44,4127.135,4128.125,485
1791481920,4128.075,4129.245,4127.635,4129.05,275
1791481980,4128.95,4131.405,4128.825,4131.245,391
1791482040,4131.24,4131.91,4130.805,4131.395,584
1791482100,4131.37,4133.27,4130.895,4132.415,506
1791482160,4132.41,4133.95,4132.215,4133.325,661
1791482220,4133.31,4133.415,4132.065,4133.415,236
1791482280,4133.515,4133.7,4133.025,4133.525,304
1791482340,4133.56,4133.955,4132.705,4132.805,308
1791482400,4132.83,4134.455,4131.945,4132.35,657
1791482460,4132.34,4133.645,4131.915,4133.575,422
1791482520,4133.53,4133.53,4132.445,4132.805,378
1791482580,4132.735,4132.975,4130.795,4130.835,546
1791482640,4130.83,4131.17,4129.66,4129.905,342
1791482700,4129.955,4130.235,4128.77,4128.98,366
1791482760,4128.965,4130.09,4128.805,4130.09,398
1791482820,4130.085,4130.38,4129.605,4129.72,411
1791482880,4129.74,4131.125,4129.715,4130.525,609
1791482940,4130.51,4130.63,4128.795,4129.02,445
1791483000,4128.98,4129.095,4128.12,4128.73,605
1791483060,4128.755,4128.85,4126.755,4126.84,415
1791483120,4126.805,4127.755,4126.78,4127.41,420
1791483180,4127.405,4128.135,4126.775,4127.2,386
1791483240,4127.195,4128.095,4126.93,4127.625,279
1791483300,4127.675,4129.415,4127.535,4129.315,372
1791483360,4129.425,4129.61,4127.765,4128.27,323
1791483420,4128.22,4128.27,4126.75,4127.035,255
1791483480,4126.99,4127.45,4126.725,4127.33,278
1791483540,4127.325,4127.325,4126.315,4126.395,257
1791483600,4126.48,4126.48,4125.02,4125.185,250
1791483660,4125.105,4125.52,4124.755,4124.905,388
1791483720,4124.855,4124.955,4123.98,4124.75,255
1791483780,4124.74,4126.07,4124.74,4126,337
1791483840,4125.985,4127.18,4125.875,4127.16,296
1791483900,4127.13,4127.705,4126.14,4126.19,300
1791483960,4126.14,4126.91,4125.845,4126.51,397
1791484020,4126.515,4126.775,4125.29,4125.58,397
1791484080,4125.545,4127.28,4125.545,4126.065,1027
1791484140,4126.07,4126.405,4125.475,4125.755,616
1791484200,4125.77,4125.875,4123.105,4123.105,843
1791484260,4123.11,4123.685,4122.35,4122.89,682
1791484320,4122.88,4124.2,4122.355,4124.065,574
1791484380,4124.04,4124.04,4121.8,4121.94,556
1791484440,4121.945,4122.045,4121.18,4121.855,473
1791484500,4121.88,4122.935,4121.725,4122.45,430
1791484560,4122.535,4122.78,4121.765,4122.515,467
1791484620,4122.44,4123.48,4122.29,4123.175,498
1791484680,4123.18,4123.435,4122.885,4123.045,453
1791484740,4122.98,4123.965,4122.875,4123.885,344
1791484800,4123.955,4125.04,4123.53,4123.605,299
1791484860,4123.61,4124.245,4123.47,4123.68,433
1791484920,4123.63,4123.88,4122.805,4123.075,194
1791484980,4123.06,4123.97,4122.91,4123.83,177
1791485040,4124.025,4125.525,4123.465,4125.51,380
1791485100,4125.505,4125.74,4124.25,4124.26,413
1791485160,4124.37,4125.51,4124.07,4125.425,257
1791485220,4125.42,4126.445,4124.645,4124.73,240
1791485280,4124.725,4125.475,4124.225,4125.16,417
1791485340,4125.17,4125.495,4124.615,4125.325,208
1791485400,4125.37,4126.47,4125.25,4126.19,232
1791485460,4126.205,4126.58,4126.13,4126.345,255
1791485520,4126.295,4126.86,4125.29,4126.64,777
1791485580,4126.61,4126.92,4125.98,4126.915,539
1791485640,4126.91,4127.73,4126.905,4127.635,594
1791485700,4127.63,4128.235,4127.265,4127.54,535
1791485760,4127.49,4127.965,4127.205,4127.5,424
1791485820,4127.47,4127.92,4126.905,4127.8,520
1791485880,4127.805,4128,4127.215,4127.9,356
1791485940,4128.09,4128.175,4126.9,4126.925,640
1791486000,4126.83,4129.26,4126.83,4128.615,628
1791486060,4128.645,4129.735,4128.615,4129.3,202
1791486120,4129.215,4129.55,4127.5,4127.97,264
1791486180,4127.92,4127.975,4126.985,4127.8,169
1791486240,4127.775,4128.69,4127.43,4128.64,151
1791486300,4128.655,4129.655,4128.4,4129.655,175
1791486360,4129.605,4129.91,4128.685,4128.685,232
1791486420,4128.785,4128.835,4127.835,4128.385,278
1791486480,4128.41,4129.38,4128.395,4129.28,187
1791486540,4129.38,4129.62,4128.835,4128.835,167
1791486600,4128.885,4129.53,4128.835,4129.14,126
1791486660,4129.155,4129.725,4129.055,4129.55,116
1791486720,4129.43,4129.8,4129.21,4129.21,116
1791486780,4129.305,4130.575,4128.915,4130.55,144
1791486840,4130.49,4130.73,4129.88,4130.2,196
1791486900,4130.095,4130.355,4127.64,4127.925,264
1791486960,4127.9,4128.885,4127.875,4128.535,279
1791487020,4128.555,4128.805,4128.13,4128.15,355
1791487080,4128.145,4128.425,4127.865,4128.295,260
1791487140,4128.245,4128.765,4127.88,4128.68,301
1791487200,4128.65,4129.295,4127.93,4128.265,346
1791487260,4128.31,4129.015,4128.11,4128.195,175
1791487320,4128.215,4129.115,4127.97,4128.94,387
1791487380,4128.925,4130.385,4128.845,4130.27,334
1791487440,4130.265,4131.445,4130.195,4130.51,472
1791487500,4130.5,4130.775,4129.865,4130.44,376
1791487560,4130.4,4131.235,4130.335,4130.715,443
1791487620,4130.76,4132.54,4130.495,4132.215,392
1791487680,4132.225,4132.37,4131.075,4132.075,397
1791487740,4132.035,4132.08,4130.045,4130.065,299
1791487800,4130.195,4130.315,4129.315,4129.46,446
1791487860,4129.51,4131.205,4129.26,4130.475,366
1791487920,4130.585,4130.725,4129.69,4130.29,238
1791487980,4130.34,4130.995,4129.89,4130.045,258
1791488040,4130.025,4130.8,4130.015,4130.205,276
1791488100,4130.255,4130.53,4129.635,4130.045,144
1791488160,4130.095,4130.195,4129.28,4129.455,145
