2026.08.17 02:55,280
2026.08.17 02:56,247
2026.08.17 02:57,141
2026.08.17 02:58,414
2026.08.17 02:59,313
2026.08.17 03:00,951
2026.08.17 03:01,667
2026.08.17 03:02,683
2026.08.17 03:03,686
2026.08.17 03:04,760
2026.08.17 03:05,725
2026.08.17 03:06,625
2026.08.17 03:07,289
2026.08.17 03:08,532
2026.08.17 03:09,452
2026.08.17 03:10,365
2026.08.17 03:11,563
2026.08.17 03:12,569
2026.08.17 03:13,335
2026.08.17 03:14,357
2026.08.17 03:15,222
2026.08.17 03:16,497
2026.08.17 03:17,694
2026.08.17 03:18,770
2026.08.17 03:19,572
2026.08.17 03:20,719
2026.08.17 03:21,310
2026.08.17 03:22,429
2026.08.17 03:23,366
2026.08.17 03:24,443
2026.08.17 03:25,292
2026.08.17 03:26,419
2026.08.17 03:27,295
2026.08.17 03:28,461
2026.08.17 03:29,341
2026.08.17 03:30,414
2026.08.17 03:31,619
2026.08.17 03:32,426
2026.08.17 03:33,383
2026.08.17 03:34,371
2026.08.17 03:35,249
2026.08.17 03:36,285
2026.08.17 03:37,399
2026.08.17 03:38,287
2026.08.17 03:39,282
2026.08.17 03:40,308
2026.08.17 03:41,368
2026.08.17 03:42,371
2026.08.17 03:43,353
2026.08.17 03:44,668
2026.08.17 03:45,397
2026.08.17 03:46,496
2026.08.17 03:47,348
2026.08.17 03:48,345
2026.08.17 03:49,310
2026.08.17 03:50,431
2026.08.17 03:51,486
2026.08.17 03:52,693
2026.08.17 03:53,531
2026.08.17 03:54,386
2026.08.17 03:55,301
2026.08.17 03:56,360
2026.08.17 03:57,582
2026.08.17 03:58,802
2026.08.17 03:59,991
2026.08.17 04:00,2060
2026.08.17 04:01,1944
2026.08.17 04:02,1854
2026.08.17 04:03,1440
2026.08.17 04:04,1638
2026.08.17 04:05,1260
2026.08.17 04:06,1238
2026.08.17 04:07,832
2026.08.17 04:08,793
2026.08.17 04:09,506
2026.08.17 04:10,777
2026.08.17 04:11,677
2026.08.17 04:12,382
2026.08.17 04:13,527
2026.08.17 04:14,750
2026.08.17 04:15,760
2026.08.17 04:16,955
2026.08.17 04:17,914
2026.08.17 04:18,877
2026.08.17 04:19,786
2026.08.17 04:20,997
2026.08.17 04:21,682
2026.08.17 04:22,704
2026.08.17 04:23,810
2026.08.17 04:24,912
2026.08.17 04:25,919
2026.08.17 04:26,971
2026.08.17 04:27,616
2026.08.17 04:28,557
2026.08.17 04:29,572
2026.08.17 04:30,752
2026.08.17 04:31,665
2026.08.17 04:32,749
2026.08.17 04:33,706
2026.08.17 04:34,695
2026.08.17 04:35,743
2026.08.17 04:36,609
2026.08.17 04:37,540
2026.08.17 04:38,485
2026.08.17 04:39,491
2026.08.17 04:40,404
2026.08.17 04:41,585
2026.08.17 04:42,605
2026.08.17 04:43,422
2026.08.17 04:44,492
2026.08.17 04:45,526
2026.08.17 04:46,620
2026.08.17 04:47,815
2026.08.17 04:48,550
2026.08.17 04:49,657
2026.08.17 04:50,683
2026.08.17 04:51,632
2026.08.17 04:52,694
2026.08.17 04:53,476
2026.08.17 04:54,390
2026.08.17 04:55,483
2026.08.17 04:56,576
2026.08.17 04:57,435
2026.08.17 04:58,313
2026.08.17 04:59,270
2026.08.17 05:00,627
2026.08.17 05:01,418
2026.08.17 05:02,203
2026.08.17 05:03,354
2026.08.17 05:04,442
2026.08.17 05:05,496
2026.08.17 05:06,683
2026.08.17 05:07,531
2026.08.17 05:08,485
2026.08.17 05:09,336
2026.08.17 05:10,376
2026.08.17 05:11,356
2026.08.17 05:12,410
2026.08.17 05:13,483
2026.08.17 05:14,413
2026.08.17 05:15,453
2026.08.17 05:16,460
2026.08.17 05:17,606
2026.08.17 05:18,499
2026.08.17 05:19,443
2026.08.17 05:20,346
2026.08.17 05:21,441
2026.08.17 05:22,191
2026.08.17 05:23,317
2026.08.17 05:24,315
2026.08.17 05:25,240
2026.08.17 05:26,311
2026.08.17 05:27,291
2026.08.17 05:28,101
2026.08.17 05:29,220
2026.08.17 05:30,817
2026.08.17 05:31,699
2026.08.17 05:32,414
2026.08.17 05:33,606
2026.08.17 05:34,473
2026.08.17 05:35,495
2026.08.17 05:36,370
2026.08.17 05:37,236
2026.08.17 05:38,453
2026.08.17 05:39,643
2026.08.17 05:40,665
2026.08.17 05:41,406
2026.08.17 05:42,333
2026.08.17 05:43,392
2026.08.17 05:44,368
2026.08.17 05:45,403
2026.08.17 05:46,284
2026.08.17 05:47,308
2026.08.17 05:48,259
2026.08.17 05:49,258
2026.08.17 05:50,309
2026.08.17 05:51,299
2026.08.17 05:52,446
2026.08.17 05:53,412
2026.08.17 05:54,382
2026.08.17 05:55,345
2026.08.17 05:56,352
2026.08.17 05:57,261
2026.08.17 05:58,233
2026.08.17 05:59,263
2026.08.17 06:00,383
2026.08.17 06:01,304
2026.08.17 06:02,336
2026.08.17 06:03,290
2026.08.17 06:04,192
2026.08.17 06:05,240
2026.08.17 06:06,236
2026.08.17 06:07,243
2026.08.17 06:08,195
2026.08.17 06:09,361
2026.08.17 06:10,241
2026.08.17 06:11,250
2026.08.17 06:12,203
2026.08.17 06:13,305
2026.08.17 06:14,345
2026.08.17 06:15,487
2026.08.17 06:16,374
2026.08.17 06:17,304
2026.08.17 06:18,189
2026.08.17 06:19,175
2026.08.17 06:20,162
2026.08.17 06:21,200
2026.08.17 06:22,154
2026.08.17 06:23,331
2026.08.17 06:24,320
2026.08.17 06:25,218
2026.08.17 06:26,212
2026.08.17 06:27,218
2026.08.17 06:28,296
2026.08.17 06:29,425
2026.08.17 06:30,317
2026.08.17 06:31,380
2026.08.17 06:32,289
2026.08.17 06:33,202
2026.08.17 06:34,344
2026.08.17 06:35,222
2026.08.17 06:36,187
2026.08.17 06:37,166
2026.08.17 06:38,278
2026.08.17 06:39,137
2026.08.17 06:40,231
2026.08.17 06:41,187
2026.08.17 06:42,261
2026.08.17 06:43,236
2026.08.17 06:44,203
2026.08.17 06:45,270
2026.08.17 06:46,195
2026.08.17 06:47,194
2026.08.17 06:48,235
2026.08.17 06:49,155
2026.08.17 06:50,166
2026.08.17 06:51,161
2026.08.17 06:52,152
2026.08.17 06:53,123
2026.08.17 06:54,155
2026.08.17 06:55,111
2026.08.17 06:56,142
2026.08.17 06:57,147
2026.08.17 06:58,216
2026.08.17 06:59,202
2026.08.17 07:00,263
2026.08.17 07:01,255
2026.08.17 07:02,373
2026.08.17 07:03,138
2026.08.17 07:04,111
2026.08.17 07:05,188
2026.08.17 07:06,257
2026.08.17 07:07,249
2026.08.17 07:08,270
2026.08.17 07:09,348
2026.08.17 07:10,296
2026.08.17 07:11,277
2026.08.17 07:12,375
2026.08.17 07:13,167
2026.08.17 07:14,118
2026.08.17 07:15,117
2026.08.17 07:16,172
2026.08.17 07:17,209
2026.08.17 07:18,173
2026.08.17 07:19,117
2026.08.17 07:20,121
2026.08.17 07:21,368
2026.08.17 07:22,217
2026.08.17 07:23,140
2026.08.17 07:24,132
2026.08.17 07:25,159
2026.08.17 07:26,125
2026.08.17 07:27,142
2026.08.17 07:28,340
2026.08.17 07:29,197
2026.08.17 07:30,230
2026.08.17 07:31,157
2026.08.17 07:32,202
2026.08.17 07:33,147
2026.08.17 07:34,218
2026.08.17 07:35,162
2026.08.17 07:36,99
2026.08.17 07:37,262
2026.08.17 07:38,286
2026.08.17 07:39,155
2026.08.17 07:40,237
2026.08.17 07:41,291
2026.08.17 07:42,306
2026.08.17 07:43,253
2026.08.17 07:44,199
2026.08.17 07:45,163
2026.08.17 07:46,155
2026.08.17 07:47,154
2026.08.17 07:48,255
2026.08.17 07:49,232
2026.08.17 07:50,139
2026.08.17 07:51,206
2026.08.17 07:52,231
2026.08.17 07:53,236
2026.08.17 07:54,283
2026.08.17 07:55,148
2026.08.17 07:56,211
2026.08.17 07:57,145
2026.08.17 07:58,266
2026.08.17 07:59,229
2026.08.17 08:00,350
2026.08.17 08:01,266
2026.08.17 08:02,310
2026.08.17 08:03,213
2026.08.17 08:04,194
2026.08.17 08:05,301
2026.08.17 08:06,206
2026.08.17 08:07,171
2026.08.17 08:08,221
2026.08.17 08:09,124
2026.08.17 08:10,169
2026.08.17 08:11,164
2026.08.17 08:12,137
2026.08.17 08:13,135
2026.08.17 08:14,423
2026.08.17 08:15,185
2026.08.17 08:16,259
2026.08.17 08:17,223
2026.08.17 08:18,200
2026.08.17 08:19,209
2026.08.17 08:20,324
2026.08.17 08:21,278
2026.08.17 08:22,278
2026.08.17 08:23,200
2026.08.17 08:24,291
2026.08.17 08:25,228
2026.08.17 08:26,362
2026.08.17 08:27,170
2026.08.17 08:28,233
2026.08.17 08:29,240
2026.08.17 08:30,1130
2026.08.17 08:31,612
2026.08.17 08:32,689
2026.08.17 08:33,425
2026.08.17 08:34,311
2026.08.17 08:35,563
2026.08.17 08:36,503
2026.08.17 08:37,428
2026.08.17 08:38,287
2026.08.17 08:39,348
2026.08.17 08:40,309
2026.08.17 08:41,357
2026.08.17 08:42,434
2026.08.17 08:43,426
2026.08.17 08:44,377
2026.08.17 08:45,412
2026.08.17 08:46,548
2026.08.17 08:47,468
2026.08.17 08:48,314
2026.08.17 08:49,375
2026.08.17 08:50,484
2026.08.17 08:51,312
2026.08.17 08:52,168
2026.08.17 08:53,342
2026.08.17 08:54,563
2026.08.17 08:55,422
2026.08.17 08:56,400
2026.08.17 08:57,352
2026.08.17 08:58,388
2026.08.17 08:59,335
2026.08.17 09:00,558
2026.08.17 09:01,436
2026.08.17 09:02,369
2026.08.17 09:03,316
2026.08.17 09:04,429
2026.08.17 09:05,344
2026.08.17 09:06,419
2026.08.17 09:07,566
2026.08.17 09:08,544
2026.08.17 09:09,477
2026.08.17 09:10,670
2026.08.17 09:11,624
2026.08.17 09:12,495
2026.08.17 09:13,593
2026.08.17 09:14,493
2026.08.17 09:15,680
2026.08.17 09:16,694
2026.08.17 09:17,702
2026.08.17 09:18,227
2026.08.17 09:19,446
2026.08.17 09:20,641
2026.08.17 09:21,579
2026.08.17 09:22,767
2026.08.17 09:23,628
2026.08.17 09:24,552
2026.08.17 09:25,936
2026.08.17 09:26,694
2026.08.17 09:27,774
2026.08.17 09:28,556
2026.08.17 09:29,554
2026.08.17 09:30,535
2026.08.17 09:31,475
2026.08.17 09:32,344
2026.08.17 09:33,225
2026.08.17 09:34,339
2026.08.17 09:35,432
2026.08.17 09:36,449
2026.08.17 09:37,334
2026.08.17 09:38,377
2026.08.17 09:39,409
2026.08.17 09:40,367
2026.08.17 09:41,486
2026.08.17 09:42,353
2026.08.17 09:43,392
2026.08.17 09:44,588
2026.08.17 09:45,646
2026.08.17 09:46,446
2026.08.17 09:47,609
2026.08.17 09:48,581
2026.08.17 09:49,510
2026.08.17 09:50,581
2026.08.17 09:51,622
2026.08.17 09:52,638
2026.08.17 09:53,586
2026.08.17 09:54,493
2026.08.17 09:55,391
2026.08.17 09:56,189
2026.08.17 09:57,208
2026.08.17 09:58,189
2026.08.17 09:59,421
2026.08.17 10:00,622
2026.08.17 10:01,469
2026.08.17 10:02,387
2026.08.17 10:03,507
2026.08.17 10:04,405
2026.08.17 10:05,490
2026.08.17 10:06,214
2026.08.17 10:07,280
2026.08.17 10:08,348
2026.08.17 10:09,307
2026.08.17 10:10,326
2026.08.17 10:11,355
2026.08.17 10:12,451
2026.08.17 10:13,529
2026.08.17 10:14,513
2026.08.17 10:15,418
2026.08.17 10:16,291
2026.08.17 10:17,317
2026.08.17 10:18,604
2026.08.17 10:19,442
2026.08.17 10:20,360
2026.08.17 10:21,308
2026.08.17 10:22,261
2026.08.17 10:23,351
2026.08.17 10:24,288
2026.08.17 10:25,583
2026.08.17 10:26,333
2026.08.17 10:27,171
2026.08.17 10:28,300
2026.08.17 10:29,531
2026.08.17 10:30,552
2026.08.17 10:31,429
2026.08.17 10:32,281
2026.08.17 10:33,423
2026.08.17 10:34,433
2026.08.17 10:35,452
2026.08.17 10:36,560
2026.08.17 10:37,587
2026.08.17 10:38,277
2026.08.17 10:39,213
2026.08.17 10:40,352
2026.08.17 10:41,281
2026.08.17 10:42,221
2026.08.17 10:43,188
2026.08.17 10:44,196
2026.08.17 10:45,147
2026.08.17 10:46,296
2026.08.17 10:47,473
2026.08.17 10:48,297
2026.08.17 10:49,357
2026.08.17 10:50,366
2026.08.17 10:51,445
2026.08.17 10:52,371
2026.08.17 10:53,369
2026.08.17 10:54,247
2026.08.17 10:55,278
2026.08.17 10:56,191
2026.08.17 10:57,212
2026.08.17 10:58,196
2026.08.17 10:59,203
2026.08.17 11:00,1008
2026.08.17 11:01,725
2026.08.17 11:02,560
2026.08.17 11:03,329
2026.08.17 11:04,257
2026.08.17 11:05,314
2026.08.17 11:06,303
2026.08.17 11:07,325
2026.08.17 11:08,188
2026.08.17 11:09,232
2026.08.17 11:10,347
2026.08.17 11:11,378
2026.08.17 11:12,446
2026.08.17 11:13,273
2026.08.17 11:14,270
2026.08.17 11:15,359
2026.08.17 11:16,323
2026.08.17 11:17,192
2026.08.17 11:18,223
2026.08.17 11:19,264
2026.08.17 11:20,270
2026.08.17 11:21,165
2026.08.17 11:22,203
2026.08.17 11:23,225
2026.08.17 11:24,280
2026.08.17 11:25,327
2026.08.17 11:26,298
2026.08.17 11:27,253
2026.08.17 11:28,228
2026.08.17 11:29,214
2026.08.17 11:30,205
2026.08.17 11:31,183
2026.08.17 11:32,268
2026.08.17 11:33,215
2026.08.17 11:34,232
2026.08.17 11:35,287
2026.08.17 11:36,312
2026.08.17 11:37,170
2026.08.17 11:38,242
2026.08.17 11:39,223
2026.08.17 11:40,268
2026.08.17 11:41,183
2026.08.17 11:42,253
2026.08.17 11:43,188
2026.08.17 11:44,465
2026.08.17 11:45,196
2026.08.17 11:46,279
2026.08.17 11:47,354
2026.08.17 11:48,305
2026.08.17 11:49,383
2026.08.17 11:50,479
2026.08.17 11:51,404
2026.08.17 11:52,419
2026.08.17 11:53,301
2026.08.17 11:54,203
2026.08.17 11:55,268
2026.08.17 11:56,297
2026.08.17 11:57,184
2026.08.17 11:58,239
2026.08.17 11:59,226
2026.08.17 12:00,477
2026.08.17 12:01,561
2026.08.17 12:02,359
2026.08.17 12:03,297
2026.08.17 12:04,210
2026.08.17 12:05,173
2026.08.17 12:06,246
2026.08.17 12:07,225
2026.08.17 12:08,270
2026.08.17 12:09,349
2026.08.17 12:10,203
2026.08.17 12:11,207
2026.08.17 12:12,174
2026.08.17 12:13,227
2026.08.17 12:14,227
2026.08.17 12:15,368
2026.08.17 12:16,272
2026.08.17 12:17,191
2026.08.17 12:18,261
2026.08.17 12:19,366
2026.08.17 12:20,170
2026.08.17 12:21,287
2026.08.17 12:22,288
2026.08.17 12:23,350
2026.08.17 12:24,140
2026.08.17 12:25,236
2026.08.17 12:26,272
2026.08.17 12:27,396
2026.08.17 12:28,316
2026.08.17 12:29,412
2026.08.17 12:30,464
2026.08.17 12:31,357
2026.08.17 12:32,460
2026.08.17 12:33,357
2026.08.17 12:34,293
2026.08.17 12:35,213
2026.08.17 12:36,166
2026.08.17 12:37,191
2026.08.17 12:38,245
2026.08.17 12:39,342
2026.08.17 12:40,321
2026.08.17 12:41,232
2026.08.17 12:42,175
2026.08.17 12:43,190
2026.08.17 12:44,223
2026.08.17 12:45,292
2026.08.17 12:46,371
2026.08.17 12:47,283
2026.08.17 12:48,350
2026.08.17 12:49,384
2026.08.17 12:50,390
2026.08.17 12:51,426
2026.08.17 12:52,460
2026.08.17 12:53,131
2026.08.17 12:54,188
2026.08.17 12:55,185
2026.08.17 12:56,315
2026.08.17 12:57,179
2026.08.17 12:58,151
2026.08.17 12:59,188
2026.08.17 13:00,291
2026.08.17 13:01,146
2026.08.17 13:02,178
2026.08.17 13:03,84
2026.08.17 13:04,93
2026.08.17 13:05,140
2026.08.17 13:06,153
2026.08.17 13:07,186
2026.08.17 13:08,138
2026.08.17 13:09,184
2026.08.17 13:10,179
2026.08.17 13:11,216
2026.08.17 13:12,216
2026.08.17 13:13,235
2026.08.17 13:14,154
2026.08.17 13:15,135
2026.08.17 13:16,210
2026.08.17 13:17,267
2026.08.17 13:18,681
2026.08.17 13:19,216
2026.08.17 13:20,197
2026.08.17 13:21,154
2026.08.17 13:22,122
2026.08.17 13:23,122
2026.08.17 13:24,161
2026.08.17 13:25,178
2026.08.17 13:26,298
2026.08.17 13:27,336
2026.08.17 13:28,361
2026.08.17 13:29,1961
2026.08.17 13:30,2069
2026.08.17 13:31,988
2026.08.17 13:32,792
2026.08.17 13:33,480
2026.08.17 13:34,269
2026.08.17 13:35,616
2026.08.17 13:36,423
2026.08.17 13:37,281
2026.08.17 13:38,215
2026.08.17 13:39,293
2026.08.17 13:40,172
2026.08.17 13:41,201
2026.08.17 13:42,169
2026.08.17 13:43,188
2026.08.17 13:44,141
2026.08.17 13:45,139
2026.08.17 13:46,148
2026.08.17 13:47,161
2026.08.17 13:48,332
2026.08.17 13:49,229
2026.08.17 13:50,166
2026.08.17 13:51,224
2026.08.17 13:52,244
2026.08.17 13:53,289
2026.08.17 13:54,169
2026.08.17 13:55,162
2026.08.17 13:56,132
2026.08.17 13:57,155
2026.08.17 13:58,162
2026.08.17 13:59,254
2026.08.17 14:00,408
2026.08.17 14:01,247
2026.08.17 14:02,282
2026.08.17 14:03,377
2026.08.17 14:04,309
2026.08.17 14:05,301
2026.08.17 14:06,345
2026.08.17 14:07,323
2026.08.17 14:08,518
2026.08.17 14:09,539
2026.08.17 14:10,477
2026.08.17 14:11,468
2026.08.17 14:12,350
2026.08.17 14:13,306
2026.08.17 14:14,321
2026.08.17 14:15,329
2026.08.17 14:16,278
2026.08.17 14:17,143
2026.08.17 14:18,318
2026.08.17 14:19,182
2026.08.17 14:20,285
2026.08.17 14:21,316
2026.08.17 14:22,421
2026.08.17 14:23,283
2026.08.17 14:24,237
2026.08.17 14:25,219
2026.08.17 14:26,243
2026.08.17 14:27,249
2026.08.17 14:28,176
2026.08.17 14:29,226
2026.08.17 14:30,203
2026.08.17 14:31,199
2026.08.17 14:32,196
2026.08.17 14:33,272
2026.08.17 14:34,300
2026.08.17 14:35,234
2026.08.17 14:36,142
2026.08.17 14:37,134
2026.08.17 14:38,227
2026.08.17 14:39,398
2026.08.17 14:40,380
2026.08.17 14:41,342
2026.08.17 14:42,378
2026.08.17 14:43,353
2026.08.17 14:44,221
2026.08.17 14:45,329
2026.08.17 14:46,280
2026.08.17 14:47,203
2026.08.17 14:48,294
2026.08.17 14:49,465
2026.08.17 14:50,369
2026.08.17 14:51,369
2026.08.17 14:52,425
2026.08.17 14:53,247
2026.08.17 14:54,224
2026.08.17 14:55,477
2026.08.17 14:56,321
2026.08.17 14:57,330
2026.08.17 14:58,267
2026.08.17 14:59,212
2026.08.17 15:00,595
2026.08.17 15:01,540
2026.08.17 15:02,352
2026.08.17 15:03,432
2026.08.17 15:04,481
2026.08.17 15:05,330
2026.08.17 15:06,260
2026.08.17 15:07,298
2026.08.17 15:08,555
2026.08.17 15:09,315
2026.08.17 15:10,443
2026.08.17 15:11,378
2026.08.17 15:12,404
2026.08.17 15:13,604
2026.08.17 15:14,448
2026.08.17 15:15,597
2026.08.17 15:16,499
2026.08.17 15:17,519
2026.08.17 15:18,342
2026.08.17 15:19,306
2026.08.17 15:20,1165
2026.08.17 15:21,599
2026.08.17 15:22,380
2026.08.17 15:23,450
2026.08.17 15:24,436
2026.08.17 15:25,446
2026.08.17 15:26,1446
2026.08.17 15:27,1256
2026.08.17 15:28,603
2026.08.17 15:29,658
2026.08.17 15:30,670
2026.08.17 15:31,700
2026.08.17 15:32,615
2026.08.17 15:33,970
2026.08.17 15:34,720
2026.08.17 15:35,485
2026.08.17 15:36,728
2026.08.17 15:37,722
2026.08.17 15:38,636
2026.08.17 15:39,486
2026.08.17 15:40,549
2026.08.17 15:41,431
2026.08.17 15:42,760
2026.08.17 15:43,731
2026.08.17 15:44,622
2026.08.17 15:45,637
2026.08.17 15:46,615
2026.08.17 15:47,607
2026.08.17 15:48,626
2026.08.17 15:49,656
2026.08.17 15:50,652
2026.08.17 15:51,799
2026.08.17 15:52,494
2026.08.17 15:53,558
2026.08.17 15:54,603
2026.08.17 15:55,472
2026.08.17 15:56,426
2026.08.17 15:57,428
2026.08.17 15:58,581
2026.08.17 15:59,554
2026.08.17 16:00,1661
2026.08.17 16:01,1195
2026.08.17 16:02,941
2026.08.17 16:03,899
2026.08.17 16:04,800
2026.08.17 16:05,786
2026.08.17 16:06,648
2026.08.17 16:07,892
2026.08.17 16:08,753
2026.08.17 16:09,548
2026.08.17 16:10,732
2026.08.17 16:11,627
2026.08.17 16:12,828
2026.08.17 16:13,675
2026.08.17 16:14,494
2026.08.17 16:15,531
2026.08.17 16:16,871
2026.08.17 16:17,538
2026.08.17 16:18,367
2026.08.17 16:19,520
2026.08.17 16:20,545
2026.08.17 16:21,472
2026.08.17 16:22,355
2026.08.17 16:23,476
2026.08.17 16:24,415
2026.08.17 16:25,737
2026.08.17 16:26,530
2026.08.17 16:27,512
2026.08.17 16:28,413
2026.08.17 16:29,323
2026.08.17 16:30,1305
2026.08.17 16:31,852
2026.08.17 16:32,906
2026.08.17 16:33,883
2026.08.17 16:34,884
2026.08.17 16:35,996
2026.08.17 16:36,932
2026.08.17 16:37,845
2026.08.17 16:38,787
2026.08.17 16:39,975
2026.08.17 16:40,947
2026.08.17 16:41,1142
2026.08.17 16:42,1089
2026.08.17 16:43,1185
2026.08.17 16:44,1115
2026.08.17 16:45,1512
2026.08.17 16:46,1544
2026.08.17 16:47,1291
2026.08.17 16:48,1180
2026.08.17 16:49,1302
2026.08.17 16:50,1314
2026.08.17 16:51,1115
2026.08.17 16:52,1453
2026.08.17 16:53,1511
2026.08.17 16:54,1414
2026.08.17 16:55,1645
2026.08.17 16:56,1962
2026.08.17 16:57,1749
2026.08.17 16:58,1280
2026.08.17 16:59,1151
2026.08.17 17:00,1604
2026.08.17 17:01,1500
2026.08.17 17:02,1784
2026.08.17 17:03,1360
2026.08.17 17:04,1494
2026.08.17 17:05,1883
2026.08.17 17:06,1813
2026.08.17 17:07,1463
2026.08.17 17:08,1320
2026.08.17 17:09,1270
2026.08.17 17:10,883
2026.08.17 17:11,966
2026.08.17 17:12,1306
2026.08.17 17:13,1399
2026.08.17 17:14,1194
2026.08.17 17:15,1570
2026.08.17 17:16,1649
2026.08.17 17:17,1301
2026.08.17 17:18,1824
2026.08.17 17:19,1131
2026.08.17 17:20,1474
2026.08.17 17:21,1495
2026.08.17 17:22,1606
2026.08.17 17:23,1431
2026.08.17 17:24,1609
2026.08.17 17:25,1379
2026.08.17 17:26,1326
2026.08.17 17:27,1555
2026.08.17 17:28,1141
2026.08.17 17:29,1294
2026.08.17 17:30,1299
2026.08.17 17:31,1029
2026.08.17 17:32,1113
2026.08.17 17:33,1150
2026.08.17 17:34,954
2026.08.17 17:35,849
2026.08.17 17:36,739
2026.08.17 17:37,943
2026.08.17 17:38,674
2026.08.17 17:39,685
2026.08.17 17:40,1044
2026.08.17 17:41,1145
2026.08.17 17:42,642
2026.08.17 17:43,835
2026.08.17 17:44,725
2026.08.17 17:45,1028
2026.08.17 17:46,918
2026.08.17 17:47,855
2026.08.17 17:48,920
2026.08.17 17:49,735
2026.08.17 17:50,1138
2026.08.17 17:51,968
2026.08.17 17:52,1031
2026.08.17 17:53,1088
2026.08.17 17:54,804
2026.08.17 17:55,727
2026.08.17 17:56,864
2026.08.17 17:57,749
2026.08.17 17:58,734
2026.08.17 17:59,1109
2026.08.17 18:00,1536
2026.08.17 18:01,942
2026.08.17 18:02,1155
2026.08.17 18:03,807
2026.08.17 18:04,814
2026.08.17 18:05,821
2026.08.17 18:06,745
2026.08.17 18:07,865
2026.08.17 18:08,965
2026.08.17 18:09,660
2026.08.17 18:10,870
2026.08.17 18:11,579
2026.08.17 18:12,875
2026.08.17 18:13,611
2026.08.17 18:14,696
2026.08.17 18:15,778
2026.08.17 18:16,968
2026.08.17 18:17,900
2026.08.17 18:18,800
2026.08.17 18:19,792
2026.08.17 18:20,854
2026.08.17 18:21,995
2026.08.17 18:22,849
2026.08.17 18:23,732
2026.08.17 18:24,685
2026.08.17 18:25,933
2026.08.17 18:26,1129
2026.08.17 18:27,897
2026.08.17 18:28,1009
2026.08.17 18:29,922
2026.08.17 18:30,1125
2026.08.17 18:31,1015
2026.08.17 18:32,1084
2026.08.17 18:33,929
2026.08.17 18:34,692
2026.08.17 18:35,767
2026.08.17 18:36,732
2026.08.17 18:37,407
2026.08.17 18:38,520
2026.08.17 18:39,611
2026.08.17 18:40,862
2026.08.17 18:41,1189
2026.08.17 18:42,699
2026.08.17 18:43,715
2026.08.17 18:44,767
2026.08.17 18:45,902
2026.08.17 18:46,668
2026.08.17 18:47,701
2026.08.17 18:48,648
2026.08.17 18:49,725
2026.08.17 18:50,555
2026.08.17 18:51,416
2026.08.17 18:52,494
2026.08.17 18:53,349
2026.08.17 18:54,443
2026.08.17 18:55,461
2026.08.17 18:56,511
2026.08.17 18:57,594
2026.08.17 18:58,472
2026.08.17 18:59,476
2026.08.17 19:00,621
2026.08.17 19:01,811
2026.08.17 19:02,607
2026.08.17 19:03,539
2026.08.17 19:04,397
2026.08.17 19:05,466
2026.08.17 19:06,556
2026.08.17 19:07,388
2026.08.17 19:08,526
2026.08.17 19:09,558
2026.08.17 19:10,680
2026.08.17 19:11,502
2026.08.17 19:12,332
2026.08.17 19:13,386
2026.08.17 19:14,395
2026.08.17 19:15,581
2026.08.17 19:16,630
2026.08.17 19:17,375
2026.08.17 19:18,446
2026.08.17 19:19,349
2026.08.17 19:20,590
2026.08.17 19:21,468
2026.08.17 19:22,383
2026.08.17 19:23,436
2026.08.17 19:24,398
2026.08.17 19:25,474
2026.08.17 19:26,460
2026.08.17 19:27,550
2026.08.17 19:28,488
2026.08.17 19:29,441
2026.08.17 19:30,737
2026.08.17 19:31,417
2026.08.17 19:32,285
2026.08.17 19:33,377
2026.08.17 19:34,265
2026.08.17 19:35,386
2026.08.17 19:36,334
2026.08.17 19:37,348
2026.08.17 19:38,440
2026.08.17 19:39,256
2026.08.17 19:40,369
2026.08.17 19:41,282
2026.08.17 19:42,388
2026.08.17 19:43,265
2026.08.17 19:44,275
2026.08.17 19:45,240
2026.08.17 19:46,297
2026.08.17 19:47,272
2026.08.17 19:48,390
2026.08.17 19:49,412
2026.08.17 19:50,387
2026.08.17 19:51,286
2026.08.17 19:52,349
2026.08.17 19:53,244
2026.08.17 19:54,417
2026.08.17 19:55,441
2026.08.17 19:56,295
2026.08.17 19:57,307
2026.08.17 19:58,321
2026.08.17 19:59,371
2026.08.17 20:00,518
2026.08.17 20:01,350
2026.08.17 20:02,347
2026.08.17 20:03,330
2026.08.17 20:04,389
2026.08.17 20:05,741
2026.08.17 20:06,527
2026.08.17 20:07,710
2026.08.17 20:08,448
2026.08.17 20:09,419
2026.08.17 20:10,474
2026.08.17 20:11,597
2026.08.17 20:12,550
2026.08.17 20:13,465
2026.08.17 20:14,408
2026.08.17 20:15,474
2026.08.17 20:16,509
2026.08.17 20:17,461
2026.08.17 20:18,686
2026.08.17 20:19,557
2026.08.17 20:20,581
2026.08.17 20:21,509
2026.08.17 20:22,502
2026.08.17 20:23,656
2026.08.17 20:24,724
2026.08.17 20:25,508
2026.08.17 20:26,684
2026.08.17 20:27,899
2026.08.17 20:28,675
2026.08.17 20:29,688
2026.08.17 20:30,618
2026.08.17 20:31,514
2026.08.17 20:32,641
2026.08.17 20:33,488
2026.08.17 20:34,320
2026.08.17 20:35,538
2026.08.17 20:36,481
2026.08.17 20:37,472
2026.08.17 20:38,504
2026.08.17 20:39,781
2026.08.17 20:40,592
2026.08.17 20:41,475
2026.08.17 20:42,491
2026.08.17 20:43,474
2026.08.17 20:44,546
2026.08.17 20:45,671
2026.08.17 20:46,730
2026.08.17 20:47,475
2026.08.17 20:48,521
2026.08.17 20:49,429
2026.08.17 20:50,350
2026.08.17 20:51,327
2026.08.17 20:52,242
2026.08.17 20:53,244
2026.08.17 20:54,238
2026.08.17 20:55,226
2026.08.17 20:56,496
2026.08.17 20:57,681
2026.08.17 20:58,379
2026.08.17 20:59,394
2026.08.17 21:00,526
2026.08.17 21:01,466
2026.08.17 21:02,568
2026.08.17 21:03,536
2026.08.17 21:04,527
2026.08.17 21:05,356
2026.08.17 21:06,506
2026.08.17 21:07,407
2026.08.17 21:08,410
2026.08.17 21:09,392
2026.08.17 21:10,582
2026.08.17 21:11,532
2026.08.17 21:12,525
2026.08.17 21:13,457
2026.08.17 21:14,482
2026.08.17 21:15,625
2026.08.17 21:16,399
2026.08.17 21:17,350
2026.08.17 21:18,393
2026.08.17 21:19,302
2026.08.17 21:20,364
2026.08.17 21:21,413
2026.08.17 21:22,466
2026.08.17 21:23,466
2026.08.17 21:24,767
2026.08.17 21:25,727
2026.08.17 21:26,485
2026.08.17 21:27,627
2026.08.17 21:28,729
2026.08.17 21:29,667
2026.08.17 21:30,674
2026.08.17 21:31,933
2026.08.17 21:32,1266
2026.08.17 21:33,1136
2026.08.17 21:34,907
2026.08.17 21:35,392
2026.08.17 21:36,419
2026.08.17 21:37,543
2026.08.17 21:38,292
2026.08.17 21:39,409
2026.08.17 21:40,345
2026.08.17 21:41,434
2026.08.17 21:42,339
2026.08.17 21:43,420
2026.08.17 21:44,368
2026.08.17 21:45,612
2026.08.17 21:46,468
2026.08.17 21:47,342
2026.08.17 21:48,431
2026.08.17 21:49,419
2026.08.17 21:50,496
2026.08.17 21:51,647
2026.08.17 21:52,337
2026.08.17 21:53,450
2026.08.17 21:54,490
2026.08.17 21:55,266
2026.08.17 21:56,431
2026.08.17 21:57,295
2026.08.17 21:58,245
2026.08.17 21:59,309
2026.08.17 22:00,643
2026.08.17 22:01,280
2026.08.17 22:02,503
2026.08.17 22:03,217
2026.08.17 22:04,449
2026.08.17 22:05,404
2026.08.17 22:06,496
2026.08.17 22:07,376
2026.08.17 22:08,419
2026.08.17 22:09,356
2026.08.17 22:10,390
2026.08.17 22:11,239
2026.08.17 22:12,296
2026.08.17 22:13,339
2026.08.17 22:14,727
2026.08.17 22:15,1124
2026.08.17 22:16,677
2026.08.17 22:17,655
2026.08.17 22:18,672
2026.08.17 22:19,843
2026.08.17 22:20,925
2026.08.17 22:21,538
2026.08.17 22:22,474
2026.08.17 22:23,447
2026.08.17 22:24,392
2026.08.17 22:25,514
2026.08.17 22:26,319
2026.08.17 22:27,277
2026.08.17 22:28,314
2026.08.17 22:29,157
2026.08.17 22:30,353
2026.08.17 22:31,361
2026.08.17 22:32,329
2026.08.17 22:33,258
2026.08.17 22:34,261
2026.08.17 22:35,305
2026.08.17 22:36,467
2026.08.17 22:37,338
2026.08.17 22:38,260
2026.08.17 22:39,291
2026.08.17 22:40,322
2026.08.17 22:41,397
2026.08.17 22:42,338
2026.08.17 22:43,458
2026.08.17 22:44,803
2026.08.17 22:45,392
2026.08.17 22:46,400
2026.08.17 22:47,553
2026.08.17 22:48,464
2026.08.17 22:49,427
2026.08.17 22:50,554
2026.08.17 22:51,461
2026.08.17 22:52,385
2026.08.17 22:53,480
2026.08.17 22:54,363
2026.08.17 22:55,467
2026.08.17 22:56,331
2026.08.17 22:57,312
2026.08.17 22:58,555
2026.08.17 22:59,736
2026.08.17 23:00,445
2026.08.17 23:01,242
2026.08.17 23:02,199
2026.08.17 23:03,152
2026.08.17 23:04,142
2026.08.17 23:05,132
2026.08.17 23:06,126
2026.08.17 23:07,96
2026.08.17 23:08,79
2026.08.17 23:09,121
2026.08.17 23:10,106
2026.08.17 23:11,101
2026.08.17 23:12,89
2026.08.17 23:13,63
2026.08.17 23:14,78
2026.08.17 23:15,96
2026.08.17 23:16,41
2026.08.17 23:17,135
2026.08.17 23:18,73
2026.08.17 23:19,58
2026.08.17 23:20,52
2026.08.17 23:21,71
2026.08.17 23:22,76
2026.08.17 23:23,42
2026.08.17 23:24,82
2026.08.17 23:25,187
2026.08.17 23:26,115
2026.08.17 23:27,152
2026.08.17 23:28,116
2026.08.17 23:29,123
2026.08.17 23:30,275
2026.08.17 23:31,75
2026.08.17 23:32,108
2026.08.17 23:33,130
2026.08.17 23:34,172
2026.08.17 23:35,75
2026.08.17 23:36,120
2026.08.17 23:37,171
2026.08.17 23:38,118
2026.08.17 23:39,183
2026.08.17 23:40,232
2026.08.17 23:41,216
2026.08.17 23:42,156
2026.08.17 23:43,53
2026.08.17 23:44,182
2026.08.17 23:45,263
2026.08.17 23:46,154
2026.08.17 23:47,192
2026.08.17 23:48,130
2026.08.17 23:49,111
2026.08.17 23:50,137
2026.08.17 23:51,99
2026.08.17 23:52,66
2026.08.17 23:53,98
2026.08.17 23:54,124
2026.08.17 23:55,131
2026.08.17 23:56,125
2026.08.17 23:57,187
2026.08.17 23:58,185
2026.08.17 23:59,23
2026.08.18 01:04,5
2026.08.18 01:05,62
2026.08.18 01:06,71
2026.08.18 01:07,173
2026.08.18 01:08,118
2026.08.18 01:09,116
2026.08.18 01:10,161
2026.08.18 01:11,140
2026.08.18 01:12,156
2026.08.18 01:13,170
2026.08.18 01:14,192
2026.08.18 01:15,234
2026.08.18 01:16,160
2026.08.18 01:17,223
2026.08.18 01:18,190
2026.08.18 01:19,74
2026.08.18 01:20,128
2026.08.18 01:21,110
2026.08.18 01:22,99
2026.08.18 01:23,114
2026.08.18 01:24,86
2026.08.18 01:25,132
2026.08.18 01:26,184
2026.08.18 01:27,204
2026.08.18 01:28,147
2026.08.18 01:29,131
2026.08.18 01:30,218
2026.08.18 01:31,146
2026.08.18 01:32,146
2026.08.18 01:33,129
2026.08.18 01:34,213
2026.08.18 01:35,131
2026.08.18 01:36,161
2026.08.18 01:37,86
2026.08.18 01:38,123
2026.08.18 01:39,95
2026.08.18 01:40,81
2026.08.18 01:41,89
2026.08.18 01:42,106
2026.08.18 01:43,107
2026.08.18 01:44,115
2026.08.18 01:45,71
2026.08.18 01:46,94
2026.08.18 01:47,88
2026.08.18 01:48,67
2026.08.18 01:49,97
2026.08.18 01:50,72
2026.08.18 01:51,58
2026.08.18 01:52,75
2026.08.18 01:53,72
2026.08.18 01:54,152
2026.08.18 01:55,236
2026.08.18 01:56,135
2026.08.18 01:57,216
2026.08.18 01:58,152
2026.08.18 01:59,153
2026.08.18 02:00,276
2026.08.18 02:01,135
2026.08.18 02:02,115
2026.08.18 02:03,125
2026.08.18 02:04,183
2026.08.18 02:05,144
2026.08.18 02:06,147
2026.08.18 02:07,130
2026.08.18 02:08,111
2026.08.18 02:09,121
2026.08.18 02:10,94
2026.08.18 02:11,113
2026.08.18 02:12,52
2026.08.18 02:13,61
2026.08.18 02:14,127
2026.08.18 02:15,160
2026.08.18 02:16,269
2026.08.18 02:17,236
2026.08.18 02:18,117
2026.08.18 02:19,148
2026.08.18 02:20,98
2026.08.18 02:21,65
2026.08.18 02:22,93
2026.08.18 02:23,118
2026.08.18 02:24,106
2026.08.18 02:25,224
2026.08.18 02:26,249
2026.08.18 02:27,199
2026.08.18 02:28,205
2026.08.18 02:29,99
2026.08.18 02:30,176
2026.08.18 02:31,187
2026.08.18 02:32,192
2026.08.18 02:33,144
2026.08.18 02:34,242
2026.08.18 02:35,150
2026.08.18 02:36,142
2026.08.18 02:37,123
2026.08.18 02:38,99
2026.08.18 02:39,177
2026.08.18 02:40,244
2026.08.18 02:41,226
2026.08.18 02:42,164
2026.08.18 02:43,404
2026.08.18 02:44,306
2026.08.18 02:45,344
2026.08.18 02:46,354
2026.08.18 02:47,356
2026.08.18 02:48,184
2026.08.18 02:49,205
2026.08.18 02:50,222
2026.08.18 02:51,267
2026.08.18 02:52,154
2026.08.18 02:53,294
2026.08.18 02:54,297
2026.08.18 02:55,274
2026.08.18 02:56,219
2026.08.18 02:57,183
2026.08.18 02:58,185
2026.08.18 02:59,260
2026.08.18 03:00,1035
2026.08.18 03:01,628
2026.08.18 03:02,413
2026.08.18 03:03,553
2026.08.18 03:04,362
2026.08.18 03:05,407
2026.08.18 03:06,412
2026.08.18 03:07,519
2026.08.18 03:08,585
2026.08.18 03:09,556
2026.08.18 03:10,268
2026.08.18 03:11,383
2026.08.18 03:12,281
2026.08.18 03:13,290
2026.08.18 03:14,348
2026.08.18 03:15,417
2026.08.18 03:16,554
2026.08.18 03:17,421
2026.08.18 03:18,480
2026.08.18 03:19,671
2026.08.18 03:20,624
2026.08.18 03:21,333
2026.08.18 03:22,489
2026.08.18 03:23,595
2026.08.18 03:24,633
2026.08.18 03:25,500
2026.08.18 03:26,653
2026.08.18 03:27,619
2026.08.18 03:28,372
2026.08.18 03:29,555
2026.08.18 03:30,568
2026.08.18 03:31,449
2026.08.18 03:32,312
2026.08.18 03:33,438
2026.08.18 03:34,375
2026.08.18 03:35,405
2026.08.18 03:36,245
2026.08.18 03:37,291
2026.08.18 03:38,294
2026.08.18 03:39,245
2026.08.18 03:40,439
2026.08.18 03:41,410
2026.08.18 03:42,254
2026.08.18 03:43,244
2026.08.18 03:44,225
2026.08.18 03:45,205
2026.08.18 03:46,293
2026.08.18 03:47,284
2026.08.18 03:48,197
2026.08.18 03:49,226
2026.08.18 03:50,265
2026.08.18 03:51,396
2026.08.18 03:52,299
2026.08.18 03:53,355
2026.08.18 03:54,268
2026.08.18 03:55,322
2026.08.18 03:56,306
2026.08.18 03:57,396
2026.08.18 03:58,497
2026.08.18 03:59,686
2026.08.18 04:00,1741
2026.08.18 04:01,1323
2026.08.18 04:02,1121
2026.08.18 04:03,1127
2026.08.18 04:04,822
2026.08.18 04:05,963
2026.08.18 04:06,1054
2026.08.18 04:07,647
2026.08.18 04:08,696
2026.08.18 04:09,653
2026.08.18 04:10,635
2026.08.18 04:11,641
2026.08.18 04:12,631
2026.08.18 04:13,547
2026.08.18 04:14,320
2026.08.18 04:15,550
2026.08.18 04:16,724
2026.08.18 04:17,711
2026.08.18 04:18,712
2026.08.18 04:19,558
2026.08.18 04:20,557
2026.08.18 04:21,529
2026.08.18 04:22,467
2026.08.18 04:23,373
2026.08.18 04:24,496
2026.08.18 04:25,905
2026.08.18 04:26,576
2026.08.18 04:27,491
2026.08.18 04:28,616
2026.08.18 04:29,385
2026.08.18 04:30,425
2026.08.18 04:31,652
2026.08.18 04:32,581
2026.08.18 04:33,504
2026.08.18 04:34,576
2026.08.18 04:35,314
2026.08.18 04:36,334
2026.08.18 04:37,324
2026.08.18 04:38,285
2026.08.18 04:39,364
2026.08.18 04:40,728
2026.08.18 04:41,493
2026.08.18 04:42,512
2026.08.18 04:43,557
2026.08.18 04:44,710
2026.08.18 04:45,604
2026.08.18 04:46,735
2026.08.18 04:47,1197
2026.08.18 04:48,1177
2026.08.18 04:49,845
2026.08.18 04:50,1018
2026.08.18 04:51,716
2026.08.18 04:52,653
2026.08.18 04:53,1161
2026.08.18 04:54,826
2026.08.18 04:55,732
2026.08.18 04:56,548
2026.08.18 04:57,511
2026.08.18 04:58,525
2026.08.18 04:59,323
2026.08.18 05:00,606
2026.08.18 05:01,731
2026.08.18 05:02,692
2026.08.18 05:03,508
2026.08.18 05:04,758
2026.08.18 05:05,534
2026.08.18 05:06,561
2026.08.18 05:07,582
2026.08.18 05:08,593
2026.08.18 05:09,536
2026.08.18 05:10,513
2026.08.18 05:11,427
2026.08.18 05:12,713
2026.08.18 05:13,735
2026.08.18 05:14,339
2026.08.18 05:15,346
2026.08.18 05:16,797
2026.08.18 05:17,649
2026.08.18 05:18,459
2026.08.18 05:19,309
2026.08.18 05:20,318
2026.08.18 05:21,208
2026.08.18 05:22,282
2026.08.18 05:23,346
2026.08.18 05:24,352
2026.08.18 05:25,427
2026.08.18 05:26,362
2026.08.18 05:27,259
2026.08.18 05:28,330
2026.08.18 05:29,235
2026.08.18 05:30,783
2026.08.18 05:31,670
2026.08.18 05:32,476
2026.08.18 05:33,687
2026.08.18 05:34,644
2026.08.18 05:35,556
2026.08.18 05:36,425
2026.08.18 05:37,313
2026.08.18 05:38,454
2026.08.18 05:39,505
2026.08.18 05:40,524
2026.08.18 05:41,593
2026.08.18 05:42,372
2026.08.18 05:43,362
2026.08.18 05:44,318
2026.08.18 05:45,498
2026.08.18 05:46,351
2026.08.18 05:47,545
2026.08.18 05:48,510
2026.08.18 05:49,370
2026.08.18 05:50,359
2026.08.18 05:51,330
2026.08.18 05:52,257
2026.08.18 05:53,310
2026.08.18 05:54,305
2026.08.18 05:55,521
2026.08.18 05:56,767
2026.08.18 05:57,522
2026.08.18 05:58,327
2026.08.18 05:59,228
2026.08.18 06:00,417
2026.08.18 06:01,490
2026.08.18 06:02,458
2026.08.18 06:03,344
2026.08.18 06:04,361
2026.08.18 06:05,348
2026.08.18 06:06,394
2026.08.18 06:07,402
2026.08.18 06:08,373
2026.08.18 06:09,458
2026.08.18 06:10,332
2026.08.18 06:11,300
2026.08.18 06:12,418
2026.08.18 06:13,276
2026.08.18 06:14,273
2026.08.18 06:15,268
2026.08.18 06:16,480
2026.08.18 06:17,544
2026.08.18 06:18,567
2026.08.18 06:19,584
2026.08.18 06:20,345
2026.08.18 06:21,339
2026.08.18 06:22,284
2026.08.18 06:23,495
2026.08.18 06:24,520
2026.08.18 06:25,226
2026.08.18 06:26,253
2026.08.18 06:27,362
2026.08.18 06:28,381
2026.08.18 06:29,377
2026.08.18 06:30,499
2026.08.18 06:31,376
2026.08.18 06:32,457
2026.08.18 06:33,272
2026.08.18 06:34,289
2026.08.18 06:35,218
2026.08.18 06:36,271
2026.08.18 06:37,494
2026.08.18 06:38,391
2026.08.18 06:39,206
2026.08.18 06:40,198
2026.08.18 06:41,306
2026.08.18 06:42,292
2026.08.18 06:43,369
2026.08.18 06:44,197
2026.08.18 06:45,314
2026.08.18 06:46,248
2026.08.18 06:47,420
2026.08.18 06:48,334
2026.08.18 06:49,450
2026.08.18 06:50,514
2026.08.18 06:51,334
2026.08.18 06:52,279
2026.08.18 06:53,227
2026.08.18 06:54,218
2026.08.18 06:55,291
2026.08.18 06:56,314
2026.08.18 06:57,159
2026.08.18 06:58,275
2026.08.18 06:59,185
2026.08.18 07:00,379
2026.08.18 07:01,306
2026.08.18 07:02,297
2026.08.18 07:03,269
2026.08.18 07:04,231
2026.08.18 07:05,344
2026.08.18 07:06,304
2026.08.18 07:07,361
2026.08.18 07:08,405
2026.08.18 07:09,265
2026.08.18 07:10,243
2026.08.18 07:11,258
2026.08.18 07:12,340
2026.08.18 07:13,218
2026.08.18 07:14,225
2026.08.18 07:15,127
2026.08.18 07:16,367
2026.08.18 07:17,364
2026.08.18 07:18,280
2026.08.18 07:19,334
2026.08.18 07:20,213
2026.08.18 07:21,232
2026.08.18 07:22,251
2026.08.18 07:23,288
2026.08.18 07:24,211
2026.08.18 07:25,303
2026.08.18 07:26,258
2026.08.18 07:27,228
2026.08.18 07:28,335
2026.08.18 07:29,181
2026.08.18 07:30,439
2026.08.18 07:31,302
2026.08.18 07:32,212
2026.08.18 07:33,289
2026.08.18 07:34,330
2026.08.18 07:35,233
2026.08.18 07:36,351
2026.08.18 07:37,509
2026.08.18 07:38,377
2026.08.18 07:39,479
2026.08.18 07:40,373
2026.08.18 07:41,235
2026.08.18 07:42,282
2026.08.18 07:43,219
2026.08.18 07:44,152
2026.08.18 07:45,211
2026.08.18 07:46,173
2026.08.18 07:47,187
2026.08.18 07:48,254
2026.08.18 07:49,211
2026.08.18 07:50,299
2026.08.18 07:51,200
2026.08.18 07:52,185
2026.08.18 07:53,167
2026.08.18 07:54,157
2026.08.18 07:55,295
2026.08.18 07:56,250
2026.08.18 07:57,209
2026.08.18 07:58,190
2026.08.18 07:59,285
2026.08.18 08:00,323
2026.08.18 08:01,314
2026.08.18 08:02,322
2026.08.18 08:03,321
2026.08.18 08:04,386
2026.08.18 08:05,290
2026.08.18 08:06,230
2026.08.18 08:07,269
2026.08.18 08:08,212
2026.08.18 08:09,175
2026.08.18 08:10,420
2026.08.18 08:11,235
2026.08.18 08:12,101
2026.08.18 08:13,281
2026.08.18 08:14,197
2026.08.18 08:15,254
2026.08.18 08:16,233
2026.08.18 08:17,246
2026.08.18 08:18,294
2026.08.18 08:19,233
2026.08.18 08:20,239
2026.08.18 08:21,308
2026.08.18 08:22,197
2026.08.18 08:23,193
2026.08.18 08:24,176
2026.08.18 08:25,212
2026.08.18 08:26,230
2026.08.18 08:27,168
2026.08.18 08:28,189
2026.08.18 08:29,305
2026.08.18 08:30,1192
2026.08.18 08:31,934
2026.08.18 08:32,861
2026.08.18 08:33,786
2026.08.18 08:34,839
2026.08.18 08:35,832
2026.08.18 08:36,602
2026.08.18 08:37,467
2026.08.18 08:38,312
2026.08.18 08:39,342
2026.08.18 08:40,465
2026.08.18 08:41,420
2026.08.18 08:42,410
2026.08.18 08:43,370
2026.08.18 08:44,675
2026.08.18 08:45,717
2026.08.18 08:46,526
2026.08.18 08:47,361
2026.08.18 08:48,291
2026.08.18 08:49,353
2026.08.18 08:50,547
2026.08.18 08:51,337
2026.08.18 08:52,276
2026.08.18 08:53,248
2026.08.18 08:54,232
2026.08.18 08:55,277
2026.08.18 08:56,222
2026.08.18 08:57,362
2026.08.18 08:58,315
2026.08.18 08:59,264
2026.08.18 09:00,958
2026.08.18 09:01,358
2026.08.18 09:02,271
2026.08.18 09:03,467
2026.08.18 09:04,547
2026.08.18 09:05,591
2026.08.18 09:06,672
2026.08.18 09:07,531
2026.08.18 09:08,452
2026.08.18 09:09,562
2026.08.18 09:10,424
2026.08.18 09:11,432
2026.08.18 09:12,249
2026.08.18 09:13,278
2026.08.18 09:14,234
2026.08.18 09:15,416
2026.08.18 09:16,327
2026.08.18 09:17,460
2026.08.18 09:18,385
2026.08.18 09:19,298
2026.08.18 09:20,296
2026.08.18 09:21,282
2026.08.18 09:22,362
2026.08.18 09:23,193
2026.08.18 09:24,232
2026.08.18 09:25,282
2026.08.18 09:26,227
2026.08.18 09:27,304
2026.08.18 09:28,179
2026.08.18 09:29,286
2026.08.18 09:30,491
2026.08.18 09:31,271
2026.08.18 09:32,201
2026.08.18 09:33,186
2026.08.18 09:34,251
2026.08.18 09:35,559
2026.08.18 09:36,465
2026.08.18 09:37,316
2026.08.18 09:38,227
2026.08.18 09:39,182
2026.08.18 09:40,124
2026.08.18 09:41,117
2026.08.18 09:42,254
2026.08.18 09:43,201
2026.08.18 09:44,343
2026.08.18 09:45,463
2026.08.18 09:46,310
2026.08.18 09:47,362
2026.08.18 09:48,377
2026.08.18 09:49,336
2026.08.18 09:50,399
2026.08.18 09:51,283
2026.08.18 09:52,450
2026.08.18 09:53,502
2026.08.18 09:54,376
2026.08.18 09:55,389
2026.08.18 09:56,380
2026.08.18 09:57,269
2026.08.18 09:58,358
2026.08.18 09:59,473
2026.08.18 10:00,687
2026.08.18 10:01,284
2026.08.18 10:02,304
2026.08.18 10:03,193
2026.08.18 10:04,296
2026.08.18 10:05,253
2026.08.18 10:06,263
2026.08.18 10:07,245
2026.08.18 10:08,180
2026.08.18 10:09,248
2026.08.18 10:10,347
2026.08.18 10:11,281
2026.08.18 10:12,241
2026.08.18 10:13,196
2026.08.18 10:14,172
2026.08.18 10:15,253
2026.08.18 10:16,242
2026.08.18 10:17,148
2026.08.18 10:18,148
2026.08.18 10:19,147
2026.08.18 10:20,206
2026.08.18 10:21,236
2026.08.18 10:22,131
2026.08.18 10:23,145
2026.08.18 10:24,261
2026.08.18 10:25,351
2026.08.18 10:26,264
2026.08.18 10:27,168
2026.08.18 10:28,179
2026.08.18 10:29,393
2026.08.18 10:30,460
2026.08.18 10:31,208
2026.08.18 10:32,221
2026.08.18 10:33,235
2026.08.18 10:34,369
2026.08.18 10:35,294
2026.08.18 10:36,216
2026.08.18 10:37,173
2026.08.18 10:38,247
2026.08.18 10:39,173
2026.08.18 10:40,258
2026.08.18 10:41,302
2026.08.18 10:42,208
2026.08.18 10:43,268
2026.08.18 10:44,209
2026.08.18 10:45,133
2026.08.18 10:46,173
2026.08.18 10:47,169
2026.08.18 10:48,226
2026.08.18 10:49,189
2026.08.18 10:50,198
2026.08.18 10:51,180
2026.08.18 10:52,177
2026.08.18 10:53,167
2026.08.18 10:54,191
2026.08.18 10:55,201
2026.08.18 10:56,181
2026.08.18 10:57,327
2026.08.18 10:58,161
2026.08.18 10:59,302
2026.08.18 11:00,690
2026.08.18 11:01,331
2026.08.18 11:02,351
2026.08.18 11:03,411
2026.08.18 11:04,281
2026.08.18 11:05,420
2026.08.18 11:06,476
2026.08.18 11:07,286
2026.08.18 11:08,291
2026.08.18 11:09,468
2026.08.18 11:10,742
2026.08.18 11:11,406
2026.08.18 11:12,698
2026.08.18 11:13,528
2026.08.18 11:14,526
2026.08.18 11:15,459
2026.08.18 11:16,575
2026.08.18 11:17,724
2026.08.18 11:18,522
2026.08.18 11:19,510
2026.08.18 11:20,348
2026.08.18 11:21,688
2026.08.18 11:22,514
2026.08.18 11:23,559
2026.08.18 11:24,313
2026.08.18 11:25,315
2026.08.18 11:26,459
2026.08.18 11:27,375
2026.08.18 11:28,316
2026.08.18 11:29,417
2026.08.18 11:30,337
2026.08.18 11:31,266
2026.08.18 11:32,356
2026.08.18 11:33,336
2026.08.18 11:34,409
2026.08.18 11:35,574
2026.08.18 11:36,516
2026.08.18 11:37,400
2026.08.18 11:38,391
2026.08.18 11:39,502
2026.08.18 11:40,494
2026.08.18 11:41,545
2026.08.18 11:42,338
2026.08.18 11:43,260
2026.08.18 11:44,227
2026.08.18 11:45,228
2026.08.18 11:46,178
2026.08.18 11:47,216
2026.08.18 11:48,282
2026.08.18 11:49,350
2026.08.18 11:50,314
2026.08.18 11:51,398
2026.08.18 11:52,195
2026.08.18 11:53,212
2026.08.18 11:54,201
2026.08.18 11:55,382
2026.08.18 11:56,355
2026.08.18 11:57,202
2026.08.18 11:58,121
2026.08.18 11:59,219
2026.08.18 12:00,717
2026.08.18 12:01,393
2026.08.18 12:02,428
2026.08.18 12:03,408
2026.08.18 12:04,291
2026.08.18 12:05,373
2026.08.18 12:06,350
2026.08.18 12:07,389
2026.08.18 12:08,318
2026.08.18 12:09,179
2026.08.18 12:10,182
2026.08.18 12:11,171
2026.08.18 12:12,284
2026.08.18 12:13,323
2026.08.18 12:14,286
2026.08.18 12:15,302
2026.08.18 12:16,197
2026.08.18 12:17,258
2026.08.18 12:18,212
2026.08.18 12:19,138
2026.08.18 12:20,229
2026.08.18 12:21,274
2026.08.18 12:22,265
2026.08.18 12:23,260
2026.08.18 12:24,698
2026.08.18 12:25,356
2026.08.18 12:26,271
2026.08.18 12:27,376
2026.08.18 12:28,463
2026.08.18 12:29,388
2026.08.18 12:30,564
2026.08.18 12:31,629
2026.08.18 12:32,403
2026.08.18 12:33,310
2026.08.18 12:34,382
2026.08.18 12:35,394
2026.08.18 12:36,422
2026.08.18 12:37,351
2026.08.18 12:38,280
2026.08.18 12:39,297
2026.08.18 12:40,427
2026.08.18 12:41,285
2026.08.18 12:42,271
2026.08.18 12:43,422
2026.08.18 12:44,391
2026.08.18 12:45,326
2026.08.18 12:46,473
2026.08.18 12:47,369
2026.08.18 12:48,398
2026.08.18 12:49,328
2026.08.18 12:50,474
2026.08.18 12:51,248
2026.08.18 12:52,149
2026.08.18 12:53,183
2026.08.18 12:54,170
2026.08.18 12:55,160
2026.08.18 12:56,304
2026.08.18 12:57,192
2026.08.18 12:58,166
2026.08.18 12:59,185
2026.08.18 13:00,437
2026.08.18 13:01,264
2026.08.18 13:02,226
2026.08.18 13:03,223
2026.08.18 13:04,207
2026.08.18 13:05,191
2026.08.18 13:06,188
2026.08.18 13:07,163
2026.08.18 13:08,243
2026.08.18 13:09,197
2026.08.18 13:10,257
2026.08.18 13:11,323
2026.08.18 13:12,254
2026.08.18 13:13,145
2026.08.18 13:14,200
2026.08.18 13:15,200
2026.08.18 13:16,221
2026.08.18 13:17,237
2026.08.18 13:18,365
2026.08.18 13:19,310
2026.08.18 13:20,257
2026.08.18 13:21,352
2026.08.18 13:22,223
2026.08.18 13:23,205
2026.08.18 13:24,196
2026.08.18 13:25,247
2026.08.18 13:26,337
2026.08.18 13:27,365
2026.08.18 13:28,300
2026.08.18 13:29,249
2026.08.18 13:30,403
2026.08.18 13:31,364
2026.08.18 13:32,227
2026.08.18 13:33,161
2026.08.18 13:34,159
2026.08.18 13:35,204
2026.08.18 13:36,345
2026.08.18 13:37,312
2026.08.18 13:38,315
2026.08.18 13:39,246
2026.08.18 13:40,235
2026.08.18 13:41,216
2026.08.18 13:42,176
2026.08.18 13:43,285
2026.08.18 13:44,240
2026.08.18 13:45,183
2026.08.18 13:46,159
2026.08.18 13:47,161
2026.08.18 13:48,292
2026.08.18 13:49,151
2026.08.18 13:50,155
2026.08.18 13:51,218
2026.08.18 13:52,148
2026.08.18 13:53,205
2026.08.18 13:54,169
2026.08.18 13:55,257
2026.08.18 13:56,165
2026.08.18 13:57,148
2026.08.18 13:58,139
2026.08.18 13:59,162
2026.08.18 14:00,469
2026.08.18 14:01,274
2026.08.18 14:02,333
2026.08.18 14:03,354
2026.08.18 14:04,263
2026.08.18 14:05,201
2026.08.18 14:06,219
2026.08.18 14:07,239
2026.08.18 14:08,198
2026.08.18 14:09,160
2026.08.18 14:10,193
2026.08.18 14:11,225
2026.08.18 14:12,171
2026.08.18 14:13,145
2026.08.18 14:14,102
2026.08.18 14:15,252
2026.08.18 14:16,229
2026.08.18 14:17,204
2026.08.18 14:18,186
2026.08.18 14:19,276
2026.08.18 14:20,315
2026.08.18 14:21,209
2026.08.18 14:22,210
2026.08.18 14:23,210
2026.08.18 14:24,191
2026.08.18 14:25,256
2026.08.18 14:26,192
2026.08.18 14:27,148
2026.08.18 14:28,316
2026.08.18 14:29,249
2026.08.18 14:30,467
2026.08.18 14:31,276
2026.08.18 14:32,270
2026.08.18 14:33,226
2026.08.18 14:34,134
2026.08.18 14:35,198
2026.08.18 14:36,256
2026.08.18 14:37,277
2026.08.18 14:38,256
2026.08.18 14:39,259
2026.08.18 14:40,267
2026.08.18 14:41,477
2026.08.18 14:42,365
2026.08.18 14:43,305
2026.08.18 14:44,183
2026.08.18 14:45,200
2026.08.18 14:46,287
2026.08.18 14:47,193
2026.08.18 14:48,250
2026.08.18 14:49,118
2026.08.18 14:50,211
2026.08.18 14:51,234
2026.08.18 14:52,236
2026.08.18 14:53,269
2026.08.18 14:54,215
2026.08.18 14:55,223
2026.08.18 14:56,205
2026.08.18 14:57,209
2026.08.18 14:58,273
2026.08.18 14:59,258
2026.08.18 15:00,458
2026.08.18 15:01,381
2026.08.18 15:02,265
2026.08.18 15:03,296
2026.08.18 15:04,578
2026.08.18 15:05,477
2026.08.18 15:06,387
2026.08.18 15:07,321
2026.08.18 15:08,530
2026.08.18 15:09,567
2026.08.18 15:10,603
2026.08.18 15:11,453
2026.08.18 15:12,206
2026.08.18 15:13,298
2026.08.18 15:14,374
2026.08.18 15:15,369
2026.08.18 15:16,286
2026.08.18 15:17,407
2026.08.18 15:18,336
2026.08.18 15:19,400
2026.08.18 15:20,1069
2026.08.18 15:21,572
2026.08.18 15:22,443
2026.08.18 15:23,500
2026.08.18 15:24,523
2026.08.18 15:25,421
2026.08.18 15:26,278
2026.08.18 15:27,366
2026.08.18 15:28,297
2026.08.18 15:29,278
2026.08.18 15:30,572
2026.08.18 15:31,257
2026.08.18 15:32,222
2026.08.18 15:33,256
2026.08.18 15:34,252
2026.08.18 15:35,398
2026.08.18 15:36,441
2026.08.18 15:37,352
2026.08.18 15:38,468
2026.08.18 15:39,401
2026.08.18 15:40,484
2026.08.18 15:41,248
2026.08.18 15:42,252
2026.08.18 15:43,338
2026.08.18 15:44,253
2026.08.18 15:45,411
2026.08.18 15:46,446
2026.08.18 15:47,523
2026.08.18 15:48,239
2026.08.18 15:49,243
2026.08.18 15:50,339
2026.08.18 15:51,379
2026.08.18 15:52,360
2026.08.18 15:53,225
2026.08.18 15:54,467
2026.08.18 15:55,382
2026.08.18 15:56,353
2026.08.18 15:57,317
2026.08.18 15:58,307
2026.08.18 15:59,398
2026.08.18 16:00,1589
2026.08.18 16:01,1115
2026.08.18 16:02,1007
2026.08.18 16:03,921
2026.08.18 16:04,686
2026.08.18 16:05,636
2026.08.18 16:06,521
2026.08.18 16:07,540
2026.08.18 16:08,774
2026.08.18 16:09,528
2026.08.18 16:10,981
2026.08.18 16:11,579
2026.08.18 16:12,837
2026.08.18 16:13,343
2026.08.18 16:14,460
2026.08.18 16:15,494
2026.08.18 16:16,751
2026.08.18 16:17,598
2026.08.18 16:18,534
2026.08.18 16:19,510
2026.08.18 16:20,559
2026.08.18 16:21,514
2026.08.18 16:22,650
2026.08.18 16:23,859
2026.08.18 16:24,694
2026.08.18 16:25,939
2026.08.18 16:26,756
2026.08.18 16:27,832
2026.08.18 16:28,900
2026.08.18 16:29,895
2026.08.18 16:30,2777
2026.08.18 16:31,1683
2026.08.18 16:32,1821
2026.08.18 16:33,2042
2026.08.18 16:34,2052
2026.08.18 16:35,1444
2026.08.18 16:36,1650
2026.08.18 16:37,1268
2026.08.18 16:38,1506
2026.08.18 16:39,1313
2026.08.18 16:40,1102
2026.08.18 16:41,1558
2026.08.18 16:42,1520
2026.08.18 16:43,1735
2026.08.18 16:44,1476
2026.08.18 16:45,1267
2026.08.18 16:46,1732
2026.08.18 16:47,1870
2026.08.18 16:48,1423
2026.08.18 16:49,1461
2026.08.18 16:50,1664
2026.08.18 16:51,1870
2026.08.18 16:52,1473
2026.08.18 16:53,1745
2026.08.18 16:54,1611
2026.08.18 16:55,1607
2026.08.18 16:56,1417
2026.08.18 16:57,1350
2026.08.18 16:58,943
2026.08.18 16:59,839
2026.08.18 17:00,1438
2026.08.18 17:01,1132
2026.08.18 17:02,1803
2026.08.18 17:03,1602
2026.08.18 17:04,1622
2026.08.18 17:05,1574
2026.08.18 17:06,1841
2026.08.18 17:07,1393
2026.08.18 17:08,1672
2026.08.18 17:09,1396
2026.08.18 17:10,1438
2026.08.18 17:11,1374
2026.08.18 17:12,1083
2026.08.18 17:13,993
2026.08.18 17:14,1172
2026.08.18 17:15,1308
2026.08.18 17:16,1489
2026.08.18 17:17,994
2026.08.18 17:18,1184
2026.08.18 17:19,1384
2026.08.18 17:20,1248
2026.08.18 17:21,770
2026.08.18 17:22,970
2026.08.18 17:23,870
2026.08.18 17:24,1145
2026.08.18 17:25,1004
2026.08.18 17:26,806
2026.08.18 17:27,1022
2026.08.18 17:28,653
2026.08.18 17:29,966
2026.08.18 17:30,1366
2026.08.18 17:31,948
2026.08.18 17:32,1553
2026.08.18 17:33,949
2026.08.18 17:34,1086
2026.08.18 17:35,1089
2026.08.18 17:36,683
2026.08.18 17:37,980
2026.08.18 17:38,1047
2026.08.18 17:39,1887
2026.08.18 17:40,1865
2026.08.18 17:41,1290
2026.08.18 17:42,1154
2026.08.18 17:43,1697
2026.08.18 17:44,1276
2026.08.18 17:45,1256
2026.08.18 17:46,1385
2026.08.18 17:47,1241
2026.08.18 17:48,1029
2026.08.18 17:49,797
2026.08.18 17:50,1086
2026.08.18 17:51,1191
2026.08.18 17:52,1452
2026.08.18 17:53,1858
2026.08.18 17:54,1598
2026.08.18 17:55,1562
2026.08.18 17:56,1955
2026.08.18 17:57,1947
2026.08.18 17:58,1640
2026.08.18 17:59,2025
2026.08.18 18:00,1974
2026.08.18 18:01,2333
2026.08.18 18:02,2338
2026.08.18 18:03,3111
2026.08.18 18:04,2056
2026.08.18 18:05,1786
2026.08.18 18:06,1359
2026.08.18 18:07,1422
2026.08.18 18:08,1306
2026.08.18 18:09,1689
2026.08.18 18:10,1587
2026.08.18 18:11,876
2026.08.18 18:12,1050
2026.08.18 18:13,1231
2026.08.18 18:14,1967
2026.08.18 18:15,1499
2026.08.18 18:16,951
2026.08.18 18:17,935
2026.08.18 18:18,1356
2026.08.18 18:19,1564
2026.08.18 18:20,1809
2026.08.18 18:21,1810
2026.08.18 18:22,1881
2026.08.18 18:23,1251
2026.08.18 18:24,1561
2026.08.18 18:25,1590
2026.08.18 18:26,1484
2026.08.18 18:27,1184
2026.08.18 18:28,1235
2026.08.18 18:29,1421
2026.08.18 18:30,1617
2026.08.18 18:31,1821
2026.08.18 18:32,1402
2026.08.18 18:33,1024
2026.08.18 18:34,1185
2026.08.18 18:35,1102
2026.08.18 18:36,1317
2026.08.18 18:37,1139
2026.08.18 18:38,905
2026.08.18 18:39,859
2026.08.18 18:40,999
2026.08.18 18:41,956
2026.08.18 18:42,828
2026.08.18 18:43,749
2026.08.18 18:44,868
2026.08.18 18:45,1236
2026.08.18 18:46,1007
2026.08.18 18:47,1072
2026.08.18 18:48,977
2026.08.18 18:49,649
2026.08.18 18:50,677
2026.08.18 18:51,744
2026.08.18 18:52,576
2026.08.18 18:53,914
2026.08.18 18:54,606
2026.08.18 18:55,801
2026.08.18 18:56,752
2026.08.18 18:57,764
2026.08.18 18:58,550
2026.08.18 18:59,623
2026.08.18 19:00,869
2026.08.18 19:01,715
2026.08.18 19:02,685
2026.08.18 19:03,766
2026.08.18 19:04,636
2026.08.18 19:05,794
2026.08.18 19:06,834
2026.08.18 19:07,809
2026.08.18 19:08,826
2026.08.18 19:09,724
2026.08.18 19:10,578
2026.08.18 19:11,652
2026.08.18 19:12,838
2026.08.18 19:13,624
2026.08.18 19:14,490
2026.08.18 19:15,661
2026.08.18 19:16,807
2026.08.18 19:17,818
2026.08.18 19:18,825
2026.08.18 19:19,684
2026.08.18 19:20,662
2026.08.18 19:21,498
2026.08.18 19:22,487
2026.08.18 19:23,596
2026.08.18 19:24,459
2026.08.18 19:25,524
2026.08.18 19:26,470
2026.08.18 19:27,784
2026.08.18 19:28,664
2026.08.18 19:29,673
2026.08.18 19:30,825
2026.08.18 19:31,776
2026.08.18 19:32,734
2026.08.18 19:33,654
2026.08.18 19:34,748
2026.08.18 19:35,712
2026.08.18 19:36,578
2026.08.18 19:37,678
2026.08.18 19:38,516
2026.08.18 19:39,448
2026.08.18 19:40,633
2026.08.18 19:41,536
2026.08.18 19:42,569
2026.08.18 19:43,702
2026.08.18 19:44,564
2026.08.18 19:45,659
2026.08.18 19:46,679
2026.08.18 19:47,673
2026.08.18 19:48,622
2026.08.18 19:49,563
2026.08.18 19:50,612
2026.08.18 19:51,434
2026.08.18 19:52,545
2026.08.18 19:53,389
2026.08.18 19:54,437
2026.08.18 19:55,572
2026.08.18 19:56,498
2026.08.18 19:57,672
2026.08.18 19:58,643
2026.08.18 19:59,709
2026.08.18 20:00,881
2026.08.18 20:01,843
2026.08.18 20:02,669
2026.08.18 20:03,817
2026.08.18 20:04,546
2026.08.18 20:05,584
2026.08.18 20:06,606
2026.08.18 20:07,474
2026.08.18 20:08,626
2026.08.18 20:09,530
2026.08.18 20:10,717
2026.08.18 20:11,619
2026.08.18 20:12,619
2026.08.18 20:13,531
2026.08.18 20:14,773
2026.08.18 20:15,664
2026.08.18 20:16,637
2026.08.18 20:17,448
2026.08.18 20:18,593
2026.08.18 20:19,672
2026.08.18 20:20,517
2026.08.18 20:21,698
2026.08.18 20:22,584
2026.08.18 20:23,552
2026.08.18 20:24,839
2026.08.18 20:25,785
2026.08.18 20:26,530
2026.08.18 20:27,617
2026.08.18 20:28,673
2026.08.18 20:29,1348
2026.08.18 20:30,922
2026.08.18 20:31,689
2026.08.18 20:32,463
2026.08.18 20:33,453
2026.08.18 20:34,464
2026.08.18 20:35,483
2026.08.18 20:36,550
2026.08.18 20:37,707
2026.08.18 20:38,777
2026.08.18 20:39,670
2026.08.18 20:40,705
2026.08.18 20:41,659
2026.08.18 20:42,391
2026.08.18 20:43,316
2026.08.18 20:44,435
2026.08.18 20:45,648
2026.08.18 20:46,326
2026.08.18 20:47,545
2026.08.18 20:48,534
2026.08.18 20:49,436
2026.08.18 20:50,545
2026.08.18 20:51,396
2026.08.18 20:52,535
2026.08.18 20:53,623
2026.08.18 20:54,492
2026.08.18 20:55,589
2026.08.18 20:56,404
2026.08.18 20:57,540
2026.08.18 20:58,414
2026.08.18 20:59,583
2026.08.18 21:00,879
2026.08.18 21:01,524
2026.08.18 21:02,590
2026.08.18 21:03,792
2026.08.18 21:04,755
2026.08.18 21:05,703
2026.08.18 21:06,443
2026.08.18 21:07,351
2026.08.18 21:08,443
2026.08.18 21:09,477
2026.08.18 21:10,437
2026.08.18 21:11,383
2026.08.18 21:12,249
2026.08.18 21:13,414
2026.08.18 21:14,344
2026.08.18 21:15,463
2026.08.18 21:16,457
2026.08.18 21:17,410
2026.08.18 21:18,454
2026.08.18 21:19,386
2026.08.18 21:20,375
2026.08.18 21:21,345
2026.08.18 21:22,413
2026.08.18 21:23,328
2026.08.18 21:24,384
2026.08.18 21:25,567
2026.08.18 21:26,473
2026.08.18 21:27,441
2026.08.18 21:28,670
2026.08.18 21:29,555
2026.08.18 21:30,465
2026.08.18 21:31,357
2026.08.18 21:32,383
2026.08.18 21:33,347
2026.08.18 21:34,350
2026.08.18 21:35,410
2026.08.18 21:36,355
2026.08.18 21:37,343
2026.08.18 21:38,393
2026.08.18 21:39,335
2026.08.18 21:40,418
2026.08.18 21:41,360
2026.08.18 21:42,481
2026.08.18 21:43,449
2026.08.18 21:44,531
2026.08.18 21:45,330
2026.08.18 21:46,294
2026.08.18 21:47,318
2026.08.18 21:48,451
2026.08.18 21:49,236
2026.08.18 21:50,248
2026.08.18 21:51,214
2026.08.18 21:52,203
2026.08.18 21:53,268
2026.08.18 21:54,209
2026.08.18 21:55,391
2026.08.18 21:56,349
2026.08.18 21:57,247
2026.08.18 21:58,226
2026.08.18 21:59,250
2026.08.18 22:00,396
2026.08.18 22:01,416
2026.08.18 22:02,339
2026.08.18 22:03,283
2026.08.18 22:04,348
2026.08.18 22:05,383
2026.08.18 22:06,280
2026.08.18 22:07,251
2026.08.18 22:08,234
2026.08.18 22:09,268
2026.08.18 22:10,290
2026.08.18 22:11,516
2026.08.18 22:12,447
2026.08.18 22:13,261
2026.08.18 22:14,243
2026.08.18 22:15,275
2026.08.18 22:16,428
2026.08.18 22:17,362
2026.08.18 22:18,367
2026.08.18 22:19,349
2026.08.18 22:20,280
2026.08.18 22:21,387
2026.08.18 22:22,407
2026.08.18 22:23,381
2026.08.18 22:24,291
2026.08.18 22:25,418
2026.08.18 22:26,381
2026.08.18 22:27,259
2026.08.18 22:28,304
2026.08.18 22:29,293
2026.08.18 22:30,410
2026.08.18 22:31,323
2026.08.18 22:32,304
2026.08.18 22:33,249
2026.08.18 22:34,288
2026.08.18 22:35,230
2026.08.18 22:36,311
2026.08.18 22:37,354
2026.08.18 22:38,341
2026.08.18 22:39,249
2026.08.18 22:40,377
2026.08.18 22:41,426
2026.08.18 22:42,326
2026.08.18 22:43,481
2026.08.18 22:44,918
2026.08.18 22:45,1041
2026.08.18 22:46,523
2026.08.18 22:47,593
2026.08.18 22:48,917
2026.08.18 22:49,896
2026.08.18 22:50,642
2026.08.18 22:51,713
2026.08.18 22:52,735
2026.08.18 22:53,653
2026.08.18 22:54,1027
2026.08.18 22:55,1145
2026.08.18 22:56,996
2026.08.18 22:57,1485
2026.08.18 22:58,1296
2026.08.18 22:59,1147
2026.08.18 23:00,470
2026.08.18 23:01,373
2026.08.18 23:02,266
2026.08.18 23:03,214
2026.08.18 23:04,215
2026.08.18 23:05,189
2026.08.18 23:06,131
2026.08.18 23:07,182
2026.08.18 23:08,174
2026.08.18 23:09,156
2026.08.18 23:10,186
2026.08.18 23:11,134
2026.08.18 23:12,125
2026.08.18 23:13,236
2026.08.18 23:14,170
2026.08.18 23:15,210
2026.08.18 23:16,128
2026.08.18 23:17,95
2026.08.18 23:18,80
2026.08.18 23:19,125
2026.08.18 23:20,226
2026.08.18 23:21,643
2026.08.18 23:22,245
2026.08.18 23:23,159
2026.08.18 23:24,165
2026.08.18 23:25,143
2026.08.18 23:26,124
2026.08.18 23:27,119
2026.08.18 23:28,94
2026.08.18 23:29,119
2026.08.18 23:30,181
2026.08.18 23:31,88
2026.08.18 23:32,155
2026.08.18 23:33,141
2026.08.18 23:34,121
2026.08.18 23:35,59
2026.08.18 23:36,90
2026.08.18 23:37,65
2026.08.18 23:38,139
2026.08.18 23:39,51
2026.08.18 23:40,71
2026.08.18 23:41,95
2026.08.18 23:42,188
2026.08.18 23:43,149
2026.08.18 23:44,223
2026.08.18 23:45,209
2026.08.18 23:46,218
2026.08.18 23:47,217
2026.08.18 23:48,293
2026.08.18 23:49,142
2026.08.18 23:50,171
2026.08.18 23:51,330
2026.08.18 23:52,224
2026.08.18 23:53,234
2026.08.18 23:54,178
2026.08.18 23:55,180
2026.08.18 23:56,130
2026.08.18 23:57,165
2026.08.18 23:58,266
2026.08.18 23:59,33
2026.08.19 01:04,17
2026.08.19 01:05,122
2026.08.19 01:06,266
2026.08.19 01:07,75
2026.08.19 01:08,97
2026.08.19 01:09,63
2026.08.19 01:10,96
2026.08.19 01:11,118
2026.08.19 01:12,108
2026.08.19 01:13,101
2026.08.19 01:14,224
2026.08.19 01:15,378
2026.08.19 01:16,212
2026.08.19 01:17,204
2026.08.19 01:18,359
2026.08.19 01:19,280
2026.08.19 01:20,706
2026.08.19 01:21,496
2026.08.19 01:22,262
2026.08.19 01:23,227
2026.08.19 01:24,365
2026.08.19 01:25,259
2026.08.19 01:26,403
2026.08.19 01:27,303
2026.08.19 01:28,262
2026.08.19 01:29,203
2026.08.19 01:30,195
2026.08.19 01:31,132
2026.08.19 01:32,90
2026.08.19 01:33,88
2026.08.19 01:34,136
2026.08.19 01:35,165
2026.08.19 01:36,95
2026.08.19 01:37,172
2026.08.19 01:38,265
2026.08.19 01:39,269
2026.08.19 01:40,266
2026.08.19 01:41,209
2026.08.19 01:42,343
2026.08.19 01:43,222
2026.08.19 01:44,191
2026.08.19 01:45,171
2026.08.19 01:46,218
2026.08.19 01:47,232
2026.08.19 01:48,52
2026.08.19 01:49,108
2026.08.19 01:50,123
2026.08.19 01:51,155
2026.08.19 01:52,178
2026.08.19 01:53,258
2026.08.19 01:54,203
2026.08.19 01:55,109
2026.08.19 01:56,93
2026.08.19 01:57,160
2026.08.19 01:58,141
2026.08.19 01:59,149
2026.08.19 02:00,216
2026.08.19 02:01,319
2026.08.19 02:02,244
2026.08.19 02:03,201
2026.08.19 02:04,143
2026.08.19 02:05,212
2026.08.19 02:06,257
2026.08.19 02:07,156
2026.08.19 02:08,221
2026.08.19 02:09,197
2026.08.19 02:10,189
2026.08.19 02:11,278
2026.08.19 02:12,258
2026.08.19 02:13,319
2026.08.19 02:14,269
2026.08.19 02:15,226
2026.08.19 02:16,202
2026.08.19 02:17,250
2026.08.19 02:18,192
2026.08.19 02:19,222
2026.08.19 02:20,108
2026.08.19 02:21,124
2026.08.19 02:22,351
2026.08.19 02:23,331
2026.08.19 02:24,389
2026.08.19 02:25,352
2026.08.19 02:26,217
2026.08.19 02:27,352
2026.08.19 02:28,456
2026.08.19 02:29,409
2026.08.19 02:30,346
2026.08.19 02:31,275
2026.08.19 02:32,319
2026.08.19 02:33,580
2026.08.19 02:34,330
2026.08.19 02:35,354
2026.08.19 02:36,258
2026.08.19 02:37,254
2026.08.19 02:38,195
2026.08.19 02:39,312
2026.08.19 02:40,134
2026.08.19 02:41,198
2026.08.19 02:42,282
2026.08.19 02:43,195
2026.08.19 02:44,330
2026.08.19 02:45,584
2026.08.19 02:46,618
2026.08.19 02:47,299
2026.08.19 02:48,230
2026.08.19 02:49,428
2026.08.19 02:50,137
2026.08.19 02:51,151
2026.08.19 02:52,223
2026.08.19 02:53,308
2026.08.19 02:54,306
2026.08.19 02:55,304
2026.08.19 02:56,396
2026.08.19 02:57,193
2026.08.19 02:58,383
2026.08.19 02:59,306
2026.08.19 03:00,1075
2026.08.19 03:01,1024
2026.08.19 03:02,954
2026.08.19 03:03,922
2026.08.19 03:04,793
2026.08.19 03:05,840
2026.08.19 03:06,847
2026.08.19 03:07,686
2026.08.19 03:08,505
2026.08.19 03:09,630
2026.08.19 03:10,558
2026.08.19 03:11,720
2026.08.19 03:12,447
2026.08.19 03:13,540
2026.08.19 03:14,575
2026.08.19 03:15,720
2026.08.19 03:16,528
2026.08.19 03:17,352
2026.08.19 03:18,407
2026.08.19 03:19,649
2026.08.19 03:20,540
2026.08.19 03:21,480
2026.08.19 03:22,429
2026.08.19 03:23,438
2026.08.19 03:24,626
2026.08.19 03:25,665
2026.08.19 03:26,499
2026.08.19 03:27,616
2026.08.19 03:28,412
2026.08.19 03:29,350
2026.08.19 03:30,451
2026.08.19 03:31,560
2026.08.19 03:32,356
2026.08.19 03:33,637
2026.08.19 03:34,664
2026.08.19 03:35,602
2026.08.19 03:36,615
2026.08.19 03:37,636
2026.08.19 03:38,578
2026.08.19 03:39,421
2026.08.19 03:40,342
2026.08.19 03:41,375
2026.08.19 03:42,443
2026.08.19 03:43,418
2026.08.19 03:44,616
2026.08.19 03:45,460
2026.08.19 03:46,573
2026.08.19 03:47,717
2026.08.19 03:48,713
2026.08.19 03:49,499
2026.08.19 03:50,590
2026.08.19 03:51,1042
2026.08.19 03:52,873
2026.08.19 03:53,897
2026.08.19 03:54,794
2026.08.19 03:55,790
2026.08.19 03:56,631
2026.08.19 03:57,569
2026.08.19 03:58,599
2026.08.19 03:59,1133
2026.08.19 04:00,2672
2026.08.19 04:01,1774
2026.08.19 04:02,2052
2026.08.19 04:03,1545
2026.08.19 04:04,1232
2026.08.19 04:05,1600
2026.08.19 04:06,1114
2026.08.19 04:07,746
2026.08.19 04:08,1045
2026.08.19 04:09,832
2026.08.19 04:10,1070
2026.08.19 04:11,783
2026.08.19 04:12,960
2026.08.19 04:13,907
2026.08.19 04:14,619
2026.08.19 04:15,1032
2026.08.19 04:16,694
2026.08.19 04:17,769
2026.08.19 04:18,1323
2026.08.19 04:19,1239
2026.08.19 04:20,864
2026.08.19 04:21,1159
2026.08.19 04:22,934
2026.08.19 04:23,651
2026.08.19 04:24,833
2026.08.19 04:25,727
2026.08.19 04:26,632
2026.08.19 04:27,465
2026.08.19 04:28,724
2026.08.19 04:29,640
2026.08.19 04:30,761
2026.08.19 04:31,848
2026.08.19 04:32,710
2026.08.19 04:33,574
2026.08.19 04:34,725
2026.08.19 04:35,687
2026.08.19 04:36,774
2026.08.19 04:37,730
2026.08.19 04:38,669
2026.08.19 04:39,628
2026.08.19 04:40,658
2026.08.19 04:41,509
2026.08.19 04:42,363
2026.08.19 04:43,593
2026.08.19 04:44,342
2026.08.19 04:45,513
2026.08.19 04:46,659
2026.08.19 04:47,679
2026.08.19 04:48,427
2026.08.19 04:49,310
2026.08.19 04:50,525
2026.08.19 04:51,404
2026.08.19 04:52,429
2026.08.19 04:53,385
2026.08.19 04:54,632
2026.08.19 04:55,520
2026.08.19 04:56,443
2026.08.19 04:57,386
2026.08.19 04:58,394
2026.08.19 04:59,336
2026.08.19 05:00,466
2026.08.19 05:01,264
2026.08.19 05:02,339
2026.08.19 05:03,466
2026.08.19 05:04,326
2026.08.19 05:05,354
2026.08.19 05:06,479
2026.08.19 05:07,441
2026.08.19 05:08,313
2026.08.19 05:09,320
2026.08.19 05:10,272
2026.08.19 05:11,435
2026.08.19 05:12,426
2026.08.19 05:13,296
2026.08.19 05:14,399
2026.08.19 05:15,363
2026.08.19 05:16,1148
2026.08.19 05:17,1081
2026.08.19 05:18,855
2026.08.19 05:19,263
2026.08.19 05:20,495
2026.08.19 05:21,533
2026.08.19 05:22,331
2026.08.19 05:23,251
2026.08.19 05:24,338
2026.08.19 05:25,240
2026.08.19 05:26,274
2026.08.19 05:27,223
2026.08.19 05:28,293
2026.08.19 05:29,401
2026.08.19 05:30,817
2026.08.19 05:31,569
2026.08.19 05:32,701
2026.08.19 05:33,647
2026.08.19 05:34,342
2026.08.19 05:35,346
2026.08.19 05:36,421
2026.08.19 05:37,559
2026.08.19 05:38,406
2026.08.19 05:39,327
2026.08.19 05:40,321
2026.08.19 05:41,337
2026.08.19 05:42,230
2026.08.19 05:43,245
2026.08.19 05:44,390
2026.08.19 05:45,315
2026.08.19 05:46,332
2026.08.19 05:47,343
2026.08.19 05:48,251
2026.08.19 05:49,177
2026.08.19 05:50,300
2026.08.19 05:51,230
2026.08.19 05:52,364
2026.08.19 05:53,336
2026.08.19 05:54,161
2026.08.19 05:55,472
2026.08.19 05:56,708
2026.08.19 05:57,466
2026.08.19 05:58,230
2026.08.19 05:59,280
2026.08.19 06:00,377
2026.08.19 06:01,296
2026.08.19 06:02,280
2026.08.19 06:03,242
2026.08.19 06:04,270
2026.08.19 06:05,311
2026.08.19 06:06,508
2026.08.19 06:07,242
2026.08.19 06:08,216
2026.08.19 06:09,223
2026.08.19 06:10,187
2026.08.19 06:11,190
2026.08.19 06:12,223
2026.08.19 06:13,244
2026.08.19 06:14,214
2026.08.19 06:15,209
2026.08.19 06:16,234
2026.08.19 06:17,430
2026.08.19 06:18,317
2026.08.19 06:19,139
2026.08.19 06:20,189
2026.08.19 06:21,220
2026.08.19 06:22,157
2026.08.19 06:23,139
2026.08.19 06:24,178
2026.08.19 06:25,252
2026.08.19 06:26,145
2026.08.19 06:27,158
2026.08.19 06:28,225
2026.08.19 06:29,211
2026.08.19 06:30,313
2026.08.19 06:31,187
2026.08.19 06:32,145
2026.08.19 06:33,105
2026.08.19 06:34,84
2026.08.19 06:35,111
2026.08.19 06:36,73
2026.08.19 06:37,143
2026.08.19 06:38,216
2026.08.19 06:39,231
2026.08.19 06:40,187
2026.08.19 06:41,175
2026.08.19 06:42,151
2026.08.19 06:43,200
2026.08.19 06:44,202
2026.08.19 06:45,383
2026.08.19 06:46,181
2026.08.19 06:47,184
2026.08.19 06:48,191
2026.08.19 06:49,215
2026.08.19 06:50,159
2026.08.19 06:51,165
2026.08.19 06:52,151
2026.08.19 06:53,168
2026.08.19 06:54,191
2026.08.19 06:55,209
2026.08.19 06:56,151
2026.08.19 06:57,126
2026.08.19 06:58,119
2026.08.19 06:59,118
2026.08.19 07:00,155
2026.08.19 07:01,128
2026.08.19 07:02,74
2026.08.19 07:03,196
2026.08.19 07:04,201
2026.08.19 07:05,179
2026.08.19 07:06,98
2026.08.19 07:07,99
2026.08.19 07:08,96
2026.08.19 07:09,123
2026.08.19 07:10,224
2026.08.19 07:11,184
2026.08.19 07:12,160
2026.08.19 07:13,153
2026.08.19 07:14,128
2026.08.19 07:15,311
2026.08.19 07:16,208
2026.08.19 07:17,426
2026.08.19 07:18,402
2026.08.19 07:19,242
2026.08.19 07:20,328
2026.08.19 07:21,394
2026.08.19 07:22,294
2026.08.19 07:23,172
2026.08.19 07:24,341
2026.08.19 07:25,302
2026.08.19 07:26,195
2026.08.19 07:27,172
2026.08.19 07:28,118
2026.08.19 07:29,126
2026.08.19 07:30,184
2026.08.19 07:31,423
2026.08.19 07:32,177
2026.08.19 07:33,379
2026.08.19 07:34,205
2026.08.19 07:35,214
2026.08.19 07:36,149
2026.08.19 07:37,361
2026.08.19 07:38,351
2026.08.19 07:39,426
2026.08.19 07:40,334
2026.08.19 07:41,161
2026.08.19 07:42,198
2026.08.19 07:43,142
2026.08.19 07:44,192
2026.08.19 07:45,227
2026.08.19 07:46,92
2026.08.19 07:47,148
2026.08.19 07:48,130
2026.08.19 07:49,251
2026.08.19 07:50,189
2026.08.19 07:51,198
2026.08.19 07:52,317
2026.08.19 07:53,178
2026.08.19 07:54,95
2026.08.19 07:55,157
2026.08.19 07:56,375
2026.08.19 07:57,230
2026.08.19 07:58,262
2026.08.19 07:59,148
2026.08.19 08:00,285
2026.08.19 08:01,253
2026.08.19 08:02,229
2026.08.19 08:03,428
2026.08.19 08:04,383
2026.08.19 08:05,644
2026.08.19 08:06,481
2026.08.19 08:07,408
2026.08.19 08:08,291
2026.08.19 08:09,296
2026.08.19 08:10,398
2026.08.19 08:11,424
2026.08.19 08:12,359
2026.08.19 08:13,218
2026.08.19 08:14,364
2026.08.19 08:15,203
2026.08.19 08:16,355
2026.08.19 08:17,402
2026.08.19 08:18,186
2026.08.19 08:19,209
2026.08.19 08:20,302
2026.08.19 08:21,262
2026.08.19 08:22,235
2026.08.19 08:23,333
2026.08.19 08:24,303
2026.08.19 08:25,320
2026.08.19 08:26,274
2026.08.19 08:27,233
2026.08.19 08:28,240
2026.08.19 08:29,304
2026.08.19 08:30,1817
2026.08.19 08:31,989
2026.08.19 08:32,991
2026.08.19 08:33,1147
2026.08.19 08:34,708
2026.08.19 08:35,413
2026.08.19 08:36,596
2026.08.19 08:37,506
2026.08.19 08:38,566
2026.08.19 08:39,557
2026.08.19 08:40,479
2026.08.19 08:41,262
2026.08.19 08:42,406
2026.08.19 08:43,568
2026.08.19 08:44,459
2026.08.19 08:45,769
2026.08.19 08:46,393
2026.08.19 08:47,800
2026.08.19 08:48,319
2026.08.19 08:49,385
2026.08.19 08:50,366
2026.08.19 08:51,429
2026.08.19 08:52,444
2026.08.19 08:53,556
2026.08.19 08:54,411
2026.08.19 08:55,283
2026.08.19 08:56,345
2026.08.19 08:57,288
2026.08.19 08:58,362
2026.08.19 08:59,228
2026.08.19 09:00,765
2026.08.19 09:01,766
2026.08.19 09:02,423
2026.08.19 09:03,701
2026.08.19 09:04,346
2026.08.19 09:05,438
2026.08.19 09:06,381
2026.08.19 09:07,488
2026.08.19 09:08,590
2026.08.19 09:09,442
2026.08.19 09:10,480
2026.08.19 09:11,420
2026.08.19 09:12,203
2026.08.19 09:13,350
2026.08.19 09:14,266
2026.08.19 09:15,329
2026.08.19 09:16,276
2026.08.19 09:17,525
2026.08.19 09:18,380
2026.08.19 09:19,474
2026.08.19 09:20,480
2026.08.19 09:21,331
2026.08.19 09:22,333
2026.08.19 09:23,307
2026.08.19 09:24,437
2026.08.19 09:25,343
2026.08.19 09:26,414
2026.08.19 09:27,401
2026.08.19 09:28,285
2026.08.19 09:29,329
2026.08.19 09:30,576
2026.08.19 09:31,488
2026.08.19 09:32,456
2026.08.19 09:33,542
2026.08.19 09:34,537
2026.08.19 09:35,317
2026.08.19 09:36,327
2026.08.19 09:37,654
2026.08.19 09:38,561
2026.08.19 09:39,389
2026.08.19 09:40,596
2026.08.19 09:41,331
2026.08.19 09:42,258
2026.08.19 09:43,243
2026.08.19 09:44,247
2026.08.19 09:45,307
2026.08.19 09:46,371
2026.08.19 09:47,412
2026.08.19 09:48,312
2026.08.19 09:49,682
2026.08.19 09:50,837
2026.08.19 09:51,725
2026.08.19 09:52,803
2026.08.19 09:53,602
2026.08.19 09:54,519
2026.08.19 09:55,452
2026.08.19 09:56,489
2026.08.19 09:57,755
2026.08.19 09:58,996
2026.08.19 09:59,772
2026.08.19 10:00,1287
2026.08.19 10:01,607
2026.08.19 10:02,444
2026.08.19 10:03,222
2026.08.19 10:04,431
2026.08.19 10:05,401
2026.08.19 10:06,383
2026.08.19 10:07,537
2026.08.19 10:08,363
2026.08.19 10:09,369
2026.08.19 10:10,296
2026.08.19 10:11,288
2026.08.19 10:12,179
2026.08.19 10:13,447
2026.08.19 10:14,440
2026.08.19 10:15,555
2026.08.19 10:16,253
2026.08.19 10:17,263
2026.08.19 10:18,227
2026.08.19 10:19,244
2026.08.19 10:20,317
2026.08.19 10:21,360
2026.08.19 10:22,310
2026.08.19 10:23,451
2026.08.19 10:24,488
2026.08.19 10:25,390
2026.08.19 10:26,575
2026.08.19 10:27,557
2026.08.19 10:28,718
2026.08.19 10:29,570
2026.08.19 10:30,414
2026.08.19 10:31,482
2026.08.19 10:32,543
2026.08.19 10:33,537
2026.08.19 10:34,410
2026.08.19 10:35,325
2026.08.19 10:36,482
2026.08.19 10:37,425
2026.08.19 10:38,352
2026.08.19 10:39,242
2026.08.19 10:40,307
2026.08.19 10:41,315
2026.08.19 10:42,250
2026.08.19 10:43,461
2026.08.19 10:44,322
2026.08.19 10:45,288
2026.08.19 10:46,264
2026.08.19 10:47,190
2026.08.19 10:48,287
2026.08.19 10:49,207
2026.08.19 10:50,239
2026.08.19 10:51,324
2026.08.19 10:52,518
2026.08.19 10:53,611
2026.08.19 10:54,372
2026.08.19 10:55,288
2026.08.19 10:56,315
2026.08.19 10:57,573
2026.08.19 10:58,363
2026.08.19 10:59,348
2026.08.19 11:00,807
2026.08.19 11:01,823
2026.08.19 11:02,1038
2026.08.19 11:03,847
2026.08.19 11:04,921
2026.08.19 11:05,875
2026.08.19 11:06,885
2026.08.19 11:07,934
2026.08.19 11:08,675
2026.08.19 11:09,583
2026.08.19 11:10,621
2026.08.19 11:11,551
2026.08.19 11:12,368
2026.08.19 11:13,196
2026.08.19 11:14,435
2026.08.19 11:15,334
2026.08.19 11:16,527
2026.08.19 11:17,477
2026.08.19 11:18,426
2026.08.19 11:19,402
2026.08.19 11:20,415
2026.08.19 11:21,500
2026.08.19 11:22,656
2026.08.19 11:23,415
2026.08.19 11:24,445
2026.08.19 11:25,522
2026.08.19 11:26,439
2026.08.19 11:27,512
2026.08.19 11:28,362
2026.08.19 11:29,236
2026.08.19 11:30,383
2026.08.19 11:31,447
2026.08.19 11:32,558
2026.08.19 11:33,563
2026.08.19 11:34,404
2026.08.19 11:35,322
2026.08.19 11:36,419
2026.08.19 11:37,528
2026.08.19 11:38,456
2026.08.19 11:39,360
2026.08.19 11:40,348
2026.08.19 11:41,435
2026.08.19 11:42,550
2026.08.19 11:43,426
2026.08.19 11:44,317
2026.08.19 11:45,474
2026.08.19 11:46,462
2026.08.19 11:47,461
2026.08.19 11:48,356
2026.08.19 11:49,324
2026.08.19 11:50,487
2026.08.19 11:51,534
2026.08.19 11:52,420
2026.08.19 11:53,289
2026.08.19 11:54,293
2026.08.19 11:55,492
2026.08.19 11:56,689
2026.08.19 11:57,419
2026.08.19 11:58,315
2026.08.19 11:59,246
2026.08.19 12:00,502
2026.08.19 12:01,530
2026.08.19 12:02,455
2026.08.19 12:03,457
2026.08.19 12:04,297
2026.08.19 12:05,408
2026.08.19 12:06,551
2026.08.19 12:07,350
2026.08.19 12:08,227
2026.08.19 12:09,396
2026.08.19 12:10,453
2026.08.19 12:11,576
2026.08.19 12:12,416
2026.08.19 12:13,480
2026.08.19 12:14,484
2026.08.19 12:15,560
2026.08.19 12:16,684
2026.08.19 12:17,451
2026.08.19 12:18,385
2026.08.19 12:19,468
2026.08.19 12:20,391
2026.08.19 12:21,393
2026.08.19 12:22,344
2026.08.19 12:23,467
2026.08.19 12:24,575
2026.08.19 12:25,340
2026.08.19 12:26,336
2026.08.19 12:27,309
2026.08.19 12:28,724
2026.08.19 12:29,325
2026.08.19 12:30,757
2026.08.19 12:31,590
2026.08.19 12:32,520
2026.08.19 12:33,495
2026.08.19 12:34,401
2026.08.19 12:35,406
2026.08.19 12:36,488
2026.08.19 12:37,388
2026.08.19 12:38,364
2026.08.19 12:39,308
2026.08.19 12:40,375
2026.08.19 12:41,748
2026.08.19 12:42,556
2026.08.19 12:43,211
2026.08.19 12:44,331
2026.08.19 12:45,255
2026.08.19 12:46,346
2026.08.19 12:47,446
2026.08.19 12:48,230
2026.08.19 12:49,454
2026.08.19 12:50,486
2026.08.19 12:51,360
2026.08.19 12:52,384
2026.08.19 12:53,411
2026.08.19 12:54,541
2026.08.19 12:55,633
2026.08.19 12:56,603
2026.08.19 12:57,344
2026.08.19 12:58,203
2026.08.19 12:59,392
2026.08.19 13:00,604
2026.08.19 13:01,641
2026.08.19 13:02,250
2026.08.19 13:03,322
2026.08.19 13:04,249
2026.08.19 13:05,203
2026.08.19 13:06,246
2026.08.19 13:07,346
2026.08.19 13:08,356
2026.08.19 13:09,361
2026.08.19 13:10,314
2026.08.19 13:11,249
2026.08.19 13:12,370
2026.08.19 13:13,356
2026.08.19 13:14,452
2026.08.19 13:15,235
2026.08.19 13:16,455
2026.08.19 13:17,598
2026.08.19 13:18,378
2026.08.19 13:19,358
2026.08.19 13:20,510
2026.08.19 13:21,384
2026.08.19 13:22,259
2026.08.19 13:23,255
2026.08.19 13:24,286
2026.08.19 13:25,331
2026.08.19 13:26,228
2026.08.19 13:27,227
2026.08.19 13:28,235
2026.08.19 13:29,220
2026.08.19 13:30,456
2026.08.19 13:31,193
2026.08.19 13:32,194
2026.08.19 13:33,279
2026.08.19 13:34,354
2026.08.19 13:35,223
2026.08.19 13:36,184
2026.08.19 13:37,161
2026.08.19 13:38,164
2026.08.19 13:39,219
2026.08.19 13:40,200
2026.08.19 13:41,288
2026.08.19 13:42,121
2026.08.19 13:43,211
2026.08.19 13:44,236
2026.08.19 13:45,112
2026.08.19 13:46,172
2026.08.19 13:47,102
2026.08.19 13:48,199
2026.08.19 13:49,414
2026.08.19 13:50,464
2026.08.19 13:51,491
2026.08.19 13:52,436
2026.08.19 13:53,171
2026.08.19 13:54,83
2026.08.19 13:55,127
2026.08.19 13:56,123
2026.08.19 13:57,128
2026.08.19 13:58,210
2026.08.19 13:59,193
2026.08.19 14:00,602
2026.08.19 14:01,623
2026.08.19 14:02,296
2026.08.19 14:03,353
2026.08.19 14:04,193
2026.08.19 14:05,452
2026.08.19 14:06,481
2026.08.19 14:07,564
2026.08.19 14:08,493
2026.08.19 14:09,442
2026.08.19 14:10,563
2026.08.19 14:11,339
2026.08.19 14:12,398
2026.08.19 14:13,596
2026.08.19 14:14,417
2026.08.19 14:15,212
2026.08.19 14:16,369
2026.08.19 14:17,244
2026.08.19 14:18,201
2026.08.19 14:19,165
2026.08.19 14:20,177
2026.08.19 14:21,214
2026.08.19 14:22,289
2026.08.19 14:23,154
2026.08.19 14:24,147
2026.08.19 14:25,327
2026.08.19 14:26,178
2026.08.19 14:27,210
2026.08.19 14:28,422
2026.08.19 14:29,332
2026.08.19 14:30,454
2026.08.19 14:31,409
2026.08.19 14:32,390
2026.08.19 14:33,289
2026.08.19 14:34,244
2026.08.19 14:35,267
2026.08.19 14:36,226
2026.08.19 14:37,314
2026.08.19 14:38,371
2026.08.19 14:39,351
2026.08.19 14:40,349
2026.08.19 14:41,309
2026.08.19 14:42,396
2026.08.19 14:43,273
2026.08.19 14:44,299
2026.08.19 14:45,569
2026.08.19 14:46,377
2026.08.19 14:47,387
2026.08.19 14:48,382
2026.08.19 14:49,461
2026.08.19 14:50,415
2026.08.19 14:51,580
2026.08.19 14:52,512
2026.08.19 14:53,451
2026.08.19 14:54,522
2026.08.19 14:55,541
2026.08.19 14:56,553
2026.08.19 14:57,480
2026.08.19 14:58,183
2026.08.19 14:59,264
2026.08.19 15:00,799
2026.08.19 15:01,705
2026.08.19 15:02,471
2026.08.19 15:03,298
2026.08.19 15:04,615
2026.08.19 15:05,696
2026.08.19 15:06,642
2026.08.19 15:07,421
2026.08.19 15:08,363
2026.08.19 15:09,429
2026.08.19 15:10,381
2026.08.19 15:11,383
2026.08.19 15:12,776
2026.08.19 15:13,498
2026.08.19 15:14,454
2026.08.19 15:15,410
2026.08.19 15:16,306
2026.08.19 15:17,440
2026.08.19 15:18,481
2026.08.19 15:19,588
2026.08.19 15:20,994
2026.08.19 15:21,557
2026.08.19 15:22,562
2026.08.19 15:23,696
2026.08.19 15:24,517
2026.08.19 15:25,547
2026.08.19 15:26,571
2026.08.19 15:27,435
2026.08.19 15:28,343
2026.08.19 15:29,411
2026.08.19 15:30,544
2026.08.19 15:31,402
2026.08.19 15:32,682
2026.08.19 15:33,1846
2026.08.19 15:34,2686
2026.08.19 15:35,2395
2026.08.19 15:36,2037
2026.08.19 15:37,2670
2026.08.19 15:38,2548
2026.08.19 15:39,2654
2026.08.19 15:40,2808
2026.08.19 15:41,2445
2026.08.19 15:42,2063
2026.08.19 15:43,2230
2026.08.19 15:44,2168
2026.08.19 15:45,2222
2026.08.19 15:46,2099
2026.08.19 15:47,2035
2026.08.19 15:48,1997
2026.08.19 15:49,1575
2026.08.19 15:50,1677
2026.08.19 15:51,2142
2026.08.19 15:52,1837
2026.08.19 15:53,1578
2026.08.19 15:54,1595
2026.08.19 15:55,1578
2026.08.19 15:56,2020
2026.08.19 15:57,2044
2026.08.19 15:58,1726
2026.08.19 15:59,2208
2026.08.19 16:00,2284
2026.08.19 16:01,2241
2026.08.19 16:02,1871
2026.08.19 16:03,1809
2026.08.19 16:04,1370
2026.08.19 16:05,1844
2026.08.19 16:06,1750
2026.08.19 16:07,1469
2026.08.19 16:08,1570
2026.08.19 16:09,1577
2026.08.19 16:10,2100
2026.08.19 16:11,1505
2026.08.19 16:12,1869
2026.08.19 16:13,1934
2026.08.19 16:14,1224
2026.08.19 16:15,1465
2026.08.19 16:16,1372
2026.08.19 16:17,1664
2026.08.19 16:18,1514
2026.08.19 16:19,1507
2026.08.19 16:20,1524
2026.08.19 16:21,1489
2026.08.19 16:22,1447
2026.08.19 16:23,1332
2026.08.19 16:24,1089
2026.08.19 16:25,1495
2026.08.19 16:26,1303
2026.08.19 16:27,1270
2026.08.19 16:28,1418
2026.08.19 16:29,1606
2026.08.19 16:30,3208
2026.08.19 16:31,2896
2026.08.19 16:32,2322
2026.08.19 16:33,2610
2026.08.19 16:34,2111
2026.08.19 16:35,2421
2026.08.19 16:36,2998
2026.08.19 16:37,2916
2026.08.19 16:38,2482
2026.08.19 16:39,2126
2026.08.19 16:40,2135
2026.08.19 16:41,1550
2026.08.19 16:42,1787
2026.08.19 16:43,1892
2026.08.19 16:44,1824
2026.08.19 16:45,2135
2026.08.19 16:46,2184
2026.08.19 16:47,2008
2026.08.19 16:48,2617
2026.08.19 16:49,1918
2026.08.19 16:50,2476
2026.08.19 16:51,2243
2026.08.19 16:52,2545
2026.08.19 16:53,2582
2026.08.19 16:54,2150
2026.08.19 16:55,2458
2026.08.19 16:56,2382
2026.08.19 16:57,2713
2026.08.19 16:58,2342
2026.08.19 16:59,1811
2026.08.19 17:00,1926
2026.08.19 17:01,2201
2026.08.19 17:02,2456
2026.08.19 17:03,1937
2026.08.19 17:04,1674
2026.08.19 17:05,1974
2026.08.19 17:06,2120
2026.08.19 17:07,2662
2026.08.19 17:08,2417
2026.08.19 17:09,2289
2026.08.19 17:10,2632
2026.08.19 17:11,2199
2026.08.19 17:12,2007
2026.08.19 17:13,2089
2026.08.19 17:14,1951
2026.08.19 17:15,2382
2026.08.19 17:16,2421
2026.08.19 17:17,2580
2026.08.19 17:18,2040
2026.08.19 17:19,1810
2026.08.19 17:20,1840
2026.08.19 17:21,1711
2026.08.19 17:22,1864
2026.08.19 17:23,1753
2026.08.19 17:24,1738
2026.08.19 17:25,1948
2026.08.19 17:26,1754
2026.08.19 17:27,1750
2026.08.19 17:28,1552
2026.08.19 17:29,1747
2026.08.19 17:30,1726
2026.08.19 17:31,1742
2026.08.19 17:32,1569
2026.08.19 17:33,1569
2026.08.19 17:34,1469
2026.08.19 17:35,1521
2026.08.19 17:36,1471
2026.08.19 17:37,1515
2026.08.19 17:38,1010
2026.08.19 17:39,1217
2026.08.19 17:40,1766
2026.08.19 17:41,1619
2026.08.19 17:42,1558
2026.08.19 17:43,1694
2026.08.19 17:44,1745
2026.08.19 17:45,1693
2026.08.19 17:46,1343
2026.08.19 17:47,1231
2026.08.19 17:48,1692
2026.08.19 17:49,1356
2026.08.19 17:50,1234
2026.08.19 17:51,1227
2026.08.19 17:52,1286
2026.08.19 17:53,1331
2026.08.19 17:54,1315
2026.08.19 17:55,1257
2026.08.19 17:56,889
2026.08.19 17:57,1664
2026.08.19 17:58,1104
2026.08.19 17:59,919
2026.08.19 18:00,1882
2026.08.19 18:01,1741
2026.08.19 18:02,1222
2026.08.19 18:03,1177
2026.08.19 18:04,1273
2026.08.19 18:05,1359
2026.08.19 18:06,1376
2026.08.19 18:07,1376
2026.08.19 18:08,1333
2026.08.19 18:09,1576
2026.08.19 18:10,1124
2026.08.19 18:11,1011
2026.08.19 18:12,1148
2026.08.19 18:13,1035
2026.08.19 18:14,1123
2026.08.19 18:15,1169
2026.08.19 18:16,964
2026.08.19 18:17,1365
2026.08.19 18:18,1019
2026.08.19 18:19,1028
2026.08.19 18:20,1183
2026.08.19 18:21,1098
2026.08.19 18:22,867
2026.08.19 18:23,908
2026.08.19 18:24,1126
2026.08.19 18:25,1188
2026.08.19 18:26,830
2026.08.19 18:27,1266
2026.08.19 18:28,1159
2026.08.19 18:29,1550
2026.08.19 18:30,2054
2026.08.19 18:31,1444
2026.08.19 18:32,1276
2026.08.19 18:33,1184
2026.08.19 18:34,1498
2026.08.19 18:35,1412
2026.08.19 18:36,1314
2026.08.19 18:37,1509
2026.08.19 18:38,1431
2026.08.19 18:39,1088
2026.08.19 18:40,1196
2026.08.19 18:41,1274
2026.08.19 18:42,1064
2026.08.19 18:43,1271
2026.08.19 18:44,1391
2026.08.19 18:45,941
2026.08.19 18:46,911
2026.08.19 18:47,929
2026.08.19 18:48,913
2026.08.19 18:49,794
2026.08.19 18:50,1119
2026.08.19 18:51,1035
2026.08.19 18:52,1059
2026.08.19 18:53,1084
2026.08.19 18:54,872
2026.08.19 18:55,944
2026.08.19 18:56,632
2026.08.19 18:57,927
2026.08.19 18:58,1244
2026.08.19 18:59,908
2026.08.19 19:00,1071
2026.08.19 19:01,1168
2026.08.19 19:02,1151
2026.08.19 19:03,1022
2026.08.19 19:04,936
2026.08.19 19:05,817
2026.08.19 19:06,1080
2026.08.19 19:07,851
2026.08.19 19:08,749
2026.08.19 19:09,548
2026.08.19 19:10,647
2026.08.19 19:11,691
2026.08.19 19:12,667
2026.08.19 19:13,713
2026.08.19 19:14,792
2026.08.19 19:15,623
2026.08.19 19:16,724
2026.08.19 19:17,810
2026.08.19 19:18,1167
2026.08.19 19:19,765
2026.08.19 19:20,781
2026.08.19 19:21,650
2026.08.19 19:22,694
2026.08.19 19:23,737
2026.08.19 19:24,653
2026.08.19 19:25,589
2026.08.19 19:26,802
2026.08.19 19:27,901
2026.08.19 19:28,838
2026.08.19 19:29,685
2026.08.19 19:30,833
2026.08.19 19:31,724
2026.08.19 19:32,845
2026.08.19 19:33,743
2026.08.19 19:34,830
2026.08.19 19:35,837
2026.08.19 19:36,867
2026.08.19 19:37,821
2026.08.19 19:38,760
2026.08.19 19:39,633
2026.08.19 19:40,485
2026.08.19 19:41,571
2026.08.19 19:42,816
2026.08.19 19:43,1028
2026.08.19 19:44,774
2026.08.19 19:45,980
2026.08.19 19:46,532
2026.08.19 19:47,542
2026.08.19 19:48,962
2026.08.19 19:49,869
2026.08.19 19:50,868
2026.08.19 19:51,1054
2026.08.19 19:52,838
2026.08.19 19:53,783
2026.08.19 19:54,699
2026.08.19 19:55,618
2026.08.19 19:56,921
2026.08.19 19:57,863
2026.08.19 19:58,869
2026.08.19 19:59,656
2026.08.19 20:00,922
2026.08.19 20:01,722
2026.08.19 20:02,995
2026.08.19 20:03,1239
2026.08.19 20:04,1095
2026.08.19 20:05,826
2026.08.19 20:06,1082
2026.08.19 20:07,1228
2026.08.19 20:08,984
2026.08.19 20:09,1117
2026.08.19 20:10,1045
2026.08.19 20:11,1083
2026.08.19 20:12,1177
2026.08.19 20:13,661
2026.08.19 20:14,804
2026.08.19 20:15,743
2026.08.19 20:16,691
2026.08.19 20:17,628
2026.08.19 20:18,1063
2026.08.19 20:19,855
2026.08.19 20:20,993
2026.08.19 20:21,993
2026.08.19 20:22,637
2026.08.19 20:23,923
2026.08.19 20:24,1080
2026.08.19 20:25,784
2026.08.19 20:26,702
2026.08.19 20:27,706
2026.08.19 20:28,650
2026.08.19 20:29,1231
2026.08.19 20:30,731
2026.08.19 20:31,895
2026.08.19 20:32,498
2026.08.19 20:33,552
2026.08.19 20:34,380
2026.08.19 20:35,332
2026.08.19 20:36,708
2026.08.19 20:37,748
2026.08.19 20:38,476
2026.08.19 20:39,592
2026.08.19 20:40,748
2026.08.19 20:41,586
2026.08.19 20:42,582
2026.08.19 20:43,662
2026.08.19 20:44,441
2026.08.19 20:45,388
2026.08.19 20:46,385
2026.08.19 20:47,404
2026.08.19 20:48,441
2026.08.19 20:49,651
2026.08.19 20:50,533
2026.08.19 20:51,541
2026.08.19 20:52,718
2026.08.19 20:53,824
2026.08.19 20:54,528
2026.08.19 20:55,577
2026.08.19 20:56,557
2026.08.19 20:57,557
2026.08.19 20:58,341
2026.08.19 20:59,450
2026.08.19 21:00,983
2026.08.19 21:01,1141
2026.08.19 21:02,1225
2026.08.19 21:03,1016
2026.08.19 21:04,1030
2026.08.19 21:05,1251
2026.08.19 21:06,1255
2026.08.19 21:07,1287
2026.08.19 21:08,843
2026.08.19 21:09,655
2026.08.19 21:10,870
2026.08.19 21:11,1011
2026.08.19 21:12,584
2026.08.19 21:13,625
2026.08.19 21:14,489
2026.08.19 21:15,614
2026.08.19 21:16,543
2026.08.19 21:17,622
2026.08.19 21:18,1019
2026.08.19 21:19,824
2026.08.19 21:20,837
2026.08.19 21:21,941
2026.08.19 21:22,901
2026.08.19 21:23,790
2026.08.19 21:24,741
2026.08.19 21:25,1100
2026.08.19 21:26,1089
2026.08.19 21:27,986
2026.08.19 21:28,1274
2026.08.19 21:29,1121
2026.08.19 21:30,1197
2026.08.19 21:31,1006
2026.08.19 21:32,1236
2026.08.19 21:33,955
2026.08.19 21:34,1197
2026.08.19 21:35,1069
2026.08.19 21:36,710
2026.08.19 21:37,650
2026.08.19 21:38,809
2026.08.19 21:39,1000
2026.08.19 21:40,1034
2026.08.19 21:41,1014
2026.08.19 21:42,981
2026.08.19 21:43,851
2026.08.19 21:44,856
2026.08.19 21:45,792
2026.08.19 21:46,869
2026.08.19 21:47,794
2026.08.19 21:48,467
2026.08.19 21:49,554
2026.08.19 21:50,423
2026.08.19 21:51,435
2026.08.19 21:52,467
2026.08.19 21:53,601
2026.08.19 21:54,597
2026.08.19 21:55,357
2026.08.19 21:56,844
2026.08.19 21:57,919
2026.08.19 21:58,917
2026.08.19 21:59,866
2026.08.19 22:00,1092
2026.08.19 22:01,1258
2026.08.19 22:02,1067
2026.08.19 22:03,854
2026.08.19 22:04,764
2026.08.19 22:05,893
2026.08.19 22:06,734
2026.08.19 22:07,900
2026.08.19 22:08,1195
2026.08.19 22:09,1262
2026.08.19 22:10,1098
2026.08.19 22:11,1079
2026.08.19 22:12,932
2026.08.19 22:13,1093
2026.08.19 22:14,775
2026.08.19 22:15,1037
2026.08.19 22:16,1035
2026.08.19 22:17,1032
2026.08.19 22:18,816
2026.08.19 22:19,780
2026.08.19 22:20,693
2026.08.19 22:21,681
2026.08.19 22:22,937
2026.08.19 22:23,551
2026.08.19 22:24,613
2026.08.19 22:25,587
2026.08.19 22:26,791
2026.08.19 22:27,968
2026.08.19 22:28,1241
2026.08.19 22:29,660
2026.08.19 22:30,879
2026.08.19 22:31,655
2026.08.19 22:32,515
2026.08.19 22:33,730
2026.08.19 22:34,901
2026.08.19 22:35,721
2026.08.19 22:36,1036
2026.08.19 22:37,1216
2026.08.19 22:38,510
2026.08.19 22:39,586
2026.08.19 22:40,817
2026.08.19 22:41,869
2026.08.19 22:42,883
2026.08.19 22:43,733
2026.08.19 22:44,666
2026.08.19 22:45,1064
2026.08.19 22:46,995
2026.08.19 22:47,881
2026.08.19 22:48,1086
2026.08.19 22:49,800
2026.08.19 22:50,1436
2026.08.19 22:51,1326
2026.08.19 22:52,1119
2026.08.19 22:53,967
2026.08.19 22:54,1346
2026.08.19 22:55,1014
2026.08.19 22:56,517
2026.08.19 22:57,1152
2026.08.19 22:58,1908
2026.08.19 22:59,1403
2026.08.19 23:00,584
2026.08.19 23:01,270
2026.08.19 23:02,327
2026.08.19 23:03,251
2026.08.19 23:04,206
2026.08.19 23:05,354
2026.08.19 23:06,353
2026.08.19 23:07,211
2026.08.19 23:08,192
2026.08.19 23:09,239
2026.08.19 23:10,352
2026.08.19 23:11,305
2026.08.19 23:12,420
2026.08.19 23:13,315
2026.08.19 23:14,436
2026.08.19 23:15,239
2026.08.19 23:16,264
2026.08.19 23:17,222
2026.08.19 23:18,239
2026.08.19 23:19,171
2026.08.19 23:20,272
2026.08.19 23:21,162
2026.08.19 23:22,121
2026.08.19 23:23,220
2026.08.19 23:24,243
2026.08.19 23:25,643
2026.08.19 23:26,456
2026.08.19 23:27,360
2026.08.19 23:28,391
2026.08.19 23:29,382
2026.08.19 23:30,335
2026.08.19 23:31,278
2026.08.19 23:32,405
2026.08.19 23:33,299
2026.08.19 23:34,292
2026.08.19 23:35,183
2026.08.19 23:36,274
2026.08.19 23:37,209
2026.08.19 23:38,99
2026.08.19 23:39,150
2026.08.19 23:40,124
2026.08.19 23:41,166
2026.08.19 23:42,85
2026.08.19 23:43,100
2026.08.19 23:44,59
2026.08.19 23:45,98
2026.08.19 23:46,108
2026.08.19 23:47,137
2026.08.19 23:48,94
2026.08.19 23:49,105
2026.08.19 23:50,249
2026.08.19 23:51,202
2026.08.19 23:52,128
2026.08.19 23:53,64
2026.08.19 23:54,227
2026.08.19 23:55,226
2026.08.19 23:56,170
2026.08.19 23:57,240
2026.08.19 23:58,187
2026.08.19 23:59,28
2026.08.20 01:04,8
2026.08.20 01:05,421
2026.08.20 01:06,478
2026.08.20 01:07,389
2026.08.20 01:08,334
2026.08.20 01:09,281
2026.08.20 01:10,331
2026.08.20 01:11,326
2026.08.20 01:12,306
2026.08.20 01:13,172
2026.08.20 01:14,402
2026.08.20 01:15,278
2026.08.20 01:16,267
2026.08.20 01:17,229
2026.08.20 01:18,249
2026.08.20 01:19,320
2026.08.20 01:20,283
2026.08.20 01:21,167
2026.08.20 01:22,407
2026.08.20 01:23,172
2026.08.20 01:24,252
2026.08.20 01:25,355
2026.08.20 01:26,177
2026.08.20 01:27,289
2026.08.20 01:28,107
2026.08.20 01:29,154
2026.08.20 01:30,199
2026.08.20 01:31,278
2026.08.20 01:32,382
2026.08.20 01:33,341
2026.08.20 01:34,210
2026.08.20 01:35,220
2026.08.20 01:36,177
2026.08.20 01:37,234
2026.08.20 01:38,137
2026.08.20 01:39,122
2026.08.20 01:40,154
2026.08.20 01:41,133
2026.08.20 01:42,129
2026.08.20 01:43,169
2026.08.20 01:44,144
2026.08.20 01:45,185
2026.08.20 01:46,188
2026.08.20 01:47,124
2026.08.20 01:48,93
2026.08.20 01:49,159
2026.08.20 01:50,87
2026.08.20 01:51,112
2026.08.20 01:52,152
2026.08.20 01:53,134
2026.08.20 01:54,165
2026.08.20 01:55,114
2026.08.20 01:56,271
2026.08.20 01:57,83
2026.08.20 01:58,97
2026.08.20 01:59,617
2026.08.20 02:00,354
2026.08.20 02:01,551
2026.08.20 02:02,527
2026.08.20 02:03,454
2026.08.20 02:04,319
2026.08.20 02:05,256
2026.08.20 02:06,299
2026.08.20 02:07,337
2026.08.20 02:08,315
2026.08.20 02:09,202
2026.08.20 02:10,208
2026.08.20 02:11,114
2026.08.20 02:12,121
2026.08.20 02:13,179
2026.08.20 02:14,112
2026.08.20 02:15,142
2026.08.20 02:16,68
2026.08.20 02:17,259
2026.08.20 02:18,247
2026.08.20 02:19,210
2026.08.20 02:20,256
2026.08.20 02:21,390
2026.08.20 02:22,151
2026.08.20 02:23,346
2026.08.20 02:24,215
2026.08.20 02:25,148
2026.08.20 02:26,148
2026.08.20 02:27,238
2026.08.20 02:28,143
2026.08.20 02:29,115
2026.08.20 02:30,154
2026.08.20 02:31,242
2026.08.20 02:32,211
2026.08.20 02:33,162
2026.08.20 02:34,357
2026.08.20 02:35,237
2026.08.20 02:36,275
2026.08.20 02:37,256
2026.08.20 02:38,139
2026.08.20 02:39,180
2026.08.20 02:40,145
2026.08.20 02:41,150
2026.08.20 02:42,127
2026.08.20 02:43,165
2026.08.20 02:44,198
2026.08.20 02:45,433
2026.08.20 02:46,370
2026.08.20 02:47,100
2026.08.20 02:48,140
2026.08.20 02:49,178
2026.08.20 02:50,170
2026.08.20 02:51,111
2026.08.20 02:52,218
2026.08.20 02:53,261
2026.08.20 02:54,209
2026.08.20 02:55,206
2026.08.20 02:56,393
2026.08.20 02:57,266
2026.08.20 02:58,253
2026.08.20 02:59,216
2026.08.20 03:00,931
2026.08.20 03:01,876
2026.08.20 03:02,710
2026.08.20 03:03,1014
2026.08.20 03:04,758
2026.08.20 03:05,1224
2026.08.20 03:06,785
2026.08.20 03:07,795
2026.08.20 03:08,633
2026.08.20 03:09,829
2026.08.20 03:10,740
2026.08.20 03:11,482
2026.08.20 03:12,494
2026.08.20 03:13,386
2026.08.20 03:14,551
2026.08.20 03:15,579
2026.08.20 03:16,448
2026.08.20 03:17,871
2026.08.20 03:18,704
2026.08.20 03:19,566
2026.08.20 03:20,703
2026.08.20 03:21,814
2026.08.20 03:22,630
2026.08.20 03:23,527
2026.08.20 03:24,645
2026.08.20 03:25,640
2026.08.20 03:26,470
2026.08.20 03:27,595
2026.08.20 03:28,560
2026.08.20 03:29,489
2026.08.20 03:30,756
2026.08.20 03:31,615
2026.08.20 03:32,719
2026.08.20 03:33,456
2026.08.20 03:34,456
2026.08.20 03:35,687
2026.08.20 03:36,417
2026.08.20 03:37,186
2026.08.20 03:38,410
2026.08.20 03:39,312
2026.08.20 03:40,234
2026.08.20 03:41,441
2026.08.20 03:42,665
2026.08.20 03:43,527
2026.08.20 03:44,453
2026.08.20 03:45,616
2026.08.20 03:46,424
2026.08.20 03:47,507
2026.08.20 03:48,433
2026.08.20 03:49,440
2026.08.20 03:50,398
2026.08.20 03:51,534
2026.08.20 03:52,587
2026.08.20 03:53,411
2026.08.20 03:54,680
2026.08.20 03:55,504
2026.08.20 03:56,589
2026.08.20 03:57,434
2026.08.20 03:58,671
2026.08.20 03:59,944
2026.08.20 04:00,2722
2026.08.20 04:01,1584
2026.08.20 04:02,1208
2026.08.20 04:03,1338
2026.08.20 04:04,1245
2026.08.20 04:05,1104
2026.08.20 04:06,1116
2026.08.20 04:07,1074
2026.08.20 04:08,1349
2026.08.20 04:09,1190
2026.08.20 04:10,1534
2026.08.20 04:11,1511
2026.08.20 04:12,1091
2026.08.20 04:13,1076
2026.08.20 04:14,877
2026.08.20 04:15,1639
2026.08.20 04:16,1177
2026.08.20 04:17,951
2026.08.20 04:18,796
2026.08.20 04:19,1030
2026.08.20 04:20,1067
2026.08.20 04:21,1033
2026.08.20 04:22,893
2026.08.20 04:23,884
2026.08.20 04:24,799
2026.08.20 04:25,923
2026.08.20 04:26,839
2026.08.20 04:27,756
2026.08.20 04:28,1029
2026.08.20 04:29,599
2026.08.20 04:30,1615
2026.08.20 04:31,1114
2026.08.20 04:32,962
2026.08.20 04:33,1036
2026.08.20 04:34,1292
2026.08.20 04:35,1036
2026.08.20 04:36,1055
2026.08.20 04:37,916
2026.08.20 04:38,957
2026.08.20 04:39,948
2026.08.20 04:40,1090
2026.08.20 04:41,1394
2026.08.20 04:42,688
2026.08.20 04:43,552
2026.08.20 04:44,772
2026.08.20 04:45,960
2026.08.20 04:46,734
2026.08.20 04:47,759
2026.08.20 04:48,442
2026.08.20 04:49,765
2026.08.20 04:50,573
2026.08.20 04:51,610
2026.08.20 04:52,504
2026.08.20 04:53,718
2026.08.20 04:54,807
2026.08.20 04:55,872
2026.08.20 04:56,640
2026.08.20 04:57,783
2026.08.20 04:58,938
2026.08.20 04:59,964
2026.08.20 05:00,1155
2026.08.20 05:01,871
2026.08.20 05:02,871
2026.08.20 05:03,1076
2026.08.20 05:04,897
2026.08.20 05:05,893
2026.08.20 05:06,903
2026.08.20 05:07,752
2026.08.20 05:08,631
2026.08.20 05:09,615
2026.08.20 05:10,522
2026.08.20 05:11,532
2026.08.20 05:12,463
2026.08.20 05:13,496
2026.08.20 05:14,391
2026.08.20 05:15,383
2026.08.20 05:16,429
2026.08.20 05:17,371
2026.08.20 05:18,347
2026.08.20 05:19,439
2026.08.20 05:20,337
2026.08.20 05:21,449
2026.08.20 05:22,511
2026.08.20 05:23,519
2026.08.20 05:24,356
2026.08.20 05:25,337
2026.08.20 05:26,335
2026.08.20 05:27,223
2026.08.20 05:28,221
2026.08.20 05:29,233
2026.08.20 05:30,851
2026.08.20 05:31,383
2026.08.20 05:32,474
2026.08.20 05:33,441
2026.08.20 05:34,552
2026.08.20 05:35,377
2026.08.20 05:36,450
2026.08.20 05:37,313
2026.08.20 05:38,497
2026.08.20 05:39,272
2026.08.20 05:40,503
2026.08.20 05:41,759
2026.08.20 05:42,719
2026.08.20 05:43,591
2026.08.20 05:44,545
2026.08.20 05:45,634
2026.08.20 05:46,506
2026.08.20 05:47,442
2026.08.20 05:48,357
2026.08.20 05:49,593
2026.08.20 05:50,471
2026.08.20 05:51,394
2026.08.20 05:52,387
2026.08.20 05:53,359
2026.08.20 05:54,587
2026.08.20 05:55,568
2026.08.20 05:56,533
2026.08.20 05:57,593
2026.08.20 05:58,357
2026.08.20 05:59,309
2026.08.20 06:00,435
2026.08.20 06:01,803
2026.08.20 06:02,450
2026.08.20 06:03,386
2026.08.20 06:04,377
2026.08.20 06:05,560
2026.08.20 06:06,587
2026.08.20 06:07,377
2026.08.20 06:08,402
2026.08.20 06:09,712
2026.08.20 06:10,848
2026.08.20 06:11,429
2026.08.20 06:12,628
2026.08.20 06:13,676
2026.08.20 06:14,279
2026.08.20 06:15,407
2026.08.20 06:16,371
2026.08.20 06:17,314
2026.08.20 06:18,467
2026.08.20 06:19,452
2026.08.20 06:20,572
2026.08.20 06:21,451
2026.08.20 06:22,523
2026.08.20 06:23,724
2026.08.20 06:24,303
2026.08.20 06:25,247
2026.08.20 06:26,390
2026.08.20 06:27,440
2026.08.20 06:28,336
2026.08.20 06:29,503
2026.08.20 06:30,538
2026.08.20 06:31,547
2026.08.20 06:32,310
2026.08.20 06:33,280
2026.08.20 06:34,345
2026.08.20 06:35,550
2026.08.20 06:36,252
2026.08.20 06:37,210
2026.08.20 06:38,398
2026.08.20 06:39,366
2026.08.20 06:40,244
2026.08.20 06:41,350
2026.08.20 06:42,238
2026.08.20 06:43,292
2026.08.20 06:44,351
2026.08.20 06:45,308
2026.08.20 06:46,275
2026.08.20 06:47,278
2026.08.20 06:48,244
2026.08.20 06:49,212
2026.08.20 06:50,267
2026.08.20 06:51,283
2026.08.20 06:52,458
2026.08.20 06:53,515
2026.08.20 06:54,322
2026.08.20 06:55,432
2026.08.20 06:56,273
2026.08.20 06:57,333
2026.08.20 06:58,392
2026.08.20 06:59,241
2026.08.20 07:00,317
2026.08.20 07:01,369
2026.08.20 07:02,284
2026.08.20 07:03,379
2026.08.20 07:04,432
2026.08.20 07:05,366
2026.08.20 07:06,435
2026.08.20 07:07,344
2026.08.20 07:08,257
2026.08.20 07:09,262
2026.08.20 07:10,374
2026.08.20 07:11,273
2026.08.20 07:12,264
2026.08.20 07:13,246
2026.08.20 07:14,232
2026.08.20 07:15,241
2026.08.20 07:16,319
2026.08.20 07:17,293
2026.08.20 07:18,164
2026.08.20 07:19,130
2026.08.20 07:20,305
2026.08.20 07:21,350
2026.08.20 07:22,357
2026.08.20 07:23,336
2026.08.20 07:24,240
2026.08.20 07:25,158
2026.08.20 07:26,181
2026.08.20 07:27,228
2026.08.20 07:28,469
2026.08.20 07:29,425
2026.08.20 07:30,354
2026.08.20 07:31,273
2026.08.20 07:32,281
2026.08.20 07:33,379
2026.08.20 07:34,292
2026.08.20 07:35,213
2026.08.20 07:36,337
2026.08.20 07:37,364
2026.08.20 07:38,243
2026.08.20 07:39,234
2026.08.20 07:40,438
2026.08.20 07:41,255
2026.08.20 07:42,195
2026.08.20 07:43,98
2026.08.20 07:44,164
2026.08.20 07:45,177
2026.08.20 07:46,217
2026.08.20 07:47,131
2026.08.20 07:48,170
2026.08.20 07:49,155
2026.08.20 07:50,156
2026.08.20 07:51,153
2026.08.20 07:52,265
2026.08.20 07:53,170
2026.08.20 07:54,406
2026.08.20 07:55,326
2026.08.20 07:56,315
2026.08.20 07:57,196
2026.08.20 07:58,245
2026.08.20 07:59,196
2026.08.20 08:00,330
2026.08.20 08:01,209
2026.08.20 08:02,144
2026.08.20 08:03,261
2026.08.20 08:04,164
2026.08.20 08:05,192
2026.08.20 08:06,285
2026.08.20 08:07,342
2026.08.20 08:08,209
2026.08.20 08:09,123
2026.08.20 08:10,235
2026.08.20 08:11,218
2026.08.20 08:12,347
2026.08.20 08:13,414
2026.08.20 08:14,648
2026.08.20 08:15,338
2026.08.20 08:16,408
2026.08.20 08:17,361
2026.08.20 08:18,426
2026.08.20 08:19,255
2026.08.20 08:20,191
2026.08.20 08:21,246
2026.08.20 08:22,172
2026.08.20 08:23,414
2026.08.20 08:24,223
2026.08.20 08:25,209
2026.08.20 08:26,271
2026.08.20 08:27,410
2026.08.20 08:28,426
2026.08.20 08:29,260
2026.08.20 08:30,1274
2026.08.20 08:31,707
2026.08.20 08:32,670
2026.08.20 08:33,480
2026.08.20 08:34,555
2026.08.20 08:35,646
2026.08.20 08:36,482
2026.08.20 08:37,510
2026.08.20 08:38,488
2026.08.20 08:39,302
2026.08.20 08:40,386
2026.08.20 08:41,420
2026.08.20 08:42,545
2026.08.20 08:43,475
2026.08.20 08:44,460
2026.08.20 08:45,482
2026.08.20 08:46,358
2026.08.20 08:47,349
2026.08.20 08:48,382
2026.08.20 08:49,311
2026.08.20 08:50,415
2026.08.20 08:51,382
2026.08.20 08:52,400
2026.08.20 08:53,422
2026.08.20 08:54,342
2026.08.20 08:55,413
2026.08.20 08:56,244
2026.08.20 08:57,387
2026.08.20 08:58,402
2026.08.20 08:59,384
2026.08.20 09:00,497
2026.08.20 09:01,489
2026.08.20 09:02,588
2026.08.20 09:03,464
2026.08.20 09:04,530
2026.08.20 09:05,603
2026.08.20 09:06,380
2026.08.20 09:07,373
2026.08.20 09:08,295
2026.08.20 09:09,393
2026.08.20 09:10,449
2026.08.20 09:11,468
2026.08.20 09:12,500
2026.08.20 09:13,361
2026.08.20 09:14,384
2026.08.20 09:15,535
2026.08.20 09:16,443
2026.08.20 09:17,346
2026.08.20 09:18,477
2026.08.20 09:19,531
2026.08.20 09:20,385
2026.08.20 09:21,371
2026.08.20 09:22,501
2026.08.20 09:23,460
2026.08.20 09:24,232
2026.08.20 09:25,421
2026.08.20 09:26,308
2026.08.20 09:27,270
2026.08.20 09:28,256
2026.08.20 09:29,303
2026.08.20 09:30,442
2026.08.20 09:31,377
2026.08.20 09:32,504
2026.08.20 09:33,378
2026.08.20 09:34,329
2026.08.20 09:35,406
2026.08.20 09:36,277
2026.08.20 09:37,270
2026.08.20 09:38,325
2026.08.20 09:39,317
2026.08.20 09:40,398
2026.08.20 09:41,540
2026.08.20 09:42,371
2026.08.20 09:43,555
2026.08.20 09:44,458
2026.08.20 09:45,720
2026.08.20 09:46,419
2026.08.20 09:47,383
2026.08.20 09:48,410
2026.08.20 09:49,432
2026.08.20 09:50,492
2026.08.20 09:51,357
2026.08.20 09:52,333
2026.08.20 09:53,273
2026.08.20 09:54,435
2026.08.20 09:55,364
2026.08.20 09:56,273
2026.08.20 09:57,380
2026.08.20 09:58,281
2026.08.20 09:59,605
2026.08.20 10:00,960
2026.08.20 10:01,597
2026.08.20 10:02,844
2026.08.20 10:03,406
2026.08.20 10:04,470
2026.08.20 10:05,426
2026.08.20 10:06,564
2026.08.20 10:07,523
2026.08.20 10:08,422
2026.08.20 10:09,420
2026.08.20 10:10,439
2026.08.20 10:11,488
2026.08.20 10:12,450
2026.08.20 10:13,496
2026.08.20 10:14,463
2026.08.20 10:15,580
2026.08.20 10:16,708
2026.08.20 10:17,290
2026.08.20 10:18,368
2026.08.20 10:19,472
2026.08.20 10:20,319
2026.08.20 10:21,257
2026.08.20 10:22,263
2026.08.20 10:23,456
2026.08.20 10:24,288
2026.08.20 10:25,347
2026.08.20 10:26,344
2026.08.20 10:27,367
2026.08.20 10:28,438
2026.08.20 10:29,417
2026.08.20 10:30,537
2026.08.20 10:31,548
2026.08.20 10:32,548
2026.08.20 10:33,491
2026.08.20 10:34,510
2026.08.20 10:35,336
2026.08.20 10:36,352
2026.08.20 10:37,368
2026.08.20 10:38,289
2026.08.20 10:39,346
2026.08.20 10:40,480
2026.08.20 10:41,567
2026.08.20 10:42,482
2026.08.20 10:43,331
2026.08.20 10:44,298
2026.08.20 10:45,232
2026.08.20 10:46,453
2026.08.20 10:47,573
2026.08.20 10:48,324
2026.08.20 10:49,360
2026.08.20 10:50,430
2026.08.20 10:51,493
2026.08.20 10:52,459
2026.08.20 10:53,365
2026.08.20 10:54,278
2026.08.20 10:55,416
2026.08.20 10:56,394
2026.08.20 10:57,182
2026.08.20 10:58,153
2026.08.20 10:59,365
2026.08.20 11:00,825
2026.08.20 11:01,772
2026.08.20 11:02,731
2026.08.20 11:03,616
2026.08.20 11:04,503
2026.08.20 11:05,642
2026.08.20 11:06,570
2026.08.20 11:07,583
2026.08.20 11:08,448
2026.08.20 11:09,423
2026.08.20 11:10,467
2026.08.20 11:11,495
2026.08.20 11:12,541
2026.08.20 11:13,558
2026.08.20 11:14,722
2026.08.20 11:15,395
2026.08.20 11:16,676
2026.08.20 11:17,543
2026.08.20 11:18,481
2026.08.20 11:19,642
2026.08.20 11:20,310
2026.08.20 11:21,310
2026.08.20 11:22,282
2026.08.20 11:23,278
2026.08.20 11:24,324
2026.08.20 11:25,270
2026.08.20 11:26,281
2026.08.20 11:27,643
2026.08.20 11:28,439
2026.08.20 11:29,394
2026.08.20 11:30,531
2026.08.20 11:31,743
2026.08.20 11:32,612
2026.08.20 11:33,376
2026.08.20 11:34,512
2026.08.20 11:35,432
2026.08.20 11:36,341
2026.08.20 11:37,238
2026.08.20 11:38,566
2026.08.20 11:39,378
2026.08.20 11:40,314
2026.08.20 11:41,213
2026.08.20 11:42,363
2026.08.20 11:43,379
2026.08.20 11:44,265
2026.08.20 11:45,259
2026.08.20 11:46,522
2026.08.20 11:47,316
2026.08.20 11:48,271
2026.08.20 11:49,174
2026.08.20 11:50,270
2026.08.20 11:51,369
2026.08.20 11:52,214
2026.08.20 11:53,250
2026.08.20 11:54,206
2026.08.20 11:55,414
2026.08.20 11:56,554
2026.08.20 11:57,441
2026.08.20 11:58,365
2026.08.20 11:59,408
2026.08.20 12:00,526
2026.08.20 12:01,404
2026.08.20 12:02,355
2026.08.20 12:03,334
2026.08.20 12:04,353
2026.08.20 12:05,369
2026.08.20 12:06,431
2026.08.20 12:07,484
2026.08.20 12:08,573
2026.08.20 12:09,441
2026.08.20 12:10,393
2026.08.20 12:11,288
2026.08.20 12:12,337
2026.08.20 12:13,281
2026.08.20 12:14,208
2026.08.20 12:15,229
2026.08.20 12:16,302
2026.08.20 12:17,457
2026.08.20 12:18,278
2026.08.20 12:19,234
2026.08.20 12:20,214
2026.08.20 12:21,267
2026.08.20 12:22,315
2026.08.20 12:23,315
2026.08.20 12:24,391
2026.08.20 12:25,216
2026.08.20 12:26,235
2026.08.20 12:27,295
2026.08.20 12:28,227
2026.08.20 12:29,340
2026.08.20 12:30,451
2026.08.20 12:31,518
2026.08.20 12:32,460
2026.08.20 12:33,268
2026.08.20 12:34,306
2026.08.20 12:35,259
2026.08.20 12:36,367
2026.08.20 12:37,259
2026.08.20 12:38,390
2026.08.20 12:39,307
2026.08.20 12:40,318
2026.08.20 12:41,305
2026.08.20 12:42,352
2026.08.20 12:43,319
2026.08.20 12:44,164
2026.08.20 12:45,183
2026.08.20 12:46,220
2026.08.20 12:47,249
2026.08.20 12:48,261
2026.08.20 12:49,395
2026.08.20 12:50,413
2026.08.20 12:51,410
2026.08.20 12:52,415
2026.08.20 12:53,526
2026.08.20 12:54,713
2026.08.20 12:55,460
2026.08.20 12:56,427
2026.08.20 12:57,551
2026.08.20 12:58,465
2026.08.20 12:59,453
2026.08.20 13:00,793
2026.08.20 13:01,508
2026.08.20 13:02,417
2026.08.20 13:03,406
2026.08.20 13:04,429
2026.08.20 13:05,584
2026.08.20 13:06,447
2026.08.20 13:07,419
2026.08.20 13:08,256
2026.08.20 13:09,243
2026.08.20 13:10,253
2026.08.20 13:11,281
2026.08.20 13:12,254
2026.08.20 13:13,448
2026.08.20 13:14,283
2026.08.20 13:15,258
2026.08.20 13:16,402
2026.08.20 13:17,524
2026.08.20 13:18,326
2026.08.20 13:19,479
2026.08.20 13:20,453
2026.08.20 13:21,348
2026.08.20 13:22,240
2026.08.20 13:23,167
2026.08.20 13:24,272
2026.08.20 13:25,499
2026.08.20 13:26,368
2026.08.20 13:27,289
2026.08.20 13:28,273
2026.08.20 13:29,415
2026.08.20 13:30,418
2026.08.20 13:31,189
2026.08.20 13:32,227
2026.08.20 13:33,267
2026.08.20 13:34,198
2026.08.20 13:35,278
2026.08.20 13:36,639
2026.08.20 13:37,344
2026.08.20 13:38,452
2026.08.20 13:39,200
2026.08.20 13:40,283
2026.08.20 13:41,224
2026.08.20 13:42,201
2026.08.20 13:43,170
2026.08.20 13:44,237
2026.08.20 13:45,186
2026.08.20 13:46,177
2026.08.20 13:47,284
2026.08.20 13:48,207
2026.08.20 13:49,125
2026.08.20 13:50,184
2026.08.20 13:51,246
2026.08.20 13:52,248
2026.08.20 13:53,243
2026.08.20 13:54,313
2026.08.20 13:55,324
2026.08.20 13:56,270
2026.08.20 13:57,439
2026.08.20 13:58,387
2026.08.20 13:59,278
2026.08.20 14:00,635
2026.08.20 14:01,411
2026.08.20 14:02,338
2026.08.20 14:03,294
2026.08.20 14:04,536
2026.08.20 14:05,488
2026.08.20 14:06,302
2026.08.20 14:07,240
2026.08.20 14:08,262
2026.08.20 14:09,188
2026.08.20 14:10,235
2026.08.20 14:11,295
2026.08.20 14:12,328
2026.08.20 14:13,452
2026.08.20 14:14,570
2026.08.20 14:15,498
2026.08.20 14:16,508
2026.08.20 14:17,519
2026.08.20 14:18,524
2026.08.20 14:19,402
2026.08.20 14:20,567
2026.08.20 14:21,624
2026.08.20 14:22,253
2026.08.20 14:23,238
2026.08.20 14:24,291
2026.08.20 14:25,302
2026.08.20 14:26,313
2026.08.20 14:27,378
2026.08.20 14:28,534
2026.08.20 14:29,353
2026.08.20 14:30,513
2026.08.20 14:31,308
2026.08.20 14:32,356
2026.08.20 14:33,308
2026.08.20 14:34,280
2026.08.20 14:35,237
2026.08.20 14:36,302
2026.08.20 14:37,400
2026.08.20 14:38,380
2026.08.20 14:39,420
2026.08.20 14:40,539
2026.08.20 14:41,708
2026.08.20 14:42,395
2026.08.20 14:43,627
2026.08.20 14:44,702
2026.08.20 14:45,1016
2026.08.20 14:46,735
2026.08.20 14:47,611
2026.08.20 14:48,1012
2026.08.20 14:49,916
2026.08.20 14:50,931
2026.08.20 14:51,941
2026.08.20 14:52,970
2026.08.20 14:53,1052
2026.08.20 14:54,814
2026.08.20 14:55,753
2026.08.20 14:56,907
2026.08.20 14:57,837
2026.08.20 14:58,681
2026.08.20 14:59,727
2026.08.20 15:00,1691
2026.08.20 15:01,1489
2026.08.20 15:02,1687
2026.08.20 15:03,1310
2026.08.20 15:04,1307
2026.08.20 15:05,1661
2026.08.20 15:06,1935
2026.08.20 15:07,1685
2026.08.20 15:08,1186
2026.08.20 15:09,1453
2026.08.20 15:10,1345
2026.08.20 15:11,1156
2026.08.20 15:12,1072
2026.08.20 15:13,1085
2026.08.20 15:14,879
2026.08.20 15:15,1330
2026.08.20 15:16,1177
2026.08.20 15:17,1071
2026.08.20 15:18,1170
2026.08.20 15:19,1100
2026.08.20 15:20,1231
2026.08.20 15:21,920
2026.08.20 15:22,909
2026.08.20 15:23,1067
2026.08.20 15:24,1003
2026.08.20 15:25,1352
2026.08.20 15:26,1074
2026.08.20 15:27,811
2026.08.20 15:28,731
2026.08.20 15:29,498
2026.08.20 15:30,1048
2026.08.20 15:31,858
2026.08.20 15:32,761
2026.08.20 15:33,1255
2026.08.20 15:34,888
2026.08.20 15:35,1092
2026.08.20 15:36,1244
2026.08.20 15:37,832
2026.08.20 15:38,679
2026.08.20 15:39,865
2026.08.20 15:40,634
2026.08.20 15:41,870
2026.08.20 15:42,880
2026.08.20 15:43,956
2026.08.20 15:44,922
2026.08.20 15:45,590
2026.08.20 15:46,663
2026.08.20 15:47,463
2026.08.20 15:48,708
2026.08.20 15:49,834
2026.08.20 15:50,511
2026.08.20 15:51,784
2026.08.20 15:52,800
2026.08.20 15:53,462
2026.08.20 15:54,568
2026.08.20 15:55,721
2026.08.20 15:56,838
2026.08.20 15:57,794
2026.08.20 15:58,556
2026.08.20 15:59,1073
2026.08.20 16:00,1917
2026.08.20 16:01,1266
2026.08.20 16:02,1231
2026.08.20 16:03,908
2026.08.20 16:04,1007
2026.08.20 16:05,1410
2026.08.20 16:06,909
2026.08.20 16:07,711
2026.08.20 16:08,806
2026.08.20 16:09,828
2026.08.20 16:10,862
2026.08.20 16:11,843
2026.08.20 16:12,962
2026.08.20 16:13,1157
2026.08.20 16:14,1157
2026.08.20 16:15,1358
2026.08.20 16:16,1094
2026.08.20 16:17,845
2026.08.20 16:18,989
2026.08.20 16:19,809
2026.08.20 16:20,788
2026.08.20 16:21,793
2026.08.20 16:22,831
2026.08.20 16:23,470
2026.08.20 16:24,460
2026.08.20 16:25,649
2026.08.20 16:26,630
2026.08.20 16:27,813
2026.08.20 16:28,603
2026.08.20 16:29,642
2026.08.20 16:30,1985
2026.08.20 16:31,1813
2026.08.20 16:32,1943
2026.08.20 16:33,1672
2026.08.20 16:34,1325
2026.08.20 16:35,2638
2026.08.20 16:36,2110
2026.08.20 16:37,2180
2026.08.20 16:38,2002
2026.08.20 16:39,1467
2026.08.20 16:40,1694
2026.08.20 16:41,1683
2026.08.20 16:42,1981
2026.08.20 16:43,1690
2026.08.20 16:44,1748
2026.08.20 16:45,2129
2026.08.20 16:46,2188
2026.08.20 16:47,2028
2026.08.20 16:48,1757
2026.08.20 16:49,1838
2026.08.20 16:50,2121
2026.08.20 16:51,1354
2026.08.20 16:52,1403
2026.08.20 16:53,1196
2026.08.20 16:54,851
2026.08.20 16:55,1164
2026.08.20 16:56,927
2026.08.20 16:57,817
2026.08.20 16:58,720
2026.08.20 16:59,703
2026.08.20 17:00,1340
2026.08.20 17:01,1089
2026.08.20 17:02,1175
2026.08.20 17:03,1507
2026.08.20 17:04,1525
2026.08.20 17:05,1477
2026.08.20 17:06,1574
2026.08.20 17:07,1188
2026.08.20 17:08,1270
2026.08.20 17:09,1887
2026.08.20 17:10,2304
2026.08.20 17:11,2274
2026.08.20 17:12,1898
2026.08.20 17:13,1720
2026.08.20 17:14,1577
2026.08.20 17:15,1674
2026.08.20 17:16,1579
2026.08.20 17:17,1562
2026.08.20 17:18,1496
2026.08.20 17:19,1528
2026.08.20 17:20,1672
2026.08.20 17:21,1343
2026.08.20 17:22,1650
2026.08.20 17:23,1421
2026.08.20 17:24,1710
2026.08.20 17:25,1655
2026.08.20 17:26,623
