time_unix,open,high,low,close,volume
1785931860,4198.075,4199.25,4197.325,4197.76,762
1785931920,4197.82,4199.725,4197.82,4198.975,674
1785931980,4198.98,4199.905,4198.585,4199.875,609
1785932040,4199.87,4199.87,4196.945,4197.675,716
1785932100,4197.73,4200.905,4197.675,4199.09,1062
1785932160,4199.105,4204.255,4198.78,4204.255,856
1785932220,4204.305,4207.68,4203.955,4205.71,1057
1785932280,4205.74,4208.94,4205.18,4208.27,830
1785932340,4208.265,4208.265,4204.09,4205.32,1030
1785932400,4205.265,4210.08,4205.265,4209.015,1272
1785932460,4209,4211.35,4208.73,4209.65,769
1785932520,4209.69,4212.675,4209.665,4212.575,718
1785932580,4212.57,4213.54,4209.99,4210.475,753
1785932640,4210.525,4212.065,4210.525,4211.32,603
1785932700,4211.26,4211.8,4209.05,4209.275,667
1785932760,4209.325,4209.52,4207.24,4208.585,661
1785932820,4208.6,4210.765,4207.845,4210.44,759
1785932880,4210.42,4210.94,4205.65,4205.695,807
1785932940,4205.745,4207.285,4205.045,4205.335,689
1785933000,4205.4,4209.035,4205.4,4205.745,674
1785933060,4205.635,4205.83,4199.78,4199.85,1065
1785933120,4199.735,4201.18,4197.825,4199.02,1203
1785933180,4199.035,4199.865,4198.735,4199.46,826
1785933240,4199.465,4200.625,4198.405,4199.675,988
1785933300,4199.68,4201.285,4198.445,4200.405,1038
1785933360,4200.42,4204.245,4199.325,4203.115,994
1785933420,4203.105,4203.155,4200.195,4201.09,972
1785933480,4201.155,4202.615,4200.715,4201.92,749
1785933540,4201.925,4202.25,4199.965,4200.275,872
1785933600,4200.28,4200.65,4196.33,4196.57,804
1785933660,4196.575,4197.61,4195.775,4196.335,925
1785933720,4196.37,4197.045,4193.755,4193.935,762
1785933780,4193.95,4195.865,4193.045,4193.285,809
1785933840,4193.295,4194.655,4192.82,4194.64,604
1785933900,4194.655,4194.995,4192.51,4192.835,755
1785933960,4192.825,4193.04,4191.565,4191.77,807
1785934020,4191.795,4194.765,4191.055,4193.35,866
1785934080,4193.265,4195.7,4192.53,4195.585,848
1785934140,4195.48,4195.48,4193.045,4193.715,801
1785934200,4193.72,4193.955,4191.34,4191.57,1081
1785934260,4191.57,4191.785,4190.82,4191.155,730
1785934320,4191.18,4191.84,4188.815,4189.545,793
1785934380,4189.53,4189.96,4187.095,4187.73,765
1785934440,4187.75,4188.285,4186.495,4187.3,875
1785934500,4187.38,4188.505,4186.64,4187.625,734
1785934560,4187.635,4188.735,4186.325,4186.35,966
1785934620,4186.385,4186.625,4183.535,4183.84,799
1785934680,4183.85,4185.34,4183.305,4185.22,644
1785934740,4185.27,4186.015,4183.725,4183.985,672
1785934800,4183.965,4191.175,4183.795,4187.33,2088
1785934860,4187.345,4190.39,4187.115,4189.03,1575
1785934920,4188.98,4191.345,4188.605,4191.18,959
1785934980,4191.135,4195.195,4190.855,4194.585,1085
1785935040,4194.57,4195.24,4192.31,4194.07,806
1785935100,4194.035,4195.44,4192.15,4195.435,889
1785935160,4195.415,4195.905,4194.38,4195.05,747
1785935220,4195.045,4196.135,4191.29,4193.63,854
1785935280,4193.535,4197.27,4193.18,4195.005,1029
1785935340,4194.985,4196.075,4193.76,4194.29,793
1785935400,4194.28,4194.74,4193.585,4194.28,830
1785935460,4194.275,4195.605,4191.495,4191.505,949
1785935520,4191.53,4191.75,4187.04,4189.95,1261
1785935580,4189.99,4190.365,4187.405,4188.2,1101
1785935640,4188.23,4188.465,4187.02,4188.075,745
1785935700,4188.05,4188.65,4186.645,4188.115,629
1785935760,4188.12,4189.535,4187.455,4188.155,762
1785935820,4188.15,4189.1,4187.5,4188.055,603
1785935880,4188.065,4188.48,4185.77,4187.875,861
1785935940,4187.905,4190.82,4187.885,4190.53,781
1785936000,4190.505,4192.255,4190.16,4191.52,737
1785936060,4191.495,4194.87,4191.315,4194.605,839
1785936120,4194.55,4197.095,4193.38,4196.64,812
1785936180,4196.57,4197.755,4195.92,4195.92,791
1785936240,4195.905,4196.635,4193.79,4194.675,971
1785936300,4194.65,4197.12,4193.615,4195.64,802
1785936360,4195.62,4195.635,4193.585,4194.785,914
1785936420,4194.775,4196.13,4193.485,4195.215,590
1785936480,4195.27,4197.76,4194.8,4196.48,531
1785936540,4196.43,4198.245,4196.25,4197.125,504
1785936600,4197.15,4199.8,4194.835,4195.965,1432
1785936660,4195.955,4200.215,4194.985,4200.19,1862
1785936720,4200.265,4201.305,4198.68,4200.26,1576
1785936780,4200.265,4202.82,4200.265,4200.675,1432
1785936840,4200.715,4203.92,4199.485,4202.285,1518
1785936900,4202.265,4203.195,4198.835,4199.21,1781
1785936960,4199.195,4199.335,4196.16,4197.075,1505
1785937020,4197.11,4197.87,4192.67,4194.215,1804
1785937080,4194.255,4195.8,4193.27,4195.79,1652
1785937140,4195.905,4204.76,4193.27,4201.065,1777
1785937200,4201.085,4204.275,4197.83,4201.16,2750
1785937260,4201.275,4202.19,4199.345,4200.21,1498
1785937320,4200.11,4201.345,4199.175,4199.535,904
1785937380,4199.625,4200.225,4197.605,4199.345,949
1785937440,4199.335,4200.515,4197.415,4197.53,1142
1785937500,4197.545,4199.455,4193.29,4193.63,1415
1785937560,4193.59,4196.32,4193.035,4193.43,1234
1785937620,4193.49,4195.285,4193.3,4193.775,889
1785937680,4193.77,4194.88,4191.74,4192.445,1158
1785937740,4192.45,4193.66,4190.805,4193.455,976
1785937800,4193.47,4194.73,4189.59,4191.105,1603
1785937860,4191.2,4192.685,4190.355,4191.685,1532
1785937920,4191.71,4198.765,4191.645,4198.76,1388
1785937980,4198.765,4201.065,4198.395,4199.695,1338
1785938040,4199.695,4201.135,4199.655,4201,986
1785938100,4201.035,4202.13,4200.155,4201.58,1333
1785938160,4201.575,4202.285,4200.67,4201.865,1331
1785938220,4201.86,4204.685,4201.175,4203.35,1353
1785938280,4203.345,4204.695,4202.335,4202.335,1140
1785938340,4202.32,4206.845,4202.145,4206.17,1003
1785938400,4206.11,4207.605,4203.67,4206.33,1765
1785938460,4206.32,4208.905,4204.91,4208.555,1394
1785938520,4208.41,4208.845,4205.79,4208.845,1259
1785938580,4208.83,4210.47,4206.065,4209.12,1606
1785938640,4209.09,4210.88,4208.785,4210.665,1816
1785938700,4210.67,4219.4,4210.48,4217.165,2017
1785938760,4217.15,4220.205,4216.665,4220.165,2206
1785938820,4220.21,4223.47,4218.94,4222.985,1927
1785938880,4222.97,4227.145,4222.825,4225.22,2282
1785938940,4225.195,4228.51,4225.095,4227.71,1429
1785939000,4227.705,4232.685,4227.515,4232.345,1674
1785939060,4232.35,4234.915,4231.875,4233.44,1777
1785939120,4233.43,4234.25,4228.315,4228.33,1566
1785939180,4228.36,4229.295,4225.835,4228.55,1727
1785939240,4228.49,4231.73,4228.065,4229.655,1765
1785939300,4229.65,4231.93,4228.7,4229.17,1659
1785939360,4229.175,4231.505,4228.7,4229.845,1423
1785939420,4229.88,4230.855,4226.68,4229.72,1420
1785939480,4229.74,4236.25,4229.74,4235.945,1997
1785939540,4235.92,4238.895,4235,4236.48,1762
1785939600,4236.485,4238.28,4234.035,4237.83,1842
1785939660,4237.825,4238.41,4235.395,4235.875,1910
1785939720,4235.86,4235.975,4231.68,4234.035,2099
1785939780,4234.15,4234.28,4230.695,4231.68,1767
1785939840,4231.695,4233.745,4231.54,4232.035,1227
1785939900,4232.015,4237.315,4231.815,4236.455,1798
1785939960,4236.465,4238.985,4235.915,4236.715,2032
1785940020,4236.71,4239.06,4235.18,4237.155,2130
1785940080,4237.205,4238.46,4236.12,4237.965,1858
1785940140,4237.96,4240.58,4236.2,4236.865,1624
1785940200,4236.88,4241.245,4236.095,4239.855,1847
1785940260,4239.86,4242.365,4238.42,4239.16,1980
1785940320,4239.155,4239.63,4234.175,4234.72,1730
1785940380,4234.605,4236.95,4233.025,4235.335,1499
1785940440,4235.35,4235.5,4229.36,4230.89,1352
1785940500,4230.86,4233.615,4229.97,4231.475,1687
1785940560,4231.48,4232.655,4230.445,4231.77,1388
1785940620,4231.755,4232.715,4228.805,4230.965,1116
1785940680,4231.055,4232.995,4230.205,4232.125,1361
1785940740,4232.195,4234.115,4230.015,4231.655,1256
1785940800,4231.665,4233.265,4229.885,4233.03,1326
1785940860,4233.05,4234.09,4231.475,4232.475,1016
1785940920,4232.5,4238.335,4232.5,4237.82,1451
1785940980,4237.825,4241.745,4236.765,4241.68,1236
1785941040,4241.47,4243.705,4240.72,4243.34,1032
1785941100,4243.43,4244,4242.39,4242.955,1189
1785941160,4242.925,4243.635,4241.295,4242.1,1185
1785941220,4242.11,4243.64,4241.465,4243.195,884
1785941280,4243.175,4244.535,4242.19,4243.89,1181
1785941340,4243.915,4247.64,4243,4247.41,1463
1785941400,4247.395,4247.555,4245.085,4245.59,1345
1785941460,4245.5,4245.605,4239.795,4241.46,1680
1785941520,4241.445,4241.495,4237.195,4238.66,1279
1785941580,4238.65,4238.85,4233.345,4235.52,1552
1785941640,4235.51,4238.61,4234.66,4237.84,1516
1785941700,4237.885,4239.055,4236.055,4238.57,1377
1785941760,4238.6,4243.135,4237.135,4242.93,1443
1785941820,4242.92,4245.965,4242.615,4244.045,1318
1785941880,4244.035,4244.825,4243.035,4243.995,982
1785941940,4243.99,4245.715,4243.01,4244.26,895
1785942000,4244.3,4249.585,4242.795,4249.265,1487
1785942060,4249.19,4250.685,4248.495,4249.625,1443
1785942120,4249.755,4257.675,4249.735,4255.925,1617
1785942180,4255.945,4258.7,4255.45,4256.75,1755
1785942240,4256.705,4259.87,4255.605,4255.62,1416
1785942300,4255.68,4259.395,4255.43,4257.425,1655
1785942360,4257.435,4258.36,4251.835,4254.375,1667
1785942420,4254.395,4255.48,4252.735,4253.49,1375
1785942480,4253.51,4255.98,4251.915,4255.185,1092
1785942540,4255.18,4256.605,4253.99,4256.575,944
1785942600,4256.505,4260.375,4255.76,4260.15,1030
1785942660,4260.145,4261.06,4258.51,4260.56,1393
1785942720,4260.57,4260.65,4258.38,4259.49,1263
1785942780,4259.45,4259.685,4257.84,4258.565,1250
1785942840,4258.55,4259.955,4257.75,4258.195,1030
1785942900,4258.145,4258.635,4254.975,4254.975,1266
1785942960,4254.98,4256.23,4253.875,4256.175,1036
1785943020,4256.125,4256.91,4254.04,4254.31,1138
1785943080,4254.265,4254.55,4250.275,4253.395,1298
1785943140,4253.44,4257.995,4253.39,4257.48,1320
1785943200,4257.505,4260.07,4256.235,4259.765,1515
1785943260,4259.755,4260.485,4258.445,4260.395,1163
1785943320,4260.35,4262.07,4259.59,4261.415,1192
1785943380,4261.455,4262.04,4259.755,4260.57,932
1785943440,4260.545,4261.42,4259.87,4260.01,847
1785943500,4260.03,4261.54,4259.92,4261.065,642
1785943560,4261.06,4265.29,4260.29,4265.005,880
1785943620,4264.995,4265.235,4260.925,4261.075,1010
1785943680,4261.055,4261.205,4258.14,4259.075,1031
1785943740,4259.05,4259.895,4257.36,4257.715,724
1785943800,4257.695,4257.99,4254.75,4256.88,819
1785943860,4256.93,4259.105,4256.565,4257.95,606
1785943920,4257.93,4259.26,4257.535,4258.72,812
1785943980,4258.715,4259.455,4256.925,4257.31,805
1785944040,4257.225,4257.48,4254.75,4255.105,849
1785944100,4255.095,4256.385,4254.36,4256.11,715
1785944160,4256.155,4257.1,4255.01,4256.63,518
1785944220,4256.615,4258.425,4256.095,4256.125,690
1785944280,4256.13,4259.835,4256.13,4258.995,744
1785944340,4259.04,4259.22,4257.125,4257.78,628
1785944400,4257.775,4257.845,4255.42,4256.645,822
1785944460,4256.62,4257.585,4255.39,4256.975,850
1785944520,4256.96,4256.96,4255.685,4255.95,703
1785944580,4255.965,4256,4253.98,4254.545,671
1785944640,4254.565,4256.285,4252.58,4255.96,696
1785944700,4255.94,4255.97,4251.39,4252.995,1253
1785944760,4253.025,4253.37,4251.145,4251.33,749
1785944820,4251.305,4252.525,4249.9,4251.265,1001
1785944880,4251.245,4253.34,4250.035,4253.13,952
1785944940,4253.105,4253.39,4249.365,4250.06,967
1785945000,4250.05,4250.415,4245.51,4246.135,1265
1785945060,4246.145,4247.43,4243.99,4244.48,1201
1785945120,4244.44,4244.715,4241.76,4242.675,1116
1785945180,4242.68,4244.945,4241.605,4242.495,1082
1785945240,4242.48,4243.775,4241.175,4243.515,904
1785945300,4243.475,4243.64,4239.99,4240.525,531
1785945360,4240.44,4240.735,4237.43,4237.705,1233
1785945420,4237.665,4237.825,4233.27,4233.83,1783
1785945480,4233.815,4235.56,4233.275,4234.73,1307
1785945540,4234.755,4236.525,4232.375,4233.025,1093
1785945600,4233.03,4234.555,4229.945,4232.705,1352
1785945660,4232.7,4233.18,4230.825,4230.91,1020
1785945720,4230.87,4231.88,4228.08,4230.85,1483
1785945780,4230.78,4230.795,4225.64,4225.89,1015
1785945840,4225.84,4227.335,4225.535,4225.96,1071
1785945900,4225.985,4230.395,4224.89,4230.38,1379
1785945960,4230.39,4233.985,4229.32,4231.605,1331
1785946020,4231.63,4234.255,4230.465,4234.155,1286
1785946080,4234.325,4234.915,4232.735,4233.2,896
1785946140,4233.21,4235.75,4232.87,4235.535,931
1785946200,4235.5,4236.455,4233.58,4234.865,1100
1785946260,4234.85,4235.58,4232.84,4234.04,969
1785946320,4234.05,4234.065,4232,4233.145,1118
1785946380,4233.155,4234.035,4232.13,4232.95,645
1785946440,4232.98,4234.48,4231.92,4234.48,796
1785946500,4234.445,4235.325,4232.84,4234.065,969
1785946560,4234.075,4236.135,4233.52,4235.58,1076
1785946620,4235.565,4236.995,4234.165,4236.21,1039
1785946680,4236.255,4236.365,4234.325,4234.665,1261
1785946740,4234.675,4236.285,4233.175,4233.8,1008
1785946800,4233.785,4236.58,4233.735,4235.655,1228
1785946860,4235.63,4236.46,4234.94,4236.02,1168
1785946920,4236.025,4237.68,4235.575,4236.935,1022
1785946980,4236.93,4240.74,4236.785,4239.935,1051
1785947040,4239.95,4240.415,4237.985,4238.85,705
1785947100,4238.86,4241.56,4238.66,4240.91,928
1785947160,4240.88,4241.23,4240.21,4240.575,718
1785947220,4240.65,4240.965,4239.355,4240.04,890
1785947280,4240.045,4241.755,4239.57,4241.05,706
1785947340,4241.045,4241.565,4240.38,4241.34,581
1785947400,4241.395,4243.64,4240.7,4240.945,970
1785947460,4240.935,4241.035,4239.215,4240.085,1069
1785947520,4240.075,4241.155,4239.13,4239.98,767
1785947580,4239.975,4240.78,4239.26,4240.29,804
1785947640,4240.255,4241.56,4240.04,4240.94,571
1785947700,4240.945,4241.605,4240.355,4241.43,702
1785947760,4241.415,4243.58,4241.35,4243.405,698
1785947820,4243.5,4244.96,4242.61,4244.57,832
1785947880,4244.555,4245.825,4244.33,4244.86,611
1785947940,4244.92,4245.475,4243.725,4244.01,654
1785948000,4244.025,4245.9,4243.955,4245.885,688
1785948060,4245.93,4247.075,4245.68,4245.74,747
1785948120,4245.725,4246.42,4245.265,4246.045,646
1785948180,4245.975,4246.195,4243.445,4245.25,592
1785948240,4245.315,4245.755,4244.605,4244.745,448
1785948300,4244.785,4245.67,4243.645,4243.71,812
1785948360,4243.715,4243.94,4241.135,4242.31,939
1785948420,4242.315,4242.79,4241.365,4241.89,801
1785948480,4241.895,4243.855,4241.74,4243.255,763
1785948540,4243.26,4243.325,4241.205,4242.6,652
1785948600,4242.535,4243.83,4242.535,4243.265,661
1785948660,4243.27,4244.005,4242.545,4243.725,791
1785948720,4243.73,4244.79,4243.555,4244.65,778
1785948780,4244.76,4247.48,4244.6,4245.985,996
1785948840,4245.9,4245.9,4243.895,4244.65,647
1785948900,4244.645,4244.7,4240.6,4241.025,876
1785948960,4241.015,4241.36,4238.445,4239.105,807
1785949020,4239.1,4240.71,4239.09,4240.28,539
1785949080,4240.27,4240.94,4238.925,4240.7,542
1785949140,4240.69,4242.81,4240.39,4242.26,713
1785949200,4242.33,4242.965,4239.67,4240.915,1128
1785949260,4240.91,4242.715,4240.495,4240.54,935
1785949320,4240.535,4241.225,4239.32,4240.26,1113
1785949380,4240.27,4241.675,4240.04,4241.47,701
1785949440,4241.425,4243.62,4241.27,4243.615,544
1785949500,4243.565,4244.495,4241.13,4244.38,680
1785949560,4244.34,4244.34,4242.26,4242.415,532
1785949620,4242.47,4244.15,4242.105,4243.97,485
1785949680,4243.935,4244.155,4242.035,4242.215,653
1785949740,4242.215,4243.14,4241.67,4241.67,628
1785949800,4241.62,4243.47,4241.235,4242.365,662
1785949860,4242.35,4244.24,4241.855,4244.24,721
1785949920,4244.18,4244.18,4242.585,4243.405,383
1785949980,4243.4,4243.575,4241.98,4242.265,376
1785950040,4242.18,4242.59,4241.42,4242.15,310
1785950100,4242.08,4242.08,4240.085,4240.655,445
1785950160,4240.65,4240.965,4239.79,4239.985,469
1785950220,4239.96,4241.135,4239.71,4240.47,554
1785950280,4240.39,4240.905,4238.64,4239.13,607
1785950340,4239.14,4239.18,4238.115,4238.745,562
1785950400,4238.685,4239.285,4237.78,4239.13,464
1785950460,4239.12,4239.59,4237.77,4238.52,556
1785950520,4238.495,4238.5,4237.42,4238.23,591
1785950580,4238.255,4239.18,4237,4237.955,656
1785950640,4237.76,4240.545,4237.17,4240.25,735
1785950700,4240.2,4240.43,4237.55,4238.81,762
1785950760,4238.815,4239.825,4238.245,4238.55,754
1785950820,4238.555,4243.7,4238.555,4242.16,1064
1785950880,4242.185,4246.68,4242.185,4245.7,1071
1785950940,4245.7,4246.575,4243.555,4244.915,1998
1785951000,4244.92,4244.92,4242.445,4243.295,1109
1785951060,4243.26,4243.51,4241.225,4242.47,780
1785951120,4242.355,4242.575,4241.03,4242.505,670
1785951180,4242.48,4246.025,4241.965,4245.91,688
1785951240,4245.915,4248.37,4245.865,4248.275,745
1785951300,4248.28,4248.73,4247.575,4248.19,728
1785951360,4248.175,4248.445,4246.08,4246.865,723
1785951420,4246.86,4248.325,4246.85,4247.96,464
1785951480,4247.855,4250.015,4247.33,4249.68,638
1785951540,4249.69,4250.68,4249.255,4250.195,555
1785951600,4250.155,4250.99,4249.835,4250.55,538
1785951660,4250.565,4250.615,4248.375,4248.465,537
1785951720,4248.46,4250.145,4247.885,4249.87,505
1785951780,4249.875,4250.27,4249.075,4249.075,292
1785951840,4249.05,4249.58,4248.285,4248.355,356
1785951900,4248.315,4249.145,4248.03,4249.145,559
1785951960,4249.155,4249.255,4247.805,4247.95,468
1785952020,4247.96,4249.875,4247.575,4249.59,447
1785952080,4249.62,4250.95,4248.915,4250.51,384
1785952140,4250.43,4250.75,4248.665,4249.1,369
1785952200,4249.115,4249.985,4248.56,4249.785,504
1785952260,4249.815,4249.9,4248.735,4249.725,462
1785952320,4249.7,4250.415,4249.095,4249.1,507
1785952380,4249.095,4249.705,4248.9,4249.44,306
1785952440,4249.415,4249.605,4249.33,4249.45,263
1785952500,4249.455,4250.435,4249.43,4250.085,381
1785952560,4250.095,4251.75,4249.715,4251.75,238
1785952620,4251.755,4252.555,4251.1,4252.055,497
1785952680,4252.06,4252.135,4251.07,4251.23,409
1785952740,4251.24,4251.87,4250.17,4250.36,499
1785952800,4249.95,4251.385,4249.26,4250.02,890
1785952860,4250.035,4252.955,4249.92,4252.635,653
1785952920,4252.65,4254.48,4252.31,4252.94,648
1785952980,4252.965,4253.215,4251.725,4252.1,537
1785953040,4252.065,4253.3,4251.85,4253.1,510
1785953100,4253.06,4255,4252.895,4254.865,656
1785953160,4254.905,4256.295,4254.62,4255.21,513
1785953220,4255.215,4255.7,4254.805,4255.7,540
1785953280,4255.71,4257.485,4255.415,4255.865,568
1785953340,4255.87,4256.01,4254.39,4255.775,479
1785953400,4255.765,4257.37,4255.765,4256.075,508
1785953460,4256.07,4257.615,4255.82,4256.99,491
1785953520,4256.985,4257.17,4256.555,4256.865,493
1785953580,4256.86,4256.95,4255.775,4256.125,435
1785953640,4256.165,4256.445,4253.14,4253.265,563
1785953700,4253.275,4254.01,4253.035,4253.65,652
1785953760,4253.64,4254.8,4253.4,4254.58,436
1785953820,4254.525,4256.475,4254.525,4255.8,412
1785953880,4255.755,4256.48,4255.535,4256.475,342
1785953940,4256.47,4257.525,4256.245,4257.035,433
1785954000,4257.01,4259.65,4256.89,4259.5,806
1785954060,4259.505,4261.095,4259.34,4260.47,624
1785954120,4260.38,4263.74,4260.38,4263.695,709
1785954180,4263.68,4268.09,4262.555,4266.455,865
1785954240,4266.51,4267.125,4262.3,4263.635,856
1785954300,4263.565,4265.57,4263.225,4264.16,618
1785954360,4264.11,4264.925,4262.195,4262.74,492
1785954420,4262.735,4263.895,4262.595,4263.04,643
1785954480,4263.055,4263.595,4262.42,4263.205,788
1785954540,4263.2,4263.84,4262.605,4263,649
1785954600,4263.02,4263.86,4262.445,4263.165,814
1785954660,4263.155,4263.165,4260.375,4260.375,593
1785954720,4260.41,4260.7,4258.585,4259.015,706
1785954780,4258.995,4258.995,4256.55,4257.225,665
1785954840,4257.235,4257.72,4254.66,4255.4,599
1785954900,4255.385,4257.59,4255.3,4257.57,710
1785954960,4257.575,4258.335,4255.865,4256.245,509
1785955020,4256.29,4257.155,4256.025,4256.735,443
1785955080,4256.685,4258.325,4256.365,4257.935,393
1785955140,4257.945,4258.39,4257.31,4257.605,366
1785955200,4257.525,4260.465,4257.155,4259.73,610
1785955260,4259.73,4260.09,4257.9,4258.985,582
1785955320,4259.005,4260.53,4258.445,4260.36,469
1785955380,4260.3,4260.455,4259.23,4259.935,493
1785955440,4259.895,4260.03,4258.66,4259.455,564
1785955500,4259.46,4261.68,4259.335,4260.65,780
1785955560,4260.655,4260.695,4260.045,4260.445,346
1785955620,4260.44,4260.865,4259.26,4259.515,369
1785955680,4259.51,4261.165,4258.95,4259.08,557
1785955740,4259.09,4259.33,4258.175,4259.12,515
1785955800,4259.115,4262.625,4258.76,4262.045,651
1785955860,4262.055,4262.315,4260.455,4261.675,633
1785955920,4261.66,4262.38,4261.2,4262.295,547
1785955980,4262.29,4262.775,4261.755,4262.385,551
1785956040,4262.485,4262.73,4262.08,4262.205,288
1785956100,4262.2,4263.645,4261.58,4263.355,435
1785956160,4263.4,4263.71,4262.355,4262.59,405
1785956220,4262.585,4263.145,4262.045,4262.395,399
1785956280,4262.41,4262.495,4260.69,4261.535,383
1785956340,4261.615,4261.875,4260.905,4260.985,286
1785956400,4261,4261.99,4259.4,4261.965,927
1785956460,4261.98,4262.27,4260.015,4261.86,480
1785956520,4261.83,4261.97,4259.86,4260.09,375
1785956580,4260.05,4260.965,4259.665,4260.575,499
1785956640,4260.58,4262.185,4260.51,4262.055,485
1785956700,4262.065,4262.205,4261.145,4261.47,449
1785956760,4261.5,4261.505,4259.875,4260.02,513
1785956820,4259.985,4261.245,4258.835,4260.865,671
1785956880,4260.855,4261.84,4258.9,4258.905,419
1785956940,4258.93,4258.96,4257.61,4257.955,293
1785957000,4257.95,4257.95,4256.275,4256.875,388
1785957060,4256.905,4257.66,4256.235,4257.54,612
1785957120,4257.545,4258.19,4257.305,4257.875,550
1785957180,4257.9,4258.83,4257.7,4257.81,600
1785957240,4257.775,4259.115,4257.615,4258.21,441
1785957300,4258.245,4258.38,4257.085,4257.16,428
1785957360,4257.26,4257.41,4255.375,4255.57,515
1785957420,4255.485,4256.27,4254.78,4255.69,615
1785957480,4255.725,4256.135,4254.57,4254.57,337
1785957540,4254.58,4254.77,4250.835,4251.925,716
1785957600,4251.94,4252.785,4251.395,4251.495,390
1785957660,4251.505,4252.825,4250.58,4252.5,606
1785957720,4252.495,4254.03,4251.975,4253.82,487
1785957780,4253.825,4255.66,4253.75,4254.57,472
1785957840,4254.595,4255.635,4254.165,4255.445,372
1785957900,4255.365,4256.145,4254.885,4255.615,403
1785957960,4255.62,4255.94,4255.085,4255.69,337
1785958020,4255.72,4255.855,4253.1,4253.14,552
1785958080,4253.185,4254.025,4252.89,4253.925,656
1785958140,4253.915,4254.235,4252.87,4252.975,698
1785958200,4253.085,4254.265,4252.945,4253.535,994
1785958260,4253.515,4253.555,4249.67,4250.375,762
1785958320,4250.38,4252.09,4250.155,4251.375,575
1785958380,4251.42,4251.72,4249.81,4250.62,484
1785958440,4250.58,4250.935,4249.73,4249.775,446
1785958500,4249.835,4250.285,4248.455,4250.205,673
1785958560,4250.26,4250.39,4249.54,4250.155,483
1785958620,4250.135,4250.42,4248.68,4249.19,491
1785958680,4249.2,4251.065,4249.15,4250.42,427
1785958740,4250.405,4250.505,4249.37,4250.445,387
1785958800,4250.475,4253.165,4250.405,4252.99,576
1785958860,4252.925,4253.06,4251.45,4252.405,549
1785958920,4252.42,4253.295,4251.71,4252.98,560
1785958980,4253,4253.645,4251.645,4251.795,512
1785959040,4251.805,4253.49,4251.58,4253.25,604
1785959100,4253.105,4253.62,4252.42,4252.72,636
1785959160,4252.685,4252.72,4251.03,4251.205,593
1785959220,4251.21,4252.16,4250.355,4250.455,483
1785959280,4250.45,4250.52,4249.01,4249.04,525
1785959340,4249.055,4249.405,4248.235,4248.73,484
1785959400,4248.74,4249.045,4247.245,4247.415,703
1785959460,4247.43,4249.32,4247.365,4249.23,563
1785959520,4249.26,4249.845,4248.04,4248.47,512
1785959580,4248.405,4249.045,4247.535,4247.72,497
1785959640,4247.73,4249.08,4247.205,4248.95,582
1785959700,4248.91,4249.355,4246.955,4248.935,915
1785959760,4248.93,4249.235,4248.25,4248.89,568
1785959820,4248.895,4249.305,4247.6,4247.775,460
1785959880,4247.76,4248.175,4246.405,4247.12,917
1785959940,4247.04,4247.825,4246.575,4247.13,1222
1785960000,4247.08,4248.565,4246.79,4248.115,435
1785960060,4248.095,4249.645,4248.095,4248.59,344
1785960120,4248.595,4248.595,4247.345,4248.59,259
1785960180,4248.54,4248.785,4247.485,4247.75,160
1785960240,4247.79,4249.05,4247.72,4248.66,158
1785960300,4248.625,4249.015,4247.605,4248.68,530
1785960360,4248.715,4249.045,4247.74,4248.06,430
1785960420,4248.08,4248.67,4247.375,4247.545,238
1785960480,4247.55,4247.78,4247.075,4247.63,181
1785960540,4247.67,4247.8,4247.015,4247.8,208
1785960600,4247.825,4248.3,4247.66,4247.865,212
1785960660,4247.83,4248.46,4247.635,4248.07,173
1785960720,4248.06,4248.55,4247.675,4248.415,142
1785960780,4248.44,4248.855,4248.23,4248.69,146
1785960840,4248.685,4249.695,4248.685,4249.23,129
1785960900,4249.35,4249.76,4247.29,4247.645,142
1785960960,4247.6,4248.38,4247.5,4248.08,161
1785961020,4248.04,4248.04,4245.605,4245.865,318
1785961080,4245.885,4246.695,4245.885,4246.545,292
1785961140,4246.53,4246.65,4246.06,4246.165,258
1785961200,4246.16,4246.16,4245.55,4245.985,274
1785961260,4245.98,4246.26,4245.635,4245.745,193
1785961320,4245.85,4246.595,4245.81,4246.445,128
1785961380,4246.395,4246.725,4246.19,4246.39,116
1785961440,4246.325,4247.32,4246.315,4247.115,85
1785961500,4247.17,4247.17,4246.625,4246.68,58
1785961560,4246.685,4246.725,4245.655,4246.445,106
1785961620,4246.5,4246.655,4245.88,4245.94,126
1785961680,4246.015,4246.155,4245.78,4246.025,86
1785961740,4246.04,4246.975,4245.71,4246.305,130
1785961800,4246.26,4246.98,4245.925,4246.835,140
1785961860,4246.86,4247.35,4246.05,4246.165,129
1785961920,4246.2,4247.64,4246.2,4247.64,79
1785961980,4247.59,4248.59,4247.49,4248.575,80
1785962040,4248.585,4249.6,4248.365,4249.325,166
1785962100,4249.33,4249.4,4248.69,4249.015,115
1785962160,4249.055,4249.065,4247.47,4247.765,139
1785962220,4247.65,4247.9,4247.32,4247.37,75
1785962280,4247.34,4247.45,4246.71,4247.235,59
1785962340,4247.255,4247.335,4246.77,4246.865,54
1785962400,4246.77,4247.12,4246.685,4247.09,29
1785962460,4247.12,4247.535,4246.495,4246.54,88
1785962520,4246.47,4246.675,4246.18,4246.315,37
1785962580,4246.305,4246.465,4245.84,4245.84,98
1785962640,4245.855,4245.855,4245.23,4245.545,89
1785962700,4245.48,4245.635,4245.075,4245.585,113
1785962760,4245.635,4245.655,4245.305,4245.35,38
1785962820,4245.305,4245.445,4243.79,4243.975,115
1785962880,4244.07,4244.55,4243.935,4244.355,94
1785962940,4244.46,4244.46,4244.105,4244.265,54
1785963000,4244.2,4245.5,4244.2,4244.5,97
1785963060,4244.565,4244.655,4243.945,4244.155,98
1785963120,4244.19,4244.965,4244.14,4244.825,90
1785963180,4244.765,4244.81,4244.035,4244.425,74
1785963240,4244.35,4244.615,4244.15,4244.25,102
1785963300,4244.245,4244.67,4243.06,4244.52,211
1785963360,4244.535,4245.21,4244.18,4245.05,95
1785963420,4245.1,4246.51,4244.715,4246.375,242
1785963480,4246.405,4247.155,4246.22,4247.05,310
1785963540,4247.01,4247.335,4246.89,4247.275,21
1785967440,4249.5,4249.615,4249.43,4249.53,16
1785967500,4249.45,4249.53,4246.63,4247.155,242
1785967560,4247.045,4248.055,4245.825,4246.44,283
1785967620,4246.45,4248.39,4245.975,4247.805,299
1785967680,4247.8,4249.715,4246.895,4248.095,229
1785967740,4248.15,4248.19,4246.775,4246.775,205
1785967800,4246.94,4248.36,4246.495,4248.27,146
1785967860,4248.26,4248.515,4247.505,4248.3,186
1785967920,4248.325,4248.375,4246.735,4246.95,137
1785967980,4247.005,4247.98,4246.795,4247.925,169
1785968040,4247.93,4248.245,4247.065,4247.795,148
1785968100,4247.79,4248.175,4247.47,4247.995,188
1785968160,4247.97,4248.325,4247.57,4248.325,173
1785968220,4248.495,4248.555,4247.33,4247.76,150
1785968280,4247.745,4247.995,4247.225,4247.525,157
1785968340,4247.58,4248.185,4247.45,4247.745,75
1785968400,4247.74,4248.365,4247.11,4248.06,149
1785968460,4247.855,4248.37,4246.99,4248.255,138
1785968520,4248.25,4248.42,4247.425,4247.92,129
1785968580,4247.925,4248,4247.51,4247.845,71
1785968640,4247.935,4248.965,4247.935,4248.285,229
1785968700,4248.305,4248.44,4247.485,4247.69,199
1785968760,4247.695,4248.31,4247.345,4247.525,109
1785968820,4247.59,4248.05,4247.535,4247.675,66
1785968880,4247.665,4248.115,4247.445,4247.55,106
1785968940,4247.515,4248.825,4247.465,4248.05,167
1785969000,4247.955,4250.105,4247.635,4249.845,246
1785969060,4249.875,4249.89,4249.02,4249.215,213
1785969120,4249.315,4249.635,4248.755,4249.095,202
1785969180,4249.1,4249.795,4249.07,4249.53,165
1785969240,4249.545,4249.935,4249.405,4249.505,152
1785969300,4249.55,4250.37,4249.545,4250.14,225
1785969360,4250.12,4250.22,4249.46,4249.675,158
1785969420,4249.685,4250.275,4249.335,4249.575,160
1785969480,4249.57,4249.695,4249.235,4249.295,154
1785969540,4249.275,4249.64,4249.155,4249.58,108
1785969600,4249.575,4250.035,4249.265,4249.275,170
1785969660,4249.28,4249.62,4249.25,4249.26,72
1785969720,4249.285,4249.525,4249.11,4249.11,54
1785969780,4249.17,4249.615,4248.085,4248.655,190
1785969840,4248.66,4248.775,4248.115,4248.345,141
1785969900,4248.325,4248.385,4248.08,4248.355,91
1785969960,4248.3,4248.35,4247.845,4248.01,100
1785970020,4248.02,4249.13,4247.82,4249.13,156
1785970080,4249.14,4249.25,4248.195,4248.93,218
1785970140,4248.935,4249.075,4248.4,4248.775,136
1785970200,4248.75,4249.28,4248.33,4248.66,172
1785970260,4248.665,4248.86,4248.305,4248.67,159
1785970320,4248.62,4249.35,4248.195,4249.35,117
1785970380,4249.275,4249.275,4248.745,4248.755,89
1785970440,4248.74,4248.915,4248.365,4248.365,93
1785970500,4248.37,4248.965,4248.305,4248.415,106
1785970560,4248.49,4248.715,4248.085,4248.38,91
1785970620,4248.475,4249.225,4248.09,4249.03,104
1785970680,4249.01,4249.13,4248.71,4248.83,89
1785970740,4248.795,4250.385,4248.68,4250.045,113
1785970800,4250.055,4250.29,4249.12,4249.995,215
1785970860,4250.055,4250.615,4249.52,4249.99,147
1785970920,4249.985,4251.595,4249.88,4251.595,199
1785970980,4251.58,4252.105,4251.075,4251.76,198
1785971040,4251.765,4252.79,4251.75,4252.75,199
1785971100,4252.8,4254.43,4251.95,4254.27,199
1785971160,4254.275,4254.61,4253.725,4253.735,153
1785971220,4253.625,4253.625,4252.825,4252.97,170
1785971280,4252.96,4252.97,4251.9,4251.915,145
1785971340,4251.865,4252.18,4251.625,4252.165,103
1785971400,4252.145,4253.965,4252.065,4253.71,166
1785971460,4253.625,4254.08,4253.32,4254.08,80
1785971520,4254.065,4258.37,4253.745,4257.4,345
1785971580,4257.36,4257.36,4252.985,4254.37,303
1785971640,4254.375,4256.545,4254.37,4256.31,196
1785971700,4256.26,4258.83,4256.075,4258.755,260
1785971760,4258.765,4259.56,4257.965,4258.025,243
1785971820,4258,4259.05,4257.945,4258.65,178
1785971880,4258.605,4260.98,4258.32,4260.045,350
1785971940,4259.72,4260.175,4257.94,4259.76,218
1785972000,4259.71,4259.795,4258.255,4258.515,234
1785972060,4258.445,4258.93,4257.955,4258.795,184
1785972120,4258.79,4261.095,4258.6,4261.06,216
1785972180,4261.075,4262.88,4260.98,4262.295,415
1785972240,4262.31,4262.7,4261.855,4262.285,159
1785972300,4262.34,4262.34,4260.68,4260.72,101
1785972360,4260.65,4262.57,4260.51,4262.3,170
1785972420,4262.29,4262.29,4261.085,4261.41,175
1785972480,4261.36,4263.1,4261.33,4262.98,169
1785972540,4263.045,4264.3,4262.765,4263.62,212
1785972600,4263.64,4263.94,4262.665,4262.935,233
1785972660,4262.855,4263.2,4262.425,4262.855,260
1785972720,4262.865,4263.02,4262.175,4262.315,107
1785972780,4262.31,4262.675,4261.51,4261.845,224
1785972840,4261.82,4265.35,4261.305,4265.105,345
1785972900,4265.13,4274.83,4265.12,4274.23,1161
1785972960,4274.17,4277.15,4274.07,4275.21,801
1785973020,4275.225,4279.2,4271.73,4279.2,618
1785973080,4279.225,4279.945,4277.265,4278.29,542
1785973140,4278.415,4279.85,4277.83,4278.175,378
1785973200,4278.18,4280.66,4278.18,4279.81,562
1785973260,4279.78,4280.05,4276.505,4278.5,381
1785973320,4278.485,4281.62,4277.67,4281.205,384
1785973380,4281.36,4282.04,4279.63,4279.67,462
1785973440,4279.675,4282.05,4279.16,4280.73,359
1785973500,4280.705,4280.915,4274.7,4278.125,634
1785973560,4278.075,4279.24,4276.86,4277.295,422
1785973620,4277.31,4277.31,4272.955,4272.995,531
1785973680,4272.98,4275.6,4272.175,4272.175,640
1785973740,4272.155,4276.15,4272.155,4274.92,558
1785973800,4274.985,4275.58,4272.645,4274.95,438
1785973860,4274.895,4275.46,4273.655,4275.45,331
1785973920,4275.515,4277.045,4275.43,4276.125,672
1785973980,4276.13,4277.11,4275.73,4275.98,366
1785974040,4275.985,4276.845,4274.85,4275.78,305
1785974100,4275.815,4276.04,4274.89,4275.79,312
1785974160,4275.795,4276.91,4274.825,4276.46,174
1785974220,4276.53,4276.725,4274.33,4274.69,270
1785974280,4274.74,4279.85,4274.695,4279.41,454
1785974340,4279.415,4279.93,4277.46,4278.305,572
1785974400,4278.315,4278.315,4270.815,4271.995,1381
1785974460,4271.985,4271.985,4265.175,4265.385,1090
1785974520,4265.395,4269.95,4265.13,4267.73,995
1785974580,4267.725,4268.895,4264.895,4267.15,738
1785974640,4267.16,4269.01,4265.715,4268.43,608
1785974700,4268.435,4270.15,4267.13,4267.835,707
1785974760,4267.915,4269.11,4266.24,4267.125,527
1785974820,4267.27,4271.435,4266.54,4271.385,749
1785974880,4271.39,4277.36,4270.815,4277,1023
1785974940,4276.99,4276.99,4271.42,4271.68,645
1785975000,4271.48,4271.48,4268.85,4271.02,757
1785975060,4271.025,4273.35,4268.075,4268.62,924
1785975120,4268.61,4269.05,4264.64,4266.145,874
1785975180,4266.14,4266.565,4264.815,4265.58,564
1785975240,4265.575,4271.5,4265.575,4270.915,634
1785975300,4270.995,4273.045,4270.995,4272.78,685
1785975360,4273.015,4275.48,4272.61,4273.79,869
1785975420,4273.81,4277.05,4273.685,4274.74,589
1785975480,4274.745,4275.075,4272.685,4272.98,515
1785975540,4272.915,4274.96,4272.415,4274.54,698
1785975600,4274.535,4281.935,4274.535,4275.51,1331
1785975660,4275.545,4278.335,4273.645,4277.985,731
1785975720,4277.98,4281.08,4276.515,4280.965,1044
1785975780,4281.13,4283.84,4280.905,4283.295,802
1785975840,4283.445,4283.945,4281.8,4282.29,573
1785975900,4282.35,4284,4282.04,4283.26,527
1785975960,4283.295,4284.755,4281.13,4281.67,782
1785976020,4281.62,4282.17,4277.12,4277.725,929
1785976080,4277.775,4278.15,4272.845,4273.155,775
1785976140,4273.095,4275.57,4272.215,4274.185,926
1785976200,4274.15,4277.885,4273.98,4275.945,549
1785976260,4275.92,4277.45,4275.105,4277.4,597
1785976320,4277.385,4279.345,4276.84,4278.51,489
1785976380,4278.56,4284.89,4278.455,4284.71,780
1785976440,4284.685,4287.265,4284.685,4286.17,973
1785976500,4286.155,4291.02,4285.845,4286.04,1044
1785976560,4286.045,4286.74,4282.925,4285.805,866
1785976620,4285.59,4289.925,4284.825,4288.355,790
1785976680,4288.185,4290.34,4287.355,4288,511
1785976740,4287.92,4288.19,4285.19,4285.525,768
1785976800,4285.515,4289.15,4285.21,4288.245,722
1785976860,4288.345,4289.42,4286.815,4287.885,633
1785976920,4287.805,4288.845,4284.4,4284.78,488
1785976980,4284.76,4286.635,4284.485,4285.855,505
1785977040,4285.865,4287.155,4285.48,4286.375,324
1785977100,4286.395,4292.145,4286.395,4291.045,731
1785977160,4291.02,4295.615,4290.805,4294.51,763
1785977220,4294.49,4294.88,4289.82,4291.575,741
1785977280,4291.52,4292.815,4288.945,4290.81,778
1785977340,4290.825,4291.875,4287.595,4287.595,879
1785977400,4287.58,4293.815,4286.22,4293.42,888
1785977460,4293.405,4295.235,4291.475,4292.33,972
1785977520,4292.36,4294.075,4291.3,4293.805,742
1785977580,4293.825,4295.24,4292.645,4294.925,875
1785977640,4294.675,4297.005,4294.445,4296.72,930
1785977700,4296.71,4300.39,4295.68,4299.82,872
1785977760,4299.71,4300.115,4294.62,4295.58,820
1785977820,4295.56,4296.195,4294.59,4295.495,587
1785977880,4295.505,4296.455,4294.215,4294.26,492
1785977940,4294.24,4298.635,4293.9,4294.985,1004
1785978000,4294.99,4299.43,4293.365,4296.865,1954
1785978060,4296.925,4302.74,4295.235,4302.02,1970
1785978120,4302.055,4302.705,4298.515,4298.515,1798
1785978180,4298.54,4298.86,4291.31,4293.545,2241
1785978240,4293.52,4296.455,4292.525,4292.965,1543
1785978300,4292.96,4296.005,4287.99,4288.78,1600
1785978360,4288.765,4291.58,4286.92,4289.15,1384
1785978420,4289.125,4295.54,4288.615,4294.27,1303
1785978480,4294.32,4298.49,4294.315,4297.045,967
1785978540,4297.06,4298.44,4295.1,4296.825,927
1785978600,4296.815,4298.635,4293.195,4294.58,951
1785978660,4294.53,4294.735,4285.89,4286.28,1219
1785978720,4286.385,4286.385,4280.78,4282.6,1773
1785978780,4282.735,4283.72,4280.365,4282.435,1134
1785978840,4282.34,4285.335,4281.32,4284.915,1147
1785978900,4284.92,4286.9,4284.265,4286.445,770
1785978960,4286.51,4287.535,4283.56,4285.915,1100
1785979020,4285.9,4288.045,4283.42,4286.73,673
1785979080,4286.725,4286.89,4283.325,4285.31,704
1785979140,4285.435,4286.575,4283.45,4283.89,648
1785979200,4283.94,4285.125,4279.54,4279.57,858
1785979260,4279.72,4280.51,4275.085,4275.53,1265
1785979320,4275.525,4276.985,4272.98,4274.775,1064
1785979380,4274.985,4277.46,4274.055,4274.94,774
1785979440,4274.73,4283.39,4274.25,4283.39,1023
1785979500,4283.36,4285.81,4281.005,4283.29,817
1785979560,4283.24,4285.87,4283.22,4285.58,609
1785979620,4285.575,4286.075,4280.66,4280.995,721
1785979680,4281.045,4281.195,4275.38,4275.705,810
1785979740,4275.71,4277.27,4273.73,4276.2,1211
1785979800,4276.21,4284.785,4275.84,4284.67,1205
1785979860,4284.57,4286.55,4282.62,4286.445,984
1785979920,4286.44,4286.44,4282.76,4284.09,1023
1785979980,4284.08,4284.755,4282.435,4283.18,994
1785980040,4283.075,4284.705,4280.795,4284.115,1243
1785980100,4284.355,4285.055,4281.535,4282.21,1015
1785980160,4282.275,4286.185,4281.715,4285.88,1151
1785980220,4285.89,4289.52,4284.645,4288.955,1181
1785980280,4288.95,4293.225,4288.91,4292.4,1364
1785980340,4292.42,4297.39,4291.82,4293.005,1075
1785980400,4293.015,4293.025,4288.47,4288.875,1337
1785980460,4288.925,4291.91,4288.895,4289.715,1150
1785980520,4289.71,4291.165,4288.47,4289.795,513
1785980580,4289.845,4289.93,4287.85,4288.99,516
1785980640,4288.985,4289.585,4287.64,4287.68,440
1785980700,4287.635,4288.73,4286.69,4287.525,586
1785980760,4287.515,4288.89,4282.945,4288.495,739
1785980820,4288.515,4291.51,4287.715,4287.935,802
1785980880,4287.89,4295.255,4287.3,4295.08,832
1785980940,4295.085,4295.515,4292.305,4293.375,889
1785981000,4293.125,4297.415,4292.865,4294.455,1127
1785981060,4294.45,4296.76,4294.075,4295.435,881
1785981120,4295.425,4295.545,4290.97,4291.875,1061
1785981180,4291.9,4292.4,4289.815,4291.355,937
1785981240,4291.35,4291.65,4287.56,4287.635,699
1785981300,4287.71,4288.955,4286.785,4287.9,644
1785981360,4287.82,4288.83,4286.865,4287.66,530
1785981420,4287.555,4287.555,4285.025,4286.3,675
1785981480,4286.325,4288,4285.785,4287.345,631
1785981540,4287.35,4288.375,4286.54,4286.64,380
1785981600,4286.405,4288.3,4283.515,4288.3,691
1785981660,4288.34,4291.06,4287.805,4290.575,713
1785981720,4290.555,4291.68,4290.05,4290.955,599
1785981780,4291.01,4293.72,4290.425,4293.62,535
1785981840,4293.665,4297.245,4293.45,4296.935,675
1785981900,4297.04,4304.31,4297.04,4301.015,1272
1785981960,4300.89,4302.83,4299.75,4302.095,818
1785982020,4302.16,4304.145,4302.11,4303.565,985
1785982080,4303.59,4304.165,4299.16,4299.515,879
1785982140,4299.53,4301.735,4299.3,4301.32,800
1785982200,4301.295,4302.84,4299.48,4299.61,747
1785982260,4299.585,4300.015,4292.545,4293.2,929
1785982320,4293.17,4298.35,4293.13,4296.045,641
1785982380,4296.06,4298.885,4296.05,4296.525,442
1785982440,4296.37,4296.61,4294.765,4295.205,612
1785982500,4295.22,4297.775,4295.09,4297.37,399
1785982560,4297.5,4298.875,4297.17,4298.15,413
1785982620,4298.21,4300.23,4298.12,4298.54,619
1785982680,4298.525,4298.84,4296.55,4296.715,442
1785982740,4296.66,4296.73,4292.72,4293.99,522
1785982800,4293.895,4294.49,4292.925,4293.41,418
1785982860,4293.39,4294.335,4292.495,4294.325,246
1785982920,4294.32,4295.115,4293.345,4294.35,381
1785982980,4294.155,4294.625,4292.695,4294.335,355
1785983040,4294.48,4295.265,4293.515,4293.59,351
1785983100,4293.575,4293.96,4292.055,4292.145,627
1785983160,4292.16,4293.295,4291.915,4292.825,499
1785983220,4292.815,4294.005,4292.735,4293.325,353
1785983280,4293.255,4295.245,4292.51,4292.86,393
1785983340,4292.845,4294.22,4291.98,4292.285,429
1785983400,4292.275,4292.49,4283.115,4284.67,1533
1785983460,4284.66,4285.95,4283.215,4284.975,718
1785983520,4284.995,4285.105,4282.74,4283.6,693
1785983580,4283.7,4284.935,4282.535,4283.16,682
1785983640,4283.195,4286.34,4282.65,4286.165,741
1785983700,4286.17,4286.825,4285.29,4286.495,726
1785983760,4286.505,4287.365,4284.65,4284.775,1047
1785983820,4284.735,4285.915,4284.17,4285.065,550
1785983880,4285.035,4287.47,4284.96,4286.795,515
1785983940,4286.77,4288.505,4285.22,4285.425,438
1785984000,4285.56,4285.66,4281.755,4281.9,541
1785984060,4281.89,4284.03,4281.26,4283.735,520
1785984120,4283.775,4284.04,4281.715,4281.91,573
1785984180,4281.92,4283.905,4281.12,4283.66,469
1785984240,4283.71,4286.005,4283.345,4285.91,461
1785984300,4285.92,4287.33,4281.95,4282.265,807
1785984360,4282.23,4283.425,4281.335,4281.435,586
1785984420,4281.41,4283.2,4281.41,4281.915,584
1785984480,4281.95,4282.545,4277.87,4278.005,693
1785984540,4278.06,4278.34,4274.93,4276.615,863
1785984600,4276.645,4278.955,4275.99,4278.92,751
1785984660,4278.97,4280.295,4277.875,4280.295,587
1785984720,4280.29,4280.835,4278.045,4278.56,836
1785984780,4278.63,4279.1,4276.71,4276.855,658
1785984840,4276.86,4279.85,4276.86,4278.32,685
1785984900,4278.29,4280.045,4276.845,4279.845,837
1785984960,4279.79,4280.195,4277.245,4277.675,834
1785985020,4277.64,4279.235,4277.1,4278.765,599
1785985080,4278.785,4279.765,4278.03,4279.2,970
1785985140,4279.195,4279.37,4277.645,4278.71,757
1785985200,4278.735,4278.735,4275.705,4276.285,970
1785985260,4276.15,4278.735,4275.87,4276.905,659
1785985320,4276.92,4277.04,4275.435,4276.575,511
1785985380,4276.65,4277.35,4275.64,4276.02,623
1785985440,4276.025,4276.645,4275.895,4276.475,372
1785985500,4276.47,4280.175,4276.335,4279.585,770
1785985560,4279.535,4280.535,4278.82,4278.97,605
1785985620,4278.975,4279.845,4278.31,4278.945,660
1785985680,4278.93,4279.595,4278.14,4278.96,394
1785985740,4279.02,4280.95,4277.87,4279.155,678
1785985800,4279.07,4280.01,4278.84,4279.745,451
1785985860,4279.755,4280.235,4277.015,4279.595,520
1785985920,4279.57,4279.57,4277.305,4278.175,394
1785985980,4278.135,4278.2,4274.09,4275.105,946
1785986040,4275.155,4276.295,4273.92,4274.05,665
1785986100,4274.035,4274.035,4270.58,4270.85,1044
1785986160,4270.865,4271.015,4268.125,4268.25,782
1785986220,4268.255,4269.11,4264.63,4265.795,1065
1785986280,4265.87,4267.185,4264.5,4267.185,759
1785986340,4267.08,4267.605,4265.63,4267.345,507
1785986400,4267.41,4267.6,4264.91,4266.435,633
1785986460,4266.52,4267.405,4264.995,4267.375,632
1785986520,4267.38,4267.39,4265.29,4266.045,519
1785986580,4266.07,4266.07,4264.555,4264.725,582
1785986640,4264.75,4265.855,4263.895,4264.16,770
1785986700,4264.155,4265.035,4261.635,4262.49,1040
1785986760,4262.485,4262.885,4261.41,4262.365,623
1785986820,4262.385,4262.5,4260.92,4261.28,802
1785986880,4261.275,4264.18,4261.11,4263.875,667
1785986940,4263.86,4266.275,4263.115,4266.26,691
1785987000,4266.245,4266.75,4264.86,4266.605,356
1785987060,4266.62,4266.725,4265.355,4265.62,401
1785987120,4265.655,4265.96,4263.92,4264.895,491
1785987180,4264.89,4265.04,4263.34,4264.045,362
1785987240,4264.1,4266.665,4264.08,4266.605,435
1785987300,4266.62,4266.66,4265.165,4265.665,247
1785987360,4265.605,4265.83,4263.88,4264.225,293
1785987420,4264.235,4266.7,4264,4265.83,289
1785987480,4265.725,4267.01,4264.24,4264.67,276
1785987540,4264.645,4265.08,4263.4,4263.825,375
1785987600,4263.82,4264.575,4262.1,4262.195,407
1785987660,4262.25,4263.465,4261.82,4263.22,526
1785987720,4263.265,4263.525,4261.575,4262.505,394
1785987780,4262.52,4264.245,4262.52,4263.345,363
1785987840,4263.385,4264.15,4262.585,4262.9,293
1785987900,4262.905,4263.47,4261.03,4261.175,431
1785987960,4261.165,4262.125,4260.5,4261.775,361
1785988020,4261.865,4262.525,4261.09,4262.105,403
1785988080,4262.095,4262.655,4260.48,4262.655,500
1785988140,4262.725,4263.65,4262.25,4263.085,398
1785988200,4263.015,4263.015,4261.4,4261.53,271
1785988260,4261.64,4262.71,4261.64,4262.17,455
1785988320,4262.18,4262.86,4261.79,4262.76,230
1785988380,4262.81,4264.415,4262.37,4263.29,438
1785988440,4263.27,4264.01,4263.07,4263.715,295
1785988500,4263.765,4263.925,4263.14,4263.52,332
1785988560,4263.475,4264.355,4262.76,4264.125,190
1785988620,4264.095,4264.78,4263.445,4264.675,402
1785988680,4264.625,4265.79,4263.88,4265.79,306
1785988740,4265.84,4265.86,4265.11,4265.795,248
1785988800,4265.78,4266.735,4262.3,4263.54,793
1785988860,4263.72,4264.395,4262.31,4263.605,608
1785988920,4263.6,4264.91,4262.825,4262.965,380
1785988980,4262.95,4263.765,4262.925,4263.145,249
1785989040,4263.135,4265.46,4262.815,4265.405,383
1785989100,4265.395,4266.005,4263.21,4263.385,303
1785989160,4263.375,4264.915,4263.31,4263.895,248
1785989220,4263.835,4266.02,4263.5,4265.12,445
1785989280,4265.13,4267.27,4265.07,4266.535,431
1785989340,4266.505,4267.12,4265.815,4265.995,382
1785989400,4265.97,4266.945,4265.765,4266.155,312
1785989460,4266.175,4266.32,4265.405,4265.54,257
1785989520,4265.535,4266.23,4264.81,4265.885,225
1785989580,4265.875,4265.875,4263.39,4263.63,250
1785989640,4263.64,4264.52,4262.72,4263.425,290
1785989700,4263.44,4263.845,4262.28,4262.735,254
1785989760,4262.86,4263.59,4262.86,4263.335,282
1785989820,4263.385,4263.905,4262.91,4263,319
1785989880,4262.95,4263.81,4262.615,4262.62,319
1785989940,4262.555,4263.375,4261.68,4261.795,506
1785990000,4261.835,4262.075,4260.805,4261.325,248
1785990060,4261.47,4262.38,4261.425,4262.365,222
1785990120,4262.375,4263.455,4262.11,4263.135,348
1785990180,4263.07,4263.3,4261.255,4262.22,346
1785990240,4262.215,4262.35,4260.735,4260.82,286
1785990300,4260.89,4262.315,4260.25,4260.82,303
1785990360,4260.835,4261.505,4260.835,4261.15,189
1785990420,4261.13,4261.13,4259.315,4259.955,282
1785990480,4259.915,4259.975,4254.915,4255.19,619
1785990540,4255.29,4255.84,4253.045,4255.51,785
1785990600,4255.5,4258.855,4255.445,4258.715,500
1785990660,4258.71,4259.12,4257.51,4258.695,379
1785990720,4258.77,4259.22,4257.795,4257.985,226
1785990780,4258.005,4258.48,4256.33,4256.485,405
1785990840,4256.46,4258.475,4256.46,4258.345,352
1785990900,4258.415,4260.065,4257.105,4259.955,461
1785990960,4259.965,4260.89,4259.925,4260.87,410
1785991020,4260.865,4261.185,4260.28,4260.315,303
1785991080,4260.31,4260.505,4259.535,4260.09,317
1785991140,4260.105,4260.24,4259.38,4259.725,272
1785991200,4259.71,4260.29,4258.45,4258.81,301
1785991260,4258.855,4260.66,4258.67,4259.65,393
1785991320,4259.66,4261.3,4259.53,4261.085,297
1785991380,4261.06,4261.06,4258.32,4258.4,290
1785991440,4258.39,4259.25,4257.885,4259.25,276
1785991500,4259.285,4259.555,4258.91,4259.185,174
1785991560,4259.215,4259.625,4258.88,4259.36,320
1785991620,4259.365,4260.35,4259.365,4260.285,282
1785991680,4260.3,4260.69,4260.1,4260.64,147
1785991740,4260.655,4260.705,4259.785,4260.41,232
1785991800,4260.385,4262.57,4260.21,4262.41,392
1785991860,4262.45,4263.065,4261.98,4261.99,336
1785991920,4261.98,4262.44,4260.665,4260.785,266
1785991980,4260.78,4261.31,4258.265,4259.425,354
1785992040,4259.455,4262.095,4259.455,4262.085,389
1785992100,4262.02,4262.075,4260.84,4261.67,296
1785992160,4261.665,4262.605,4261.655,4262.295,214
1785992220,4262.32,4262.605,4262.145,4262.52,108
1785992280,4262.57,4262.765,4262.405,4262.43,93
1785992340,4262.425,4262.715,4262.175,4262.265,212
1785992400,4262.1,4263.33,4261.855,4263.135,532
1785992460,4263.035,4263.3,4261.305,4263.005,551
1785992520,4262.97,4264.55,4262.85,4264.365,432
1785992580,4264.345,4265.44,4263.8,4263.92,361
1785992640,4263.825,4264.41,4259.545,4260.66,520
1785992700,4260.67,4260.83,4259.39,4260.425,420
1785992760,4260.275,4260.58,4258.965,4259.76,358
1785992820,4259.77,4260.65,4259.405,4259.79,394
1785992880,4259.755,4260.615,4259.64,4260.095,424
1785992940,4260.06,4260.585,4259.435,4259.925,552
1785993000,4259.92,4260.65,4258.895,4260.26,483
1785993060,4260.215,4260.44,4256.56,4257.345,643
1785993120,4257.35,4258.98,4257.28,4257.85,720
1785993180,4257.86,4258.72,4257.435,4257.82,590
1785993240,4257.86,4259.805,4257.69,4259.58,345
1785993300,4259.605,4259.635,4257.485,4258.425,541
1785993360,4258.42,4258.455,4256.925,4258.3,535
1785993420,4258.375,4259.17,4258.1,4258.26,328
1785993480,4258.28,4258.48,4257.245,4257.31,309
1785993540,4257.285,4257.285,4256.11,4256.815,365
1785993600,4256.875,4257.465,4256.395,4256.935,344
1785993660,4257.03,4257.52,4254.18,4254.75,461
1785993720,4254.77,4255.515,4254.645,4255.02,462
1785993780,4255.04,4255.59,4253.83,4254.55,507
1785993840,4254.58,4255.3,4254.06,4255.27,473
1785993900,4255.25,4255.265,4253.215,4253.945,563
1785993960,4253.995,4255.03,4253.995,4254.84,236
1785994020,4254.955,4255.4,4254.56,4254.82,332
1785994080,4254.875,4255.37,4254.41,4255.045,300
1785994140,4254.975,4255.64,4253.845,4254.03,462
1785994200,4254.08,4254.08,4247.355,4252.225,1621
1785994260,4252.39,4253.4,4250.64,4252.755,792
1785994320,4252.83,4253.425,4248.33,4248.44,897
1785994380,4248.515,4251.25,4247.24,4250.525,1297
1785994440,4250.59,4257.97,4250.515,4257.645,866
1785994500,4257.54,4261.65,4257.325,4260.615,635
1785994560,4260.55,4260.925,4258.215,4258.535,623
1785994620,4258.505,4259.27,4256.99,4259.23,568
1785994680,4259.215,4262.075,4259.015,4261.755,634
1785994740,4261.515,4262.3,4261.16,4262.015,426
1785994800,4262.1,4262.645,4261.34,4262.57,677
1785994860,4262.73,4263.63,4261.74,4263.48,598
1785994920,4263.53,4265.16,4263.32,4264.21,613
1785994980,4264.185,4266.09,4262.485,4263.365,705
1785995040,4263.315,4264.23,4262.69,4263.745,540
1785995100,4263.725,4265.71,4263.11,4265.585,480
1785995160,4265.58,4266.76,4265.23,4265.47,584
1785995220,4265.56,4266.595,4264.885,4266.035,419
1785995280,4266.02,4266.205,4265.07,4265.16,271
1785995340,4265.195,4265.45,4262.31,4262.51,672
1785995400,4262.505,4265.98,4262.21,4265.27,509
1785995460,4265.275,4266.915,4265.02,4266.71,343
1785995520,4266.7,4268.675,4266.275,4267.085,408
1785995580,4267.075,4267.85,4266.74,4267.24,426
1785995640,4267.25,4267.275,4266.48,4266.905,362
1785995700,4266.88,4267.065,4264.28,4265.51,593
1785995760,4265.53,4266.3,4265.205,4265.32,492
1785995820,4265.31,4266.71,4265.285,4266.69,363
1785995880,4266.695,4267.085,4266.07,4266.07,417
1785995940,4266.065,4267.91,4265.44,4267.345,359
1785996000,4267.325,4267.75,4265.575,4265.985,829
1785996060,4265.99,4267.305,4265.415,4266.17,571
1785996120,4266.2,4268.64,4265.905,4268.445,579
1785996180,4268.405,4268.46,4267.325,4268.32,322
1785996240,4268.315,4268.6,4267.02,4267.465,423
1785996300,4267.47,4268.145,4266.835,4267.885,359
1785996360,4267.83,4268.12,4266.625,4266.925,308
1785996420,4266.835,4267.57,4266.02,4266.835,468
1785996480,4266.865,4267.545,4265.195,4265.305,402
1785996540,4265.21,4265.21,4261.935,4262.785,517
1785996600,4262.79,4262.94,4260.1,4261.655,458
1785996660,4261.665,4261.86,4260,4260.33,285
1785996720,4260.38,4261.085,4257.455,4258.025,514
1785996780,4258.025,4258.87,4257.455,4258.255,348
1785996840,4258.385,4260.695,4256.76,4260.48,518
1785996900,4260.485,4261.37,4258.4,4258.4,608
1785996960,4258.465,4259.285,4258.165,4258.555,355
1785997020,4258.595,4258.625,4256.1,4256.175,366
1785997080,4256.18,4258.005,4254.745,4258.005,693
1785997140,4257.985,4260.135,4257.53,4260.015,506
1785997200,4260.03,4260.145,4256.615,4256.895,419
1785997260,4256.89,4257.135,4255.82,4255.98,298
1785997320,4256.05,4257.64,4255.43,4257.405,436
1785997380,4257.345,4258.36,4256.99,4258.2,322
1785997440,4258.205,4259.145,4256.015,4257.71,541
1785997500,4257.635,4257.635,4255.76,4256.7,332
1785997560,4256.71,4257.615,4256.41,4257.465,289
1785997620,4257.365,4257.54,4256.73,4257,312
1785997680,4257.05,4257.05,4255.775,4256.315,387
1785997740,4256.35,4258.105,4256.35,4257.66,328
1785997800,4257.605,4258.095,4255.43,4255.43,367
1785997860,4255.48,4255.98,4254.735,4255.57,395
1785997920,4255.585,4256.835,4254.535,4256.44,586
1785997980,4256.41,4256.71,4254.67,4255.055,575
1785998040,4255.045,4255.485,4254.435,4255.01,381
1785998100,4255.005,4255.85,4253.83,4255.37,536
1785998160,4255.375,4255.375,4253.01,4253.08,470
1785998220,4253.115,4254.075,4253.04,4253.11,388
1785998280,4253.135,4254.005,4253.025,4253.27,268
1785998340,4253.265,4254.15,4253.18,4253.59,268
1785998400,4253.45,4253.45,4249.605,4250.44,670
1785998460,4250.505,4253.065,4249.39,4251.925,688
1785998520,4251.915,4253.965,4251.84,4253.275,446
1785998580,4253.29,4254.97,4253.29,4254.93,402
1785998640,4254.965,4256.885,4254.685,4256.85,434
1785998700,4256.805,4257.785,4256.47,4257.22,663
1785998760,4257.225,4258.335,4256.505,4256.975,741
1785998820,4256.94,4257.59,4255.94,4256.645,575
1785998880,4256.67,4256.785,4254.04,4254.155,694
1785998940,4254.115,4255.48,4254.055,4254.785,675
1785999000,4254.795,4255.955,4254.195,4254.735,739
1785999060,4254.65,4254.87,4252.85,4253.245,479
1785999120,4253.24,4254.48,4252.67,4254.44,380
1785999180,4254.425,4254.585,4252.58,4253.3,478
1785999240,4253.33,4253.705,4251.18,4252.51,522
1785999300,4252.495,4252.845,4252.245,4252.79,196
1785999360,4252.725,4253.515,4252.34,4253.21,310
1785999420,4253.285,4253.8,4252.815,4253.705,295
1785999480,4253.71,4255.685,4252.62,4255.615,463
1785999540,4255.57,4256.505,4255.4,4256.225,370
1785999600,4256.22,4256.285,4254.335,4254.825,955
1785999660,4254.815,4255.06,4253.335,4253.85,735
1785999720,4253.835,4254.24,4253.34,4254.015,523
1785999780,4253.985,4256.015,4253.985,4255.535,466
1785999840,4255.565,4256.825,4255.455,4256.38,218
1785999900,4256.425,4257.1,4256.035,4256.935,190
1785999960,4256.885,4257.27,4255.865,4256.4,265
1786000020,4256.405,4259.1,4256.35,4258.975,331
1786000080,4259.01,4260.255,4257.84,4259.46,306
1786000140,4259.325,4260.13,4258.98,4259.58,209
1786000200,4259.525,4261.54,4259.525,4260.375,285
1786000260,4260.37,4261.855,4260.125,4261.755,350
1786000320,4261.745,4263.82,4261.7,4263.6,322
1786000380,4263.5,4263.89,4262.885,4263.05,287
1786000440,4263.06,4263.805,4261.915,4263.34,460
1786000500,4263.375,4263.715,4261.495,4262.69,453
1786000560,4262.66,4263.31,4261.705,4262.265,477
1786000620,4262.315,4262.315,4261.57,4261.86,244
1786000680,4261.9,4263.215,4261.9,4262.735,235
1786000740,4262.71,4265.47,4262.655,4264.49,345
1786000800,4264.425,4264.99,4260.945,4261.07,541
1786000860,4261.065,4261.07,4258.385,4260.38,568
1786000920,4260.395,4260.975,4260.29,4260.535,438
1786000980,4260.585,4261.395,4260.31,4261.05,369
1786001040,4261.07,4264.15,4261.07,4261.76,665
1786001100,4261.77,4262.67,4261.32,4262.11,632
1786001160,4262.105,4263.355,4262.06,4262.87,451
1786001220,4262.915,4263.84,4262.11,4262.11,448
1786001280,4262.1,4262.55,4261.555,4261.855,434
1786001340,4261.875,4262.585,4261.695,4261.93,471
1786001400,4261.925,4262.085,4260.285,4260.315,358
1786001460,4260.34,4261.59,4260.23,4261.575,360
1786001520,4261.555,4261.555,4260.695,4261.29,283
1786001580,4261.295,4261.51,4260.25,4260.935,379
1786001640,4260.92,4261.44,4259.96,4259.97,330
1786001700,4259.965,4260.14,4258.88,4259.025,406
1786001760,4259.01,4259.595,4257.295,4257.83,586
1786001820,4257.745,4259.07,4257.745,4258.235,243
1786001880,4258.315,4258.65,4257.39,4258.545,171
1786001940,4258.615,4258.64,4256.72,4256.94,277
1786002000,4256.935,4258.37,4256.615,4257.24,285
1786002060,4257.245,4257.48,4256.615,4257.42,222
1786002120,4257.415,4257.595,4256.535,4256.67,262
1786002180,4256.835,4257.045,4256.1,4256.215,220
1786002240,4256.2,4256.235,4254.79,4255.025,514
1786002300,4255.085,4255.56,4253.185,4253.58,289
1786002360,4253.56,4256.475,4253.385,4255.62,354
1786002420,4255.665,4257.025,4254.935,4256.755,374
1786002480,4256.75,4257.33,4256.04,4257.205,643
1786002540,4257.2,4257.2,4254.245,4254.25,695
1786002600,4254.24,4255.31,4253.53,4254.945,555
1786002660,4254.93,4255.785,4254.43,4254.955,753
1786002720,4254.92,4255.155,4252.6,4253.95,558
1786002780,4253.975,4257.55,4253.945,4257.55,457
1786002840,4257.505,4259.78,4257.205,4259.735,398
1786002900,4259.67,4260.845,4258.825,4260.555,385
1786002960,4260.52,4261.33,4258.9,4258.9,384
1786003020,4258.92,4260.845,4258.49,4260.82,246
1786003080,4260.825,4262.125,4260.74,4261.785,211
1786003140,4261.78,4262.97,4261.56,4262.79,229
1786003200,4262.96,4265.845,4262.595,4264.835,647
1786003260,4264.83,4265.58,4262.555,4262.555,502
1786003320,4262.56,4264.165,4262.51,4264.055,422
1786003380,4264.065,4264.455,4261.52,4261.645,525
1786003440,4261.595,4262.2,4260.345,4261.46,453
1786003500,4261.6,4262.105,4260.575,4262.105,285
1786003560,4262.12,4263.555,4261.53,4263.075,290
1786003620,4263.08,4263.9,4262.1,4263.5,385
1786003680,4263.45,4264.325,4263.075,4264.23,346
1786003740,4264.24,4264.98,4263.57,4264.685,431
1786003800,4264.675,4266.26,4264.675,4265.93,494
1786003860,4265.92,4268.235,4265.9,4266.9,433
1786003920,4266.885,4268.365,4265.895,4268.065,535
1786003980,4268.07,4269.49,4267.42,4268.4,711
1786004040,4268.39,4269.365,4268.01,4269.025,395
1786004100,4269,4269.86,4268.5,4269.61,364
1786004160,4269.595,4270.205,4268.645,4269.125,424
1786004220,4269.11,4270.07,4268.115,4268.7,592
1786004280,4268.715,4269.515,4267.725,4269.065,442
1786004340,4269.055,4270.605,4268.93,4269.33,417
1786004400,4269.45,4269.46,4267.345,4267.345,404
1786004460,4267.335,4268.945,4267.28,4268.44,377
1786004520,4268.435,4268.675,4265.375,4265.79,388
1786004580,4265.785,4266.615,4264.695,4264.7,502
1786004640,4264.715,4267.455,4264.01,4265.79,595
1786004700,4265.75,4267.18,4263.73,4264.25,394
1786004760,4264.22,4266.29,4264.19,4265.99,210
1786004820,4266.04,4268.165,4266.04,4268.15,421
1786004880,4268.165,4269.385,4267.485,4269.145,340
1786004940,4269.215,4269.45,4267.61,4267.965,478
1786005000,4267.975,4270.515,4266.69,4270.075,865
1786005060,4270.085,4273.655,4269.755,4273.655,518
1786005120,4273.765,4273.825,4272.145,4272.535,550
1786005180,4272.54,4274.025,4271.885,4272.175,481
1786005240,4272.17,4274.405,4272.17,4273.69,565
1786005300,4273.695,4275.08,4273.5,4274.95,436
1786005360,4274.955,4275.035,4273.5,4273.675,430
1786005420,4273.69,4274.955,4273.035,4273.835,618
1786005480,4273.85,4273.91,4270.945,4271.56,468
1786005540,4271.565,4272.55,4271.17,4271.48,406
1786005600,4271.53,4274.285,4271.52,4273.015,606
1786005660,4273.035,4273.38,4270.8,4271.28,439
1786005720,4271.25,4271.895,4270.775,4271.675,449
1786005780,4271.655,4273.055,4270.895,4272.535,397
1786005840,4272.54,4273.595,4272.52,4273.37,293
1786005900,4273.415,4275.23,4272.945,4273.85,450
1786005960,4273.87,4275.6,4273.62,4274.765,436
1786006020,4274.75,4274.79,4271.395,4271.555,568
1786006080,4271.335,4273.29,4270.615,4273.255,424
1786006140,4273.215,4273.9,4272.505,4273.88,417
1786006200,4273.85,4277.45,4273.56,4273.74,1241
1786006260,4273.68,4273.86,4272.85,4273.57,418
1786006320,4273.56,4275.56,4273.37,4275.045,507
1786006380,4275.03,4276.505,4274.375,4275.145,1052
1786006440,4275.165,4275.895,4274.96,4275.285,233
1786006500,4275.31,4275.31,4274.575,4275.145,455
1786006560,4275.13,4276.31,4274.78,4275.225,419
1786006620,4275.245,4276.755,4275.155,4276.595,309
1786006680,4276.555,4277.73,4276.17,4277.61,494
1786006740,4277.605,4278.915,4277.325,4278.33,313
1786006800,4278.405,4280.64,4277.49,4279.44,579
1786006860,4279.225,4281.725,4278.275,4280.915,557
1786006920,4280.99,4283.745,4280.855,4282.22,546
1786006980,4282.155,4282.83,4279.06,4279.24,732
1786007040,4279.18,4280.365,4278.61,4280.365,506
1786007100,4280.395,4280.795,4278.485,4279.53,555
1786007160,4279.51,4279.755,4277.935,4279.14,526
1786007220,4279.02,4279.055,4276.09,4278.97,995
1786007280,4278.98,4279.15,4276.51,4276.825,539
1786007340,4276.82,4277.67,4276.295,4276.76,424
1786007400,4276.76,4278.305,4276.57,4277.385,494
1786007460,4277.365,4278.765,4277.045,4277.085,538
1786007520,4277.07,4278.545,4276.72,4277.48,572
1786007580,4277.495,4277.7,4276.62,4276.72,330
1786007640,4276.7,4279.96,4276.7,4279.96,326
1786007700,4280.11,4282.43,4279.825,4282.4,544
1786007760,4282.25,4283.45,4281.75,4282.46,507
1786007820,4282.45,4282.89,4281.3,4281.69,348
1786007880,4281.685,4282.535,4281.16,4281.9,347
1786007940,4281.85,4282.955,4281.65,4282.715,276
1786008000,4282.72,4282.795,4280.7,4280.795,368
1786008060,4280.77,4283.315,4280.77,4283.215,383
1786008120,4283.225,4283.37,4281.835,4282.745,319
1786008180,4282.75,4284.885,4282.75,4284.09,308
1786008240,4284.085,4284.395,4283.255,4283.715,308
1786008300,4283.695,4283.695,4281.67,4281.855,324
1786008360,4281.86,4281.86,4280.43,4280.705,349
1786008420,4280.7,4281.12,4278.665,4279.23,270
1786008480,4279.33,4282.195,4279.075,4281.9,351
1786008540,4281.895,4283.51,4281.44,4283.5,396
1786008600,4283.465,4284.385,4281.905,4282.33,466
1786008660,4282.305,4282.83,4281.01,4281.705,545
1786008720,4281.725,4282.825,4279.67,4280.65,793
1786008780,4280.66,4280.85,4277.86,4278.17,574
1786008840,4278.175,4279.34,4278.14,4278.99,483
1786008900,4278.97,4279.605,4277.49,4278.185,502
1786008960,4278.18,4278.73,4277.66,4277.73,457
1786009020,4277.725,4277.965,4277.13,4277.22,423
1786009080,4277.225,4277.54,4276.25,4276.555,576
1786009140,4276.55,4279.185,4276.55,4278.9,669
1786009200,4278.905,4279.15,4276.33,4276.44,704
1786009260,4276.42,4276.78,4274.715,4274.715,614
1786009320,4274.705,4275.68,4274.475,4275.055,379
1786009380,4275.06,4275.155,4273.36,4273.435,381
1786009440,4273.465,4273.665,4271.905,4271.935,520
1786009500,4272.005,4274.83,4271.96,4274.72,482
1786009560,4274.675,4275.43,4274.36,4275.415,318
1786009620,4275.32,4275.5,4274.49,4274.955,222
1786009680,4274.935,4275.72,4274.525,4275.72,286
1786009740,4275.71,4276.315,4275.1,4276.07,284
1786009800,4276.01,4276.02,4274.09,4274.34,314
1786009860,4274.32,4274.71,4273.66,4274.365,334
1786009920,4274.37,4274.925,4273.25,4273.61,180
1786009980,4273.595,4274.16,4273.5,4273.875,269
1786010040,4273.855,4273.87,4271.27,4271.605,360
1786010100,4271.65,4272.69,4271.62,4272.41,399
1786010160,4272.43,4272.695,4271.41,4271.925,439
1786010220,4271.95,4272.425,4271.725,4272.335,320
1786010280,4272.31,4273.15,4271.875,4272.925,428
1786010340,4272.92,4273.37,4272.3,4273.16,342
1786010400,4273.11,4273.52,4272.26,4272.31,664
1786010460,4272.15,4272.165,4270.92,4271.685,569
1786010520,4271.645,4273.53,4271.58,4273.53,456
1786010580,4273.54,4273.7,4271.77,4271.845,586
1786010640,4271.865,4272.45,4271.25,4271.645,534
1786010700,4271.64,4272.205,4269.72,4270.695,509
1786010760,4270.66,4271.105,4270.2,4270.635,433
1786010820,4270.735,4271.525,4269.565,4269.96,466
1786010880,4269.955,4270.535,4269.485,4270.235,405
1786010940,4270.245,4271.48,4270.125,4270.805,407
1786011000,4270.795,4271.12,4269.305,4269.355,412
1786011060,4269.385,4269.93,4268.9,4269.425,581
1786011120,4269.345,4270.48,4268.63,4269.815,579
1786011180,4269.81,4270.005,4269.025,4269.13,504
1786011240,4269.135,4270.54,4268.97,4269.655,505
1786011300,4269.63,4269.63,4268.145,4268.71,605
1786011360,4268.86,4269.455,4268.36,4269.13,426
1786011420,4269.125,4269.145,4267.3,4268.35,625
1786011480,4268.4,4268.53,4268.06,4268.435,387
1786011540,4268.455,4269.565,4268.165,4269.085,473
1786011600,4269.075,4269.435,4268.775,4269.175,367
1786011660,4269.165,4269.26,4268.085,4268.82,522
1786011720,4268.83,4269.405,4267.85,4267.86,556
1786011780,4267.865,4270.22,4267.865,4270.2,356
1786011840,4270.21,4270.99,4270.2,4270.95,396
1786011900,4270.9,4271.05,4270.11,4270.865,352
1786011960,4270.87,4270.87,4268.61,4268.81,361
1786012020,4268.84,4269.33,4267.89,4269.32,303
1786012080,4269.325,4270.305,4269.145,4269.62,345
1786012140,4269.605,4269.88,4268.58,4269.39,345
1786012200,4269.485,4269.535,4267.49,4268.775,406
1786012260,4268.755,4268.755,4266.635,4268.25,410
1786012320,4268.275,4269.61,4268.255,4269.61,264
1786012380,4269.66,4269.885,4269.095,4269.095,249
1786012440,4269.09,4269.38,4268.125,4268.13,243
1786012500,4268.085,4268.8,4267.765,4268.44,205
1786012560,4268.445,4268.535,4267.555,4267.99,202
1786012620,4268.06,4268.985,4267.945,4268.675,393
1786012680,4268.705,4269.18,4268.18,4269.13,295
1786012740,4269.145,4269.145,4267.435,4268.78,283
1786012800,4268.77,4269.7,4267.56,4268.15,492
1786012860,4268.17,4268.29,4266.675,4266.715,363
1786012920,4266.73,4267.105,4266.32,4267.07,251
1786012980,4267.075,4267.465,4266.38,4266.505,205
1786013040,4266.5,4267.205,4264.545,4265.475,384
1786013100,4265.525,4266.06,4265.11,4265.39,272
1786013160,4265.43,4266.745,4264.82,4266.74,244
1786013220,4266.745,4268.14,4266.525,4267.905,412
1786013280,4267.96,4269.4,4267.825,4269.045,273
1786013340,4269.04,4270.41,4268.96,4270.33,287
1786013400,4270.335,4270.335,4269.34,4269.86,289
1786013460,4269.87,4270.24,4269.035,4269.525,307
1786013520,4269.49,4270.525,4269.375,4269.97,238
1786013580,4269.98,4270.65,4269.475,4270.645,264
1786013640,4270.615,4271.635,4270.25,4270.62,271
1786013700,4270.51,4271.14,4270.4,4270.73,170
1786013760,4270.72,4271.17,4270.195,4270.215,161
1786013820,4270.17,4271.62,4270.14,4271.25,259
1786013880,4271.245,4271.26,4269.49,4269.705,212
1786013940,4269.69,4271.185,4269.365,4270.915,255
1786014000,4270.91,4273.31,4270.735,4272.875,742
1786014060,4272.805,4273.125,4271.045,4272.365,467
1786014120,4272.37,4272.91,4272.155,4272.505,397
1786014180,4272.59,4273.405,4270.585,4270.715,468
1786014240,4270.615,4270.615,4268.12,4268.7,593
1786014300,4268.65,4270.13,4268.55,4269.77,395
1786014360,4269.755,4269.755,4267.36,4268.105,531
1786014420,4268.075,4269.955,4266.68,4269.81,537
1786014480,4269.795,4270.145,4269.1,4269.22,399
1786014540,4269.215,4269.215,4267.09,4267.22,423
1786014600,4267.21,4269.2,4266.915,4268.095,376
1786014660,4268.05,4268.765,4267.1,4267.315,324
1786014720,4267.345,4268.595,4267.045,4268.29,411
1786014780,4268.3,4268.63,4267.705,4268.315,304
1786014840,4268.32,4269.235,4267.815,4269.125,410
1786014900,4269.19,4270.75,4268.27,4270.745,424
1786014960,4270.775,4271.635,4269.865,4270.995,244
1786015020,4271.05,4271.05,4269.115,4269.19,223
1786015080,4269.125,4269.13,4265.88,4265.93,236
1786015140,4265.88,4265.94,4264.115,4265.935,386
1786015200,4265.94,4266.525,4265.335,4265.855,418
1786015260,4265.835,4265.88,4264.83,4265.01,418
1786015320,4264.925,4264.955,4263.15,4263.595,412
1786015380,4263.61,4264.31,4261.1,4261.29,737
1786015440,4261.31,4262,4260.355,4261.55,772
1786015500,4261.545,4262.64,4260.785,4262.535,526
1786015560,4262.525,4262.885,4262.025,4262.56,464
1786015620,4262.47,4263.74,4261.995,4263.675,386
1786015680,4263.625,4264.225,4263.495,4263.635,442
1786015740,4263.645,4264.39,4262.475,4264.39,354
1786015800,4264.415,4265.315,4263.355,4265.105,398
1786015860,4265.12,4266.78,4264.215,4266.45,434
1786015920,4266.495,4267.055,4264.895,4264.95,325
1786015980,4264.83,4264.855,4263.47,4263.8,372
1786016040,4263.825,4265.625,4263.825,4264.74,265
1786016100,4264.775,4265.84,4264.35,4265.575,367
1786016160,4265.65,4267.09,4264.82,4264.875,362
1786016220,4264.885,4264.885,4263.05,4263.545,269
1786016280,4263.355,4264.675,4262.77,4263.575,357
1786016340,4263.55,4263.55,4261.28,4262.13,322
1786016400,4262.07,4262.62,4260.435,4260.94,418
1786016460,4260.97,4261.63,4259.935,4261.27,356
1786016520,4261.26,4261.365,4260.345,4260.54,390
1786016580,4260.53,4260.83,4260.03,4260.72,325
1786016640,4260.755,4261.79,4260.02,4260.74,369
1786016700,4260.76,4260.965,4257.375,4257.705,443
1786016760,4257.725,4260.185,4256.765,4259.585,769
1786016820,4259.59,4260.785,4258.31,4258.645,361
1786016880,4258.64,4258.64,4255.475,4256.385,648
1786016940,4256.4,4257.245,4255.755,4256.615,574
1786017000,4256.62,4257.45,4256.1,4257.37,702
1786017060,4257.375,4257.57,4256.36,4256.825,543
1786017120,4256.83,4258.83,4255.24,4257.36,588
1786017180,4257.285,4257.285,4254.26,4256.035,718
1786017240,4256.03,4256.9,4255.08,4256.76,551
1786017300,4256.815,4257.725,4255.525,4257.64,496
1786017360,4257.65,4261.885,4257.335,4261.865,500
1786017420,4261.88,4262.76,4261.465,4261.69,378
1786017480,4261.695,4263.065,4261.08,4262.44,557
1786017540,4262.46,4263.775,4261.935,4263.3,465
1786017600,4263.305,4264.34,4261.91,4262.57,725
1786017660,4262.56,4263.235,4262.125,4262.165,627
1786017720,4262.18,4262.695,4260.775,4261.925,753
1786017780,4261.92,4265.39,4261.92,4264.76,668
1786017840,4264.76,4265.755,4263.88,4264.16,524
1786017900,4264.165,4264.175,4262.31,4262.99,308
1786017960,4263.01,4263.635,4260.58,4261.2,476
1786018020,4261.18,4263.03,4260.8,4262.885,281
1786018080,4262.77,4262.825,4258.8,4259.135,460
1786018140,4259.18,4259.505,4257.09,4257.885,557
1786018200,4257.985,4259.475,4257.61,4258.34,477
1786018260,4258.31,4258.505,4255.675,4256.625,432
1786018320,4256.615,4258.31,4256.485,4257.335,344
1786018380,4257.46,4258.32,4256.635,4258.255,281
1786018440,4258.26,4258.555,4256.32,4256.405,401
1786018500,4256.42,4257.22,4255.97,4256.795,275
1786018560,4256.845,4257.07,4253.315,4254.33,416
1786018620,4254.41,4255.59,4253.43,4255.335,372
1786018680,4255.34,4256.19,4254.905,4254.905,326
1786018740,4254.965,4257.51,4254.875,4257.18,294
1786018800,4257.17,4263.11,4256.16,4262.815,785
1786018860,4262.825,4262.825,4259.695,4260.68,548
1786018920,4260.67,4261.035,4259.585,4260.07,432
1786018980,4260.045,4262.855,4259.95,4261.85,492
1786019040,4261.865,4262.25,4260.05,4260.92,531
1786019100,4260.935,4261.505,4257.74,4257.75,756
1786019160,4257.765,4259.285,4256.805,4258.82,618
1786019220,4258.84,4259.965,4258.21,4259.705,354
1786019280,4259.68,4261.09,4259.38,4260.665,267
1786019340,4260.54,4261.67,4259.97,4261.62,360
1786019400,4261.97,4266.86,4258.245,4263.61,1194
1786019460,4263.55,4268.675,4262.765,4267.845,648
1786019520,4267.825,4270.265,4267.69,4270.01,450
1786019580,4270.12,4270.12,4266.455,4269.195,709
1786019640,4269.26,4269.965,4267.66,4267.835,630
1786019700,4267.935,4270.71,4267.305,4270.71,704
1786019760,4270.605,4270.725,4268.485,4268.795,580
1786019820,4268.785,4271.115,4267.26,4269.875,638
1786019880,4269.87,4270.42,4267.8,4269.545,576
1786019940,4269.49,4270.835,4269.475,4270.49,293
1786020000,4270.375,4270.875,4268.305,4268.705,409
1786020060,4268.815,4270.095,4268.275,4268.985,393
1786020120,4268.98,4269.1,4267.73,4268.51,323
1786020180,4268.605,4269.27,4266.33,4267.29,390
1786020240,4267.285,4267.325,4266.355,4266.985,377
1786020300,4267.055,4267.625,4266.315,4266.48,346
1786020360,4266.455,4267.38,4263.675,4264.415,548
1786020420,4264.43,4265.13,4262.57,4263.48,484
1786020480,4263.47,4263.585,4258.35,4258.435,822
1786020540,4258.385,4258.845,4254.49,4255.56,1037
1786020600,4255.555,4256.515,4253.015,4255.56,891
1786020660,4255.555,4255.865,4253.15,4253.655,578
1786020720,4253.54,4253.885,4251.71,4252.48,663
1786020780,4252.625,4253.195,4251.58,4253.195,463
1786020840,4253.36,4253.78,4251.195,4251.23,675
1786020900,4251.25,4254.825,4251.135,4253.2,1155
1786020960,4253.225,4253.355,4249.87,4250.345,624
1786021020,4250.37,4251.64,4249.52,4250.645,732
1786021080,4250.69,4251.995,4250.25,4251.2,571
1786021140,4251.165,4251.545,4249.145,4250.27,816
1786021200,4250.235,4253.55,4249.885,4252.35,1575
1786021260,4252.62,4255.93,4252.62,4253.49,1097
1786021320,4253.505,4255.01,4250.86,4251.62,1062
1786021380,4251.675,4253.995,4250.44,4253.43,880
1786021440,4253.42,4253.755,4251.955,4252.46,748
1786021500,4252.475,4252.99,4245.955,4248.125,1153
1786021560,4248.135,4248.635,4242.95,4244.49,1561
1786021620,4244.495,4246.4,4244.285,4244.915,1000
1786021680,4244.95,4245.245,4238.965,4240.805,1024
1786021740,4240.875,4242.2,4230.96,4231.835,1726
1786021800,4231.84,4235.715,4230.46,4234.035,1578
1786021860,4234.02,4237.41,4233.63,4235.06,1098
1786021920,4235.035,4239.325,4232.445,4239.175,832
1786021980,4239.13,4239.415,4236.81,4238.265,752
1786022040,4238.285,4239.765,4237.55,4238.605,581
1786022100,4238.555,4239.72,4236.375,4239.47,716
1786022160,4239.61,4240.355,4237.265,4238.36,474
1786022220,4238.46,4240.08,4236.01,4237.94,927
1786022280,4237.73,4239.565,4236.57,4239.565,554
1786022340,4239.775,4244.52,4238.355,4244.445,641
1786022400,4244.345,4247.535,4243.95,4247.15,705
1786022460,4247.17,4248.26,4245.8,4247.235,786
1786022520,4247.23,4247.515,4245.37,4246.625,827
1786022580,4246.63,4248.135,4243.64,4243.94,724
1786022640,4243.935,4244.46,4241.04,4242.765,947
1786022700,4242.755,4243.435,4240.43,4241.85,664
1786022760,4241.815,4245.51,4241.73,4245.145,704
1786022820,4245.185,4246.7,4244.63,4246.39,725
1786022880,4246.39,4247.625,4245.86,4247.365,769
1786022940,4247.37,4248.325,4246.23,4247.835,765
1786023000,4247.855,4250.15,4245.905,4249.185,1598
1786023060,4249.15,4251.935,4248.93,4249.635,1358
1786023120,4249.64,4250.36,4247.355,4250.31,1027
1786023180,4250.305,4251.07,4248.58,4250.605,1081
1786023240,4250.69,4252.375,4249.435,4250.77,1042
1786023300,4250.705,4254.555,4250.26,4254.365,1633
1786023360,4254.4,4256.13,4253.59,4255.995,1306
1786023420,4256.01,4260.265,4255.985,4260.16,1386
1786023480,4260.165,4265.31,4259.235,4261.915,1198
1786023540,4261.81,4261.81,4257.68,4258.895,1422
1786023600,4258.915,4266.18,4258.705,4265.65,1562
1786023660,4265.725,4268.205,4264.81,4267.27,1272
1786023720,4267.25,4272.685,4266.79,4270.06,1602
1786023780,4270.055,4274.09,4268.955,4273.995,1756
1786023840,4273.935,4274.29,4270.125,4270.16,1211
1786023900,4270.13,4270.19,4265.83,4268.845,1504
1786023960,4268.705,4269.69,4266.945,4267.015,1601
1786024020,4267.025,4268.525,4265.915,4267.98,1392
1786024080,4267.975,4270.325,4265.325,4267.025,1521
1786024140,4267.09,4267.93,4262.845,4263.86,1321
1786024200,4263.895,4266.33,4263.735,4265.145,812
1786024260,4264.295,4266.845,4262.43,4266.845,992
1786024320,4266.865,4268.055,4263.99,4265.41,1173
1786024380,4265.425,4265.965,4263.235,4264.885,877
1786024440,4264.925,4266.775,4263.44,4266.43,801
1786024500,4266.515,4269.4,4266.375,4268.43,1103
1786024560,4268.42,4269.65,4266.545,4267.725,1302
1786024620,4267.75,4268.55,4265.58,4266.725,1396
1786024680,4266.72,4269.545,4266.17,4268.245,1260
1786024740,4268.17,4268.59,4266.68,4267.025,1424
1786024800,4267.025,4271.59,4265.26,4269.715,1618
1786024860,4269.71,4270.445,4266.28,4266.86,1632
1786024920,4266.83,4269.95,4266.095,4268.57,927
1786024980,4268.6,4269.785,4267.425,4267.82,699
1786025040,4267.91,4269.775,4265.62,4266.81,919
1786025100,4266.86,4269.345,4264.355,4268.495,1076
1786025160,4268.41,4268.41,4265.435,4266.965,1297
1786025220,4266.97,4271.53,4265.295,4270.025,988
1786025280,4270.015,4270.74,4268.43,4270.035,927
1786025340,4270.04,4270.455,4264.12,4265.2,1375
1786025400,4265.205,4268.145,4264.995,4268.14,1462
1786025460,4268.075,4275.44,4267.59,4273.52,1501
1786025520,4273.52,4275.305,4272.65,4274.55,1242
1786025580,4274.57,4274.57,4271.415,4271.75,1016
1786025640,4271.59,4271.59,4267.155,4268.26,879
1786025700,4268.27,4268.635,4263.57,4265.165,1181
1786025760,4265.15,4266.235,4263.31,4263.38,1334
1786025820,4263.375,4264.605,4260.465,4263.21,1224
1786025880,4263.185,4265.81,4263.095,4265,770
1786025940,4265.025,4266.685,4264.525,4265.725,616
1786026000,4265.755,4267.44,4263.99,4264.175,789
1786026060,4264.18,4264.495,4261.855,4262.825,599
1786026120,4262.83,4264.04,4262.19,4263.055,466
1786026180,4263.195,4265.365,4262.565,4263.83,552
1786026240,4263.8,4264.26,4261.38,4262.225,434
1786026300,4262.285,4263.975,4261.67,4263.61,647
1786026360,4263.585,4263.61,4260.255,4262.965,899
1786026420,4262.93,4266.495,4261.595,4264.235,949
1786026480,4264.24,4266.895,4264.185,4266.84,698
1786026540,4266.86,4269.01,4265.35,4265.35,543
1786026600,4265.355,4270.29,4265.355,4268.805,942
1786026660,4268.835,4270.23,4268.525,4268.71,641
1786026720,4268.735,4269.98,4266.515,4268.94,629
1786026780,4268.915,4269.67,4267.09,4268.34,882
1786026840,4268.355,4274.81,4267.43,4272.09,1069
1786026900,4272.085,4274.7,4271.99,4274,1133
1786026960,4273.995,4274.74,4272.115,4272.52,941
1786027020,4272.485,4273.32,4271.855,4272.78,968
1786027080,4272.775,4273.705,4271.66,4272.505,716
1786027140,4272.525,4273.715,4270,4270.255,743
1786027200,4270.31,4271.89,4269.8,4271.29,576
1786027260,4271.32,4273.94,4270.73,4273.615,1091
1786027320,4273.675,4274.945,4272.48,4273.455,583
1786027380,4273.48,4274.845,4273.345,4273.525,524
1786027440,4273.515,4274.86,4273.51,4273.635,802
1786027500,4273.63,4274.185,4271.485,4274.145,848
1786027560,4274.155,4275.37,4269.25,4270.15,930
1786027620,4270.155,4270.565,4269.305,4269.86,986
1786027680,4269.88,4270.5,4268.575,4269.185,617
1786027740,4269.17,4269.36,4265.125,4265.29,707
1786027800,4265.285,4265.355,4262.78,4264.915,864
1786027860,4264.875,4266.255,4264.875,4265.585,661
1786027920,4265.565,4267.43,4265.285,4267.25,802
1786027980,4267.265,4268.605,4265.94,4267.845,1101
1786028040,4267.84,4271.13,4267.34,4270.87,1183
1786028100,4270.89,4272.665,4270.56,4270.56,1065
1786028160,4270.54,4271.19,4268.64,4269.655,940
1786028220,4269.65,4270.445,4267.425,4269.96,1208
1786028280,4269.955,4270.9,4268.52,4269.665,1310
1786028340,4269.65,4273.27,4268.39,4273.055,1009
1786028400,4273.065,4274.39,4272.495,4272.68,1046
1786028460,4272.675,4273.995,4269.99,4270.175,1200
1786028520,4270.17,4270.3,4268.8,4269.76,1386
1786028580,4269.77,4272.065,4269.76,4270.32,1071
1786028640,4270.27,4271.235,4269.31,4270.47,1024
1786028700,4270.57,4270.72,4269.35,4270.235,657
1786028760,4270.24,4271.25,4269.03,4269.095,876
1786028820,4269.165,4271.76,4267.875,4270.345,678
1786028880,4270.335,4270.335,4268.385,4269.335,676
1786028940,4269.24,4269.81,4265.29,4266.485,651
1786029000,4266.48,4268.49,4266.43,4267.575,416
1786029060,4267.525,4267.74,4264.38,4264.64,820
1786029120,4264.63,4264.69,4263.215,4263.72,627
1786029180,4263.675,4264.385,4262.62,4263.725,647
1786029240,4263.74,4263.96,4261.975,4263.885,545
1786029300,4263.965,4263.965,4262.38,4262.875,614
1786029360,4262.84,4262.91,4259.87,4260.635,865
1786029420,4260.655,4261.075,4256.435,4258.46,798
1786029480,4258.445,4258.445,4256.51,4257.075,880
1786029540,4257.08,4258.265,4256.425,4256.71,1028
1786029600,4256.75,4257.735,4254.79,4256.305,1134
1786029660,4256.3,4258.11,4254.84,4257.43,1008
1786029720,4257.515,4258.33,4252.54,4252.825,904
1786029780,4252.945,4253.915,4250.725,4252.9,742
1786029840,4252.98,4255.255,4252.705,4254.96,641
1786029900,4254.845,4255.935,4253.58,4255.695,790
1786029960,4255.66,4259.49,4255.495,4258.635,819
1786030020,4258.585,4259.285,4256.01,4256.01,411
1786030080,4256,4256.185,4254.45,4256.08,393
1786030140,4256.07,4256.385,4254.475,4254.995,345
1786030200,4255.025,4255.73,4251.86,4252.98,587
1786030260,4252.95,4254.825,4252.73,4254.36,357
1786030320,4254.375,4254.375,4252.275,4253.39,412
1786030380,4253.385,4254.12,4251.89,4252.89,599
1786030440,4252.9,4253.19,4249.335,4249.335,1018
1786030500,4249.33,4250.06,4247.445,4247.865,751
1786030560,4247.85,4248.67,4246.07,4248.4,784
1786030620,4248.46,4251.095,4247.365,4250.675,420
1786030680,4250.405,4252.195,4250.335,4252.14,402
1786030740,4252.055,4252.875,4251.335,4252.135,731
1786030800,4252.14,4253.24,4251.41,4251.96,738
1786030860,4251.965,4252.55,4249.96,4252.225,567
1786030920,4252.215,4252.28,4249.27,4250.445,576
1786030980,4250.38,4250.38,4248.26,4249.64,525
1786031040,4249.575,4252.995,4249.565,4251.595,605
1786031100,4251.645,4251.8,4249,4250.55,458
1786031160,4250.695,4250.785,4248.74,4250.175,490
1786031220,4250.275,4251.295,4249.05,4249.185,426
1786031280,4249.165,4250.38,4247.91,4250.23,996
1786031340,4250.235,4250.325,4248.13,4248.165,884
1786031400,4248.15,4250.11,4247.485,4249.47,525
1786031460,4249.435,4249.46,4245.78,4247.205,622
1786031520,4247.21,4247.43,4245.605,4246.345,664
1786031580,4246.34,4246.375,4240.285,4241.38,1111
1786031640,4241.435,4241.93,4234.46,4235,1333
1786031700,4234.965,4236.26,4229.505,4234.11,2138
1786031760,4234.255,4235.615,4231.005,4233.365,2034
1786031820,4233.41,4237.74,4233.345,4237.5,1643
1786031880,4237.49,4237.91,4234.61,4234.985,690
1786031940,4234.99,4235.42,4233.435,4233.82,639
1786032000,4233.815,4235.37,4232.815,4234.02,1015
1786032060,4234.145,4236.25,4233.28,4234.26,1428
1786032120,4234.27,4238.385,4232.475,4238.325,1010
1786032180,4238.265,4238.265,4234.39,4235.71,1110
1786032240,4235.74,4238.47,4234.21,4238.27,1586
1786032300,4238.24,4241.66,4237.25,4240.525,1208
1786032360,4240.525,4240.825,4236.755,4239.465,1244
1786032420,4239.66,4240.61,4238.845,4239.735,1345
1786032480,4239.7,4243.18,4239.69,4242.15,1202
1786032540,4242.165,4242.47,4240.09,4241.935,936
1786032600,4241.95,4242.595,4240.085,4241.135,1010
1786032660,4241.165,4241.37,4238.415,4238.495,875
1786032720,4238.485,4239.285,4236.415,4236.815,793
1786032780,4236.79,4237.335,4232.05,4232.08,1000
1786032840,4232.08,4232.995,4230.84,4232.97,1271
1786032900,4232.945,4233.03,4229.3,4229.34,1174
1786032960,4229.315,4230.13,4224.835,4227.525,1483
1786033020,4227.535,4228.955,4225.405,4226.905,1399
1786033080,4226.805,4230.58,4225.335,4227.665,1544
1786033140,4227.68,4229.185,4225.44,4227.135,979
1786033200,4227.36,4227.595,4224.78,4226.85,1015
1786033260,4226.89,4228.085,4225.695,4227.975,1131
1786033320,4227.98,4227.98,4224.56,4227.765,1272
1786033380,4227.775,4228.185,4224.615,4225.29,974
1786033440,4225.355,4226.01,4223.65,4224.565,783
1786033500,4224.73,4225.865,4223.505,4225.09,857
1786033560,4225.12,4228.175,4225.12,4227.24,915
1786033620,4227.275,4229.405,4227.135,4227.295,1305
1786033680,4227.315,4229.475,4226.58,4228.415,598
1786033740,4228.42,4230.585,4228.225,4230.23,359
1786033800,4230.185,4233.285,4230.15,4233.285,898
1786033860,4233.295,4233.42,4231.015,4231.645,926
1786033920,4231.65,4233.97,4231.545,4232.82,589
1786033980,4232.815,4232.995,4231.61,4232.705,535
1786034040,4232.81,4232.885,4231.705,4232.29,535
1786034100,4232.35,4234.085,4232.35,4233.06,669
1786034160,4233.015,4233.6,4232.14,4233.16,539
1786034220,4233.18,4233.97,4231.965,4233.9,625
1786034280,4233.91,4236.225,4233.91,4235.085,689
1786034340,4235.1,4235.665,4234.28,4235.285,358
1786034400,4235.275,4235.545,4233.22,4233.305,515
1786034460,4233.36,4234.61,4232.745,4234.58,589
1786034520,4234.575,4234.795,4233.73,4234.395,643
1786034580,4234.4,4234.62,4232.615,4232.995,706
1786034640,4233.005,4234.81,4232.275,4233.71,872
1786034700,4233.715,4234.605,4233.03,4233.39,946
1786034760,4233.395,4233.79,4231.9,4232.86,856
1786034820,4232.865,4233.96,4232.665,4233.84,644
1786034880,4233.86,4234.405,4233.25,4234.205,614
1786034940,4234.18,4236.72,4234.18,4236.625,680
1786035000,4236.63,4237.955,4236.515,4237.7,654
1786035060,4237.675,4238.2,4236.225,4236.65,524
1786035120,4236.645,4237.27,4235.4,4235.425,465
1786035180,4235.475,4235.865,4235.365,4235.735,381
1786035240,4235.795,4237.81,4235.795,4237.225,581
1786035300,4237.245,4240.95,4237.19,4240.94,775
1786035360,4240.935,4241.74,4240.745,4241.46,558
1786035420,4241.33,4242.615,4241.15,4241.92,650
1786035480,4242.01,4242.15,4240.83,4241.295,502
1786035540,4241.28,4241.54,4240.215,4241.525,285
1786035600,4241.51,4243.305,4241.51,4241.895,442
1786035660,4241.88,4242.365,4240.68,4242.12,366
1786035720,4242.13,4242.59,4239.54,4240.53,429
1786035780,4240.515,4241.31,4240.285,4240.57,443
1786035840,4240.58,4242.505,4240.535,4241.7,453
1786035900,4241.695,4242.715,4240.455,4242.25,556
1786035960,4242.2,4242.93,4241.89,4242.055,496
1786036020,4242.045,4242.66,4241.07,4241.24,747
1786036080,4241.275,4241.495,4240.915,4241.21,795
1786036140,4241.205,4243.41,4240.975,4242.935,711
1786036200,4243.02,4244.595,4242.625,4244.08,664
1786036260,4244.07,4244.615,4242.875,4243.05,712
1786036320,4243.065,4243.165,4242.255,4242.66,551
1786036380,4242.67,4243.685,4242.11,4242.945,594
1786036440,4242.955,4242.97,4240.87,4240.945,625
1786036500,4240.98,4241.035,4239.265,4239.355,611
1786036560,4239.425,4240.8,4239.405,4240.17,584
1786036620,4240.215,4240.575,4239.235,4239.975,689
1786036680,4239.985,4241.11,4239.985,4240.67,684
1786036740,4240.66,4241.78,4240.265,4241.385,601
1786036800,4241.375,4242.47,4241.365,4242.03,599
1786036860,4242.015,4242.1,4239.24,4239.38,589
1786036920,4239.365,4239.73,4238.545,4239.03,637
1786036980,4239.04,4240.255,4239.04,4239.535,543
1786037040,4239.545,4240.2,4239.23,4239.88,1034
1786037100,4239.935,4242.63,4239.93,4241.985,918
1786037160,4241.975,4242.525,4241.59,4242.435,412
1786037220,4242.455,4242.745,4242.005,4242.24,352
1786037280,4242.155,4242.155,4239.74,4240.865,422
1786037340,4241.025,4242.645,4239.435,4241.76,897
1786037400,4241.785,4241.785,4239.105,4240.555,682
1786037460,4240.56,4242.045,4240.53,4240.995,361
1786037520,4241.01,4241.185,4240.44,4240.655,544
1786037580,4240.66,4240.71,4239.88,4240.29,378
1786037640,4240.295,4240.925,4239.92,4240.78,227
1786037700,4240.84,4241.66,4240.715,4240.86,322
1786037760,4240.875,4241.175,4240.27,4240.705,325
1786037820,4240.71,4241.285,4238.605,4240.885,421
1786037880,4240.975,4243.58,4240.855,4242.79,456
1786037940,4242.785,4242.95,4242.055,4242.16,307
1786038000,4242.155,4243.225,4241.835,4242.005,376
1786038060,4242,4242.675,4241.425,4242.345,309
1786038120,4242.36,4243.33,4242.345,4242.97,481
1786038180,4242.985,4243.15,4242.515,4242.8,387
1786038240,4242.815,4242.825,4241.91,4242.04,344
1786038300,4242.095,4242.18,4241.225,4241.635,318
1786038360,4241.63,4241.63,4240.455,4241.235,458
1786038420,4241.2,4241.385,4240.575,4240.595,313
1786038480,4240.605,4242.385,4240.605,4242.38,473
1786038540,4242.385,4242.815,4241.815,4241.88,537
1786038600,4241.89,4243.545,4241.89,4242.405,462
1786038660,4242.45,4244.275,4242.45,4244.02,384
1786038720,4244.01,4247.635,4244.01,4247.365,581
1786038780,4247.38,4248.04,4246.86,4247.53,483
1786038840,4247.515,4248.155,4246.45,4247.135,539
1786038900,4247.005,4247.085,4245.875,4246.245,427
1786038960,4246.27,4248.2,4246.27,4246.645,488
1786039020,4246.635,4247.15,4246.415,4247.08,385
1786039080,4247.215,4247.22,4245.69,4246.05,310
1786039140,4246.155,4247.285,4246.15,4247.27,313
1786039200,4247.345,4247.595,4245.685,4246.195,672
1786039260,4245.995,4246.385,4245.57,4245.81,358
1786039320,4245.815,4245.9,4245.015,4245.175,438
1786039380,4245.125,4245.315,4244.18,4244.25,381
1786039440,4244.245,4245.955,4244.245,4245.825,272
1786039500,4245.82,4247.22,4245.76,4246.785,423
1786039560,4246.775,4248.13,4246.53,4247.43,504
1786039620,4247.425,4247.675,4246.595,4247.6,388
1786039680,4247.62,4248.495,4247.525,4248.225,429
1786039740,4248.23,4249.165,4248.025,4248.355,362
1786039800,4248.445,4248.84,4247.335,4247.38,486
1786039860,4247.375,4247.79,4246.88,4247.255,413
1786039920,4247.275,4247.87,4247.04,4247.59,351
1786039980,4247.58,4247.83,4246.465,4247.015,376
1786040040,4247.01,4248.315,4246.705,4246.92,490
1786040100,4246.975,4247.83,4246.825,4247.795,353
1786040160,4247.825,4249.13,4246.195,4248.89,659
1786040220,4248.84,4249.15,4247.96,4248.265,310
1786040280,4248.27,4248.81,4247.925,4248.505,485
1786040340,4248.5,4249.21,4247.615,4247.855,481
1786040400,4247.845,4249.61,4247.795,4249.535,554
1786040460,4249.55,4249.74,4248.115,4248.305,514
1786040520,4248.295,4248.365,4246.995,4247.39,452
1786040580,4247.41,4248.045,4247.115,4247.17,502
1786040640,4247.185,4248.145,4247.06,4248.06,470
1786040700,4248.05,4248.315,4247.79,4247.895,341
1786040760,4247.885,4248.23,4247.685,4248.085,363
1786040820,4248.05,4248.34,4246.725,4246.97,302
1786040880,4247.105,4247.395,4246.58,4247.295,239
1786040940,4247.285,4247.355,4246.38,4246.84,191
1786041000,4246.785,4247.385,4246.655,4247.03,151
1786041060,4247.025,4247.93,4246.94,4247.16,210
1786041120,4247.15,4247.315,4244.835,4244.835,234
1786041180,4244.885,4245.125,4244.63,4244.87,171
1786041240,4244.965,4245.11,4243.69,4244.14,225
1786041300,4244.19,4244.93,4242.695,4243.17,234
1786041360,4243.19,4244.64,4243.09,4244.355,161
1786041420,4244.37,4244.41,4243.585,4243.65,171
1786041480,4243.67,4244.08,4243.205,4243.385,324
1786041540,4243.335,4243.515,4242.915,4243.405,169
1786041600,4243.375,4243.82,4242.81,4243.39,412
1786041660,4243.38,4243.39,4241.385,4241.445,478
1786041720,4241.47,4241.65,4240.755,4240.995,368
1786041780,4241,4242.375,4240.785,4241.695,381
1786041840,4241.69,4241.955,4241.59,4241.855,222
1786041900,4241.86,4242.815,4241.64,4242.815,202
1786041960,4242.845,4243.18,4242.1,4242.18,307
1786042020,4242.21,4242.595,4242.12,4242.48,272
1786042080,4242.475,4244.085,4242.475,4243.865,280
1786042140,4243.89,4245.045,4243.855,4244.93,185
1786042200,4244.935,4245.745,4244.53,4245.265,330
1786042260,4245.49,4245.535,4244.125,4244.3,260
1786042320,4244.355,4244.355,4243.52,4243.58,296
1786042380,4243.665,4243.74,4243.16,4243.33,181
1786042440,4243.395,4243.565,4241.67,4241.745,401
1786042500,4241.885,4242.225,4240.815,4241.61,440
1786042560,4241.755,4242.59,4241.6,4242.49,189
1786042620,4242.475,4242.845,4242.175,4242.42,149
1786042680,4242.455,4242.74,4242.25,4242.375,137
1786042740,4242.38,4243.58,4242.305,4243.535,202
1786042800,4243.56,4244.52,4243.1,4243.46,326
1786042860,4243.505,4246.3,4243.505,4245.91,330
1786042920,4245.915,4248.64,4245.475,4247.67,444
1786042980,4247.65,4248.15,4247.41,4247.715,293
1786043040,4247.69,4249.075,4247.54,4248.48,284
1786043100,4248.47,4248.58,4247.16,4247.235,284
1786043160,4247.24,4249.065,4247.04,4248.45,293
1786043220,4248.41,4248.44,4247.45,4247.45,241
1786043280,4247.465,4248.705,4247.455,4248.705,256
1786043340,4248.695,4249.165,4248.29,4249.16,151
1786043400,4249.21,4250.745,4249.145,4250.335,294
1786043460,4250.28,4251.385,4250.065,4250.555,201
1786043520,4250.52,4250.59,4249.905,4250.075,168
1786043580,4250.125,4250.215,4248.295,4248.545,209
1786043640,4248.54,4248.77,4247.31,4247.57,234
1786043700,4247.47,4248.49,4247.14,4248.05,249
1786043760,4248.055,4248.26,4247.64,4247.795,371
1786043820,4247.8,4248.6,4246.55,4247.1,352
1786043880,4247.205,4247.46,4245.98,4246.12,149
1786043940,4246.075,4246.565,4245.305,4245.545,179
1786044000,4245.595,4246.28,4245.29,4246.26,199
1786044060,4246.305,4247.25,4246.15,4246.635,261
1786044120,4246.64,4247.27,4245.145,4245.425,354
1786044180,4245.455,4245.78,4245.115,4245.205,143
1786044240,4245.145,4245.195,4239.865,4240.285,601
1786044300,4240.255,4241.99,4237.435,4241.87,926
1786044360,4241.77,4241.77,4236.71,4238.65,684
1786044420,4238.56,4239.01,4236.6,4238.335,908
1786044480,4238.325,4239.225,4236.545,4236.68,1075
1786044540,4236.67,4238.025,4235.245,4237.465,875
1786044600,4237.48,4238.175,4235.605,4236.675,1204
1786044660,4236.695,4238.05,4236.67,4237.53,669
1786044720,4237.505,4238.125,4236.97,4237.335,753
1786044780,4237.28,4237.54,4235.88,4235.995,548
1786044840,4235.99,4238.655,4235.985,4238.25,835
1786044900,4238.265,4239.79,4237.925,4238.045,646
1786044960,4238.05,4238.285,4236.255,4237.585,501
1786045020,4237.54,4238.125,4236.805,4238.125,331
1786045080,4238.12,4238.805,4238.075,4238.4,355
1786045140,4238.39,4238.49,4236.595,4236.595,341
1786045200,4236.565,4237.09,4234.29,4234.825,474
1786045260,4234.925,4235.45,4234.545,4234.64,352
1786045320,4234.69,4235.235,4233.46,4233.765,455
1786045380,4233.76,4235.065,4233.12,4234.295,473
1786045440,4234.345,4234.77,4233.785,4234.77,253
1786045500,4234.76,4236.665,4234.76,4236.64,341
1786045560,4236.665,4238.355,4236.455,4238.115,345
1786045620,4238.07,4239.295,4237.335,4238.5,252
1786045680,4238.45,4238.5,4237.245,4238.005,261
1786045740,4238.015,4238.22,4237.425,4237.81,277
1786045800,4237.615,4239.535,4237.615,4238.95,613
1786045860,4238.96,4240.03,4238.595,4239.135,399
1786045920,4239.07,4241.415,4238.95,4241.275,311
1786045980,4241.26,4250.34,4240.85,4249.27,1176
1786046040,4249.3,4250.845,4247.115,4247.115,1411
1786046100,4247.095,4247.22,4243.985,4246.505,797
1786046160,4246.525,4248.47,4246.45,4247.89,530
1786046220,4247.885,4247.885,4246.355,4247.715,735
1786046280,4247.68,4249,4246.86,4248.935,868
1786046340,4248.775,4249.255,4247.89,4248.95,882
1786046400,4248.81,4250.215,4248.685,4248.925,551
1786046460,4248.87,4249.65,4247.45,4247.745,552
1786046520,4247.74,4248.69,4246.395,4246.755,570
1786046580,4246.71,4247.265,4246.09,4246.925,343
1786046640,4246.875,4247.355,4246.74,4247.08,230
1786046700,4247.16,4247.55,4246.76,4246.77,157
1786046760,4246.73,4247.255,4246.12,4247.15,187
1786046820,4247.03,4247.11,4246.465,4246.75,179
1786046880,4246.735,4246.87,4245.68,4245.82,234
1786046940,4245.795,4246.08,4245.425,4245.865,112
1786047000,4245.88,4246.765,4245.64,4246.605,226
1786047060,4246.585,4246.62,4244.985,4245.435,276
1786047120,4245.44,4245.69,4245.33,4245.52,120
1786047180,4245.53,4245.645,4243.185,4243.585,235
1786047240,4243.575,4244.83,4242.835,4244.555,274
1786047300,4244.55,4245.61,4244.205,4245.535,218
1786047360,4245.525,4245.525,4244.18,4244.235,187
1786047420,4244.18,4244.95,4243.775,4244.885,129
1786047480,4244.93,4245.025,4244.115,4244.48,158
1786047540,4244.46,4244.89,4244.075,4244.26,125
1786047600,4244.25,4244.48,4243.29,4243.405,168
1786047660,4243.4,4244.855,4243.105,4243.52,314
1786047720,4243.635,4243.77,4242.66,4243.395,178
1786047780,4243.49,4243.89,4243.175,4243.615,216
1786047840,4243.565,4243.825,4242.105,4242.425,267
1786047900,4242.445,4243.16,4242.315,4242.415,253
1786047960,4242.445,4242.445,4240.925,4241.06,213
1786048020,4241.18,4241.36,4240.005,4240.465,213
1786048080,4240.505,4241.135,4240.505,4240.785,138
1786048140,4240.77,4241.94,4240.755,4241.9,141
1786048200,4241.935,4241.935,4240.895,4241.315,192
1786048260,4241.225,4241.4,4240.92,4241.22,169
1786048320,4241.115,4241.43,4240.945,4241.155,78
1786048380,4241.07,4241.43,4240.95,4241.08,103
1786048440,4241.095,4241.525,4241.095,4241.29,69
1786048500,4241.335,4242.31,4241.3,4242.285,148
1786048560,4242.19,4242.5,4241.625,4241.83,144
1786048620,4241.895,4242.35,4241.67,4241.89,172
1786048680,4241.83,4241.925,4240.12,4240.315,276
1786048740,4240.265,4240.5,4239.73,4240.285,177
1786048800,4240.235,4240.245,4237.215,4237.325,236
1786048860,4237.73,4237.965,4237.035,4237.38,190
1786048920,4237.33,4237.34,4235.93,4236.125,139
1786048980,4236.105,4236.445,4235.345,4235.475,156
1786049040,4235.53,4236.66,4235.105,4235.365,175
1786049100,4235.155,4236.645,4234.78,4236.51,188
1786049160,4236.47,4239,4236.31,4238.75,178
1786049220,4238.67,4238.67,4237.61,4237.945,96
1786049280,4237.98,4238.15,4237.19,4237.31,109
1786049340,4237.27,4237.475,4236.64,4236.64,93
1786049400,4236.58,4238.255,4235.97,4238.155,119
1786049460,4238.27,4239.5,4238.26,4239.475,112
1786049520,4239.415,4239.875,4239.05,4239.585,90
1786049580,4239.735,4240.115,4239.66,4239.675,55
1786049640,4239.625,4242.065,4239.625,4241.645,130
1786049700,4241.57,4241.61,4240.595,4240.69,111
1786049760,4240.745,4240.745,4240.125,4240.125,48
1786049820,4240.145,4240.745,4240.145,4240.35,99
1786049880,4240.485,4240.945,4240.44,4240.64,138
1786049940,4240.765,4240.845,4240.6,4240.75,28
1786053840,4236.61,4236.715,4236.61,4236.715,8
1786053900,4236.715,4238.575,4236.64,4238.575,126
1786053960,4238.625,4238.68,4237.4,4237.665,95
1786054020,4237.65,4238.18,4236.605,4238.18,78
1786054080,4238.175,4238.19,4237.975,4238.19,27
1786054140,4238.195,4238.32,4238.085,4238.11,22
1786054200,4238.035,4238.035,4237.155,4237.9,82
1786054260,4238.07,4238.08,4237.175,4237.23,70
1786054320,4237.17,4237.68,4236.85,4237.68,51
1786054380,4238.065,4239.04,4237.96,4239.01,79
1786054440,4239.005,4239.195,4238.655,4239.195,48
1786054500,4239.2,4239.91,4239.12,4239.745,84
1786054560,4239.645,4240.175,4239.615,4240.03,78
1786054620,4239.99,4241.105,4239.99,4240.955,123
1786054680,4240.85,4241.71,4240.845,4241.595,122
1786054740,4241.545,4241.68,4240.9,4241.235,171
1786054800,4241.275,4241.4,4240.2,4240.515,123
1786054860,4240.46,4240.46,4239.82,4240.335,96
1786054920,4240.33,4240.445,4239.77,4240.265,113
1786054980,4240.27,4241.625,4240.02,4241.605,209
1786055040,4241.66,4242.69,4241.28,4242.145,169
1786055100,4241.98,4242.485,4241.23,4242.365,137
1786055160,4242.325,4242.67,4242.175,4242.67,90
1786055220,4242.78,4243.5,4242.15,4242.33,205
1786055280,4242.335,4242.755,4242.22,4242.545,95
1786055340,4242.55,4242.775,4241.58,4242.39,108
1786055400,4242.395,4243.25,4242.1,4242.435,145
1786055460,4242.455,4243.445,4242.455,4243.175,114
1786055520,4243.17,4243.34,4242.56,4242.91,122
1786055580,4242.915,4243.065,4242.485,4242.765,146
1786055640,4242.76,4242.785,4241.26,4241.55,214
1786055700,4241.545,4241.87,4240.78,4240.835,92
1786055760,4240.79,4240.85,4240.305,4240.74,122
1786055820,4240.73,4240.895,4240.515,4240.535,31
1786055880,4240.53,4240.855,4240.49,4240.68,44
1786055940,4240.79,4240.98,4240.05,4240.37,88
1786056000,4240.365,4240.47,4240.065,4240.065,67
1786056060,4240.015,4240.885,4240.005,4240.715,104
1786056120,4240.665,4240.935,4240.02,4240.145,71
1786056180,4240.195,4241.43,4239.03,4239.91,233
1786056240,4239.905,4240.22,4239.295,4239.37,161
1786056300,4239.36,4241.1,4238.885,4240.9,181
1786056360,4240.905,4241.39,4240.61,4241.39,105
1786056420,4241.295,4241.345,4241.005,4241.265,62
1786056480,4241.26,4241.975,4241.15,4241.675,126
1786056540,4241.67,4241.84,4241.63,4241.75,43
1786056600,4241.735,4241.845,4241.69,4241.825,32
1786056660,4241.82,4242.465,4241.03,4242.325,204
1786056720,4242.28,4242.685,4241.85,4242.585,73
1786056780,4242.59,4242.885,4242.3,4242.32,90
1786056840,4242.315,4242.375,4242.12,4242.12,53
1786056900,4242.095,4242.095,4241.73,4241.87,76
1786056960,4241.875,4241.875,4240.945,4241.03,78
1786057020,4241.025,4241.405,4240.9,4241.345,65
1786057080,4241.225,4241.44,4240.905,4241.01,51
1786057140,4240.95,4240.965,4240.825,4240.83,19
1786057200,4240.555,4241.32,4240.42,4241.125,109
1786057260,4240.825,4241.71,4240.69,4241.71,107
1786057320,4241.76,4243.06,4241.71,4242.545,93
1786057380,4242.43,4242.43,4240.59,4240.83,151
1786057440,4240.675,4242.615,4240.36,4242.32,154
1786057500,4242.435,4244.055,4242.435,4243.69,122
1786057560,4243.615,4245.785,4243.505,4243.74,278
1786057620,4243.735,4243.935,4243.425,4243.81,133
1786057680,4243.805,4244.52,4243.76,4244.415,154
1786057740,4244.34,4244.34,4243.23,4244.035,141
1786057800,4244.02,4244.26,4243.85,4243.98,111
1786057860,4243.99,4244.15,4243.775,4244.05,76
1786057920,4243.98,4244.72,4243.835,4244.435,101
1786057980,4244.43,4244.605,4244.235,4244.49,90
1786058040,4244.5,4245.395,4244.5,4245.37,132
1786058100,4245.34,4245.37,4245.035,4245.155,128
1786058160,4245.16,4245.79,4244.79,4245.79,123
1786058220,4245.74,4245.75,4245.38,4245.545,113
1786058280,4245.555,4245.775,4245.455,4245.77,73
1786058340,4245.745,4246.215,4245.575,4245.74,116
1786058400,4245.64,4245.885,4245.63,4245.86,44
1786058460,4245.805,4246.105,4245.805,4246.085,56
1786058520,4246.04,4246.145,4245.91,4246.075,52
1786058580,4246.06,4246.225,4245.85,4245.995,65
1786058640,4245.965,4246.165,4245.765,4246.105,60
1786058700,4246.125,4246.18,4245.6,4245.62,66
1786058760,4245.51,4246.265,4245.48,4245.99,91
1786058820,4245.985,4246.08,4244.74,4244.945,124
1786058880,4244.995,4245.36,4243.625,4243.805,151
1786058940,4243.795,4245.955,4243.19,4245.405,176
1786059000,4245.415,4246.19,4245.265,4246.19,107
1786059060,4246.175,4246.875,4245.76,4246.57,137
1786059120,4246.56,4247.555,4246.56,4247.535,141
1786059180,4247.56,4248.84,4246.95,4247.55,231
1786059240,4247.585,4247.585,4247.13,4247.24,86
1786059300,4247.15,4247.73,4246.89,4247.465,65
1786059360,4247.48,4247.76,4247.07,4247.76,49
1786059420,4247.755,4247.77,4247.335,4247.375,29
1786059480,4247.385,4247.675,4247.375,4247.57,42
1786059540,4247.39,4247.47,4246.085,4246.105,116
1786059600,4246.355,4246.44,4245.775,4246.135,128
1786059660,4246.215,4246.64,4246.14,4246.64,110
1786059720,4246.69,4247.955,4246.63,4247.495,115
1786059780,4247.5,4247.5,4245.335,4245.36,133
1786059840,4245.46,4246.78,4244.95,4246.725,156
1786059900,4246.735,4247.08,4245.88,4246.115,235
1786059960,4246.075,4248.17,4246.05,4247.105,190
1786060020,4247.08,4248.435,4246.38,4248.435,208
1786060080,4248.385,4248.97,4247.64,4248.79,174
1786060140,4248.725,4249.15,4248.23,4248.645,217
1786060200,4248.65,4249.985,4248.65,4249.395,446
1786060260,4249.385,4251.25,4249.16,4250.85,409
1786060320,4250.84,4252.3,4250.57,4251.895,551
1786060380,4251.87,4252.31,4251.29,4251.505,572
1786060440,4251.625,4252.23,4251.435,4251.905,280
1786060500,4251.85,4252.11,4250.665,4251.855,266
1786060560,4251.845,4253.245,4251.07,4251.83,391
1786060620,4251.865,4252.8,4251.45,4252.565,323
1786060680,4252.57,4252.755,4251.99,4252.6,260
1786060740,4252.585,4252.72,4252.115,4252.425,375
1786060800,4252.42,4253.015,4247.825,4247.825,943
1786060860,4247.82,4248.935,4247.55,4248.8,681
1786060920,4248.76,4249.495,4248.57,4248.975,477
1786060980,4248.96,4250.2,4248.935,4249.23,438
1786061040,4249.215,4249.94,4249.03,4249.74,533
1786061100,4249.785,4251.04,4249.255,4250.905,510
1786061160,4250.89,4251.125,4249.92,4250.605,480
1786061220,4250.57,4250.67,4249.02,4249.185,347
1786061280,4249.165,4250.595,4249.16,4250.335,400
1786061340,4250.365,4250.755,4249.325,4249.46,444
1786061400,4249.475,4249.475,4248.075,4248.735,495
1786061460,4248.58,4248.59,4246.045,4246.385,785
1786061520,4246.375,4246.52,4245.285,4245.98,527
1786061580,4245.965,4246.18,4243.525,4243.945,476
1786061640,4243.955,4245,4243.875,4245,316
1786061700,4244.98,4246.35,4243.505,4243.51,595
1786061760,4243.5,4244.55,4241.95,4242.3,572
1786061820,4242.345,4243.87,4242.325,4243.39,417
1786061880,4243.38,4243.64,4241.695,4241.715,450
1786061940,4241.78,4242.63,4241.425,4242.48,534
1786062000,4242.475,4244.785,4242.075,4244.73,705
1786062060,4244.705,4245.625,4243.685,4244.155,547
1786062120,4244.145,4244.575,4243.63,4243.915,513
1786062180,4243.9,4243.9,4241.44,4241.62,506
1786062240,4241.665,4241.845,4239.75,4240.01,416
1786062300,4240.015,4240.565,4239.255,4240.04,592
1786062360,4240.05,4241.2,4239.77,4240.06,489
1786062420,4240.045,4242.13,4239.915,4240.65,599
1786062480,4240.725,4244.22,4240.675,4242.9,637
1786062540,4242.855,4244.19,4242.61,4244.025,469
1786062600,4244.02,4244.03,4241.105,4241.995,732
1786062660,4242.02,4242.86,4241.8,4242.005,477
1786062720,4241.995,4242.73,4241.005,4242.26,574
1786062780,4242.305,4242.975,4240.545,4241.58,625
1786062840,4241.625,4242.345,4240.825,4241.64,397
1786062900,4241.71,4242.51,4238.82,4238.885,657
1786062960,4238.83,4241.725,4237.56,4241.71,749
1786063020,4241.76,4242.725,4240.66,4240.66,479
1786063080,4240.64,4240.745,4235.78,4237.145,649
1786063140,4237.15,4237.24,4235.46,4235.73,400
1786063200,4235.745,4235.98,4232.17,4232.47,592
1786063260,4232.465,4234.12,4230.395,4234,824
1786063320,4234.005,4234.135,4231.185,4233.565,662
1786063380,4233.555,4233.585,4231.955,4232.55,306
1786063440,4232.52,4235.53,4232.495,4234.89,510
1786063500,4234.87,4237.06,4234.86,4236.25,795
1786063560,4236.255,4236.365,4235.205,4235.565,420
1786063620,4235.535,4235.975,4233.785,4233.83,371
1786063680,4233.81,4234.765,4233.135,4233.135,343
1786063740,4233.11,4233.865,4231.455,4231.47,452
1786063800,4231.465,4235.045,4231.395,4234.85,535
1786063860,4234.885,4234.985,4233.225,4234.55,551
1786063920,4234.57,4235.23,4233.67,4234.635,493
1786063980,4234.525,4235.025,4233.62,4233.84,524
1786064040,4233.92,4234.59,4233.44,4233.97,452
1786064100,4233.98,4234.265,4231.805,4232.22,657
1786064160,4232.18,4232.4,4230.78,4231.395,500
1786064220,4231.25,4232.13,4230.99,4231.88,419
1786064280,4231.875,4232.945,4231.195,4231.28,479
1786064340,4231.21,4233.135,4229.875,4232.9,531
1786064400,4232.925,4240.215,4231.59,4238.69,1408
1786064460,4238.85,4243.305,4237.805,4238.82,1007
1786064520,4238.765,4239.76,4237.62,4238,741
1786064580,4238.01,4240.55,4236.24,4240.41,803
1786064640,4240.215,4243.27,4240.04,4241.9,903
1786064700,4241.87,4243.065,4240.22,4242.045,703
1786064760,4242.03,4242.76,4240.985,4241.29,753
1786064820,4241.3,4245.48,4240.945,4245.125,863
1786064880,4245.13,4246.87,4243.93,4244.135,730
1786064940,4244.14,4244.14,4241.555,4242.585,626
1786065000,4242.635,4243.095,4241.09,4241.91,657
1786065060,4241.96,4243.835,4241.61,4242,456
1786065120,4242.09,4242.67,4240.645,4242.48,560
1786065180,4242.49,4244.215,4242.3,4243.66,536
1786065240,4243.645,4245.275,4243.51,4244.34,424
1786065300,4244.405,4245.27,4243.53,4245.045,497
1786065360,4245.06,4246.42,4244.795,4245.735,500
1786065420,4245.635,4246.375,4244.285,4245.035,522
1786065480,4244.97,4245.89,4244.06,4244.73,458
1786065540,4244.68,4245.97,4244.375,4244.585,371
1786065600,4244.6,4244.645,4243.325,4244.62,396
1786065660,4244.65,4250.32,4244.65,4249.37,748
1786065720,4249.385,4249.725,4244.19,4244.275,895
1786065780,4244.3,4244.58,4241.995,4243.725,1080
1786065840,4243.74,4244.6,4241.055,4241.65,884
1786065900,4241.715,4243.1,4240.245,4240.335,869
1786065960,4240.365,4242.25,4240.275,4241.855,736
1786120560,4338.5,4339.175,4337.935,4338.59,757
1786120620,4338.585,4339.55,4337.935,4337.94,757
1786120680,4337.975,4341.365,4336.48,4341.18,822
1786120740,4341.17,4342.13,4339.635,4339.965,834
1786120800,4339.93,4340.755,4339.605,4339.76,909
1786120860,4339.765,4341.125,4339.685,4341.04,665
1786120920,4341.025,4341.025,4337.535,4338.325,740
1786120980,4338.205,4339.08,4337.74,4338.995,815
1786121040,4339,4339.29,4336.965,4338.735,571
1786121100,4338.73,4342.14,4338.25,4341.79,792
1786121160,4341.85,4342.31,4340.135,4340.5,1161
1786121220,4340.525,4341.145,4338.62,4338.88,925
1786121280,4338.845,4341.385,4337.395,4338.735,987
1786121340,4338.765,4338.99,4335.825,4338.47,1060
1786121400,4338.465,4338.875,4336.94,4337.82,885
1786121460,4337.83,4337.91,4335.595,4336.11,993
1786121520,4336.115,4336.42,4334.28,4334.625,965
1786121580,4334.325,4335.635,4333.34,4335.63,495
1786121640,4335.685,4336.03,4332.7,4333.905,646
1786121700,4333.935,4334.615,4330.75,4330.75,744
1786121760,4330.78,4331.62,4330.12,4330.23,510
1786121820,4330.16,4331.525,4329.305,4329.755,595
1786121880,4329.71,4330.32,4329.345,4330.25,680
1786121940,4330.26,4331.42,4329.28,4329.305,648
1786122000,4329.3,4329.82,4327.865,4328.59,938
1786122060,4328.535,4332.945,4328.46,4332.555,828
1786122120,4332.545,4334.035,4332.155,4333.725,702
1786122180,4333.71,4334.635,4332.88,4333.775,663
1786122240,4333.74,4335.555,4333.735,4335.065,525
1786122300,4335.07,4337.035,4334.88,4336.77,702
1786122360,4336.775,4336.945,4335.73,4336.525,849
1786122420,4336.515,4338.585,4336.515,4337.595,851
1786122480,4337.58,4337.58,4336.195,4337.155,693
1786122540,4337.14,4337.59,4334.995,4335.61,607
1786122600,4335.585,4337.715,4335.585,4337.105,727
1786122660,4337.1,4337.36,4335.695,4335.875,458
1786122720,4335.575,4336.11,4335.385,4335.7,647
1786122780,4335.66,4336.645,4335.435,4335.79,871
1786122840,4335.78,4336.16,4335.055,4335.75,867
1786122900,4335.675,4336.485,4334.775,4336.305,602
1786122960,4336.28,4336.455,4334.725,4335.015,510
1786123020,4335.01,4335.325,4333.905,4335.275,638
1786123080,4335.25,4336.245,4335.19,4335.625,582
1786123140,4335.615,4336.245,4334.815,4335.375,776
1786123200,4335.37,4336.64,4335.33,4336.18,695
1786123260,4336.165,4336.58,4334.25,4336.385,771
1786123320,4336.48,4337.87,4336.305,4336.33,617
1786123380,4336.295,4338.9,4336.135,4338.745,594
1786123440,4338.75,4339.53,4337.915,4338.69,696
1786123500,4338.685,4339.975,4337.055,4339.265,722
1786123560,4339.225,4339.755,4338.105,4338.77,668
1786123620,4338.77,4340.45,4338.4,4339.99,614
1786123680,4339.94,4342.01,4339.3,4341.35,784
1786123740,4341.445,4342.255,4339.57,4339.735,1455
1786123800,4339.71,4340.075,4338.085,4338.505,1026
1786123860,4338.54,4338.6,4335.755,4336.57,777
1786123920,4336.51,4336.54,4335.35,4335.64,569
1786123980,4335.6,4340.205,4334.235,4337.805,1478
1786124040,4337.765,4338.295,4336.505,4336.745,747
1786124100,4336.71,4336.865,4332.185,4332.91,817
1786124160,4332.895,4333,4329.845,4332.31,830
1786124220,4332.315,4333.185,4331.94,4332.86,559
1786124280,4332.865,4335.02,4332.71,4334.36,431
1786124340,4334.355,4335.745,4333.78,4334.99,620
1786124400,4335.015,4336.845,4334.95,4335.775,598
1786124460,4335.77,4336.375,4335.395,4336.375,626
1786124520,4336.38,4338.355,4336.23,4338.1,845
1786124580,4338.105,4338.19,4336.665,4336.735,884
1786124640,4336.74,4337.295,4336.265,4336.275,606
1786124700,4336.27,4337.575,4335.65,4336.575,678
1786124760,4336.57,4337.355,4336.17,4336.34,593
1786124820,4336.315,4337.145,4335.035,4336.02,699
1786124880,4336.01,4337.005,4335.38,4337,579
1786124940,4337.06,4337.62,4336.445,4336.78,600
1786125000,4336.8,4339.88,4336.8,4339.5,582
1786125060,4339.505,4339.94,4338.75,4339.63,533
1786125120,4339.665,4341.62,4339.645,4341.34,430
1786125180,4341.325,4341.525,4340.49,4341.31,327
1786125240,4341.315,4341.59,4340.47,4341.265,314
1786125300,4341.285,4342.555,4341.285,4342.06,368
1786125360,4342.055,4342.96,4341.995,4342.205,394
1786125420,4342.2,4343.15,4341.53,4341.78,549
1786125480,4341.77,4342.41,4340.74,4340.97,605
1786125540,4340.93,4341.03,4339.905,4340.275,452
1786125600,4340.325,4340.78,4339.185,4340.38,902
1786125660,4340.375,4341.145,4339.88,4340.325,682
1786125720,4340.33,4340.505,4339.095,4340.27,662
1786125780,4340.21,4340.21,4339.28,4339.64,622
1786125840,4339.65,4340.195,4339.19,4340.095,476
1786125900,4340.105,4341.69,4339.895,4341.375,780
1786125960,4341.425,4343.03,4341.03,4342.665,819
1786126020,4342.635,4342.795,4340.555,4341,742
1786126080,4341.015,4342.025,4340.78,4341.39,596
1786126140,4341.4,4342.39,4341.375,4341.93,594
1786126200,4341.935,4342.665,4341.255,4341.255,456
1786126260,4341.225,4341.485,4340.405,4340.605,528
1786126320,4340.655,4340.97,4339.77,4339.93,703
1786126380,4339.955,4340.815,4337.56,4337.795,605
1786126440,4337.79,4337.99,4334.905,4335.06,795
1786126500,4335.08,4337.225,4335.055,4337.095,689
1786126560,4337.21,4338.035,4337,4337.805,613
1786126620,4337.79,4337.855,4336.405,4337.675,725
1786126680,4337.665,4337.965,4336.7,4336.74,561
1786126740,4336.68,4337.065,4335.525,4335.525,530
1786126800,4335.535,4335.955,4332.685,4334.135,649
1786126860,4334.175,4334.825,4333.92,4334.68,608
1786126920,4334.65,4335.135,4332.78,4332.83,507
1786126980,4332.805,4333.535,4332.255,4332.9,453
1786127040,4332.85,4333.7,4332.355,4333.675,586
1786127100,4333.655,4334.93,4333.525,4334.255,465
1786127160,4334.295,4334.76,4333.93,4334.225,434
1786127220,4334.235,4335.73,4333.92,4335.23,735
1786127280,4335.21,4335.215,4332.39,4332.39,802
1786127340,4332.4,4334.785,4332.4,4334.535,946
1786127400,4334.565,4335.94,4333.875,4333.98,558
1786127460,4333.975,4335.72,4333.975,4335.15,458
1786127520,4335.11,4337.46,4335.01,4337.45,510
1786127580,4337.455,4337.55,4336.395,4337.475,383
1786127640,4337.49,4337.935,4336.405,4337.13,512
1786127700,4337.15,4338.52,4337.1,4338.37,565
1786127760,4338.365,4339.08,4337.545,4338.56,468
1786127820,4338.57,4339.055,4338.19,4338.22,456
1786127880,4338.23,4338.275,4336.895,4337.25,314
1786127940,4337.26,4338.285,4337.08,4337.19,484
1786128000,4337.215,4337.665,4336.5,4336.91,312
1786128060,4336.9,4337.115,4336.23,4337.04,384
1786128120,4337.055,4337.06,4335.72,4335.72,367
1786128180,4335.74,4336.46,4335.535,4335.675,220
1786128240,4335.61,4335.9,4333.43,4334.355,491
1786128300,4334.315,4337.31,4334.045,4337.3,446
1786128360,4337.26,4337.555,4336.585,4336.67,326
1786128420,4336.635,4337.395,4336.57,4336.915,412
1786128480,4336.91,4337.04,4336.04,4336.745,438
1786128540,4336.725,4337.085,4336.265,4336.75,300
1786128600,4336.765,4337.6,4336.04,4337.065,429
1786128660,4337.05,4337.125,4336.27,4336.295,306
1786128720,4336.285,4336.32,4335.155,4335.24,281
1786128780,4335.29,4335.38,4334.065,4334.885,332
1786128840,4334.875,4335.335,4334.175,4335.33,305
1786128900,4335.345,4335.475,4334.185,4334.325,380
1786128960,4334.35,4335.08,4334.165,4334.945,426
1786129020,4334.955,4335.415,4334.815,4334.955,210
1786129080,4334.935,4335.045,4334.17,4334.74,218
1786129140,4334.73,4335.755,4333.22,4335.695,379
1786129200,4335.7,4338.75,4335.565,4338.15,996
1786129260,4338.335,4344.89,4337.94,4342.13,1542
1786129320,4342.11,4343.185,4340.575,4340.74,1139
1786129380,4340.735,4342.065,4338.895,4339.425,883
1786129440,4339.415,4340.495,4338.775,4340.41,591
1786129500,4340.395,4342.23,4340.11,4340.975,636
1786129560,4340.965,4342.625,4340.945,4341.66,935
1786129620,4341.675,4342.08,4340.78,4341.3,715
1786129680,4341.29,4343.155,4341.29,4342.525,726
1786129740,4342.52,4345.15,4342.17,4344.77,974
1786129800,4344.755,4345.78,4344.605,4345.27,734
1786129860,4345.23,4345.795,4344.135,4344.745,745
1786129920,4344.715,4344.87,4343.575,4343.925,853
1786129980,4343.955,4344.605,4343.39,4343.56,713
1786130040,4343.545,4344.595,4343.52,4343.57,640
1786130100,4343.585,4344.345,4342.995,4344.33,737
1786130160,4344.325,4349.91,4343.075,4349.65,1404
1786130220,4349.575,4350.12,4346.08,4346.695,987
1786130280,4346.69,4348.05,4345.97,4346.755,796
1786130340,4346.74,4348.495,4346.605,4347.145,879
1786130400,4347.135,4349.795,4347.035,4349.5,1128
1786130460,4349.49,4350.41,4348.395,4348.395,1189
1786130520,4348.385,4349.84,4347.765,4347.87,902
1786130580,4347.895,4349.135,4347.895,4349.135,813
1786130640,4349.155,4350.32,4348.18,4348.86,1013
1786130700,4348.82,4349.015,4347.915,4348.32,812
1786130760,4348.315,4349.01,4347.525,4347.825,754
1786130820,4347.815,4348.305,4347.07,4348.25,742
1786130880,4348.245,4348.455,4347.21,4348.24,795
1786130940,4348.265,4348.905,4347.195,4348.63,682
1786131000,4348.6,4348.67,4346.67,4347.19,1063
1786131060,4347.29,4348.875,4346.945,4346.945,1088
1786131120,4346.91,4346.91,4345.365,4346.3,1021
1786131180,4346.31,4347,4345.55,4345.605,879
1786131240,4345.575,4345.935,4345.085,4345.725,905
1786131300,4345.72,4346.16,4344.94,4344.985,757
1786131360,4344.975,4346.165,4344.355,4345.72,913
1786131420,4345.695,4345.695,4344.605,4345.1,777
1786131480,4345.085,4346.76,4344.905,4345.33,660
1786131540,4345.315,4347.125,4344.675,4346.075,901
1786131600,4346.1,4346.62,4344.69,4345.865,732
1786131660,4345.89,4347.255,4345.375,4346.95,605
1786131720,4346.945,4348.085,4346.825,4347.5,574
1786131780,4347.505,4348.015,4346.985,4347.58,485
1786131840,4347.515,4348.45,4347.425,4347.96,392
1786131900,4347.95,4349.535,4347.765,4348.895,541
1786131960,4348.84,4349.175,4347.99,4348.465,645
1786132020,4348.4,4349.12,4347.875,4348.68,615
1786132080,4348.675,4348.675,4347.535,4348.09,618
1786132140,4348.075,4348.385,4347.16,4347.6,568
1786132200,4347.51,4349.425,4347.315,4348.9,894
1786132260,4348.865,4349.425,4348.415,4348.56,684
1786132320,4348.585,4349.135,4348.015,4348.12,594
1786132380,4348.13,4348.345,4344.34,4344.485,803
1786132440,4344.555,4344.56,4342.32,4343.19,776
1786132500,4343.15,4344,4342.115,4342.895,978
1786132560,4342.89,4343.31,4340.17,4340.54,602
1786132620,4340.59,4340.99,4340.09,4340.92,449
1786132680,4340.965,4344.355,4340.955,4344.125,1359
1786132740,4344.145,4345.705,4343.475,4344.08,1632
1786132800,4344.12,4344.165,4342.825,4343.44,421
1786132860,4343.605,4345.38,4343.28,4344.91,166
1786132920,4344.865,4345.05,4343.15,4344.05,323
1786132980,4343.98,4344.305,4343.36,4343.515,146
1786133040,4343.585,4344.405,4343.585,4343.715,173
1786133100,4343.775,4344.54,4343.67,4344.54,100
1786133160,4344.62,4344.66,4343.245,4343.275,89
1786133220,4343.325,4343.37,4342.72,4342.93,114
1786133280,4342.95,4343.79,4342.345,4343.32,142
1786133340,4343.325,4343.395,4341.665,4341.665,143
1786133400,4341.615,4341.715,4339.19,4339.895,218
1786133460,4339.815,4340.31,4338.14,4339.525,191
1786133520,4339.465,4341.655,4339.39,4341.415,169
1786133580,4341.445,4341.89,4341.03,4341.48,137
1786133640,4341.575,4342.705,4341.11,4342.54,122
1786133700,4342.525,4342.57,4340.83,4340.91,149
1786133760,4340.885,4343.035,4340.51,4342.335,163
1786133820,4342.225,4342.395,4340.895,4341.07,108
1786133880,4341.065,4341.39,4340.05,4340.05,63
1786133940,4339.955,4340.28,4339.47,4339.67,158
1786134000,4339.625,4339.735,4339,4339.185,85
1786134060,4339.23,4339.99,4339.215,4339.665,83
1786134120,4339.53,4339.685,4339.04,4339.42,109
1786134180,4339.51,4339.66,4338.87,4339.04,72
1786134240,4339.055,4339.415,4338.835,4339.405,76
1786134300,4339.4,4340.08,4337.94,4339.565,331
1786134360,4339.555,4339.56,4338.115,4338.26,126
1786134420,4338.205,4338.205,4337.21,4337.285,135
1786134480,4337.46,4339.445,4337.46,4339.36,93
1786134540,4339.235,4339.235,4337.675,4337.855,196
1786134600,4337.82,4337.86,4336.015,4336.435,154
1786134660,4336.495,4336.575,4336.065,4336.345,76
1786134720,4336.405,4337.74,4336.405,4336.93,131
1786134780,4336.965,4337.33,4336.265,4336.94,98
1786134840,4336.89,4337.78,4336.735,4337.635,96
1786134900,4337.68,4340.505,4337.545,4340.09,162
1786134960,4340.095,4340.13,4339.295,4339.455,151
1786135020,4339.475,4339.525,4339.02,4339.525,111
1786135080,4339.58,4340.88,4339.41,4340.88,227
1786135140,4340.765,4341.4,4340.655,4341.035,75
1786135200,4340.98,4342.38,4340.65,4342.255,197
1786135260,4342.235,4342.38,4341.675,4341.835,143
1786135320,4341.78,4341.81,4340.4,4340.49,126
1786135380,4340.485,4341.05,4340.395,4340.685,106
1786135440,4340.675,4341.745,4340.65,4341.525,83
1786135500,4341.39,4341.515,4340.235,4341.115,180
1786135560,4341.08,4341.71,4341.06,4341.435,72
1786135620,4341.41,4341.605,4340.53,4340.53,42
1786135680,4340.45,4340.45,4339.085,4339.645,136
1786135740,4339.62,4340.12,4339.53,4340.055,71
1786135800,4340.015,4340.615,4339.855,4340.37,117
1786135860,4340.375,4340.525,4340.02,4340.22,129
1786135920,4340.195,4341.28,4339.855,4341.28,118
1786135980,4341.1,4341.1,4339.76,4340.74,94
1786136040,4340.495,4341.43,4340.31,4341.395,76
1786136100,4341.365,4341.59,4340.08,4340.86,477
1786136160,4340.865,4341.71,4340.325,4341.46,230
1786136220,4341.405,4342.705,4341.09,4342.41,586
1786136280,4342.36,4343.46,4341.6,4342.115,849
1786136340,4342.22,4342.22,4341.655,4341.935,59
1786313040,4340.28,4340.56,4340.28,4340.33,9
1786313100,4340.21,4340.21,4337.425,4338.32,210
1786313160,4338.19,4338.215,4334.605,4336.425,183
1786313220,4336.555,4338.9,4336.24,4338.57,156
1786313280,4338.225,4338.665,4335.605,4336.87,421
1786313340,4336.98,4339.86,4336.95,4339.325,125
1786313400,4339.425,4340.425,4338.67,4340.255,135
1786313460,4340.305,4344.89,4339.89,4344.425,239
1786313520,4344.49,4346.085,4343.47,4344.985,369
1786313580,4345.07,4346.235,4344.15,4344.39,340
1786313640,4344.38,4344.65,4342.83,4343.645,483
1786313700,4343.6,4343.695,4342.235,4343.295,471
1786313760,4343.295,4344.7,4342.98,4344.685,375
1786313820,4344.65,4344.755,4343.285,4343.615,426
1786313880,4343.65,4343.735,4341.635,4341.695,249
1786313940,4341.725,4342.15,4339.685,4339.97,261
1786314000,4339.96,4340.72,4339.96,4339.995,253
1786314060,4340.05,4340.645,4339.84,4339.975,164
1786314120,4339.965,4340.85,4338.425,4339.9,232
1786314180,4339.835,4340.06,4339.3,4339.435,185
1786314240,4339.48,4339.78,4338.805,4339.39,171
1786314300,4339.37,4342.79,4339.355,4341.965,265
1786314360,4341.975,4343.96,4341.5,4343.81,289
1786314420,4343.78,4344,4342.895,4343.465,207
1786314480,4343.48,4343.825,4342.63,4342.75,180
1786314540,4342.785,4343.905,4342.325,4343.76,162
1786314600,4343.765,4344.865,4343.5,4344.6,182
1786314660,4344.61,4345.265,4343.135,4343.15,189
1786314720,4343.17,4344.01,4343.14,4343.42,122
1786314780,4343.445,4344.225,4342.24,4343.175,199
1786314840,4343.225,4343.84,4340.855,4342.39,357
1786314900,4342.38,4343.025,4341.07,4341.635,237
1786314960,4341.63,4341.855,4340.925,4341.425,235
1786315020,4341.42,4341.42,4340.085,4340.245,226
1786315080,4340.255,4341.515,4340.255,4340.995,196
1786315140,4341.06,4341.97,4341.06,4341.26,184
1786315200,4341.255,4342.505,4341.225,4341.94,214
1786315260,4341.93,4342.465,4341.8,4341.96,216
1786315320,4341.955,4342.28,4341.67,4341.675,149
1786315380,4341.655,4341.735,4340.915,4341.505,169
1786315440,4341.39,4341.41,4340.325,4340.33,258
1786315500,4340.315,4340.64,4340.26,4340.46,209
1786315560,4340.445,4340.97,4340.06,4340.95,195
1786315620,4340.97,4341.725,4340.55,4341.625,175
1786315680,4341.54,4343.7,4341.065,4343,314
1786315740,4343.015,4344.11,4343.015,4343.575,265
1786315800,4343.565,4343.755,4342.925,4343.755,127
1786315860,4343.815,4343.935,4343.455,4343.58,151
1786315920,4343.53,4343.58,4342.015,4342.555,157
1786315980,4342.57,4342.805,4342.1,4342.115,193
1786316040,4342.12,4342.655,4342.115,4342.655,124
1786316100,4342.645,4342.65,4342.135,4342.155,44
1786316160,4342.105,4342.26,4341.425,4341.455,88
1786316220,4341.515,4342.385,4341.43,4342.22,99
1786316280,4342.155,4342.425,4341.925,4342.425,84
1786316340,4342.405,4342.625,4341.525,4341.59,117
1786316400,4341.605,4342.595,4341.15,4342.595,141
1786316460,4342.695,4343.305,4342.01,4343.29,209
1786316520,4343.285,4344.59,4343.28,4344.525,302
1786316580,4344.535,4345.545,4344.255,4345.4,147
1786316640,4345.395,4347.665,4345.35,4347.14,290
1786316700,4347.125,4347.125,4345.105,4345.565,252
1786316760,4345.57,4347.68,4345.225,4347.41,193
1786316820,4347.4,4347.4,4346.445,4346.89,225
1786316880,4346.84,4347.355,4346.24,4346.605,334
1786316940,4346.63,4346.76,4345.97,4346.265,191
1786317000,4346.285,4346.525,4346.125,4346.29,122
1786317060,4346.305,4346.505,4345.88,4345.975,96
1786317120,4345.98,4346.28,4345.67,4346.25,148
1786317180,4346.19,4347.13,4345.98,4346.82,216
1786317240,4346.83,4347.555,4346.42,4346.45,229
1786317300,4346.465,4347.245,4346.445,4346.685,147
1786317360,4346.655,4347.11,4346.47,4347.11,131
1786317420,4347.045,4347.115,4346.385,4346.46,76
1786317480,4346.455,4346.455,4344.12,4344.36,201
1786317540,4344.365,4346.305,4344.365,4346.035,154
1786317600,4346.015,4346.015,4345.43,4345.545,133
1786317660,4345.55,4346.705,4345.55,4346.64,143
1786317720,4346.65,4347.285,4346.55,4347.25,197
1786317780,4347.23,4348.805,4347.2,4348.405,311
1786317840,4348.39,4348.975,4347.68,4348.06,282
1786317900,4348.05,4348.27,4347.575,4347.88,113
1786317960,4347.855,4348.9,4347.32,4348.685,142
1786318020,4348.67,4348.975,4348.56,4348.96,112
1786318080,4348.955,4349.11,4346.385,4346.825,144
1786318140,4346.835,4347.72,4346.03,4346.385,263
1786318200,4346.31,4347.375,4346.2,4346.515,335
1786318260,4346.51,4346.51,4344.305,4344.305,386
1786318320,4344.345,4344.365,4341.625,4343.26,356
1786318380,4343.27,4343.395,4341.285,4341.54,390
1786318440,4341.535,4341.935,4340.28,4341.61,347
1786318500,4341.69,4342.73,4341.535,4341.835,110
1786318560,4341.685,4342.285,4341.49,4342.07,119
1786318620,4342.04,4343.01,4341.425,4341.58,187
1786318680,4341.54,4341.685,4340.175,4340.5,169
1786318740,4340.485,4343.135,4340.465,4343.065,264
1786318800,4343.005,4343.23,4342.375,4342.495,212
1786318860,4342.45,4342.495,4341.795,4342.095,165
1786318920,4342.06,4342.22,4341.765,4342.01,208
1786318980,4341.965,4342.235,4341.59,4342.235,153
1786319040,4342.215,4342.505,4341.45,4342.35,162
1786319100,4342.365,4343.55,4341.625,4342.32,266
1786319160,4342.3,4343.08,4342.205,4342.505,178
1786319220,4342.5,4342.5,4341.48,4342.22,261
1786319280,4342.33,4343.035,4342.24,4342.62,166
1786319340,4342.61,4342.815,4341.94,4342.2,160
1786319400,4342.175,4342.42,4341.075,4341.26,189
1786319460,4341.23,4341.96,4341,4341.44,171
1786319520,4341.505,4342.61,4341.425,4342.33,114
1786319580,4342.4,4343.045,4341.365,4342.315,236
1786319640,4342.32,4342.32,4340.385,4340.405,421
1786319700,4340.385,4340.76,4339.465,4339.975,524
1786319760,4340.02,4340.035,4336.015,4336.065,645
1786319820,4336.08,4336.555,4334.975,4335.35,665
1786319880,4335.355,4335.625,4333.8,4333.995,671
1786319940,4334,4334.15,4332.32,4333.115,800
1786320000,4333.075,4336.635,4332.81,4336.635,1336
1786320060,4336.64,4337.735,4335.705,4337.42,1018
1786320120,4337.435,4339.34,4337.03,4338.83,930
1786320180,4338.8,4340.595,4338.785,4339.695,659
1786320240,4339.68,4340.96,4339.195,4340.74,622
1786320300,4340.76,4342.69,4339.86,4341.94,869
1786320360,4341.91,4341.92,4339.975,4340.76,934
1786320420,4340.765,4341.62,4340.305,4341.5,515
1786320480,4341.51,4343.775,4340.745,4342.525,748
1786320540,4342.52,4343.26,4341.735,4341.835,752
1786320600,4341.825,4343.775,4340.18,4343.195,785
1786320660,4343.12,4343.265,4339.895,4339.895,886
1786320720,4339.825,4343.85,4339.805,4343.745,447
1786320780,4343.75,4346.305,4343.4,4344.745,537
1786320840,4344.765,4347.215,4344.145,4344.4,613
1786320900,4344.51,4345.365,4342.25,4342.395,1062
1786320960,4342.4,4342.405,4339.295,4340.33,834
1786321020,4340.335,4342.06,4339.79,4341.52,368
1786321080,4341.545,4343.075,4341.38,4342.32,353
1786321140,4342.315,4345.955,4342.165,4344.08,698
1786321200,4344.07,4344.245,4342.03,4342.03,632
1786321260,4342.035,4342.05,4339.48,4340.065,735
1786321320,4340.045,4341.165,4340.04,4340.675,430
1786321380,4340.695,4340.835,4339.52,4339.995,305
1786321440,4340.06,4341.11,4339.78,4340.22,383
1786321500,4340.23,4340.655,4337.7,4337.74,586
1786321560,4337.75,4339.795,4337.36,4339.55,541
1786321620,4339.54,4339.85,4338.555,4339.3,317
1786321680,4339.42,4339.62,4337.525,4338.13,222
1786321740,4338.025,4338.325,4337.39,4337.78,228
1786321800,4337.7,4338.83,4336.74,4338.75,414
1786321860,4338.755,4339.43,4337.56,4338.03,425
1786321920,4337.98,4338.03,4336.62,4337.295,196
1786321980,4337.28,4337.44,4335.54,4336.18,264
1786322040,4336.155,4336.85,4335.635,4336.38,366
1786322100,4336.44,4337.24,4334.52,4334.52,336
1786322160,4334.515,4335.49,4333.74,4334.325,629
1786322220,4334.28,4336.42,4334.075,4336.145,492
1786322280,4336.13,4336.73,4335.26,4336.73,301
1786322340,4336.725,4337.265,4336.29,4336.94,544
1786322400,4336.915,4338.355,4336.68,4337.045,630
1786322460,4337.025,4337.025,4335.015,4335.925,588
1786322520,4335.91,4336.985,4335.41,4335.42,676
1786322580,4335.395,4335.79,4334.51,4334.985,485
1786322640,4334.98,4335.475,4333.82,4334.47,485
1786322700,4334.5,4336.345,4334.32,4335.95,579
1786322760,4335.94,4335.98,4333.945,4333.95,488
1786322820,4333.975,4335.245,4333.76,4334.72,316
1786322880,4334.77,4335.595,4333.635,4333.88,540
1786322940,4333.845,4335.9,4333.54,4335.83,765
1786323000,4335.825,4337.49,4335.435,4336.12,787
1786323060,4336.11,4336.265,4335.13,4336.14,547
1786323120,4336.175,4337.515,4334.365,4334.74,704
1786323180,4334.725,4336.38,4334.36,4335.375,670
1786323240,4335.36,4335.935,4333.605,4333.955,615
1786323300,4333.95,4334.865,4332.46,4332.595,661
1786323360,4332.58,4332.815,4330.98,4332.14,701
1786323420,4332.125,4332.88,4331.11,4332.445,517
1786323480,4332.46,4332.92,4330.89,4331.205,476
1786323540,4331.22,4332.81,4330.84,4332.21,283
1786323600,4332.27,4333.345,4327.165,4331.715,2397
1786323660,4331.66,4338.51,4330.38,4337.705,2248
1786323720,4337.715,4338.735,4334.79,4337.045,2200
1786323780,4337.05,4340.655,4334.495,4334.55,2049
1786323840,4334.545,4334.835,4327.275,4327.325,2165
1786323900,4327.31,4328.39,4322.67,4322.89,2242
1786323960,4322.92,4325.425,4322.515,4325.24,1398
1786324020,4325.305,4327.34,4324.105,4324.625,1379
1786324080,4324.63,4326.275,4323.755,4324.17,1787
1786324140,4324.165,4327.3,4323.035,4323.7,1642
1786324200,4323.73,4325.255,4322.45,4323.61,1344
1786324260,4323.615,4323.63,4322.235,4323.26,1170
1786324320,4323.265,4325.325,4322.745,4324.255,1187
1786324380,4324.25,4325.02,4322.215,4322.64,1223
1786324440,4322.63,4323.865,4322.055,4322.975,1197
1786324500,4322.965,4325.335,4322.045,4324.805,1236
1786324560,4324.81,4326.38,4324.315,4326.015,1112
1786324620,4326.005,4326.01,4321.695,4321.73,1149
1786324680,4321.725,4323.245,4321.68,4322.485,915
1786324740,4322.49,4324.46,4322.215,4324.305,733
1786324800,4324.275,4325.575,4321.99,4322.21,900
1786324860,4322.175,4323.375,4321.52,4323.195,505
1786324920,4323.165,4324.13,4321.705,4323.14,785
1786324980,4323.145,4327.915,4323.09,4326.63,616
1786325040,4326.64,4328.22,4324.065,4327.82,733
1786325100,4327.835,4328.3,4325.54,4325.79,500
1786325160,4325.84,4325.84,4323.21,4323.24,598
1786325220,4323.18,4323.18,4321.325,4322.155,799
1786325280,4322.14,4322.8,4321.635,4322.8,476
1786325340,4322.58,4323.06,4316.47,4316.515,551
1786325400,4316.48,4317.64,4315.875,4316.31,959
1786325460,4316.295,4317.715,4315.295,4315.875,701
1786325520,4315.865,4316.43,4313.96,4315.235,783
1786325580,4315.195,4318.72,4314.665,4317.955,793
1786325640,4317.965,4321.24,4317.87,4320.22,568
1786325700,4320.275,4320.315,4317.24,4319.17,655
1786325760,4319.19,4319.84,4318.345,4319.325,691
1786325820,4319.375,4319.86,4316.59,4317.94,933
1786325880,4317.925,4318.86,4316.79,4317.3,916
1786325940,4317.385,4318.62,4315.965,4316.855,995
1786326000,4316.875,4316.875,4313.9,4314.055,1275
1786326060,4314.035,4314.905,4313.43,4313.975,1055
1786326120,4313.97,4316.01,4313.97,4315.72,568
1786326180,4315.725,4316.875,4315.445,4316.875,578
1786326240,4316.88,4318.02,4316.335,4317.465,733
1786326300,4317.455,4319.595,4317.005,4318.945,653
1786326360,4318.92,4319.13,4316.38,4317.26,768
1786326420,4317.055,4317.475,4316.1,4317.18,890
1786326480,4317.175,4320.605,4316.675,4320.605,756
1786326540,4320.595,4321.595,4318.845,4320.44,603
1786326600,4320.425,4323.01,4319.43,4322.37,751
1786326660,4322.38,4323.175,4321.3,4322.62,732
1786326720,4322.66,4323.62,4320.96,4321.52,842
1786326780,4321.525,4321.53,4319.16,4320.49,634
1786326840,4320.475,4320.805,4319.045,4320.14,528
1786326900,4320.165,4321.34,4319.785,4320.16,514
1786326960,4320.22,4321.925,4319.435,4320.32,525
1786327020,4320.355,4320.83,4317.8,4318.19,497
1786327080,4318.29,4319.91,4317.82,4319.44,491
1786327140,4319.49,4324.27,4319.49,4322.67,881
1786327200,4322.695,4323.05,4320.745,4322.005,942
1786327260,4321.97,4323.395,4319.965,4320.48,935
1786327320,4320.495,4322.27,4320.295,4321.315,520
1786327380,4321.26,4323.335,4320.975,4322.275,543
1786327440,4322.29,4323.26,4321.14,4321.57,533
1786327500,4321.575,4322.07,4319.16,4319.315,862
1786327560,4319.055,4320.375,4318.79,4320.34,590
1786327620,4320.35,4323.545,4319.72,4323.49,611
1786327680,4323.535,4324.16,4321.965,4322.12,596
1786327740,4322.135,4324.07,4321.805,4323.49,493
1786327800,4323.495,4324.74,4323.46,4324.265,434
1786327860,4324.24,4325.015,4323.665,4325.005,367
1786327920,4325.05,4325.81,4322.215,4322.225,446
1786327980,4322.245,4325.355,4321.49,4325.17,520
1786328040,4325.15,4325.935,4324.43,4324.68,353
1786328100,4324.685,4325.28,4323.73,4324.56,287
1786328160,4324.515,4325.375,4324.02,4324.8,328
1786328220,4324.83,4324.975,4323.595,4324.54,229
1786328280,4324.465,4326.22,4324.12,4326.21,383
1786328340,4326.205,4326.205,4324.445,4325.06,372
1786328400,4325.065,4325.725,4324.21,4325.16,203
1786328460,4325.15,4327.795,4324.795,4327.735,428
1786328520,4327.755,4327.995,4326.27,4326.38,513
1786328580,4326.375,4327.58,4325.685,4327.3,446
1786328640,4327.325,4327.875,4326.685,4327.28,255
1786328700,4327.275,4327.855,4326.59,4326.945,224
1786328760,4326.94,4328.22,4326.685,4328.22,208
1786328820,4328.25,4329.49,4328.225,4328.995,375
1786328880,4328.91,4330.565,4328.885,4330.515,354
1786328940,4330.39,4332.405,4330.345,4330.94,302
1786329000,4330.93,4332.345,4327.33,4327.665,778
1786329060,4327.73,4328.22,4324.725,4327.19,672
1786329120,4327.215,4329.51,4327.125,4329.48,328
1786329180,4329.495,4330.18,4327.46,4329.14,597
1786329240,4329.165,4329.995,4327.79,4327.96,507
1786329300,4327.98,4329.76,4327.5,4327.86,619
1786329360,4327.99,4328.345,4326.71,4326.855,418
1786329420,4326.88,4327.4,4325.485,4327.26,546
1786329480,4327.245,4327.245,4325.075,4325.56,435
1786329540,4325.555,4326.105,4324.885,4325.695,373
1786329600,4325.725,4326.085,4324.745,4325.015,325
1786329660,4325.025,4326.255,4323.28,4326.255,605
1786329720,4326.245,4329.45,4325.57,4329.45,522
1786329780,4329.6,4330.105,4327.065,4328.305,445
1786329840,4328.25,4328.39,4326.51,4326.51,247
1786329900,4326.58,4327.325,4325.645,4325.73,373
1786329960,4325.715,4326.79,4323.69,4323.76,343
1786330020,4323.805,4324.665,4321.68,4323.34,601
1786330080,4323.345,4324.68,4322.925,4323.71,539
1786330140,4323.715,4323.785,4321.54,4323.715,723
1786330200,4323.665,4325.01,4323.42,4323.895,459
1786330260,4323.835,4323.895,4323.41,4323.51,178
1786330320,4323.515,4323.69,4322.29,4322.29,234
1786330380,4322.285,4322.285,4319.59,4320.505,561
1786330440,4320.51,4320.625,4319.66,4320.14,427
1786330500,4320.155,4321.165,4319.85,4320.375,357
1786330560,4320.4,4321.01,4320.14,4320.49,365
1786330620,4320.495,4322.25,4320.4,4322.25,268
1786330680,4322.215,4322.335,4319.58,4319.91,211
1786330740,4319.92,4320.56,4318.81,4319.735,424
1786330800,4319.72,4320.625,4318.22,4318.26,318
1786330860,4318.255,4321.395,4318.175,4321.395,422
1786330920,4321.36,4321.36,4319.52,4319.535,278
1786330980,4319.51,4319.81,4318.945,4319.17,276
1786331040,4319.165,4319.795,4318.73,4319.295,293
1786331100,4319.245,4319.535,4318.285,4318.57,283
1786331160,4318.545,4319.045,4318.08,4318.465,272
1786331220,4318.415,4319.185,4318.245,4319.185,188
1786331280,4319.175,4319.925,4318.575,4318.96,446
1786331340,4318.94,4319.155,4317.805,4318.065,520
1786331400,4318.035,4320.075,4317.865,4320.075,341
1786331460,4320.15,4320.375,4318.4,4319.04,298
1786331520,4319.06,4319.11,4318.485,4318.915,220
1786331580,4318.91,4319.325,4317.9,4319.1,254
1786331640,4319.08,4320.36,4318.56,4320.165,314
1786331700,4320.18,4321.575,4319.695,4320.57,477
1786331760,4320.555,4322.395,4320.425,4322.095,262
1786331820,4322.085,4322.895,4321.91,4322.23,327
1786331880,4322.24,4322.475,4320.74,4321.64,465
1786331940,4321.59,4324.31,4321.59,4324.095,367
1786332000,4324.035,4325.385,4323.48,4324.995,619
1786332060,4324.905,4325.83,4324.795,4325.595,427
1786332120,4325.585,4325.64,4324.835,4325.12,216
1786332180,4325.155,4325.52,4323.96,4325.46,282
1786332240,4325.445,4326.655,4323.485,4323.59,486
1786332300,4323.645,4325.43,4323.645,4324.83,374
1786332360,4324.85,4325,4324.235,4324.575,235
1786332420,4324.56,4325.485,4324.39,4325.08,167
1786332480,4325.155,4328.445,4325.035,4328.24,345
1786332540,4328.255,4328.255,4326.37,4327.355,689
1786332600,4327.34,4328.445,4325.875,4326.24,403
1786332660,4326.245,4327.01,4325.82,4326.965,316
1786332720,4326.975,4327.975,4326.885,4326.885,219
1786332780,4326.92,4328.15,4326.75,4327.895,337
1786332840,4328,4328.21,4327.575,4328.165,397
1786332900,4328.185,4328.76,4327.14,4328.12,287
1786332960,4328.14,4329.515,4328.135,4328.59,346
1786333020,4328.52,4330.025,4328.095,4328.095,418
1786333080,4328.06,4328.065,4325.87,4326.02,316
1786333140,4326.05,4327.16,4326.05,4326.285,200
1786333200,4326.315,4326.805,4325.235,4325.235,241
1786333260,4325.285,4325.985,4325.13,4325.435,162
1786333320,4325.525,4325.755,4325.175,4325.48,160
1786333380,4325.475,4326.08,4325.085,4325.36,153
1786333440,4325.31,4325.55,4324.9,4325.28,105
1786333500,4325.23,4325.445,4324.705,4324.82,92
1786333560,4324.835,4326.115,4324.2,4325.995,234
1786333620,4325.945,4327.5,4325.62,4326.59,163
1786333680,4326.6,4327.36,4326.015,4326.85,192
1786333740,4326.855,4327.57,4326.67,4326.91,116
1786333800,4326.97,4327.845,4326.74,4327.595,161
1786333860,4327.675,4327.675,4326.41,4327.245,131
1786333920,4327.295,4327.58,4326.815,4327.245,127
1786333980,4327.12,4327.855,4326.445,4327.79,167
1786334040,4327.815,4328.04,4327.36,4327.45,115
1786334100,4327.46,4327.66,4327.015,4327.015,95
1786334160,4326.99,4327.695,4326.36,4326.46,160
1786334220,4326.455,4326.82,4326.265,4326.815,90
1786334280,4326.82,4327.655,4326.445,4327.095,97
1786334340,4327.1,4328.035,4326.725,4326.735,94
1786334400,4326.79,4328.425,4326.75,4327.545,163
1786334460,4327.52,4327.52,4325.74,4326.275,227
1786334520,4326.285,4326.285,4324.475,4324.915,258
1786334580,4324.91,4325.41,4323.21,4324.705,333
1786334640,4324.72,4326.07,4324.235,4326.07,179
1786334700,4326.065,4326.72,4325.05,4325.155,225
1786334760,4325.125,4325.765,4324.3,4325.275,339
1786334820,4325.285,4325.335,4323.94,4324.86,436
1786334880,4324.9,4327.325,4323.56,4326.96,448
1786334940,4327.01,4327.915,4326.515,4327.79,258
1786335000,4327.825,4330.19,4327.825,4330.13,346
1786335060,4330.125,4331.3,4329.935,4331.215,522
1786335120,4331.26,4331.845,4330.56,4331.24,393
1786335180,4331.235,4332.735,4331.16,4331.855,391
1786335240,4331.99,4332.86,4331.45,4332.45,287
1786335300,4332.49,4333.52,4331.445,4333.355,481
1786335360,4333.37,4333.415,4331.165,4331.375,350
1786335420,4331.38,4331.47,4330.915,4331.205,139
1786335480,4331,4332.34,4330.895,4332.285,117
1786335540,4332.23,4334.07,4332.185,4333.905,200
1786335600,4333.835,4335.065,4333.425,4334.945,265
1786335660,4335,4337.36,4334.82,4336.68,256
1786335720,4336.69,4337.59,4336.21,4337.52,251
1786335780,4337.295,4337.365,4335.87,4336.69,341
1786335840,4336.67,4337.045,4336.295,4336.975,178
1786335900,4336.98,4337.28,4335.715,4337.08,264
1786335960,4337.085,4337.745,4335.74,4335.89,239
1786336020,4335.905,4336.475,4334.95,4335.075,276
1786336080,4335.14,4335.19,4334.3,4334.54,184
1786336140,4334.56,4334.875,4334.04,4334.875,145
1786336200,4334.825,4334.915,4333.5,4333.67,192
1786336260,4333.665,4334.35,4333.635,4334.315,135
1786336320,4334.35,4334.375,4333.315,4333.745,215
1786336380,4333.88,4334.665,4333.195,4334.45,185
1786336440,4334.46,4336.325,4334.28,4334.645,357
1786336500,4334.505,4335.905,4334.465,4335.565,163
1786336560,4335.615,4335.825,4334.57,4334.675,150
1786336620,4334.505,4336.305,4334.305,4335.83,162
1786336680,4335.8,4336.155,4335.315,4335.36,161
1786336740,4335.355,4335.355,4333.685,4333.94,194
1786336800,4333.9,4333.91,4330.26,4330.555,425
1786336860,4330.575,4332.13,4330.02,4330.04,402
1786336920,4330.045,4331.085,4329.99,4330.405,320
1786336980,4330.4,4331.855,4330.215,4331.805,227
1786337040,4331.77,4332.525,4331.55,4332.41,355
1786337100,4332.405,4333.43,4332.145,4332.58,485
1786337160,4332.56,4334.945,4332.36,4334.1,548
1786337220,4334.125,4335.75,4334.125,4335.285,399
1786337280,4335.28,4335.52,4333.915,4334.435,297
1786337340,4334.44,4334.73,4333.5,4333.92,211
1786337400,4333.93,4334.435,4333.465,4334.385,240
1786337460,4334.17,4334.395,4333.555,4334.12,196
1786337520,4334.115,4334.115,4333.62,4334.1,157
1786337580,4334.11,4336.17,4334.11,4336.055,206
1786337640,4336.005,4337.395,4336.005,4336.18,277
1786337700,4336.065,4337.27,4335.83,4337.115,199
1786337760,4337.015,4338.335,4336.94,4338.3,211
1786337820,4338.29,4338.795,4336.91,4337.285,268
1786337880,4337.305,4338.985,4336.56,4338.515,387
1786337940,4338.49,4339.64,4338.335,4339.535,348
1786338000,4339.475,4339.85,4335.75,4336.22,491
1786338060,4336.215,4338.03,4336.05,4336.775,347
1786338120,4336.77,4336.925,4335.105,4335.8,280
1786338180,4335.77,4337.375,4335.42,4337.055,262
1786338240,4337.075,4337.57,4336.635,4337.23,214
1786338300,4337.28,4338.515,4336.94,4338.31,277
1786338360,4338.365,4339.14,4338.205,4338.59,186
1786338420,4338.585,4338.585,4337.09,4337.3,191
1786338480,4337.145,4337.175,4336.53,4336.755,170
1786338540,4336.74,4337.385,4336.31,4336.31,143
1786338600,4336.385,4336.52,4335.845,4336.185,127
1786338660,4336.16,4336.51,4335.51,4335.545,152
1786338720,4335.595,4335.725,4333.485,4335.39,338
1786338780,4335.38,4335.78,4334.01,4334.595,369
1786338840,4334.625,4335.07,4334.125,4335.07,259
1786338900,4335.095,4336.47,4335.04,4336.23,169
1786338960,4336.185,4336.285,4334.23,4334.31,205
1786339020,4334.305,4334.72,4333.93,4334.4,138
1786339080,4334.465,4334.465,4332.88,4333.185,219
1786339140,4333.235,4333.8,4333.17,4333.39,133
1786339200,4333.385,4335.465,4333.305,4335.265,363
1786339260,4335.27,4335.81,4334.995,4335.02,194
1786339320,4335.035,4335.76,4334.95,4335.565,98
1786339380,4335.59,4336.53,4335.59,4336.125,158
1786339440,4336.135,4336.235,4335.01,4335.16,146
1786339500,4335.145,4335.26,4334.625,4335.095,255
1786339560,4335.09,4335.09,4333.795,4334.125,238
1786339620,4334.115,4334.645,4333.495,4334.415,237
1786339680,4334.41,4334.75,4334.085,4334.655,143
1786339740,4334.63,4334.63,4333.73,4333.97,177
1786339800,4333.925,4338.145,4332.81,4333.935,990
1786339860,4333.97,4337.245,4331.74,4336.26,663
1786339920,4336.29,4337.235,4334.82,4335.895,1048
1786339980,4335.885,4338.93,4335.585,4338.93,884
1786340040,4338.95,4341.195,4338.25,4340.425,1096
1786340100,4340.385,4341.98,4338.855,4338.875,800
1786340160,4339.08,4340.605,4338.78,4340.185,483
1786340220,4340.235,4341.15,4339.19,4340.015,979
1786340280,4339.98,4340.145,4338.615,4340.05,676
1786340340,4340.035,4341.975,4339.895,4341.41,572
1786340400,4341.345,4344.425,4341.24,4343.505,570
1786340460,4343.445,4343.76,4342.28,4342.43,467
1786340520,4342.425,4343.61,4342.27,4342.825,531
1786340580,4342.78,4343.06,4338.605,4341.44,652
1786340640,4341.435,4344.01,4341.27,4343.73,427
1786340700,4343.725,4343.725,4340.75,4341.26,390
1786340760,4341.2,4341.955,4341.03,4341.87,248
1786340820,4341.875,4345.75,4341.875,4345.22,502
1786340880,4345.06,4346.685,4344.94,4346.19,500
1786340940,4346.24,4347.35,4345.78,4345.79,506
1786341000,4345.95,4348.09,4345.36,4347.995,391
1786341060,4347.895,4352.285,4347.7,4351.455,950
1786341120,4351.32,4352.41,4350.1,4351.35,606
1786341180,4351.3,4351.875,4350.055,4350.955,474
1786341240,4350.95,4351.05,4348.46,4348.535,374
1786341300,4348.55,4349.51,4345.245,4346.28,421
1786341360,4346.305,4349.285,4345.94,4349.09,488
1786341420,4349.075,4349.55,4348.34,4348.6,456
1786341480,4348.62,4349.605,4348.14,4348.685,389
1786341540,4348.71,4348.835,4347.345,4347.405,376
1786341600,4347.475,4347.595,4345.4,4346.195,725
1786341660,4346.035,4346.32,4344.555,4345.83,413
1786341720,4345.785,4345.94,4344.915,4345.515,334
1786341780,4345.52,4346.65,4344.3,4346.635,465
1786341840,4346.64,4346.64,4341.97,4342.74,467
1786341900,4342.69,4344.9,4342.205,4344.9,491
1786341960,4344.91,4345.98,4344.17,4345.655,331
1786342020,4345.605,4345.765,4344.44,4344.44,449
1786342080,4344.36,4345.47,4343.885,4345.195,355
1786342140,4345.12,4346.865,4345.09,4346.365,575
1786342200,4346.305,4348.54,4346.2,4347.96,354
1786342260,4347.94,4348.595,4346.665,4348.51,237
1786342320,4348.515,4349.625,4348.46,4349.625,329
1786342380,4349.57,4350.295,4349.01,4349.225,376
1786342440,4349.175,4349.185,4347.275,4347.34,408
1786342500,4347.31,4349.04,4347.06,4348.79,458
1786342560,4348.8,4349.81,4348.43,4348.75,347
1786342620,4348.72,4349.075,4346.105,4346.835,529
1786342680,4346.795,4346.85,4344.36,4344.45,420
1786342740,4344.505,4344.525,4342.715,4343.24,575
1786342800,4343.205,4344.505,4342.89,4344.305,524
1786342860,4344.3,4344.525,4342.705,4344.085,579
1786342920,4344.09,4344.745,4343.56,4344.47,459
1786342980,4344.38,4345.235,4344.08,4345.055,361
1786343040,4345.085,4345.68,4343.625,4345.605,500
1786343100,4345.59,4345.59,4344.19,4345.175,429
1786343160,4345.18,4345.18,4343.99,4344.035,308
1786343220,4344.03,4346.01,4344.03,4345.345,423
1786343280,4345.36,4347.45,4345.36,4347.12,507
1786343340,4347.115,4348.515,4346.83,4348.43,409
1786343400,4348.42,4349.12,4347.45,4347.45,447
1786343460,4347.455,4348.04,4346.72,4347.945,421
1786343520,4347.92,4348.26,4347.18,4347.795,435
1786343580,4347.79,4349.55,4347.79,4348.42,631
1786343640,4348.445,4348.455,4347.19,4347.99,344
1786343700,4347.975,4348.21,4347.125,4347.51,210
1786343760,4347.5,4347.51,4346.15,4346.95,469
1786343820,4346.965,4347.84,4346.545,4347.755,431
1786343880,4347.8,4349.99,4346.515,4346.58,703
1786343940,4346.53,4349.18,4346.12,4348.765,463
1786344000,4348.77,4349.255,4347.165,4347.24,326
1786344060,4347.23,4349.055,4347.23,4348.05,390
1786344120,4348.045,4349.8,4347.83,4349.37,502
1786344180,4349.365,4356.1,4349.135,4354.43,756
1786344240,4354.41,4355.515,4353.94,4355.37,655
1786344300,4355.375,4356.34,4355.21,4356.19,609
1786344360,4356.185,4357.56,4355.185,4357.56,658
1786344420,4357.565,4358.485,4356.085,4356.87,597
1786344480,4356.93,4358.505,4356.745,4358.035,488
1786344540,4358.01,4358.24,4356.62,4356.92,451
1786344600,4356.88,4357.265,4356.145,4356.365,315
1786344660,4356.26,4356.885,4355.69,4356.755,525
1786344720,4356.695,4357.465,4355.88,4356.555,541
1786344780,4356.565,4357.245,4355.96,4356.25,534
1786344840,4356.27,4357.7,4355.985,4357.655,521
1786344900,4357.67,4358.58,4357.265,4357.57,549
1786344960,4357.56,4358.405,4356.83,4358.39,422
1786345020,4358.395,4359.345,4358.31,4359.04,531
1786345080,4359,4359.935,4358.695,4359.05,432
1786345140,4358.975,4359.165,4358.085,4358.31,526
1786345200,4358.22,4358.965,4356.355,4357.06,1174
1786345260,4357.09,4357.46,4354.18,4354.18,579
1786345320,4354.23,4354.89,4353.765,4354.585,486
1786345380,4354.57,4355.72,4354.32,4354.795,421
1786345440,4354.91,4355.355,4354.43,4354.715,304
1786345500,4354.745,4356.18,4354.445,4355.04,614
1786345560,4354.995,4357.23,4354.545,4355.415,460
1786345620,4355.41,4355.71,4355.04,4355.29,433
1786345680,4355.28,4356.085,4354.72,4355.71,317
1786345740,4355.7,4355.92,4353.83,4354.085,449
1786345800,4354.045,4354.675,4353.175,4353.62,593
1786345860,4353.625,4354.185,4352.7,4353.22,363
1786345920,4353.205,4353.56,4352.21,4352.235,447
1786345980,4352.24,4353.275,4350.545,4350.565,712
1786346040,4350.545,4351.6,4350.23,4351.29,509
1786346100,4351.295,4351.665,4350.8,4351.175,533
1786346160,4351.17,4353.375,4350.645,4352.535,549
1786346220,4352.475,4356.365,4352.475,4356.09,607
1786346280,4356.11,4357.1,4355.795,4356.355,415
1786346340,4356.345,4356.345,4354.27,4354.69,372
1786346400,4354.645,4354.795,4353.055,4353.36,441
1786346460,4353.35,4354.505,4352.15,4354.355,520
1786346520,4354.375,4355.315,4354.12,4354.635,455
1786346580,4354.585,4356.825,4354.175,4356.525,561
1786346640,4356.515,4359.03,4356.02,4358.225,634
1786346700,4358.205,4358.855,4357.725,4357.97,494
1786346760,4357.99,4358.005,4353.555,4353.555,486
1786346820,4353.645,4354.015,4352.24,4352.62,428
1786346880,4352.67,4354.87,4352.455,4354.625,366
1786346940,4354.65,4355.79,4353.375,4355.145,464
1786347000,4355.095,4355.17,4352.99,4353.765,285
1786347060,4353.715,4354.01,4352.61,4353.57,172
1786347120,4353.52,4353.82,4352.855,4353.63,316
1786347180,4353.635,4354.065,4353.065,4354.025,295
1786347240,4354.035,4354.135,4352.91,4353.4,254
1786347300,4353.37,4355.87,4353.065,4354.91,320
1786347360,4354.785,4355.5,4354.04,4355.22,487
1786347420,4355.23,4355.61,4354.025,4355.495,458
1786347480,4355.56,4358.58,4355.56,4358.565,486
1786347540,4358.585,4360.1,4357.705,4358.82,465
1786347600,4358.695,4360.05,4357.44,4357.44,394
1786347660,4357.345,4357.935,4356.425,4357.43,453
1786347720,4357.415,4358.41,4357.345,4358.285,310
1786347780,4358.225,4358.555,4357.8,4358.375,254
1786347840,4358.425,4359.53,4358.2,4359.475,198
1786347900,4359.46,4362.06,4358.135,4359.51,837
1786347960,4359.5,4361.07,4359.115,4360.4,696
1786348020,4360.46,4361.765,4359.82,4359.925,546
1786348080,4359.905,4360.145,4358.445,4359.235,629
1786348140,4359.245,4359.29,4356.935,4357.325,443
1786348200,4357.305,4358.57,4356.91,4357.4,564
1786348260,4357.38,4358.425,4356.01,4356.105,491
1786348320,4356.03,4356.935,4355.785,4356.74,460
1786348380,4356.745,4356.835,4355.455,4355.72,270
1786348440,4355.7,4356.225,4355.185,4355.435,251
1786348500,4355.42,4355.835,4354.775,4355.455,231
1786348560,4355.505,4355.945,4354.915,4355.415,189
1786348620,4355.425,4356.07,4355.225,4356.025,221
1786348680,4356.03,4356.255,4355.665,4356.06,242
1786348740,4356.055,4356.43,4355.015,4355.46,316
1786348800,4355.445,4356.04,4355,4355.565,513
1786348860,4355.645,4355.645,4354.145,4355.02,527
1786348920,4355.005,4356.175,4354.71,4355.64,456
1786348980,4355.635,4355.89,4354.68,4354.775,269
1786349040,4354.765,4356.465,4354.15,4355.57,231
1786349100,4355.52,4355.87,4354.315,4355.815,231
1786349160,4355.8,4355.945,4353.585,4354.795,324
1786349220,4354.82,4356.095,4354.72,4355.11,208
1786349280,4355.01,4355.06,4353.255,4353.825,186
1786349340,4353.85,4354,4351.645,4352.56,329
1786349400,4352.46,4353.475,4352.335,4353.06,140
1786349460,4353.2,4353.355,4352.105,4352.85,149
1786349520,4352.92,4353.635,4352.57,4353.58,180
1786349580,4353.66,4353.835,4353.335,4353.515,163
1786349640,4353.615,4354.69,4353.515,4354.635,116
1786349700,4354.7,4354.78,4353.605,4354.78,279
1786349760,4354.84,4354.945,4353.865,4354.86,354
1786349820,4354.895,4355.345,4353.815,4354.295,201
1786349880,4354.305,4355.205,4353.465,4355.205,184
1786349940,4355.225,4355.73,4354.76,4355.075,434
1786350000,4355.085,4355.25,4353.935,4353.97,191
1786350060,4353.85,4354.265,4353.415,4353.985,288
1786350120,4353.955,4354.8,4353.26,4353.965,379
1786350180,4353.97,4354.28,4353.535,4354.06,238
1786350240,4354.025,4354.025,4352.76,4352.905,231
1786350300,4352.895,4353.22,4352.37,4353.15,192
1786350360,4353.045,4354.445,4352.66,4354.285,268
1786350420,4354.365,4355.085,4354.205,4354.78,221
1786350480,4354.67,4355.685,4354.44,4355.365,273
1786350540,4355.415,4356.44,4355.205,4355.715,317
1786350600,4355.675,4356.505,4354.795,4355.575,305
1786350660,4355.625,4356.76,4353.52,4353.815,501
1786350720,4353.825,4354.61,4351.875,4351.935,346
1786350780,4351.94,4352.475,4349.88,4350.19,551
1786350840,4350.205,4350.975,4349.12,4350.465,432
1786350900,4350.45,4351.53,4350.3,4350.46,359
1786350960,4350.47,4350.72,4349.705,4350.195,377
1786351020,4350.19,4350.515,4349.57,4350.305,265
1786351080,4350.31,4350.885,4349.57,4349.62,165
1786351140,4349.57,4349.57,4348.27,4348.37,156
1786351200,4348.405,4349.905,4348.4,4348.98,309
1786351260,4348.995,4349.12,4347.115,4347.94,243
1786351320,4347.93,4347.985,4345.8,4346.325,284
1786351380,4346.31,4347.095,4346.185,4346.285,402
1786351440,4346.3,4346.635,4345.91,4346.315,217
1786351500,4346.31,4346.57,4345.67,4346.385,392
1786351560,4346.42,4348.07,4345.835,4348.07,302
1786351620,4348.04,4349.13,4347.6,4348.345,381
1786351680,4348.33,4349.025,4346.64,4346.725,377
1786351740,4346.715,4346.79,4346.28,4346.325,174
1786351800,4346.33,4346.33,4344.955,4345.68,340
1786351860,4345.675,4347.95,4345.185,4347.5,272
1786351920,4347.485,4348.375,4346.67,4346.68,598
1786351980,4346.69,4347.65,4346.405,4347.03,493
1786352040,4347.025,4347.22,4346.07,4346.165,196
1786352100,4346.18,4346.855,4346.05,4346.375,136
1786352160,4346.355,4346.905,4343.905,4346.42,469
1786352220,4346.38,4346.51,4345.35,4345.885,395
1786352280,4345.925,4348.475,4345.895,4346.13,426
1786352340,4346.125,4347.015,4345.435,4346.65,300
1786352400,4346.715,4346.875,4345.75,4346.37,215
1786352460,4346.275,4347.475,4346.225,4346.755,289
1786352520,4346.725,4348.035,4346.375,4347.675,466
1786352580,4347.68,4348.01,4346.77,4347.65,260
1786352640,4347.63,4348.895,4347.535,4348.38,296
1786352700,4348.345,4349.125,4347.74,4349.04,291
1786352760,4349.055,4349.055,4346.22,4346.28,224
1786352820,4346.25,4347.645,4345.875,4347.075,320
1786352880,4347.025,4347.485,4345.965,4346.66,467
1786352940,4346.665,4348.155,4346.475,4347.94,639
1786353000,4347.91,4348.315,4347.075,4347.9,252
1786353060,4347.88,4350.06,4347.72,4349.715,607
1786353120,4349.77,4349.875,4347.92,4348.875,554
1786353180,4348.87,4350.07,4348.42,4349.53,211
1786353240,4349.505,4349.92,4348.85,4349.835,173
1786353300,4349.845,4349.92,4348.205,4348.97,226
1786353360,4348.975,4348.985,4347.875,4348.19,171
1786353420,4348.065,4348.595,4347.885,4348.305,245
1786353480,4348.325,4348.9,4347.985,4347.995,223
1786353540,4347.945,4348.205,4346.175,4347.48,268
1786353600,4347.325,4347.47,4346.98,4347.07,102
1786353660,4347.095,4347.94,4347.07,4347.52,121
1786353720,4347.46,4348.7,4347.46,4348.255,123
1786353780,4348.205,4348.46,4347.845,4348.21,149
1786353840,4348.195,4348.24,4347.8,4348.195,96
1786353900,4348.155,4348.45,4347.48,4348.4,168
1786353960,4348.45,4348.9,4348.145,4348.565,155
1786354020,4348.465,4348.675,4346.755,4346.895,223
1786354080,4346.885,4347.415,4344.8,4347.34,470
1786354140,4347.32,4347.785,4346.695,4346.985,334
1786354200,4346.945,4346.945,4343.1,4343.58,591
1786354260,4343.57,4343.81,4342.295,4342.96,473
1786354320,4342.88,4343.88,4341.925,4342.925,580
1786354380,4342.98,4345.555,4342.055,4345.505,464
1786354440,4345.485,4345.905,4343.455,4343.935,531
1786354500,4343.915,4344.215,4342.58,4343.315,452
1786354560,4343.305,4343.54,4340.395,4341.435,738
1786354620,4341.455,4342.785,4340.87,4342.46,543
1786354680,4342.455,4343.33,4341.535,4341.585,352
1786354740,4341.605,4342.4,4341.6,4341.985,317
1786354800,4342.005,4343.61,4341.88,4343.61,338
1786354860,4343.615,4344.22,4343.25,4343.795,160
1786354920,4343.79,4344.335,4343.445,4343.85,154
1786354980,4343.75,4344.38,4343.49,4344.065,143
1786355040,4344.14,4344.365,4343.63,4344.275,189
1786355100,4344.16,4344.6,4343.905,4344.505,217
1786355160,4344.49,4344.805,4343.2,4344.585,247
1786355220,4344.54,4344.725,4344.08,4344.21,95
1786355280,4344.19,4345.44,4343.87,4344.125,228
1786355340,4344.035,4344.035,4341.81,4342.51,259
1786355400,4342.4,4342.66,4341.035,4341.26,213
1786355460,4341.34,4341.83,4341.06,4341.745,169
1786355520,4341.795,4342.02,4340.915,4341.225,271
1786355580,4341.26,4342.085,4341.13,4341.975,142
1786355640,4342.065,4342.825,4342,4342.345,164
1786355700,4342.39,4343.215,4342.015,4343.155,216
1786355760,4343.105,4343.395,4342.445,4342.445,118
1786355820,4342.35,4342.775,4342.09,4342.105,142
1786355880,4342.12,4342.355,4341.565,4341.995,138
1786355940,4341.895,4342.425,4341.195,4341.29,125
1786356000,4341.34,4341.34,4339.775,4340.59,479
1786356060,4340.565,4341.295,4339.6,4340.545,341
1786356120,4340.56,4340.63,4339.5,4339.8,328
1786356180,4339.845,4340.35,4339.295,4340.275,238
1786356240,4340.26,4340.655,4340.06,4340.505,250
1786356300,4340.5,4340.785,4339.98,4340.635,208
1786356360,4340.64,4340.845,4340.23,4340.55,286
1786356420,4340.545,4341.54,4340.305,4340.57,273
1786356480,4340.555,4340.985,4339.97,4340.365,191
1786356540,4340.315,4341.635,4340.09,4340.295,266
1786356600,4340.29,4340.58,4339.675,4339.845,249
1786356660,4339.82,4340.545,4339.635,4340.005,341
1786356720,4340.025,4340.75,4339.6,4340.615,313
1786356780,4340.6,4340.895,4340.235,4340.59,249
1786356840,4340.575,4340.89,4340.24,4340.735,318
1786356900,4340.715,4340.895,4339.98,4340.335,389
1786356960,4340.305,4340.745,4339.93,4339.94,278
1786357020,4339.955,4341.055,4339.955,4340.35,238
1786357080,4340.39,4340.41,4339.41,4340.35,318
1786357140,4340.365,4341.615,4340.21,4341.485,303
1786357200,4341.505,4342.39,4341.19,4341.635,355
1786357260,4341.64,4343.425,4341,4343.315,411
1786357320,4343.325,4344.225,4343.325,4343.87,417
1786357380,4343.835,4344.275,4343.495,4343.555,256
1786357440,4343.56,4343.785,4342.71,4343.32,198
1786357500,4343.33,4343.44,4342.595,4343.17,264
1786357560,4343.155,4343.295,4342.305,4342.765,268
1786357620,4342.775,4343.23,4341.995,4342.115,247
1786357680,4342.125,4343.23,4341.915,4342.965,225
1786357740,4342.95,4343.795,4342.95,4343.66,209
1786357800,4343.665,4344.18,4342.875,4343.4,329
1786357860,4343.355,4343.6,4342.245,4342.75,313
1786357920,4342.73,4343.18,4341.765,4341.775,296
1786357980,4341.78,4341.78,4341.005,4341.465,345
1786358040,4341.255,4342.255,4340.455,4342.215,242
1786358100,4342.24,4342.385,4340.805,4340.81,171
1786358160,4340.78,4341.13,4340.45,4341.08,238
1786358220,4341.03,4341.07,4338.995,4339.415,351
1786358280,4339.39,4340.285,4338.455,4340.095,377
1786358340,4340.13,4341.305,4339.71,4339.755,210
1786358400,4339.805,4340.175,4339.015,4339.14,154
1786358460,4339.125,4339.685,4338.525,4338.665,397
1786358520,4338.65,4339.265,4338.44,4338.73,211
1786358580,4338.725,4339.275,4337.965,4338,163
1786358640,4338.055,4338.505,4337.805,4337.94,347
1786358700,4337.91,4338.505,4337.83,4337.9,343
1786358760,4337.87,4339.15,4337.57,4339.085,342
1786358820,4339.185,4339.485,4338.09,4338.09,235
1786358880,4338.07,4338.68,4337.985,4338.68,233
1786358940,4338.725,4339.26,4337.68,4338.195,256
1786359000,4338.14,4339.345,4338.115,4339.075,157
1786359060,4339.05,4339.495,4338.68,4339.495,315
1786359120,4339.5,4340.68,4339.14,4339.815,340
1786359180,4339.82,4340.16,4337.835,4338.025,467
1786359240,4338.12,4338.485,4337.73,4338.285,336
1786359300,4338.335,4338.54,4337.47,4337.92,400
1786359360,4337.935,4339.465,4337.915,4338.575,343
1786359420,4338.595,4339.355,4338.045,4338.05,271
1786359480,4338.045,4338.055,4335.685,4335.685,381
1786359540,4335.7,4336.26,4335.45,4335.75,392
1786359600,4335.78,4336.825,4335.16,4335.53,665
1786359660,4335.525,4336.395,4334.95,4335.905,433
1786359720,4335.92,4336.49,4334.87,4336.49,379
1786359780,4336.59,4336.6,4335.005,4335.535,240
1786359840,4335.54,4335.705,4334.47,4334.665,272
1786359900,4334.58,4335.34,4334.47,4335.04,321
1786359960,4335.16,4335.74,4334.205,4334.385,236
1786360020,4334.38,4335.11,4334.11,4334.705,340
1786360080,4334.725,4335.05,4333.805,4334.135,268
1786360140,4334.245,4334.455,4333.3,4334.13,523
1786360200,4334.11,4334.165,4333.4,4333.79,384
1786360260,4333.795,4333.9,4333.275,4333.6,254
1786360320,4333.595,4334.155,4332.72,4332.95,404
1786360380,4332.93,4332.99,4329.43,4330.46,433
1786360440,4330.365,4331.845,4330.175,4331.655,298
1786360500,4331.45,4331.54,4330.025,4330.375,255
1786360560,4330.39,4330.745,4330.01,4330.57,180
1786360620,4330.625,4330.625,4329.53,4330.015,144
1786360680,4330.15,4330.345,4329.05,4329.125,203
1786360740,4329.075,4330.88,4329.075,4329.875,301
1786360800,4329.85,4330.44,4329.045,4329.185,315
1786360860,4329.225,4331.825,4329.14,4331.775,381
1786360920,4331.795,4333.225,4331.795,4332.405,495
1786360980,4332.39,4333.345,4331.995,4333.105,262
1786361040,4333.11,4333.845,4333,4333.325,198
1786361100,4333.28,4335.96,4333.19,4335.63,291
1786361160,4335.65,4336.45,4335.07,4335.2,267
1786361220,4335.17,4335.425,4334.255,4335.29,185
1786361280,4335.245,4335.245,4333.61,4334.86,238
1786361340,4334.865,4335.875,4334.53,4334.7,261
1786361400,4334.69,4335.5,4334.595,4335.16,324
1786361460,4335.13,4338.815,4335.13,4338.4,481
1786361520,4338.63,4339.145,4338.45,4338.605,261
1786361580,4338.58,4338.685,4337.545,4337.935,283
1786361640,4337.955,4338.365,4337.67,4337.78,178
1786361700,4337.76,4337.86,4336.085,4336.085,247
1786361760,4336.095,4336.885,4335.89,4335.89,391
1786361820,4335.925,4336.84,4335.925,4336.765,298
1786361880,4336.725,4338.46,4335.625,4338.45,439
1786361940,4338.49,4339.535,4338.28,4339.335,316
1786362000,4339.235,4339.47,4337.675,4337.755,396
1786362060,4337.77,4337.89,4336.865,4337.32,310
1786362120,4337.285,4338.065,4336.87,4336.955,247
1786362180,4336.985,4337.645,4336.53,4337.03,309
1786362240,4336.96,4337.955,4336.95,4337.4,364
1786362300,4337.45,4338.02,4336.385,4337.035,301
1786362360,4337.045,4337.385,4336.54,4337.15,149
1786362420,4337.1,4337.455,4336.265,4336.265,181
1786362480,4336.2,4336.815,4333.52,4333.755,355
1786362540,4333.765,4334.21,4332.12,4332.925,282
1786362600,4332.915,4334.275,4332.38,4334.275,500
1786362660,4334.27,4335.945,4334.25,4335.585,384
1786362720,4335.66,4336.18,4334.785,4335.445,250
1786362780,4335.45,4336.17,4335.45,4335.895,212
1786362840,4335.9,4335.955,4335.23,4335.24,196
1786362900,4335.25,4335.875,4334.73,4335.875,290
1786362960,4335.88,4335.95,4334.28,4334.4,322
1786363020,4334.385,4334.965,4333.615,4334.65,322
1786363080,4334.655,4336.265,4334.655,4335.64,320
1786363140,4335.615,4335.615,4334.445,4335.12,231
1786363200,4335.095,4335.095,4332.655,4332.875,419
1786363260,4332.93,4335.18,4332.865,4334.775,406
1786363320,4334.765,4334.815,4333.275,4333.595,249
1786363380,4333.63,4333.96,4332.925,4333.52,282
1786363440,4333.355,4334.605,4333.125,4334.005,215
1786363500,4333.98,4334.94,4333.825,4333.925,199
1786363560,4333.93,4334.405,4332.3,4333.08,336
1786363620,4333.06,4337.635,4332.565,4336.075,1253
1786363680,4336.08,4336.445,4334.185,4334.565,653
1786363740,4334.575,4335.6,4334.25,4335.33,384
1786363800,4335.335,4335.66,4334.46,4334.69,550
1786363860,4334.7,4334.725,4332.645,4332.755,462
1786363920,4332.765,4333.745,4332.755,4333.55,336
1786363980,4333.555,4333.735,4331.42,4331.67,435
1786364040,4331.655,4332.175,4331.215,4331.925,391
1786364100,4331.98,4332.735,4331.445,4331.86,411
1786364160,4331.78,4331.78,4329.905,4329.905,401
1786364220,4329.895,4330.63,4329.06,4330.36,319
1786364280,4330.375,4330.68,4329.18,4329.25,403
1786364340,4329.28,4330.09,4328.525,4328.8,530
1786364400,4328.825,4331.175,4328.82,4330.03,827
1786364460,4330.02,4330.235,4328.46,4328.735,644
1786364520,4328.74,4329.35,4327.725,4328.665,514
1786364580,4328.6,4328.965,4326.855,4327.155,561
1786364640,4327.165,4327.89,4326.35,4327.54,614
1786364700,4327.455,4327.795,4326.455,4327.075,668
1786364760,4327.07,4327.345,4324.125,4325.68,578
1786364820,4325.66,4327.37,4325.25,4326.9,473
1786364880,4326.845,4327.745,4326.16,4327.505,535
1786364940,4327.5,4328.12,4327.175,4327.82,372
1786365000,4327.745,4330.255,4326.43,4329.4,839
1786365060,4329.385,4331.515,4328.985,4331.475,607
1786365120,4331.47,4331.54,4330.165,4330.6,483
1786365180,4330.59,4331.015,4328.62,4328.755,659
1786365240,4328.725,4328.815,4327.205,4327.7,573
1786365300,4327.68,4328.525,4326.645,4328.38,640
1786365360,4328.425,4330.54,4328.385,4330.28,576
1786365420,4330.305,4331.225,4329.89,4331.225,530
1786365480,4331.21,4332.47,4331.035,4331.875,582
1786365540,4331.87,4332.07,4329.785,4331.235,489
1786365600,4331.245,4331.95,4330.265,4331.66,486
1786365660,4331.62,4332.71,4330.285,4332.325,598
1786365720,4332.245,4332.5,4331.025,4332.38,441
1786365780,4332.31,4332.31,4329.395,4330.19,571
1786365840,4330.185,4330.71,4329.1,4329.22,528
1786365900,4329.225,4331.535,4328.815,4331.43,487
1786365960,4331.515,4331.515,4329.935,4330.79,305
1786366020,4330.825,4332.16,4330.615,4331.685,225
1786366080,4331.785,4332.815,4331.59,4332.78,332
1786366140,4332.96,4333.345,4331.555,4331.985,310
1786366200,4331.9,4331.965,4329.775,4330.045,368
1786366260,4330.09,4331.47,4329.745,4331.305,331
1786366320,4331.335,4332.61,4331.22,4332.125,255
1786366380,4332.13,4333.07,4331.125,4331.3,272
1786366440,4331.31,4332.61,4330.99,4331.795,256
1786366500,4331.785,4333.57,4330.52,4333.515,482
1786366560,4333.55,4335.68,4333.55,4334.805,469
1786366620,4334.675,4334.955,4334.105,4334.575,399
1786366680,4334.565,4335.66,4334.29,4335.22,455
1786366740,4335.21,4335.255,4332.15,4332.625,515
1786366800,4332.66,4334.65,4330.085,4330.67,1578
1786366860,4330.65,4332.45,4330.285,4331.255,973
1786366920,4331.305,4331.44,4326.045,4326.845,993
1786366980,4326.815,4328.92,4326.815,4328.92,645
1786367040,4328.91,4329.65,4327.185,4329.335,730
1786367100,4329.325,4331.485,4328.435,4330.725,758
1786367160,4330.73,4332.29,4330.06,4330.075,807
1786367220,4330.08,4331.68,4330.02,4331.195,726
1786367280,4331.215,4331.635,4329.92,4330.97,627
1786367340,4330.95,4334.605,4330.67,4334.505,716
1786367400,4334.51,4335.58,4333.85,4335.135,740
1786367460,4335.145,4337.225,4335.085,4336.9,841
1786367520,4336.875,4337.64,4335.82,4335.84,360
1786367580,4335.875,4337.465,4334.965,4337.41,360
1786367640,4337.375,4337.935,4336.12,4337.345,769
1786367700,4337.355,4337.57,4335.69,4337.295,279
1786367760,4337.31,4337.36,4336.01,4336.415,298
1786367820,4336.355,4337.715,4335.32,4337.135,298
1786367880,4337.13,4337.135,4334.545,4335.365,282
1786367940,4335.315,4335.435,4334.375,4335.245,231
1786368000,4335,4336.1,4334.255,4334.81,316
1786368060,4334.77,4336.655,4334.545,4334.87,278
1786368120,4334.935,4335.605,4330.155,4330.165,370
1786368180,4330.17,4330.925,4329.335,4330.325,397
1786368240,4330.315,4331.335,4329.08,4330.9,562
1786368300,4330.885,4332.935,4330.36,4332.745,407
1786368360,4332.725,4334.36,4331.44,4333.74,511
1786368420,4333.76,4334.645,4332.58,4332.975,581
1786368480,4333.035,4333.705,4332.72,4333.075,628
1786368540,4333.085,4335.425,4332.945,4335.115,721
1786368600,4335.19,4338.245,4334.115,4336.625,1670
1786368660,4336.59,4337.075,4332.14,4333.535,1435
1786368720,4333.48,4336.43,4332.64,4336.31,1279
1786368780,4336.3,4337.095,4334.98,4336.61,1634
1786368840,4336.62,4338.805,4335.055,4337.11,1808
1786368900,4337.085,4338.63,4336.395,4337.585,1516
1786368960,4337.59,4339.5,4336.965,4339.02,1650
1786369020,4338.845,4339.84,4337.49,4338.05,1654
1786369080,4338.035,4340.165,4336.505,4338.61,1497
1786369140,4338.6,4339.11,4337.485,4338.32,1771
1786369200,4338.33,4338.69,4335.03,4335.31,1927
1786369260,4335.275,4337.645,4335.035,4336.43,1880
1786369320,4336.4,4336.86,4334.86,4335.755,1326
1786369380,4335.745,4335.99,4332.625,4332.655,1385
1786369440,4332.66,4333.105,4330.105,4331.035,1535
1786369500,4331.04,4332.08,4330.425,4330.5,1772
1786369560,4330.515,4330.525,4326.7,4327.265,1626
1786369620,4327.215,4329.935,4325.015,4329.45,1765
1786369680,4329.435,4331.19,4328.1,4331.055,1441
1786369740,4331,4331.06,4325.875,4327.725,1528
1786369800,4327.74,4328.525,4326.295,4327.295,1261
1786369860,4327.28,4327.495,4323.815,4326.24,1075
1786369920,4326.245,4326.265,4321.2,4325.165,1505
1786369980,4325.15,4326.095,4322.535,4324.755,1122
1786370040,4324.75,4324.845,4322.235,4323.27,1111
1786370100,4323.265,4324.935,4323.04,4324.295,1238
1786370160,4324.285,4324.285,4321.14,4321.43,1114
1786370220,4321.435,4321.68,4319.525,4319.925,1142
1786370280,4319.875,4320.98,4317.27,4317.495,1186
1786370340,4317.475,4318.27,4316.675,4317.985,952
1786370400,4317.98,4323.245,4317.965,4322.625,1236
1786370460,4322.63,4325.425,4322.33,4325.3,712
1786370520,4325.305,4325.64,4323.98,4324.805,497
1786370580,4324.845,4325.17,4323.055,4323.65,680
1786370640,4323.66,4324.81,4322.945,4323.4,648
1786370700,4323.48,4325.075,4321.765,4321.905,885
1786370760,4321.97,4325.86,4321.735,4325.51,1038
1786370820,4325.505,4326.37,4324.055,4325.59,664
1786370880,4325.55,4326.27,4324.165,4324.75,929
1786370940,4324.78,4325.885,4324.16,4324.38,577
1786371000,4324.385,4326.57,4324.385,4326.045,606
1786371060,4326.11,4327.755,4325.25,4326.79,693
1786371120,4326.865,4327.795,4326.44,4327.34,425
1786371180,4327.335,4330.06,4327.085,4329.855,454
1786371240,4329.785,4331.13,4329.71,4330.195,911
1786371300,4330.205,4331.305,4328.565,4329.705,1143
1786371360,4329.7,4332.39,4329.155,4332.03,1022
1786371420,4332.035,4333.26,4331.855,4333.17,705
1786371480,4333.14,4336.415,4333.045,4335.525,1158
1786371540,4335.565,4335.73,4333.625,4334.14,1149
1786371600,4334.22,4335.35,4333.74,4334.785,999
1786371660,4334.79,4334.985,4332.39,4333.265,1120
1786371720,4333.275,4338.535,4333.275,4338.345,1085
1786371780,4338.34,4340.17,4337.805,4339.455,987
1786371840,4339.465,4340.19,4337.045,4338.395,1461
1786371900,4338.415,4342.07,4338.32,4341.53,1598
1786371960,4341.54,4345.77,4341.54,4345.44,1276
1786372020,4345.49,4347.635,4344.95,4345.535,1292
1786372080,4345.53,4348.145,4344.655,4346.915,1505
1786372140,4346.91,4348.185,4345.55,4345.62,1277
1786372200,4345.645,4347.83,4345.57,4347.235,1105
1786372260,4347.535,4349.84,4347.52,4349.1,1092
1786372320,4349.095,4352.04,4348.12,4348.67,1176
1786372380,4348.675,4348.675,4345.535,4345.87,948
1786372440,4345.91,4348.085,4345.325,4347.565,706
1786372500,4347.57,4348.55,4345.345,4345.35,949
1786372560,4345.445,4346.19,4344.725,4345.82,1019
1786372620,4345.815,4347.565,4345.445,4347.38,1259
1786372680,4347.39,4349.08,4346.3,4346.36,1386
1786372740,4346.355,4347.565,4345.135,4346.58,1142
1786372800,4346.52,4348.075,4346.095,4346.59,1061
1786372860,4346.595,4349.89,4346.525,4349.315,992
1786372920,4349.31,4350.185,4348.84,4349.7,946
1786372980,4349.695,4350.05,4347.83,4348.08,1139
1786373040,4348.115,4349.71,4347.895,4349.48,883
1786373100,4349.49,4350.715,4349.205,4350.545,1259
1786373160,4350.54,4350.675,4348.605,4348.62,1424
1786373220,4348.61,4349.09,4347.635,4347.805,789
1786373280,4347.83,4348.095,4346.14,4346.495,1041
1786373340,4346.5,4348.18,4346.205,4347.48,762
1786373400,4347.47,4347.5,4344.665,4344.995,831
1786373460,4344.975,4345.67,4343.665,4344.22,998
1786373520,4344.18,4345.605,4344.155,4345.455,805
1786373580,4345.48,4345.985,4343.945,4343.955,877
1786373640,4344.095,4344.225,4342.655,4343.025,924
1786373700,4343.015,4343.96,4342.77,4343.74,852
1786373760,4343.71,4345.685,4343.545,4344.465,1269
1786373820,4344.45,4344.485,4343.19,4344.07,1052
1786373880,4344.065,4345.245,4343.8,4345.095,1109
1786373940,4345.05,4345.65,4344.405,4345.435,838
1786374000,4345.6,4346.87,4344.13,4344.255,1426
1786374060,4344.27,4344.86,4343.53,4343.685,929
1786374120,4343.675,4344.965,4343.675,4344.865,891
1786374180,4344.86,4349.185,4344.615,4349.075,1276
1786374240,4349.09,4349.425,4347.4,4347.445,1012
1786374300,4347.39,4348.4,4346.285,4346.985,1184
1786374360,4347.01,4350.05,4346.835,4349.775,1176
1786374420,4349.745,4352.09,4349.33,4350.615,1221
1786374480,4350.605,4350.8,4345.445,4345.445,727
1786374540,4345.45,4345.45,4343.325,4345.18,744
1786374600,4345.2,4346.175,4343.545,4345.06,824
1786374660,4345.065,4347.745,4345.035,4346.05,706
1786374720,4346.02,4346.845,4345.715,4346.335,617
1786374780,4346.375,4347.23,4345.92,4346.33,577
1786374840,4346.37,4347.335,4346.28,4346.985,858
1786374900,4346.97,4349.67,4345.905,4348.705,903
1786374960,4348.69,4349.7,4348.385,4348.655,713
1786375020,4348.68,4350.265,4348.62,4349.93,936
1786375080,4349.925,4351.24,4349.41,4350.905,774
1786375140,4350.915,4352.025,4348.885,4349.565,781
1786375200,4349.53,4352.435,4349.465,4351.785,794
1786375260,4351.78,4351.78,4350.53,4350.715,619
1786375320,4350.84,4351.1,4349.065,4349.905,532
1786375380,4349.915,4350.97,4349.375,4349.705,498
1786375440,4349.69,4350.405,4349.16,4349.415,471
1786375500,4349.425,4350.125,4348.18,4348.255,537
1786375560,4348.18,4348.74,4347.305,4347.93,592
1786375620,4347.955,4349.565,4347.685,4348.87,551
1786375680,4348.91,4351.305,4348.635,4351.155,577
1786375740,4351.16,4351.16,4348.555,4349.245,649
1786375800,4349.26,4351.255,4348.7,4350.02,930
1786375860,4350.16,4350.96,4349.525,4350.765,793
1786375920,4350.76,4351.545,4349.02,4349.905,895
1786375980,4349.92,4350.09,4348.89,4349.27,603
1786376040,4349.245,4349.785,4347.895,4348.11,600
1786376100,4348.06,4351.945,4348.06,4350.99,845
1786376160,4350.975,4351.815,4350.68,4351.535,717
1786376220,4351.58,4351.845,4350.195,4350.28,599
1786376280,4350.275,4351.445,4349.91,4350.86,643
1786376340,4350.835,4351.08,4348.735,4350.34,903
1786376400,4350.365,4351.395,4349.975,4351.005,695
1786376460,4351.01,4351.305,4349.605,4350.625,503
1786376520,4350.63,4351.52,4349.655,4351.435,589
1786376580,4351.43,4351.595,4350.35,4351.02,326
1786376640,4351.06,4351.11,4349.57,4350.315,420
1786376700,4350.295,4351.005,4348.645,4348.825,729
1786376760,4348.83,4351.71,4348.76,4350.19,607
1786376820,4350.225,4351.97,4349.865,4351.97,457
1786376880,4351.985,4353.26,4351.925,4353.13,630
1786376940,4353.12,4353.33,4351.73,4352.27,652
1786377000,4352.25,4354.18,4352.175,4353.935,638
1786377060,4353.925,4356.685,4353.785,4355.38,754
1786377120,4355.385,4356.65,4355.125,4356.465,716
1786377180,4356.505,4357.515,4356.145,4356.375,658
1786377240,4356.38,4357.385,4356.255,4357.16,492
1786377300,4357.18,4357.935,4356.425,4356.84,656
1786377360,4356.835,4357.645,4356.63,4356.975,477
1786377420,4356.99,4357.465,4356.665,4357.46,540
1786377480,4357.47,4358.905,4357.1,4358.42,591
1786377540,4358.405,4359.545,4358.31,4358.51,565
1786377600,4358.53,4359.955,4358.505,4359.92,931
1786377660,4359.915,4360.355,4358.38,4359.74,1118
1786377720,4359.755,4363.07,4359.695,4363.07,973
1786377780,4363.05,4364.1,4360.59,4361.12,1209
1786377840,4361.115,4361.135,4357.915,4358.185,1062
1786377900,4358.155,4359.19,4358.075,4358.6,838
1786377960,4358.595,4358.615,4356.835,4357.205,919
1786378020,4357.16,4359.45,4357.16,4359.35,899
1786378080,4359.365,4361.545,4359.26,4360.36,1076
1786378140,4360.355,4363.505,4360.355,4363.365,1270
1786378200,4363.335,4364.8,4362.99,4363.82,1087
1786378260,4363.835,4364.66,4363.175,4364.45,857
1786378320,4364.47,4364.595,4362.935,4363.265,880
1786378380,4363.235,4363.235,4361.325,4361.965,808
1786378440,4361.95,4362.025,4361.21,4361.425,743
1786378500,4361.44,4361.9,4360.93,4361.485,681
1786378560,4361.475,4362.545,4361.37,4361.725,705
1786378620,4361.735,4363.135,4361.645,4362.02,887
1786378680,4362.005,4363.205,4361.785,4362.23,986
1786378740,4362.215,4362.695,4361.425,4361.45,668
1786378800,4361.475,4364.04,4361.46,4363.825,1087
1786378860,4363.79,4364.19,4363.43,4363.925,818
1786378920,4363.92,4364.235,4362.22,4362.725,830
1786378980,4362.72,4363.3,4361.68,4362.685,635
1786379040,4362.68,4363.625,4362.66,4363.205,629
1786379100,4363.22,4364.59,4362.915,4363.24,945
1786379160,4363.27,4363.785,4362.59,4362.86,683
1786379220,4362.87,4363.675,4362.85,4362.895,550
1786379280,4362.92,4363.755,4362.77,4362.825,451
1786379340,4362.845,4362.975,4361.64,4362.695,585
1786379400,4362.7,4363.005,4360.975,4361.01,866
1786379460,4361.035,4362.575,4352.12,4352.12,658
1786379520,4352.01,4357.495,4349.19,4356.165,2768
1786379580,4356.18,4356.715,4353.99,4356.34,1270
1786379640,4356.32,4357.075,4354.955,4356.44,699
1786379700,4356.455,4359.16,4356.41,4358.625,544
1786379760,4358.59,4358.715,4357.67,4358.29,486
1786379820,4358.315,4358.755,4357.635,4358.275,383
1786379880,4358.26,4358.79,4357.31,4357.78,485
1786379940,4357.78,4357.965,4354.82,4355.34,558
1786380000,4355.335,4356.42,4354.87,4355.945,521
1786380060,4355.975,4356.71,4352.99,4353.16,634
1786380120,4353.14,4353.445,4351.925,4352.095,549
1786380180,4352.2,4352.905,4351.17,4351.72,477
1786380240,4351.695,4352.51,4351.095,4351.785,626
1786380300,4351.835,4353.87,4351.705,4352.955,493
1786380360,4352.91,4355.015,4352.795,4354.545,573
1786380420,4354.54,4355.165,4352.865,4354.75,535
1786380480,4354.74,4354.745,4352.625,4352.64,512
1786380540,4352.645,4353.605,4352.115,4353.405,504
1786380600,4353.395,4353.815,4352.93,4353.325,556
1786380660,4353.3,4353.715,4352.53,4353.325,631
1786380720,4353.335,4354.11,4353.325,4353.86,470
1786380780,4353.87,4353.875,4352.165,4352.685,420
1786380840,4352.635,4354.02,4352.29,4353.8,817
1786380900,4353.785,4354.095,4353.02,4353.555,364
1786380960,4353.485,4353.535,4352.135,4353.32,505
1786381020,4353.3,4354.425,4353.09,4354.415,595
1786381080,4354.32,4355.92,4354.125,4355.745,396
1786381140,4355.8,4357.025,4355.375,4356.845,482
1786381200,4356.855,4357.69,4356.705,4356.87,771
1786381260,4356.84,4357.525,4356.325,4356.8,754
1786381320,4356.795,4357.35,4356.285,4356.445,479
1786381380,4356.385,4356.66,4355.18,4355.19,500
1786381440,4355.18,4355.225,4354.355,4354.455,613
1786381500,4354.435,4354.61,4353.325,4353.63,692
1786381560,4353.645,4353.885,4351.75,4353.35,511
1786381620,4353.37,4353.9,4352.995,4353.58,413
1786381680,4353.565,4355.695,4353.475,4355.52,526
1786381740,4355.525,4357.315,4355.29,4355.885,642
1786381800,4355.895,4357.315,4355.25,4356.905,393
1786381860,4356.91,4357.03,4356.505,4356.835,253
1786381920,4356.85,4357.335,4356.635,4356.97,394
1786381980,4356.96,4358.28,4356.9,4358.17,337
1786382040,4358.16,4358.18,4356.82,4357.115,336
1786382100,4356.99,4357.385,4356.605,4356.805,316
1786382160,4356.78,4356.95,4356.455,4356.77,284
1786382220,4356.775,4358.27,4356.76,4357.96,490
1786382280,4357.99,4358.2,4356.55,4356.965,397
1786382340,4356.995,4357.87,4356.81,4357.33,351
1786382400,4357.335,4358.575,4357.28,4357.8,357
1786382460,4357.805,4358.605,4357.615,4357.865,729
1786382520,4357.855,4359.89,4357.855,4359.645,696
1786382580,4359.705,4360.255,4359.375,4359.955,531
1786382640,4359.975,4360.41,4359.415,4360.14,681
1786382700,4360.115,4360.125,4358.725,4359.03,454
1786382760,4359.055,4359.72,4358.755,4358.925,365
1786382820,4358.935,4360.3,4358.935,4359.875,526
1786382880,4359.87,4360.495,4359.115,4360.075,715
1786382940,4360.09,4361.27,4359.42,4361.14,1022
1786383000,4361.085,4361.655,4360.895,4361.305,591
1786383060,4361.135,4361.335,4360.435,4361.295,397
1786383120,4361.3,4361.635,4359.66,4361.54,617
1786383180,4361.545,4362.075,4361.42,4361.935,448
1786383240,4361.93,4362.86,4361.93,4362.215,344
1786383300,4362.26,4363.49,4362.125,4362.965,420
1786383360,4362.975,4363.895,4362.76,4363.38,547
1786383420,4363.385,4363.925,4363.09,4363.445,407
1786383480,4363.4,4363.975,4362.37,4363.97,791
1786383540,4363.965,4365.315,4363.705,4363.92,700
1786383600,4363.905,4364.04,4362.635,4363.185,651
1786383660,4363.22,4363.695,4363.09,4363.215,553
1786383720,4363.205,4363.815,4361.54,4362.025,368
1786383780,4362.075,4362.18,4360.19,4360.31,376
1786383840,4360.395,4360.62,4359.565,4360.38,675
1786383900,4360.375,4360.375,4358.01,4358.01,676
1786383960,4358.005,4358.62,4357.83,4358.235,488
1786384020,4358.225,4359.07,4358.085,4358.89,369
1786384080,4358.905,4360,4357.935,4359.925,711
1786384140,4359.91,4360.91,4359.91,4360.58,770
1786384200,4360.53,4361.3,4360.065,4360.42,780
1786384260,4360.46,4360.485,4359.36,4359.8,669
1786384320,4359.795,4360.735,4359.695,4360.665,643
1786384380,4360.655,4360.885,4359.205,4359.32,715
1786384440,4359.35,4359.635,4358.8,4358.86,409
1786384500,4358.875,4359.24,4357.94,4358.645,679
1786384560,4358.61,4358.7,4357.655,4357.95,723
1786384620,4357.935,4358.935,4357.89,4358.82,583
1786384680,4358.85,4359.565,4358.85,4359.365,627
1786384740,4359.345,4360.31,4359.02,4360.23,631
1786384800,4360.3,4362.9,4359.84,4362.535,894
1786384860,4362.555,4363.96,4362.55,4363.205,837
1786384920,4363.12,4363.415,4362.73,4362.855,483
1786384980,4362.915,4363.545,4362.145,4363.28,659
1786385040,4363.265,4364.085,4363.21,4363.74,523
1786385100,4363.765,4365.075,4363.705,4365.03,606
1786385160,4365.02,4365.315,4364.215,4364.355,665
1786385220,4364.35,4364.65,4363.53,4363.715,436
1786385280,4363.705,4364.3,4363.58,4363.59,406
1786385340,4363.585,4364.1,4363.355,4363.685,494
1786385400,4363.665,4364.56,4363.61,4364.515,657
1786385460,4364.525,4364.625,4363.695,4364.075,542
1786385520,4364.085,4364.225,4363.49,4363.725,583
1786385580,4363.68,4363.95,4363.455,4363.89,499
1786385640,4363.85,4363.9,4363.07,4363.195,502
1786385700,4363.22,4364.12,4362.51,4362.865,640
1786385760,4362.875,4363.315,4361.505,4362.88,747
1786385820,4362.76,4363.965,4362.48,4363.615,770
1786385880,4363.64,4364.315,4363.145,4363.43,729
1786385940,4363.44,4363.495,4362.83,4363.13,610
1786386000,4363.12,4363.35,4362.405,4363.24,554
1786386060,4363.225,4364.255,4363.225,4363.695,843
1786386120,4363.68,4363.815,4362.925,4363.38,763
1786386180,4363.405,4364.29,4363.345,4364.29,482
1786386240,4364.305,4364.89,4364.035,4364.48,635
1786386300,4364.595,4367.22,4364.52,4366.635,659
1786386360,4366.535,4366.7,4365.22,4365.225,393
1786386420,4365.27,4366.895,4365.025,4366.31,498
1786386480,4366.32,4366.91,4365.34,4365.53,758
1786386540,4365.52,4366.065,4365.095,4365.9,605
1786386600,4365.935,4367.125,4365.17,4366.57,825
1786386660,4366.59,4380.18,4366.59,4376.84,1995
1786386720,4376.815,4377.665,4374.49,4374.785,972
1786386780,4374.655,4377.39,4373.72,4377.15,478
1786386840,4377.16,4380.695,4377.145,4379.55,1071
1786386900,4379.545,4380.33,4377.755,4377.815,743
1786386960,4377.81,4379.1,4377.385,4378.265,776
1786387020,4378.275,4380.345,4377.945,4380.345,979
1786387080,4380.36,4381.305,4379.89,4380.8,1057
1786387140,4380.83,4381.73,4379.87,4381.32,938
1786387200,4381.355,4382.505,4380.655,4382.22,750
1786387260,4382.205,4383.05,4380.985,4382.735,981
1786387320,4382.73,4382.88,4381.83,4382.225,630
1786387380,4382.22,4382.25,4381.04,4381.375,953
1786387440,4381.365,4381.38,4379.55,4379.72,988
1786387500,4379.745,4379.875,4373.49,4374.19,1039
1786387560,4374.17,4375.895,4373.46,4373.875,856
1786387620,4373.76,4376.74,4373.665,4376.67,907
1786387680,4376.58,4377.225,4376.385,4377.065,766
1786387740,4377.075,4377.38,4376.295,4376.855,723
1786387800,4376.86,4378.44,4376.685,4378.055,843
1786387860,4378.005,4379.225,4377.1,4377.37,993
1786387920,4377.355,4378.525,4375.65,4376.07,930
1786387980,4376.09,4376.42,4375.07,4375.62,553
1786388040,4375.56,4377.205,4375.315,4377.025,614
1786388100,4377.01,4377.89,4376.515,4377.805,583
1786388160,4377.825,4378.67,4377.475,4378.22,688
1786388220,4378.225,4379.14,4377.965,4378.99,852
1786388280,4378.995,4379.17,4378.55,4378.715,583
1786388340,4378.66,4379.095,4378.24,4378.49,579
1786388400,4378.495,4380.94,4378.495,4379.98,1204
1786388460,4380.05,4380.32,4379.405,4379.72,603
1786388520,4379.75,4381.045,4379.395,4379.9,623
1786388580,4379.985,4381.325,4379.675,4381.175,647
1786388640,4381.07,4381.355,4379.965,4380.21,608
1786388700,4380.205,4382.625,4380.015,4382.52,1080
1786388760,4382.555,4382.725,4381.93,4382.58,777
1786388820,4382.585,4382.96,4381.74,4381.92,751
1786388880,4381.925,4382.545,4381.595,4382.405,667
1786388940,4382.42,4382.495,4381.485,4381.96,461
1786389000,4381.975,4382.125,4380.69,4381.585,946
1786389060,4381.59,4382.71,4381.515,4382.19,704
1786389120,4382.175,4382.855,4381.955,4382.235,722
1786389180,4382.23,4382.845,4382.225,4382.53,612
1786389240,4382.59,4382.68,4381.635,4382.115,734
1786389300,4382.12,4382.59,4381.83,4382.565,655
1786389360,4382.545,4382.97,4382.425,4382.865,573
1786389420,4382.855,4383.005,4382.135,4382.62,536
1786389480,4382.615,4382.865,4381.37,4382.425,648
1786389540,4382.415,4383.09,4382.39,4382.895,953
1786389600,4382.89,4383.47,4382.69,4383.35,596
1786389660,4383.36,4385.655,4383.34,4385.37,932
1786389720,4385.31,4385.62,4383.8,4384.11,1171
1786389780,4384.06,4385.325,4383.95,4385.065,1195
1786389840,4385.05,4388.21,4385.01,4386.795,1007
1786389900,4386.79,4389.63,4386.245,4389.42,1273
1786389960,4389.425,4390.29,4388.42,4389.02,936
1786390020,4389,4389.495,4388.54,4389.26,510
1786390080,4389.16,4390.905,4389.115,4389.91,967
1786390140,4389.9,4391.665,4389.08,4390.81,746
1786390200,4390.845,4394.115,4390.64,4392.94,1115
1786390260,4392.86,4392.86,4388.5,4388.965,870
1786390320,4388.955,4389.815,4387.59,4389.14,774
1786390380,4389.17,4389.425,4387.48,4388.2,773
1786390440,4388.145,4388.465,4386.205,4387.28,689
1786390500,4387.275,4387.685,4384.42,4385.375,921
1786390560,4385.395,4387.76,4385.275,4387.025,892
1786390620,4387.015,4387.685,4386.38,4387.355,684
1786390680,4387.39,4388.135,4386.52,4387.995,970
1786390740,4387.925,4388.815,4387.45,4388,992
1786390800,4387.995,4390.76,4387.975,4389.32,963
1786390860,4389.35,4390.085,4389.19,4389.615,912
1786390920,4389.61,4390.88,4389.545,4390.3,608
1786390980,4390.32,4390.435,4389.605,4389.735,536
1786391040,4389.755,4390.155,4387.135,4388.265,905
1786391100,4388.275,4388.83,4387.36,4387.91,766
1786391160,4387.965,4389.63,4387.755,4389.52,407
1786391220,4389.4,4390.795,4389.17,4390.545,610
1786391280,4390.555,4394.185,4390.26,4394.085,904
1786391340,4394.075,4395.05,4393.675,4394.1,684
1786391400,4394.155,4394.6,4392.145,4393.45,1048
1786391460,4393.475,4395.385,4393.475,4395.155,1013
1786391520,4395.225,4395.26,4392.64,4392.695,739
1786391580,4392.665,4392.75,4391.37,4392.215,759
1786391640,4392.175,4393.365,4392.13,4392.605,727
1786391700,4392.565,4392.805,4389.505,4389.915,1050
1786391760,4389.93,4389.93,4387.985,4388.72,716
1786391820,4388.735,4389.165,4387.99,4388.275,706
1786391880,4388.245,4390.055,4388.125,4389.05,1034
1786391940,4389.04,4389.095,4387.49,4388.555,812
1786392000,4388.55,4390.57,4388.225,4390.305,320
1786392060,4390.345,4390.345,4388.53,4388.56,206
1786392120,4388.545,4388.93,4388.035,4388.93,203
1786392180,4388.98,4388.98,4388.325,4388.64,61
1786392240,4388.65,4389.05,4388.51,4388.555,73
1786392300,4388.565,4388.685,4388.315,4388.475,87
1786392360,4388.505,4388.505,4386.965,4387.68,144
1786392420,4387.685,4387.92,4386.945,4387.04,111
1786392480,4387.1,4387.425,4386.535,4387.315,160
1786392540,4387.33,4387.605,4386.01,4386.015,219
1786392600,4386.005,4387.565,4386.005,4387.39,192
1786392660,4387.42,4387.695,4387.245,4387.615,186
1786392720,4387.63,4389.965,4387.63,4389.965,234
1786392780,4390,4390.75,4389.4,4390.165,275
1786392840,4390.24,4390.27,4388.81,4389.275,186
1786392900,4389.31,4390.375,4389.31,4390.075,200
1786392960,4390.06,4390.74,4389.99,4390.725,132
1786393020,4390.69,4390.85,4390.26,4390.685,207
1786393080,4390.675,4391.4,4390.675,4390.79,228
1786393140,4390.805,4390.875,4389.62,4390.115,171
1786393200,4390.105,4390.155,4388.445,4388.78,237
1786393260,4388.77,4388.77,4387.965,4388.025,205
1786393320,4388.03,4388.33,4386.63,4387.435,299
1786393380,4387.395,4387.625,4387.245,4387.27,118
1786393440,4387.37,4388.59,4387.37,4388.585,156
1786393500,4388.58,4388.8,4388.405,4388.765,217
1786393560,4388.76,4388.97,4388.535,4388.655,184
1786393620,4388.65,4390.18,4388.65,4390.075,191
1786393680,4390.07,4392.025,4389.845,4392.025,296
1786393740,4392.06,4392.06,4390.895,4391.09,310
1786393800,4391.1,4392.135,4391.1,4391.8,283
1786393860,4391.775,4391.845,4390.9,4390.915,305
1786393920,4390.985,4391.155,4390.615,4391.05,231
1786393980,4391.045,4391.455,4390.93,4391.255,176
1786394040,4391.26,4391.42,4390.885,4390.98,102
1786394100,4390.995,4391.555,4390.97,4391.15,118
1786394160,4391.155,4391.175,4390.87,4390.87,116
1786394220,4390.855,4391,4390.255,4390.99,163
1786394280,4391.055,4391.07,4390.125,4390.615,154
1786394340,4390.56,4390.56,4390.115,4390.42,69
1786394400,4390.415,4390.63,4390.06,4390.31,157
1786394460,4390.325,4391.44,4390.325,4391.14,145
1786394520,4391.135,4391.33,4390.455,4390.495,151
1786394580,4390.44,4391.075,4390.14,4390.195,181
1786394640,4390.18,4390.33,4389.95,4389.95,147
1786394700,4389.92,4390.29,4389.71,4390.07,137
1786394760,4390.085,4390.77,4390.08,4390.135,145
1786394820,4390.12,4390.335,4389.295,4389.295,129
1786394880,4389.3,4389.38,4389.005,4389.275,124
1786394940,4389.205,4389.33,4388.915,4388.985,79
1786395000,4389.005,4390.035,4388.87,4390.035,233
1786395060,4390.02,4390.65,4389.495,4389.965,246
1786395120,4389.98,4390.705,4389.59,4390.14,153
1786395180,4390.125,4390.35,4390.03,4390.035,88
1786395240,4390.06,4390.065,4388.89,4389.39,175
1786395300,4389.47,4389.565,4389.085,4389.195,269
1786395360,4389.165,4389.745,4388.765,4389.34,85
1786395420,4389.275,4389.79,4389.11,4389.25,117
1786395480,4389.23,4390.395,4389.015,4390.34,114
1786395540,4390.4,4390.4,4389.995,4390.235,16
1786399440,4389.775,4389.78,4389.775,4389.78,2
1786399500,4389.77,4390.93,4389.34,4390.195,237
1786399560,4390.205,4391.14,4389.98,4390.495,167
1786399620,4390.52,4391.77,4390.105,4391.62,184
1786399680,4391.615,4391.625,4390.005,4390.635,196
1786399740,4390.655,4391.435,4390.155,4391.295,203
1786399800,4391.33,4391.4,4390.585,4391.365,216
1786399860,4391.37,4392.95,4391.035,4391.965,349
1786399920,4391.985,4392.555,4391.79,4392.075,169
1786399980,4392.025,4392.225,4391.26,4391.985,118
1786400040,4392.025,4392.1,4390.76,4391.37,259
1786400100,4391.35,4392.17,4390.925,4392.125,174
1786400160,4392.165,4392.64,4391.905,4392.58,170
1786400220,4392.575,4392.575,4391.775,4392.265,117
1786400280,4392.32,4392.495,4391.68,4392.405,104
1786400340,4392.395,4392.445,4391.735,4392.3,110
1786400400,4392.29,4392.29,4391.66,4392.09,157
1786400460,4392.095,4392.92,4392.08,4392.645,212
1786400520,4392.615,4393.125,4392.615,4393.05,75
1786400580,4393.09,4393.405,4392.465,4392.965,152
1786400640,4392.94,4393.205,4392.875,4392.965,77
1786400700,4393.02,4393.58,4391.77,4392.57,248
1786400760,4392.58,4392.905,4392.3,4392.41,179
1786400820,4392.42,4392.58,4392.255,4392.465,122
1786400880,4392.46,4392.54,4392.215,4392.54,81
1786400940,4392.525,4392.525,4391.99,4392.09,72
1786401000,4392.14,4393.2,4392.14,4393.005,154
1786401060,4392.99,4393.225,4392.585,4392.825,164
1786401120,4392.83,4393.01,4392.085,4392.185,159
1786401180,4392.105,4393.395,4392.095,4393.27,161
1786401240,4393.28,4393.715,4393.03,4393.625,163
1786401300,4393.61,4393.68,4393.3,4393.355,134
1786401360,4393.475,4393.91,4393.045,4393.86,103
1786401420,4393.845,4393.98,4393.32,4393.555,168
1786401480,4393.57,4394.19,4393.545,4394.135,120
1786401540,4394.08,4394.17,4393.595,4393.825,150
1786401600,4393.875,4394.16,4393.575,4393.995,147
1786401660,4393.94,4394.035,4393.675,4393.675,129
1786401720,4393.595,4395.915,4393.595,4395.37,412
1786401780,4395.365,4396.175,4395.15,4396.14,135
1786401840,4396.115,4396.225,4395.345,4395.36,118
1786401900,4395.355,4396.515,4395.3,4396.515,169
1786401960,4396.52,4398.165,4396.25,4397.695,272
1786402020,4397.65,4398.48,4397.495,4398.36,224
1786402080,4398.35,4398.35,4397.635,4397.815,175
1786402140,4397.76,4397.88,4397.57,4397.685,130
1786402200,4397.68,4398.77,4397.29,4398.42,189
1786402260,4398.415,4399.68,4398.28,4399.055,186
1786402320,4399.035,4399.09,4398.555,4398.64,88
1786402380,4398.655,4399.485,4398.625,4399.46,166
1786402440,4399.465,4399.81,4399.4,4399.7,241
1786402500,4399.66,4401.065,4398.905,4399.01,239
1786402560,4399.025,4400.15,4398.85,4399.37,194
1786402620,4399.375,4400.605,4399.375,4400.205,143
1786402680,4400.185,4400.27,4398.93,4399.12,200
1786402740,4399.045,4399.915,4398.78,4399.895,171
1786402800,4399.935,4402,4399.365,4399.965,659
1786402860,4399.875,4400.63,4399.735,4400.07,315
1786402920,4400.065,4400.165,4399.05,4399.585,208
1786402980,4399.595,4400.075,4398.315,4398.67,214
1786403040,4398.655,4398.98,4397.725,4398.805,206
1786403100,4398.8,4401.205,4398.515,4400.935,320
1786403160,4400.905,4401.44,4400.33,4401.065,355
1786403220,4401.105,4402.25,4401.03,4401.15,261
1786403280,4401.145,4401.15,4398.185,4398.49,335
1786403340,4398.415,4398.5,4395.945,4396.58,355
1786403400,4396.66,4397.115,4395.77,4396.7,297
1786403460,4396.72,4397.1,4396.165,4396.26,249
1786403520,4396.255,4396.89,4396.255,4396.33,108
1786403580,4396.355,4397.405,4396.205,4397.24,137
1786403640,4397.245,4397.54,4397.23,4397.46,73
1786403700,4397.425,4397.485,4396.18,4396.615,221
1786403760,4396.62,4396.64,4394.7,4395.05,181
1786403820,4395.07,4396.995,4395.07,4395.375,231
1786403880,4395.39,4395.695,4394.765,4395.18,177
1786403940,4395.145,4395.265,4394.82,4395.255,129
1786404000,4395.275,4396.185,4394.905,4395.065,102
1786404060,4395.12,4395.58,4394.92,4395.44,89
1786404120,4395.445,4396.02,4395.26,4395.405,115
1786404180,4395.41,4395.495,4394.855,4395.075,106
1786404240,4395.07,4395.185,4394.89,4394.995,91
1786404300,4394.99,4395.625,4394.845,4395.3,106
1786404360,4395.38,4396.02,4395.17,4395.335,99
1786404420,4395.37,4395.43,4395.195,4395.3,38
1786404480,4395.295,4395.445,4395.075,4395.19,77
1786404540,4395.13,4395.485,4394.75,4395.47,102
1786404600,4395.465,4396.195,4395.38,4395.82,180
1786404660,4395.845,4396.035,4395.705,4396.035,84
1786404720,4396.04,4396.11,4395.7,4395.79,59
1786404780,4395.78,4395.79,4395.305,4395.585,73
1786404840,4395.58,4396.28,4395.45,4395.625,176
1786404900,4395.615,4397.485,4395.5,4397.42,179
1786404960,4397.44,4397.91,4397.4,4397.91,146
1786405020,4397.845,4398.925,4397.84,4398.82,130
1786405080,4398.81,4398.85,4398.4,4398.44,47
1786405140,4398.445,4398.915,4398.29,4398.825,51
1786405200,4398.82,4398.83,4397.785,4398.11,117
1786405260,4398.105,4398.84,4397.72,4398.665,141
1786405320,4398.69,4398.97,4398.19,4398.785,182
1786405380,4398.73,4398.91,4398.51,4398.69,123
1786405440,4398.705,4398.81,4398.335,4398.79,243
1786405500,4398.775,4399.24,4396.92,4397.065,395
1786405560,4397.09,4398.095,4397.055,4398.06,237
1786405620,4398.07,4398.815,4398.005,4398.34,411
1786405680,4398.325,4398.345,4397.6,4397.895,415
1786405740,4397.91,4398.085,4397.415,4397.805,377
1786405800,4397.845,4397.875,4396.465,4397.08,439
1786405860,4397.135,4398.32,4397.115,4397.9,476
1786405920,4397.895,4397.94,4396.52,4397.65,404
1786405980,4397.61,4397.65,4396.865,4397.505,333
1786406040,4397.575,4399.04,4397.555,4398.805,311
1786406100,4398.795,4400.915,4398.55,4400.115,371
1786406160,4400.12,4401.58,4399.62,4401.48,336
1786406220,4401.42,4401.435,4400.68,4401.19,241
1786406280,4401.215,4402.495,4401.115,4402.08,341
1786406340,4402.09,4402.715,4401.84,4402.355,377
1786406400,4402.41,4403.765,4400.815,4402.485,1126
1786406460,4402.38,4402.835,4399.16,4399.33,680
1786406520,4399.315,4399.66,4396.44,4397.9,1025
1786406580,4397.925,4402.69,4397.73,4402.51,597
1786406640,4402.5,4404.905,4402.175,4404.485,859
1786406700,4404.47,4404.8,4403.035,4403.745,727
1786406760,4403.76,4404.275,4402.96,4403.95,523
1786406820,4403.955,4404.805,4403.81,4404.32,501
1786406880,4404.28,4404.93,4403.87,4404.92,462
1786406940,4404.9,4406.69,4404.5,4406.315,509
1786407000,4406.33,4407.745,4405.875,4407.315,541
1786407060,4407.165,4409.125,4406.815,4407.9,504
1786407120,4407.895,4407.895,4404.03,4404.33,592
1786407180,4404.325,4405.805,4404.325,4405.245,369
1786407240,4405.45,4405.88,4404.88,4405.695,266
1786407300,4405.67,4406.215,4404.735,4406.125,375
1786407360,4406.13,4408.02,4406.125,4407.65,306
1786407420,4407.76,4408.16,4405.935,4405.935,277
1786407480,4405.95,4406.665,4405.335,4406.46,212
1786407540,4406.515,4406.935,4405.83,4406.275,164
1786407600,4406.225,4407.855,4405.99,4407.805,389
1786407660,4407.8,4408.995,4407.54,4408.99,356
1786407720,4409.05,4409.805,4408.83,4409.36,270
1786407780,4409.435,4411.52,4409.26,4410.96,320
1786407840,4410.96,4412.4,4410.69,4412.365,356
1786407900,4412.355,4414.655,4412.06,4414.295,402
1786407960,4414.32,4414.66,4411.735,4414.515,461
1786408020,4414.52,4414.655,4412.86,4413.35,322
1786408080,4413.26,4414.2,4412.07,4414.14,286
1786408140,4414.165,4416.36,4413.43,4414.08,469
1786408200,4414.1,4414.155,4412.37,4412.885,301
1786408260,4412.845,4413.08,4411.45,4412.885,261
1786408320,4412.91,4413.385,4412.145,4412.54,305
1786408380,4412.555,4413.185,4412.34,4412.49,212
1786408440,4412.51,4413.275,4411.37,4412.79,252
1786408500,4412.81,4413.14,4412.02,4413.12,188
1786408560,4413.08,4413.59,4411.92,4411.93,228
1786408620,4411.9,4412.325,4411.505,4411.585,182
1786408680,4411.58,4411.605,4410.455,4410.82,336
1786408740,4410.935,4411.72,4408.785,4411.635,517
1786408800,4411.63,4413.49,4408.785,4408.8,584
1786408860,4408.785,4409.805,4407.615,4408.965,521
1786408920,4408.955,4409.735,4408.45,4409.66,313
1786408980,4409.69,4412.18,4409.575,4411.18,513
1786409040,4411.16,4414.285,4411.02,4414.265,345
1786409100,4414.28,4414.95,4413.26,4414.78,453
1786409160,4414.84,4418.095,4414.84,4417.29,696
1786409220,4417.25,4419.335,4412.72,4412.965,909
1786409280,4412.925,4412.94,4410.095,4410.295,930
1786409340,4410.3,4413.245,4410.13,4413.045,538
1786409400,4413.01,4413.335,4411.825,4412.025,534
1786409460,4412.03,4412.96,4411.88,4412.005,309
1786409520,4412.055,4412.79,4411.865,4412.12,278
1786409580,4412.2,4412.99,4412.11,4412.13,202
1786409640,4412.175,4412.28,4409.765,4409.86,349
1786409700,4409.885,4410.96,4409.885,4410.91,308
1786409760,4410.905,4411.635,4410.285,4411.4,383
1786409820,4411.445,4411.845,4410.93,4411.785,378
1786409880,4411.79,4412,4410.75,4411.08,169
1786409940,4411.11,4411.11,4408.435,4409.495,553
1786410000,4409.49,4410.06,4404.995,4407.73,1554
1786410060,4407.675,4408.385,4397.275,4399.46,1765
1786410120,4399.515,4399.955,4393.91,4394.84,1625
1786410180,4394.945,4398.415,4393.78,4397.74,1812
1786410240,4397.82,4401.525,4397.125,4400.705,1537
1786410300,4400.66,4403,4399.015,4402.72,1224
1786410360,4402.67,4404.61,4401.7,4403.355,1040
1786410420,4403.34,4408.52,4402.725,4408.52,1274
1786410480,4408.525,4409.51,4403.6,4406.29,1141
1786410540,4406.32,4409.61,4405.22,4408.735,992
1786410600,4408.72,4411.995,4408.705,4409.55,1022
1786410660,4409.54,4415.26,4409.395,4415.13,1109
1786410720,4415.15,4415.365,4412.39,4412.51,869
1786410780,4412.46,4415.435,4412.265,4413.755,1013
1786410840,4413.78,4414.825,4412.91,4414.77,967
1786410900,4414.78,4416.69,4412.845,4416.63,985
1786410960,4416.6,4417.8,4415.81,4416.79,972
1786411020,4416.74,4419.85,4415.945,4415.96,1109
1786411080,4415.95,4416.71,4413.485,4413.875,1029
1786411140,4413.84,4415.435,4413.65,4414.76,939
1786411200,4414.735,4418,4413.895,4417.475,1042
1786411260,4417.45,4420.38,4417.435,4419.04,944
1786411320,4419.015,4419.04,4417.655,4418.215,713
1786411380,4418.22,4418.49,4415.255,4415.545,778
1786411440,4415.58,4416.13,4413.865,4414.695,564
1786411500,4414.72,4415.905,4413.71,4415.165,868
1786411560,4415.34,4416.2,4413.855,4415.24,690
1786411620,4415.31,4415.92,4414.44,4415.005,522
1786411680,4414.935,4418.775,4414.895,4417.89,638
1786411740,4417.99,4419.57,4417.37,4419.425,517
1786411800,4419.43,4419.975,4418.36,4419.28,568
1786411860,4419.405,4421.19,4418.94,4420.715,657
1786411920,4420.695,4421.05,4420.025,4420.645,334
1786411980,4420.635,4421.51,4420.09,4420.255,457
1786412040,4420.27,4420.675,4419.315,4419.59,501
1786412100,4419.595,4420.34,4418.77,4419.715,519
1786412160,4419.7,4420.69,4418.05,4418.05,590
1786412220,4418.035,4419.895,4416.505,4419.895,807
1786412280,4419.905,4420.4,4418.185,4418.365,544
1786412340,4418.36,4419.7,4417.485,4419.485,688
1786412400,4419.495,4422.365,4419.39,4420.315,917
1786412460,4420.29,4420.385,4417.285,4417.785,717
1786412520,4417.765,4420.3,4417.15,4419.505,638
1786412580,4419.51,4421.055,4418.455,4419.41,906
1786412640,4419.15,4419.86,4415.185,4415.305,764
1786412700,4415.425,4419.33,4414.7,4418.755,842
1786412760,4418.75,4420.635,4418.745,4420.055,747
1786412820,4420.035,4422.93,4419.84,4421.84,771
1786412880,4421.845,4424.82,4420.675,4424.04,1119
1786412940,4424.125,4427.59,4423.915,4426.705,1021
1786413000,4426.715,4428.035,4426.365,4426.6,786
1786413060,4426.6,4427.255,4425.295,4425.775,655
1786413120,4425.78,4427.945,4425.25,4427.91,762
1786413180,4427.84,4431.04,4427.74,4430.6,901
1786413240,4430.605,4431.77,4430.14,4431.765,541
1786413300,4431.735,4434.265,4429.73,4430.155,1007
1786413360,4430.125,4432.53,4429.63,4432.28,829
1786413420,4432.285,4432.92,4430.55,4430.855,728
1786413480,4430.87,4432.475,4429.9,4431.805,486
1786413540,4431.735,4432.275,4429.12,4429.815,420
1786413600,4429.705,4429.915,4425.42,4427.035,925
1786413660,4427.005,4427.22,4425.07,4425.785,651
1786413720,4425.77,4427.875,4425.705,4426.745,583
1786413780,4426.71,4426.745,4424.07,4424.51,711
1786413840,4424.5,4427.095,4423.605,4426.995,544
1786413900,4426.92,4427.78,4425.395,4426.2,363
1786413960,4426.205,4429.665,4426.055,4428.205,490
1786414020,4428.155,4428.41,4424.215,4424.41,754
1786414080,4424.53,4426.035,4424.53,4424.94,633
1786414140,4424.91,4425.37,4421.79,4423.615,631
1786414200,4423.71,4425.955,4423.245,4425.95,572
1786414260,4425.945,4427.425,4425.5,4427.185,445
1786414320,4427.235,4429.125,4426.79,4429.125,574
1786414380,4429.13,4433.13,4429.05,4432.725,669
1786414440,4432.775,4434.59,4432.565,4433.995,706
1786414500,4434.02,4434.87,4433.95,4434.87,525
1786414560,4434.88,4435.245,4432.11,4432.16,606
1786414620,4432.205,4433.585,4432.205,4432.845,341
1786414680,4432.855,4434.08,4432.825,4433.88,379
1786414740,4433.875,4433.88,4431.835,4431.86,503
1786414800,4431.865,4432.055,4429.705,4430.435,429
1786414860,4430.335,4431.92,4429.9,4430.435,296
1786414920,4430.54,4430.715,4427.825,4428.63,375
1786414980,4428.555,4428.69,4427.445,4427.705,468
1786415040,4427.755,4428.21,4426.25,4426.425,353
1786415100,4426.215,4429.175,4426.205,4428.275,394
1786415160,4428.29,4429.51,4426.575,4428.96,513
1786415220,4428.985,4430.41,4428.45,4429.285,331
1786415280,4429.4,4430.415,4428.94,4429.365,234
1786415340,4429.36,4429.58,4428.165,4428.63,360
1786415400,4428.635,4429.305,4425.695,4428.69,1208
1786415460,4428.68,4428.75,4425.655,4425.67,518
1786415520,4425.755,4428.005,4425.695,4427.08,486
1786415580,4427.125,4427.275,4424.275,4426.725,695
1786415640,4426.74,4427.36,4425.62,4426.75,546
1786415700,4426.825,4426.91,4423.64,4423.64,567
1786415760,4423.615,4424.015,4420.3,4420.64,714
1786415820,4420.6,4420.6,4418.165,4419.15,642
1786415880,4419.145,4419.32,4415.245,4415.53,878
1786415940,4415.465,4416.365,4414.02,4416.18,952
1786416000,4416.235,4420.705,4416.075,4420.67,890
1786416060,4420.68,4420.77,4418.02,4420.09,563
1786416120,4420.095,4421.375,4419.585,4421.045,478
1786416180,4421.1,4421.1,4418.31,4419.98,483
1786416240,4419.995,4420.045,4418.495,4418.615,436
1786416300,4418.63,4419.2,4417.87,4417.91,656
1786416360,4417.82,4417.91,4415.345,4416.555,629
1786416420,4416.545,4417.945,4415.105,4416.15,487
1786416480,4416.2,4417.595,4415.925,4416.06,401
1786416540,4416.15,4416.795,4415.07,4415.25,505
1786416600,4415.345,4415.345,4413.405,4413.985,547
1786416660,4413.99,4414.44,4411.935,4412.35,738
1786416720,4412.36,4412.695,4409.495,4412.47,566
1786416780,4412.465,4412.66,4410.7,4410.845,331
1786416840,4410.905,4411.885,4409.335,4411.53,432
1786416900,4411.505,4411.645,4408.09,4410.565,447
1786416960,4410.595,4413.015,4410.51,4412.46,466
1786417020,4412.495,4412.51,4409.54,4411.07,432
1786417080,4411.065,4412.9,4410.97,4411.825,359
1786417140,4411.82,4411.99,4410.455,4410.975,248
1786417200,4410.96,4413.03,4410.34,4412.975,448
1786417260,4412.985,4413.36,4411.875,4412.745,290
1786417320,4412.645,4414.45,4411.985,4413.97,452
1786417380,4413.955,4413.955,4412.045,4412.915,401
1786417440,4412.9,4413.605,4412.48,4413.595,356
1786417500,4413.51,4414.03,4413.205,4413.775,361
1786417560,4413.785,4413.8,4409.835,4411.27,524
1786417620,4411.37,4412.515,4411.24,4411.64,274
1786417680,4411.645,4414.34,4411.21,4413.485,297
1786417740,4413.455,4415.115,4413.355,4413.99,338
1786417800,4413.94,4414,4412.445,4413.965,291
1786417860,4413.955,4414.02,4412.505,4413.81,354
1786417920,4413.74,4415.46,4413.49,4414.58,281
1786417980,4414.575,4415.04,4413.375,4413.98,447
1786418040,4413.895,4414.29,4412.94,4413.57,467
1786418100,4413.61,4415.67,4413.61,4415.05,548
1786418160,4415.065,4415.115,4413.465,4413.91,343
1786418220,4413.86,4414.635,4413.005,4414.61,224
1786418280,4414.61,4417.2,4414.61,4416.38,630
1786418340,4416.385,4417.485,4416.305,4417.11,586
1786418400,4417.035,4418.365,4416.71,4417.5,496
1786418460,4417.455,4417.675,4416.335,4416.85,287
1786418520,4416.775,4417.305,4415.895,4416.03,309
1786418580,4416.035,4416.56,4414.615,4415.65,323
1786418640,4415.56,4415.875,4414.495,4415.665,318
1786418700,4415.615,4416.41,4415.455,4416.01,523
1786418760,4416.015,4419.895,4415.935,4419.45,693
1786418820,4419.35,4420.86,4418.89,4420.225,636
1786418880,4420.115,4420.18,4418.165,4418.515,323
1786418940,4418.525,4420.645,4418.485,4420.48,310
1786419000,4420.38,4421.675,4420.17,4420.46,342
1786419060,4420.455,4421.26,4419.55,4419.55,326
1786419120,4419.715,4420.285,4419.475,4419.94,210
1786419180,4419.915,4420.105,4418.785,4418.805,243
1786419240,4418.8,4419.665,4418.575,4419.655,205
1786419300,4419.665,4420.2,4419.065,4419.49,229
1786419360,4419.48,4419.88,4419.07,4419.385,178
1786419420,4419.395,4420.065,4419.395,4419.705,195
1786419480,4419.695,4419.695,4418.42,4418.65,200
1786419540,4418.665,4419.025,4418.455,4418.74,167
1786419600,4418.735,4419.61,4418.195,4419,206
1786419660,4419.015,4419.89,4418.705,4419.66,165
1786419720,4419.615,4419.865,4418.125,4418.205,136
1786419780,4418.215,4418.685,4416.775,4417.1,355
1786419840,4417.115,4417.81,4415.7,4416.135,365
1786419900,4416.13,4417.735,4416.13,4417.66,344
1786419960,4417.69,4418.615,4415.015,4415.595,482
1786420020,4415.59,4416.57,4415.255,4415.98,194
1786420080,4416.06,4416.625,4415.21,4415.515,268
1786420140,4415.66,4415.74,4414.225,4414.915,286
1786420200,4414.95,4416.23,4414.95,4415.995,153
1786420260,4416,4416.575,4414.95,4414.95,212
1786420320,4414.875,4416.04,4414.275,4415.89,180
1786420380,4415.88,4419,4415.755,4418.01,396
1786420440,4417.895,4418.145,4416.63,4416.845,127
1786420500,4416.955,4417.855,4416.955,4417.575,111
1786420560,4417.505,4417.74,4416.39,4416.405,114
1786420620,4416.325,4417.1,4416.295,4416.89,200
1786420680,4416.98,4417.89,4416.98,4417.595,79
1786420740,4417.63,4417.96,4416.51,4416.9,177
1786420800,4416.895,4417.635,4416.56,4417.565,269
1786420860,4417.64,4419.61,4417.64,4419.415,333
1786420920,4419.485,4419.6,4419.03,4419.435,319
1786420980,4419.44,4419.685,4417.91,4418.075,284
1786421040,4418.075,4418.63,4417.585,4417.71,198
1786421100,4417.81,4418.455,4417.78,4418.045,158
1786421160,4417.995,4418.125,4417.045,4417.055,231
1786421220,4417.075,4418.15,4414.63,4415.31,350
1786421280,4415.295,4416.115,4414.54,4414.89,293
1786421340,4414.825,4415.115,4413.81,4413.89,165
1786421400,4413.84,4414.31,4412.415,4412.54,325
1786421460,4412.565,4413.915,4412.19,4413.13,279
1786421520,4413.285,4413.96,4412.45,4412.855,278
1786421580,4412.93,4413.8,4412.93,4413.125,191
1786421640,4413.205,4414.205,4413.025,4414.03,222
1786421700,4414.045,4414.895,4412.665,4413.93,369
1786421760,4413.88,4415.325,4413.255,4414.31,219
1786421820,4414.315,4414.325,4413.455,4414.09,162
1786421880,4414.145,4415.38,4414.11,4415.38,269
1786421940,4415.38,4415.865,4413.255,4413.32,420
1786422000,4413.305,4413.305,4411.02,4411.4,443
1786422060,4411.5,4412.6,4409.975,4412.32,420
1786422120,4412.335,4412.47,4411.39,4412.4,168
1786422180,4412.44,4412.725,4412.1,4412.39,176
1786422240,4412.415,4414.055,4412.415,4413.165,220
1786422300,4413.15,4413.385,4412.29,4412.895,310
1786422360,4412.945,4412.945,4410.985,4412.055,254
1786422420,4412.025,4412.51,4411.515,4412.065,188
1786422480,4412.08,4415.565,4412.08,4415.355,252
1786422540,4415.41,4415.63,4414.885,4415.39,161
1786422600,4415.385,4415.54,4411.755,4412.78,771
1786422660,4412.825,4416.49,4411.125,4416.245,843
1786422720,4416.175,4418.765,4415.005,4418.695,501
1786422780,4418.595,4420.5,4417.85,4419.86,560
1786422840,4419.82,4420.02,4415.8,4415.81,498
1786422900,4415.815,4416,4412.72,4413.61,447
1786422960,4413.66,4413.66,4410.465,4412.74,485
1786423020,4412.72,4413.635,4411.61,4412.305,571
1786423080,4412.355,4413.98,4412.195,4413.91,416
1786423140,4414.005,4414.11,4413.135,4413.78,283
1786423200,4413.81,4414.775,4413.225,4413.26,427
1786423260,4413.295,4413.405,4411.785,4411.86,358
1786423320,4411.87,4412.22,4408.345,4409.485,682
1786423380,4409.52,4410.26,4409.045,4409.58,316
1786423440,4409.62,4410.665,4409.535,4410.22,279
1786423500,4410.225,4410.335,4409.24,4410.24,353
1786423560,4410.235,4411.595,4410.235,4410.87,310
1786423620,4410.92,4411.31,4410.19,4410.895,322
1786423680,4410.845,4410.845,4409.915,4410.125,295
1786423740,4410.04,4410.35,4407.4,4407.825,422
1786423800,4407.785,4408.24,4406.58,4407.12,424
1786423860,4407.185,4407.98,4407.025,4407.305,264
1786423920,4407.33,4407.71,4406.185,4406.575,259
1786423980,4406.635,4408.265,4405.7,4408.06,351
1786424040,4408.08,4408.19,4406.21,4406.955,334
1786424100,4407.05,4407.13,4404.355,4404.815,433
1786424160,4404.795,4406.07,4403.49,4406.055,289
1786424220,4406.12,4406.53,4405.285,4406.22,261
1786424280,4406.21,4406.83,4405.475,4406.33,213
1786424340,4406.315,4409.455,4406.205,4409.005,252
1786424400,4408.995,4409.15,4407.24,4408.06,218
1786424460,4408.11,4408.11,4405.91,4406.19,260
1786424520,4406.225,4406.815,4405.755,4406.28,234
1786424580,4406.37,4406.97,4405.885,4405.995,171
1786424640,4405.95,4406.015,4404.825,4405.535,204
1786424700,4405.48,4405.66,4402.82,4402.97,400
1786424760,4402.975,4404.605,4402.7,4404.085,276
1786424820,4404.08,4404.635,4403.4,4404.35,265
1786424880,4404.305,4406.13,4403.45,4405.915,292
1786424940,4405.93,4406.57,4405.32,4406.055,212
1786425000,4406.075,4406.215,4404.45,4405.03,267
1786425060,4404.905,4405.39,4401.605,4402.045,323
1786425120,4402.095,4402.29,4399.345,4401.85,345
1786425180,4401.96,4402.865,4401.83,4402.215,231
1786425240,4402.21,4402.64,4401.6,4402.26,130
1786425300,4402.16,4402.25,4401.175,4401.315,163
1786425360,4401.265,4402.265,4400.525,4401.9,241
1786425420,4401.885,4402.065,4398.935,4399.855,432
1786425480,4399.94,4400.1,4398.935,4398.935,270
1786425540,4399.06,4399.225,4398.06,4399.21,477
1786425600,4399.145,4399.145,4396.79,4397.425,495
1786425660,4397.56,4398.375,4396.425,4397.395,668
1786425720,4397.425,4399.145,4396.625,4398.395,564
1786425780,4398.495,4399.855,4397.6,4398.04,308
1786425840,4398.025,4398.535,4397.38,4397.885,225
1786425900,4397.88,4398.11,4394.16,4394.48,365
1786425960,4394.525,4394.84,4390.88,4392.9,729
1786426020,4392.905,4394.22,4392.28,4393.75,331
1786426080,4393.87,4393.87,4391.505,4391.505,303
1786426140,4391.555,4393.46,4390.875,4392.42,464
1786426200,4392.05,4392.235,4380.64,4380.865,2308
1786426260,4380.885,4381.325,4376.435,4377.685,1911
1786426320,4377.685,4379.055,4372.695,4374.01,1484
1786426380,4374.075,4380.94,4373.775,4380.53,1248
1786426440,4380.54,4385.185,4379.23,4384.4,936
1786426500,4384.37,4384.895,4381.96,4383.495,746
1786426560,4383.37,4385.915,4382.905,4383.865,705
1786426620,4383.785,4385.86,4381.3,4382.44,1219
1786426680,4382.455,4384.135,4381.13,4381.21,927
1786426740,4381.205,4382.22,4377.265,4379.665,1037
1786426800,4379.72,4380.165,4377.525,4378.75,838
1786426860,4378.745,4379.02,4376.41,4377.63,1245
1786426920,4377.705,4377.73,4373.73,4374.455,1089
1786426980,4374.435,4375.28,4373.48,4375.22,678
1786427040,4375.245,4379.605,4375.18,4377.28,758
1786427100,4377.295,4378.34,4374.185,4374.605,795
1786427160,4374.625,4374.75,4372.315,4373.195,974
1786427220,4373.2,4378.24,4372.65,4378.24,954
1786427280,4378.185,4378.185,4373.6,4374.545,761
1786427340,4374.61,4375.355,4372.215,4372.505,897
1786427400,4372.43,4372.73,4369.015,4370.07,1398
1786427460,4370.065,4371.25,4368.21,4369.59,1138
1786427520,4369.57,4372.715,4369.045,4372.715,933
1786427580,4372.73,4373.585,4370.565,4371.945,1191
1786427640,4371.94,4371.94,4370.05,4370.135,851
1786427700,4370.18,4370.48,4368.035,4368.94,751
1786427760,4368.895,4371.54,4367.52,4370.795,1060
1786427820,4370.82,4374.9,4370.82,4372.74,823
1786427880,4372.76,4374.78,4372.365,4373.61,817
1786427940,4373.555,4375.585,4373.29,4375.47,902
1786428000,4375.47,4375.525,4371.83,4373.36,1471
1786428060,4373.165,4377.785,4373.115,4377.1,1173
1786428120,4377.11,4379.3,4376.115,4378.755,1142
1786428180,4378.585,4380.37,4378.485,4380.055,1118
1786428240,4379.845,4380.995,4378.97,4379.6,985
1786428300,4379.595,4379.9,4378.31,4378.735,862
1786428360,4378.725,4381.07,4378.72,4379.975,835
1786428420,4379.965,4381.795,4379.565,4380.91,784
